"title","start_time","end_time","description","exercise_title","superset_id","exercise_notes","set_index","set_type","weight_kg","reps","distance_km","duration_seconds","rpe"
"Push","3 Aug 2026, 18:36","3 Aug 2026, 19:51","","Stretching",,"",0,"normal",,,,247,
"Push","3 Aug 2026, 18:36","3 Aug 2026, 19:51","","Push Up",,"- slow & controlled",0,"normal",,30,,,
"Push","3 Aug 2026, 18:36","3 Aug 2026, 19:51","","Chest Fly (Machine)",,"",0,"normal",75,15,,,
"Push","3 Aug 2026, 18:36","3 Aug 2026, 19:51","","Chest Fly (Machine)",,"",1,"normal",90,12,,,
"Push","3 Aug 2026, 18:36","3 Aug 2026, 19:51","","Chest Fly (Machine)",,"",2,"normal",90,15,,,
"Push","3 Aug 2026, 18:36","3 Aug 2026, 19:51","","Chest Fly (Machine)",,"",3,"dropset",67.5,9,,,
"Push","3 Aug 2026, 18:36","3 Aug 2026, 19:51","","Incline Bench Press (Dumbbell)",,"",0,"warmup",40,15,,,
"Push","3 Aug 2026, 18:36","3 Aug 2026, 19:51","","Incline Bench Press (Dumbbell)",,"",1,"normal",50,12,,,
"Push","3 Aug 2026, 18:36","3 Aug 2026, 19:51","","Incline Bench Press (Dumbbell)",,"",2,"normal",60,12,,,
"Push","3 Aug 2026, 18:36","3 Aug 2026, 19:51","","Triceps Pushdown",,"V bar",0,"normal",50,18,,,
"Push","3 Aug 2026, 18:36","3 Aug 2026, 19:51","","Triceps Pushdown",,"V bar",1,"normal",60,18,,,
"Push","3 Aug 2026, 18:36","3 Aug 2026, 19:51","","Triceps Pushdown",,"V bar",2,"normal",65,15,,,
"Push","3 Aug 2026, 18:36","3 Aug 2026, 19:51","","Low Cable Fly Crossovers",,"",0,"normal",40,15,,,
"Push","3 Aug 2026, 18:36","3 Aug 2026, 19:51","","Low Cable Fly Crossovers",,"",1,"normal",40,15,,,
"Push","3 Aug 2026, 18:36","3 Aug 2026, 19:51","","Low Cable Fly Crossovers",,"",2,"dropset",20,12,,,
"Push","3 Aug 2026, 18:36","3 Aug 2026, 19:51","","Lateral Raise (Cable)",,"hard asf tension",0,"normal",20,15,,,
"Push","3 Aug 2026, 18:36","3 Aug 2026, 19:51","","Lateral Raise (Cable)",,"hard asf tension",1,"normal",30,7,,,
"Push","3 Aug 2026, 18:36","3 Aug 2026, 19:51","","Lateral Raise (Cable)",,"hard asf tension",2,"dropset",20,7,,,
"Push","3 Aug 2026, 18:36","3 Aug 2026, 19:51","","Lateral Raise (Cable)",,"hard asf tension",3,"normal",20,9,,,
"Push","3 Aug 2026, 18:36","3 Aug 2026, 19:51","","Lateral Raise (Cable)",,"hard asf tension",4,"dropset",10,9,,,
"Push","3 Aug 2026, 18:36","3 Aug 2026, 19:51","","Triceps Extension (Cable)",,"",0,"normal",15,30,,,
"Push","3 Aug 2026, 18:36","3 Aug 2026, 19:51","","Triceps Extension (Cable)",,"",1,"normal",15,30,,,
"Push","3 Aug 2026, 18:36","3 Aug 2026, 19:51","","Triceps Extension (Cable)",,"",2,"normal",15,30,,,
"Back & Calis.","1 Aug 2026, 17:47","1 Aug 2026, 19:41","W, 365 days in","Stretching",,"- Fingertip holds",0,"normal",,,,233,
"Back & Calis.","1 Aug 2026, 17:47","1 Aug 2026, 19:41","W, 365 days in","Handstand Hold",,"Chest to wall (supported)",0,"normal",,,,20,
"Back & Calis.","1 Aug 2026, 17:47","1 Aug 2026, 19:41","W, 365 days in","Handstand Hold",,"Chest to wall (supported)",1,"normal",,,,30,
"Back & Calis.","1 Aug 2026, 17:47","1 Aug 2026, 19:41","W, 365 days in","Handstand Hold",,"Chest to wall (supported)",2,"normal",,,,40,
"Back & Calis.","1 Aug 2026, 17:47","1 Aug 2026, 19:41","W, 365 days in","Handstand Hold",,"Chest to wall (supported)",3,"normal",,,,40,
"Back & Calis.","1 Aug 2026, 17:47","1 Aug 2026, 19:41","W, 365 days in","Pike Pushup",,"",0,"normal",,18,,,
"Back & Calis.","1 Aug 2026, 17:47","1 Aug 2026, 19:41","W, 365 days in","Single Arm Lateral Raise (Cable)",,"",0,"normal",15,40,,,
"Back & Calis.","1 Aug 2026, 17:47","1 Aug 2026, 19:41","W, 365 days in","Single Arm Lateral Raise (Cable)",,"",1,"normal",20,38,,,
"Back & Calis.","1 Aug 2026, 17:47","1 Aug 2026, 19:41","W, 365 days in","Single Arm Lateral Raise (Cable)",,"",2,"normal",20,36,,,
"Back & Calis.","1 Aug 2026, 17:47","1 Aug 2026, 19:41","W, 365 days in","Single Arm Lateral Raise (Cable)",,"",3,"dropset",10,24,,,
"Back & Calis.","1 Aug 2026, 17:47","1 Aug 2026, 19:41","W, 365 days in","Dead Hang",,"",0,"normal",,,,42,
"Back & Calis.","1 Aug 2026, 17:47","1 Aug 2026, 19:41","W, 365 days in","Dead Hang",,"",1,"normal",,,,50,
"Back & Calis.","1 Aug 2026, 17:47","1 Aug 2026, 19:41","W, 365 days in","Pull Up",,"- Chest to bar",0,"normal",,14,,,
"Back & Calis.","1 Aug 2026, 17:47","1 Aug 2026, 19:41","W, 365 days in","Pull Up",,"- Chest to bar",1,"normal",,12,,,
"Back & Calis.","1 Aug 2026, 17:47","1 Aug 2026, 19:41","W, 365 days in","Single Arm Lat Pulldown",,"",0,"normal",35,32,,,
"Back & Calis.","1 Aug 2026, 17:47","1 Aug 2026, 19:41","W, 365 days in","Single Arm Lat Pulldown",,"",1,"normal",45,28,,,
"Back & Calis.","1 Aug 2026, 17:47","1 Aug 2026, 19:41","W, 365 days in","Single Arm Lat Pulldown",,"",2,"normal",45,30,,,
"Back & Calis.","1 Aug 2026, 17:47","1 Aug 2026, 19:41","W, 365 days in","Lat Pulldown - Close Grip (Cable)",,"",0,"normal",65,15,,,
"Back & Calis.","1 Aug 2026, 17:47","1 Aug 2026, 19:41","W, 365 days in","Lat Pulldown - Close Grip (Cable)",,"",1,"normal",71.5,12,,,
"Back & Calis.","1 Aug 2026, 17:47","1 Aug 2026, 19:41","W, 365 days in","Chest Supported Incline Row (Dumbbell)",,"Machine",0,"warmup",40,12,,,
"Back & Calis.","1 Aug 2026, 17:47","1 Aug 2026, 19:41","W, 365 days in","Chest Supported Incline Row (Dumbbell)",,"Machine",1,"normal",50,12,,,
"Back & Calis.","1 Aug 2026, 17:47","1 Aug 2026, 19:41","W, 365 days in","Chest Supported Incline Row (Dumbbell)",,"Machine",2,"normal",50,12,,,
"Back & Calis.","1 Aug 2026, 17:47","1 Aug 2026, 19:41","W, 365 days in","Behind the Back Wrist Curl (Barbell)",,"",0,"normal",25,30,,,
"Back & Calis.","1 Aug 2026, 17:47","1 Aug 2026, 19:41","W, 365 days in","Behind the Back Wrist Curl (Barbell)",,"",1,"normal",30,25,,,
"Back & Calis.","1 Aug 2026, 17:47","1 Aug 2026, 19:41","W, 365 days in","Behind the Back Wrist Curl (Barbell)",,"",2,"normal",30,25,,,
"Back & Calis.","1 Aug 2026, 17:47","1 Aug 2026, 19:41","W, 365 days in","Dead Hang",,"",0,"normal",,,,38,
"Back & Calis.","1 Aug 2026, 17:47","1 Aug 2026, 19:41","W, 365 days in","Straight Arm Lat Pulldown (Cable)",,"",0,"normal",35,18,,,
"Back & Calis.","1 Aug 2026, 17:47","1 Aug 2026, 19:41","W, 365 days in","Straight Arm Lat Pulldown (Cable)",,"",1,"normal",40,15,,,
"Back & Calis.","1 Aug 2026, 17:47","1 Aug 2026, 19:41","W, 365 days in","Straight Arm Lat Pulldown (Cable)",,"",2,"normal",35,18,,,
"Chest & Core","31 Jul 2026, 18:34","31 Jul 2026, 19:34","W, calisthenics started","Stretching",,"",0,"normal",,,,245,
"Chest & Core","31 Jul 2026, 18:34","31 Jul 2026, 19:34","W, calisthenics started","Push Up",,"1st - Wrist Pushups\n2nd - Fingertip Pushups",0,"normal",,25,,,
"Chest & Core","31 Jul 2026, 18:34","31 Jul 2026, 19:34","W, calisthenics started","Push Up",,"1st - Wrist Pushups\n2nd - Fingertip Pushups",1,"normal",,12,,,
"Chest & Core","31 Jul 2026, 18:34","31 Jul 2026, 19:34","W, calisthenics started","Chest Fly (Machine)",,"",0,"warmup",60,18,,,
"Chest & Core","31 Jul 2026, 18:34","31 Jul 2026, 19:34","W, calisthenics started","Chest Fly (Machine)",,"",1,"normal",90,15,,,
"Chest & Core","31 Jul 2026, 18:34","31 Jul 2026, 19:34","W, calisthenics started","Chest Fly (Machine)",,"",2,"normal",97.5,12,,,
"Chest & Core","31 Jul 2026, 18:34","31 Jul 2026, 19:34","W, calisthenics started","Chest Fly (Machine)",,"",3,"dropset",60,12,,,
"Chest & Core","31 Jul 2026, 18:34","31 Jul 2026, 19:34","W, calisthenics started","Bench Press (Dumbbell)",,"- slow & controlled",0,"normal",40,15,,,
"Chest & Core","31 Jul 2026, 18:34","31 Jul 2026, 19:34","W, calisthenics started","Bench Press (Dumbbell)",,"- slow & controlled",1,"normal",50,12,,,
"Chest & Core","31 Jul 2026, 18:34","31 Jul 2026, 19:34","W, calisthenics started","Bench Press (Dumbbell)",,"- slow & controlled",2,"normal",50,12,,,
"Chest & Core","31 Jul 2026, 18:34","31 Jul 2026, 19:34","W, calisthenics started","Low Cable Fly Crossovers",,"",0,"normal",30,18,,,
"Chest & Core","31 Jul 2026, 18:34","31 Jul 2026, 19:34","W, calisthenics started","Low Cable Fly Crossovers",,"",1,"normal",40,15,,,
"Chest & Core","31 Jul 2026, 18:34","31 Jul 2026, 19:34","W, calisthenics started","Low Cable Fly Crossovers",,"",2,"dropset",20,15,,,
"Chest & Core","31 Jul 2026, 18:34","31 Jul 2026, 19:34","W, calisthenics started","Low Cable Fly Crossovers",,"",3,"normal",40,15,,,
"Chest & Core","31 Jul 2026, 18:34","31 Jul 2026, 19:34","W, calisthenics started","Low Cable Fly Crossovers",,"",4,"dropset",20,15,,,
"Chest & Core","31 Jul 2026, 18:34","31 Jul 2026, 19:34","W, calisthenics started","Dead Hang",,"",0,"normal",,,,45,
"Chest & Core","31 Jul 2026, 18:34","31 Jul 2026, 19:34","W, calisthenics started","Stretching",,"Calisthenics\n\n1. Wrist circles – 20 each way\n2. Palm rocks – 15\n3. Back-of-hand rocks – 15\n4. Fingertip holds – 20 sec × 2",0,"normal",,,,512,
"Chest & Core","31 Jul 2026, 18:34","31 Jul 2026, 19:34","W, calisthenics started","Decline Crunch (Weighted)",,"",0,"normal",10,20,,,
"Chest & Core","31 Jul 2026, 18:34","31 Jul 2026, 19:34","W, calisthenics started","Decline Crunch (Weighted)",,"",1,"normal",15,20,,,
"Chest & Core","31 Jul 2026, 18:34","31 Jul 2026, 19:34","W, calisthenics started","Russian Twist (Bodyweight)",,"Hanging - Windshield Wipers",0,"normal",,14,,,
"Chest & Core","31 Jul 2026, 18:34","31 Jul 2026, 19:34","W, calisthenics started","Russian Twist (Bodyweight)",,"Hanging - Windshield Wipers",1,"normal",,10,,,
"Arms","30 Jul 2026, 18:02","30 Jul 2026, 19:22","","Stretching",,"",0,"normal",,,,221,
"Arms","30 Jul 2026, 18:02","30 Jul 2026, 19:22","","Seated Incline Curl (Dumbbell)",,"Last set - lower angle",0,"normal",25,15,,,
"Arms","30 Jul 2026, 18:02","30 Jul 2026, 19:22","","Seated Incline Curl (Dumbbell)",,"Last set - lower angle",1,"normal",30,10,,,
"Arms","30 Jul 2026, 18:02","30 Jul 2026, 19:22","","Seated Incline Curl (Dumbbell)",,"Last set - lower angle",2,"dropset",15,8,,,
"Arms","30 Jul 2026, 18:02","30 Jul 2026, 19:22","","Seated Incline Curl (Dumbbell)",,"Last set - lower angle",3,"normal",25,10,,,
"Arms","30 Jul 2026, 18:02","30 Jul 2026, 19:22","","Seated Incline Curl (Dumbbell)",,"Last set - lower angle",4,"dropset",15,3,,,
"Arms","30 Jul 2026, 18:02","30 Jul 2026, 19:22","","Overhead Triceps Extension (Cable)",,"V bar",0,"normal",45,18,,,
"Arms","30 Jul 2026, 18:02","30 Jul 2026, 19:22","","Overhead Triceps Extension (Cable)",,"V bar",1,"normal",55,18,,,
"Arms","30 Jul 2026, 18:02","30 Jul 2026, 19:22","","Overhead Triceps Extension (Cable)",,"V bar",2,"normal",65,18,,,
"Arms","30 Jul 2026, 18:02","30 Jul 2026, 19:22","","Bicep Curl (Cable)",,"",0,"normal",40,18,,,
"Arms","30 Jul 2026, 18:02","30 Jul 2026, 19:22","","Bicep Curl (Cable)",,"",1,"normal",55,15,,,
"Arms","30 Jul 2026, 18:02","30 Jul 2026, 19:22","","Bicep Curl (Cable)",,"",2,"normal",50,15,,,
"Arms","30 Jul 2026, 18:02","30 Jul 2026, 19:22","","Bicep Curl (Cable)",,"",3,"dropset",35,9,,,
"Arms","30 Jul 2026, 18:02","30 Jul 2026, 19:22","","Single Arm Triceps Pushdown (Cable)",,"",0,"normal",20,30,,,
"Arms","30 Jul 2026, 18:02","30 Jul 2026, 19:22","","Single Arm Triceps Pushdown (Cable)",,"",1,"normal",20,30,,,
"Arms","30 Jul 2026, 18:02","30 Jul 2026, 19:22","","Single Arm Triceps Pushdown (Cable)",,"",2,"normal",15,36,,,
"Arms","30 Jul 2026, 18:02","30 Jul 2026, 19:22","","Reverse Curl (Barbell)",,"Preacher",0,"normal",15,15,,,
"Arms","30 Jul 2026, 18:02","30 Jul 2026, 19:22","","Reverse Curl (Barbell)",,"Preacher",1,"normal",15,18,,,
"Arms","30 Jul 2026, 18:02","30 Jul 2026, 19:22","","Reverse Curl (Barbell)",,"Preacher",2,"normal",15,18,,,
"Arms","30 Jul 2026, 18:02","30 Jul 2026, 19:22","","Seated Palms Up Wrist Curl",,"Machine",0,"normal",25,20,,,
"Arms","30 Jul 2026, 18:02","30 Jul 2026, 19:22","","Seated Palms Up Wrist Curl",,"Machine",1,"normal",25,22,,,
"Arms","30 Jul 2026, 18:02","30 Jul 2026, 19:22","","Seated Palms Up Wrist Curl",,"Machine",2,"normal",25,25,,,
"Legs","29 Jul 2026, 18:14","29 Jul 2026, 19:26","solo wk, W - low energy high sweat","Stretching",,"",0,"normal",,,,390,
"Legs","29 Jul 2026, 18:14","29 Jul 2026, 19:26","solo wk, W - low energy high sweat","Lunge (Barbell)",,"",0,"normal",25,26,,,
"Legs","29 Jul 2026, 18:14","29 Jul 2026, 19:26","solo wk, W - low energy high sweat","Lunge (Barbell)",,"",1,"normal",30,26,,,
"Legs","29 Jul 2026, 18:14","29 Jul 2026, 19:26","solo wk, W - low energy high sweat","Lunge (Barbell)",,"",2,"normal",30,24,,,
"Legs","29 Jul 2026, 18:14","29 Jul 2026, 19:26","solo wk, W - low energy high sweat","Hip Adduction (Machine)",0,"",0,"normal",70,15,,,
"Legs","29 Jul 2026, 18:14","29 Jul 2026, 19:26","solo wk, W - low energy high sweat","Hip Adduction (Machine)",0,"",1,"normal",70,15,,,
"Legs","29 Jul 2026, 18:14","29 Jul 2026, 19:26","solo wk, W - low energy high sweat","Hip Abduction (Machine)",0,"",0,"normal",70,15,,,
"Legs","29 Jul 2026, 18:14","29 Jul 2026, 19:26","solo wk, W - low energy high sweat","Hip Abduction (Machine)",0,"",1,"normal",70,15,,,
"Legs","29 Jul 2026, 18:14","29 Jul 2026, 19:26","solo wk, W - low energy high sweat","Leg Extension (Machine)",,"",0,"warmup",55,20,,,
"Legs","29 Jul 2026, 18:14","29 Jul 2026, 19:26","solo wk, W - low energy high sweat","Leg Extension (Machine)",,"",1,"normal",75,15,,,
"Legs","29 Jul 2026, 18:14","29 Jul 2026, 19:26","solo wk, W - low energy high sweat","Leg Extension (Machine)",,"",2,"normal",85,12,,,
"Legs","29 Jul 2026, 18:14","29 Jul 2026, 19:26","solo wk, W - low energy high sweat","Leg Extension (Machine)",,"",3,"dropset",60,8,,,
"Legs","29 Jul 2026, 18:14","29 Jul 2026, 19:26","solo wk, W - low energy high sweat","Seated Leg Curl (Machine)",,"Ham tore ig 😱😱",0,"normal",55,18,,,
"Legs","29 Jul 2026, 18:14","29 Jul 2026, 19:26","solo wk, W - low energy high sweat","Seated Leg Curl (Machine)",,"Ham tore ig 😱😱",1,"normal",70,15,,,
"Legs","29 Jul 2026, 18:14","29 Jul 2026, 19:26","solo wk, W - low energy high sweat","Seated Leg Curl (Machine)",,"Ham tore ig 😱😱",2,"normal",70,7,,,
"Legs","29 Jul 2026, 18:14","29 Jul 2026, 19:26","solo wk, W - low energy high sweat","Leg Press (Machine)",,"",0,"normal",130,18,,,
"Legs","29 Jul 2026, 18:14","29 Jul 2026, 19:26","solo wk, W - low energy high sweat","Leg Press (Machine)",,"",1,"normal",160,18,,,
"Legs","29 Jul 2026, 18:14","29 Jul 2026, 19:26","solo wk, W - low energy high sweat","Standing Calf Raise (Smith)",,"",0,"warmup",40,18,,,
"Legs","29 Jul 2026, 18:14","29 Jul 2026, 19:26","solo wk, W - low energy high sweat","Standing Calf Raise (Smith)",,"",1,"normal",60,18,,,
"Legs","29 Jul 2026, 18:14","29 Jul 2026, 19:26","solo wk, W - low energy high sweat","Standing Calf Raise (Smith)",,"",2,"normal",65,18,,,
"Pull","28 Jul 2026, 17:42","28 Jul 2026, 19:27","","Stretching",,"",0,"normal",,,,226,
"Pull","28 Jul 2026, 17:42","28 Jul 2026, 19:27","","Pull Up",,"",0,"normal",,20,,,
"Pull","28 Jul 2026, 17:42","28 Jul 2026, 19:27","","Pull Up (Weighted)",,"",0,"normal",10,7,,,
"Pull","28 Jul 2026, 17:42","28 Jul 2026, 19:27","","Pull Up (Weighted)",,"",1,"normal",10,7,,,
"Pull","28 Jul 2026, 17:42","28 Jul 2026, 19:27","","Chin Up",,"",0,"normal",,18,,,
"Pull","28 Jul 2026, 17:42","28 Jul 2026, 19:27","","Landmine Row",,"",0,"normal",55,15,,,
"Pull","28 Jul 2026, 17:42","28 Jul 2026, 19:27","","Landmine Row",,"",1,"normal",70,12,,,
"Pull","28 Jul 2026, 17:42","28 Jul 2026, 19:27","","Landmine Row",,"",2,"normal",80,12,,,
"Pull","28 Jul 2026, 17:42","28 Jul 2026, 19:27","","Seated Cable Row - V Grip (Cable)",,"Close grip",0,"normal",70,15,,,
"Pull","28 Jul 2026, 17:42","28 Jul 2026, 19:27","","Seated Cable Row - V Grip (Cable)",,"Close grip",1,"normal",80,15,,,
"Pull","28 Jul 2026, 17:42","28 Jul 2026, 19:27","","Seated Cable Row - V Grip (Cable)",,"Close grip",2,"normal",80,15,,,
"Pull","28 Jul 2026, 17:42","28 Jul 2026, 19:27","","Chest Supported Incline Row (Dumbbell)",0,"Dumbell",0,"normal",30,12,,,
"Pull","28 Jul 2026, 17:42","28 Jul 2026, 19:27","","Chest Supported Incline Row (Dumbbell)",0,"Dumbell",1,"normal",30,12,,,
"Pull","28 Jul 2026, 17:42","28 Jul 2026, 19:27","","Chest Supported Incline Row (Dumbbell)",0,"Dumbell",2,"normal",30,12,,,
"Pull","28 Jul 2026, 17:42","28 Jul 2026, 19:27","","Chest Supported Incline Row (Dumbbell)",0,"Dumbell",3,"dropset",20,8,,,
"Pull","28 Jul 2026, 17:42","28 Jul 2026, 19:27","","Kelso Shrugs",0,"Dumbell",0,"normal",30,12,,,
"Pull","28 Jul 2026, 17:42","28 Jul 2026, 19:27","","Kelso Shrugs",0,"Dumbell",1,"normal",30,12,,,
"Pull","28 Jul 2026, 17:42","28 Jul 2026, 19:27","","Rear Delt Reverse Fly (Machine)",,"",0,"normal",45,15,,,
"Pull","28 Jul 2026, 17:42","28 Jul 2026, 19:27","","Rear Delt Reverse Fly (Machine)",,"",1,"normal",52.5,15,,,
"Pull","28 Jul 2026, 17:42","28 Jul 2026, 19:27","","Preacher Curl (Dumbbell)",,"",0,"normal",15,24,,,
"Pull","28 Jul 2026, 17:42","28 Jul 2026, 19:27","","Preacher Curl (Dumbbell)",,"",1,"normal",15,24,,,
"Pull","28 Jul 2026, 17:42","28 Jul 2026, 19:27","","Preacher Curl (Dumbbell)",,"",2,"normal",12.5,36,,,
"Pull","28 Jul 2026, 17:42","28 Jul 2026, 19:27","","Behind the Back Curl (Cable)",1,"",0,"normal",40,15,,,
"Pull","28 Jul 2026, 17:42","28 Jul 2026, 19:27","","Behind the Back Curl (Cable)",1,"",1,"normal",40,15,,,
"Pull","28 Jul 2026, 17:42","28 Jul 2026, 19:27","","Behind the Back Curl (Cable)",1,"",2,"dropset",20,12,,,
"Pull","28 Jul 2026, 17:42","28 Jul 2026, 19:27","","Back Extension (Hyperextension)",1,"",0,"normal",,25,,,
"Pull","28 Jul 2026, 17:42","28 Jul 2026, 19:27","","Back Extension (Hyperextension)",1,"",1,"normal",,25,,,
"Pull","28 Jul 2026, 17:42","28 Jul 2026, 19:27","","Behind the Back Wrist Curl (Barbell)",2,"",0,"normal",30,25,,,
"Pull","28 Jul 2026, 17:42","28 Jul 2026, 19:27","","Behind the Back Wrist Curl (Barbell)",2,"",1,"normal",30,25,,,
"Pull","28 Jul 2026, 17:42","28 Jul 2026, 19:27","","Behind the Back Wrist Curl (Barbell)",2,"",2,"normal",30,25,,,
"Pull","28 Jul 2026, 17:42","28 Jul 2026, 19:27","","Toes to Bar",2,"",0,"normal",,14,,,
"Pull","28 Jul 2026, 17:42","28 Jul 2026, 19:27","","Toes to Bar",2,"",1,"normal",,7,,,
"Push","27 Jul 2026, 18:26","27 Jul 2026, 19:50","W, supported 70kgs incline db press (right shoulder is fcked)","Stretching",,"",0,"normal",,,,339,
"Push","27 Jul 2026, 18:26","27 Jul 2026, 19:50","W, supported 70kgs incline db press (right shoulder is fcked)","Chest Fly (Machine)",,"",0,"warmup",67.5,18,,,
"Push","27 Jul 2026, 18:26","27 Jul 2026, 19:50","W, supported 70kgs incline db press (right shoulder is fcked)","Chest Fly (Machine)",,"",1,"normal",82.5,15,,,
"Push","27 Jul 2026, 18:26","27 Jul 2026, 19:50","W, supported 70kgs incline db press (right shoulder is fcked)","Chest Fly (Machine)",,"",2,"normal",90,12,,,
"Push","27 Jul 2026, 18:26","27 Jul 2026, 19:50","W, supported 70kgs incline db press (right shoulder is fcked)","Chest Fly (Machine)",,"",3,"dropset",60,8,,,
"Push","27 Jul 2026, 18:26","27 Jul 2026, 19:50","W, supported 70kgs incline db press (right shoulder is fcked)","Incline Bench Press (Dumbbell)",,"Last set - supported",0,"warmup",40,15,,,
"Push","27 Jul 2026, 18:26","27 Jul 2026, 19:50","W, supported 70kgs incline db press (right shoulder is fcked)","Incline Bench Press (Dumbbell)",,"Last set - supported",1,"normal",60,15,,,
"Push","27 Jul 2026, 18:26","27 Jul 2026, 19:50","W, supported 70kgs incline db press (right shoulder is fcked)","Incline Bench Press (Dumbbell)",,"Last set - supported",2,"normal",70,4,,,
"Push","27 Jul 2026, 18:26","27 Jul 2026, 19:50","W, supported 70kgs incline db press (right shoulder is fcked)","Triceps Rope Pushdown",,"",0,"normal",35,20,,,
"Push","27 Jul 2026, 18:26","27 Jul 2026, 19:50","W, supported 70kgs incline db press (right shoulder is fcked)","Triceps Rope Pushdown",,"",1,"normal",40,20,,,
"Push","27 Jul 2026, 18:26","27 Jul 2026, 19:50","W, supported 70kgs incline db press (right shoulder is fcked)","Triceps Rope Pushdown",,"",2,"normal",50,15,,,
"Push","27 Jul 2026, 18:26","27 Jul 2026, 19:50","W, supported 70kgs incline db press (right shoulder is fcked)","Triceps Rope Pushdown",,"",3,"dropset",30,12,,,
"Push","27 Jul 2026, 18:26","27 Jul 2026, 19:50","W, supported 70kgs incline db press (right shoulder is fcked)","Overhead Triceps Extension (Cable)",,"Bar",0,"normal",45,18,,,
"Push","27 Jul 2026, 18:26","27 Jul 2026, 19:50","W, supported 70kgs incline db press (right shoulder is fcked)","Overhead Triceps Extension (Cable)",,"Bar",1,"normal",50,15,,,
"Push","27 Jul 2026, 18:26","27 Jul 2026, 19:50","W, supported 70kgs incline db press (right shoulder is fcked)","Overhead Triceps Extension (Cable)",,"Bar",2,"normal",50,15,,,
"Push","27 Jul 2026, 18:26","27 Jul 2026, 19:50","W, supported 70kgs incline db press (right shoulder is fcked)","Low Cable Fly Crossovers",,"",0,"normal",30,18,,,
"Push","27 Jul 2026, 18:26","27 Jul 2026, 19:50","W, supported 70kgs incline db press (right shoulder is fcked)","Low Cable Fly Crossovers",,"",1,"normal",40,15,,,
"Push","27 Jul 2026, 18:26","27 Jul 2026, 19:50","W, supported 70kgs incline db press (right shoulder is fcked)","Low Cable Fly Crossovers",,"",2,"dropset",20,15,,,
"Push","27 Jul 2026, 18:26","27 Jul 2026, 19:50","W, supported 70kgs incline db press (right shoulder is fcked)","Cable Fly Crossovers",,"",0,"normal",50,18,,,
"Push","27 Jul 2026, 18:26","27 Jul 2026, 19:50","W, supported 70kgs incline db press (right shoulder is fcked)","Cable Fly Crossovers",,"",1,"normal",60,12,,,
"Push","27 Jul 2026, 18:26","27 Jul 2026, 19:50","W, supported 70kgs incline db press (right shoulder is fcked)","Cable Fly Crossovers",,"",2,"dropset",40,8,,,
"Push","27 Jul 2026, 18:26","27 Jul 2026, 19:50","W, supported 70kgs incline db press (right shoulder is fcked)","Lateral Raise (Dumbbell)",,"",0,"normal",20,15,,,
"Push","27 Jul 2026, 18:26","27 Jul 2026, 19:50","W, supported 70kgs incline db press (right shoulder is fcked)","Lateral Raise (Dumbbell)",,"",1,"normal",25,15,,,
"Push","27 Jul 2026, 18:26","27 Jul 2026, 19:50","W, supported 70kgs incline db press (right shoulder is fcked)","Lateral Raise (Dumbbell)",,"",2,"normal",25,12,,,
"Push","27 Jul 2026, 18:26","27 Jul 2026, 19:50","W, supported 70kgs incline db press (right shoulder is fcked)","Lateral Raise (Dumbbell)",,"",3,"dropset",15,12,,,
"Push","27 Jul 2026, 18:26","27 Jul 2026, 19:50","W, supported 70kgs incline db press (right shoulder is fcked)","Lateral Raise (Dumbbell)",,"",4,"dropset",10,12,,,
"Misc.","25 Jul 2026, 17:45","25 Jul 2026, 19:10","W shouldie press","Stretching",,"",0,"normal",,,,226,
"Misc.","25 Jul 2026, 17:45","25 Jul 2026, 19:10","W shouldie press","Single Arm Lateral Raise (Cable)",,"",0,"normal",15,30,,,
"Misc.","25 Jul 2026, 17:45","25 Jul 2026, 19:10","W shouldie press","Single Arm Lateral Raise (Cable)",,"",1,"normal",20,30,,,
"Misc.","25 Jul 2026, 17:45","25 Jul 2026, 19:10","W shouldie press","Shoulder Press (Machine Plates)",,"",0,"warmup",40,15,,,
"Misc.","25 Jul 2026, 17:45","25 Jul 2026, 19:10","W shouldie press","Shoulder Press (Machine Plates)",,"",1,"normal",60,12,,,
"Misc.","25 Jul 2026, 17:45","25 Jul 2026, 19:10","W shouldie press","Shoulder Press (Machine Plates)",,"",2,"normal",70,8,,,
"Misc.","25 Jul 2026, 17:45","25 Jul 2026, 19:10","W shouldie press","Shoulder Press (Machine Plates)",,"",3,"normal",75,10,,,
"Misc.","25 Jul 2026, 17:45","25 Jul 2026, 19:10","W shouldie press","Glute Bridge",,"2nd set - 5kg medic ball",0,"normal",,25,,,
"Misc.","25 Jul 2026, 17:45","25 Jul 2026, 19:10","W shouldie press","Glute Bridge",,"2nd set - 5kg medic ball",1,"normal",,25,,,
"Misc.","25 Jul 2026, 17:45","25 Jul 2026, 19:10","W shouldie press","Glute Bridge",,"2nd set - 5kg medic ball",2,"normal",,25,,,
"Misc.","25 Jul 2026, 17:45","25 Jul 2026, 19:10","W shouldie press","Ab Wheel",,"2nd set - on toes",0,"normal",,12,,,
"Misc.","25 Jul 2026, 17:45","25 Jul 2026, 19:10","W shouldie press","Ab Wheel",,"2nd set - on toes",1,"normal",,2,,,
"Misc.","25 Jul 2026, 17:45","25 Jul 2026, 19:10","W shouldie press","Crunch",,"",0,"normal",,50,,,
"Misc.","25 Jul 2026, 17:45","25 Jul 2026, 19:10","W shouldie press","Crunch",,"",1,"normal",,30,,,
"Misc.","25 Jul 2026, 17:45","25 Jul 2026, 19:10","W shouldie press","Hip Adduction (Machine)",0,"",0,"normal",70,15,,,
"Misc.","25 Jul 2026, 17:45","25 Jul 2026, 19:10","W shouldie press","Hip Adduction (Machine)",0,"",1,"normal",70,15,,,
"Misc.","25 Jul 2026, 17:45","25 Jul 2026, 19:10","W shouldie press","Hip Abduction (Machine)",0,"",0,"normal",70,15,,,
"Misc.","25 Jul 2026, 17:45","25 Jul 2026, 19:10","W shouldie press","Hip Abduction (Machine)",0,"",1,"normal",70,15,,,
"Misc.","25 Jul 2026, 17:45","25 Jul 2026, 19:10","W shouldie press","Russian Twist (Weighted)",,"Decline",0,"normal",10,24,,,
"Misc.","25 Jul 2026, 17:45","25 Jul 2026, 19:10","W shouldie press","Russian Twist (Weighted)",,"Decline",1,"normal",15,30,,,
"Misc.","25 Jul 2026, 17:45","25 Jul 2026, 19:10","W shouldie press","Russian Twist (Weighted)",,"Decline",2,"normal",15,30,,,
"Misc.","25 Jul 2026, 17:45","25 Jul 2026, 19:10","W shouldie press","Reverse Curl (Cable)",,"",0,"normal",30,18,,,
"Misc.","25 Jul 2026, 17:45","25 Jul 2026, 19:10","W shouldie press","Reverse Curl (Cable)",,"",1,"normal",35,18,,,
"Misc.","25 Jul 2026, 17:45","25 Jul 2026, 19:10","W shouldie press","Reverse Curl (Cable)",,"",2,"normal",40,18,,,
"Chest & Core","24 Jul 2026, 17:52","24 Jul 2026, 19:04","low vol but nyc","Stretching",,"",0,"normal",,,,240,
"Chest & Core","24 Jul 2026, 17:52","24 Jul 2026, 19:04","low vol but nyc","Cable Fly Crossovers",,"",0,"warmup",30,18,,,
"Chest & Core","24 Jul 2026, 17:52","24 Jul 2026, 19:04","low vol but nyc","Cable Fly Crossovers",,"",1,"normal",50,18,,,
"Chest & Core","24 Jul 2026, 17:52","24 Jul 2026, 19:04","low vol but nyc","Cable Fly Crossovers",,"",2,"normal",70,8,,,
"Chest & Core","24 Jul 2026, 17:52","24 Jul 2026, 19:04","low vol but nyc","Cable Fly Crossovers",,"",3,"dropset",40,12,,,
"Chest & Core","24 Jul 2026, 17:52","24 Jul 2026, 19:04","low vol but nyc","Incline Bench Press (Smith Machine)",,"",0,"warmup",40,15,,,
"Chest & Core","24 Jul 2026, 17:52","24 Jul 2026, 19:04","low vol but nyc","Incline Bench Press (Smith Machine)",,"",1,"normal",60,10,,,
"Chest & Core","24 Jul 2026, 17:52","24 Jul 2026, 19:04","low vol but nyc","Incline Bench Press (Smith Machine)",,"",2,"normal",55,11,,,
"Chest & Core","24 Jul 2026, 17:52","24 Jul 2026, 19:04","low vol but nyc","Low Cable Fly Crossovers",,"",0,"normal",30,15,,,
"Chest & Core","24 Jul 2026, 17:52","24 Jul 2026, 19:04","low vol but nyc","Low Cable Fly Crossovers",,"",1,"normal",40,15,,,
"Chest & Core","24 Jul 2026, 17:52","24 Jul 2026, 19:04","low vol but nyc","Low Cable Fly Crossovers",,"",2,"dropset",20,15,,,
"Chest & Core","24 Jul 2026, 17:52","24 Jul 2026, 19:04","low vol but nyc","Dragon Flag",,"",0,"normal",,25,,,
"Chest & Core","24 Jul 2026, 17:52","24 Jul 2026, 19:04","low vol but nyc","Dragon Flag",,"",1,"normal",,20,,,
"Chest & Core","24 Jul 2026, 17:52","24 Jul 2026, 19:04","low vol but nyc","Dragon Flag",,"",2,"normal",,20,,,
"Chest & Core","24 Jul 2026, 17:52","24 Jul 2026, 19:04","low vol but nyc","Cable Twist (Up to down)",,"",0,"normal",35,30,,,
"Chest & Core","24 Jul 2026, 17:52","24 Jul 2026, 19:04","low vol but nyc","Cable Twist (Up to down)",,"",1,"normal",35,30,,,
"Chest & Core","24 Jul 2026, 17:52","24 Jul 2026, 19:04","low vol but nyc","Push Up",,"",0,"normal",,44,,,
"Arms","23 Jul 2026, 17:38","23 Jul 2026, 19:18","W, 17.5 kgs incline curl + 75kgs pushdown + 60kgs hammer cable","Stretching",,"",0,"normal",,,,334,
"Arms","23 Jul 2026, 17:38","23 Jul 2026, 19:18","W, 17.5 kgs incline curl + 75kgs pushdown + 60kgs hammer cable","Lateral Raise (Dumbbell)",,"1st set- cbum var.",0,"warmup",15,15,,,
"Arms","23 Jul 2026, 17:38","23 Jul 2026, 19:18","W, 17.5 kgs incline curl + 75kgs pushdown + 60kgs hammer cable","Lateral Raise (Dumbbell)",,"1st set- cbum var.",1,"normal",25,15,,,
"Arms","23 Jul 2026, 17:38","23 Jul 2026, 19:18","W, 17.5 kgs incline curl + 75kgs pushdown + 60kgs hammer cable","Lateral Raise (Dumbbell)",,"1st set- cbum var.",2,"normal",25,15,,,
"Arms","23 Jul 2026, 17:38","23 Jul 2026, 19:18","W, 17.5 kgs incline curl + 75kgs pushdown + 60kgs hammer cable","Lateral Raise (Dumbbell)",,"1st set- cbum var.",3,"dropset",15,12,,,
"Arms","23 Jul 2026, 17:38","23 Jul 2026, 19:18","W, 17.5 kgs incline curl + 75kgs pushdown + 60kgs hammer cable","Lateral Raise (Dumbbell)",,"1st set- cbum var.",4,"dropset",10,12,,,
"Arms","23 Jul 2026, 17:38","23 Jul 2026, 19:18","W, 17.5 kgs incline curl + 75kgs pushdown + 60kgs hammer cable","Seated Incline Curl (Dumbbell)",,"",0,"normal",25,15,,,
"Arms","23 Jul 2026, 17:38","23 Jul 2026, 19:18","W, 17.5 kgs incline curl + 75kgs pushdown + 60kgs hammer cable","Seated Incline Curl (Dumbbell)",,"",1,"normal",35,5,,,
"Arms","23 Jul 2026, 17:38","23 Jul 2026, 19:18","W, 17.5 kgs incline curl + 75kgs pushdown + 60kgs hammer cable","Seated Incline Curl (Dumbbell)",,"",2,"dropset",15,8,,,
"Arms","23 Jul 2026, 17:38","23 Jul 2026, 19:18","W, 17.5 kgs incline curl + 75kgs pushdown + 60kgs hammer cable","Seated Incline Curl (Dumbbell)",,"",3,"normal",25,12,,,
"Arms","23 Jul 2026, 17:38","23 Jul 2026, 19:18","W, 17.5 kgs incline curl + 75kgs pushdown + 60kgs hammer cable","Seated Incline Curl (Dumbbell)",,"",4,"dropset",15,8,,,
"Arms","23 Jul 2026, 17:38","23 Jul 2026, 19:18","W, 17.5 kgs incline curl + 75kgs pushdown + 60kgs hammer cable","Triceps Pushdown",,"V bar",0,"warmup",40,18,,,
"Arms","23 Jul 2026, 17:38","23 Jul 2026, 19:18","W, 17.5 kgs incline curl + 75kgs pushdown + 60kgs hammer cable","Triceps Pushdown",,"V bar",1,"normal",65,18,,,
"Arms","23 Jul 2026, 17:38","23 Jul 2026, 19:18","W, 17.5 kgs incline curl + 75kgs pushdown + 60kgs hammer cable","Triceps Pushdown",,"V bar",2,"normal",75,12,,,
"Arms","23 Jul 2026, 17:38","23 Jul 2026, 19:18","W, 17.5 kgs incline curl + 75kgs pushdown + 60kgs hammer cable","Preacher Curl (Barbell)",,"Last set- credit pathar",0,"normal",25,15,,,
"Arms","23 Jul 2026, 17:38","23 Jul 2026, 19:18","W, 17.5 kgs incline curl + 75kgs pushdown + 60kgs hammer cable","Preacher Curl (Barbell)",,"Last set- credit pathar",1,"normal",25,15,,,
"Arms","23 Jul 2026, 17:38","23 Jul 2026, 19:18","W, 17.5 kgs incline curl + 75kgs pushdown + 60kgs hammer cable","Preacher Curl (Barbell)",,"Last set- credit pathar",2,"normal",25,18,,,
"Arms","23 Jul 2026, 17:38","23 Jul 2026, 19:18","W, 17.5 kgs incline curl + 75kgs pushdown + 60kgs hammer cable","Triceps Extension (Cable)",,"",0,"normal",25,24,,,
"Arms","23 Jul 2026, 17:38","23 Jul 2026, 19:18","W, 17.5 kgs incline curl + 75kgs pushdown + 60kgs hammer cable","Triceps Extension (Cable)",,"",1,"normal",20,30,,,
"Arms","23 Jul 2026, 17:38","23 Jul 2026, 19:18","W, 17.5 kgs incline curl + 75kgs pushdown + 60kgs hammer cable","Triceps Extension (Cable)",,"",2,"normal",20,30,,,
"Arms","23 Jul 2026, 17:38","23 Jul 2026, 19:18","W, 17.5 kgs incline curl + 75kgs pushdown + 60kgs hammer cable","Hammer Curl (Cable)",,"",0,"normal",40,18,,,
"Arms","23 Jul 2026, 17:38","23 Jul 2026, 19:18","W, 17.5 kgs incline curl + 75kgs pushdown + 60kgs hammer cable","Hammer Curl (Cable)",,"",1,"normal",55,15,,,
"Arms","23 Jul 2026, 17:38","23 Jul 2026, 19:18","W, 17.5 kgs incline curl + 75kgs pushdown + 60kgs hammer cable","Hammer Curl (Cable)",,"",2,"normal",60,8,,,
"Arms","23 Jul 2026, 17:38","23 Jul 2026, 19:18","W, 17.5 kgs incline curl + 75kgs pushdown + 60kgs hammer cable","Hammer Curl (Cable)",,"",3,"dropset",35,10,,,
"Arms","23 Jul 2026, 17:38","23 Jul 2026, 19:18","W, 17.5 kgs incline curl + 75kgs pushdown + 60kgs hammer cable","Hammer Curl (Cable)",,"",4,"dropset",20,12,,,
"Legs","22 Jul 2026, 17:51","22 Jul 2026, 19:37","W, 220 leg press 😋","Stretching",,"",0,"normal",,,,450,
"Legs","22 Jul 2026, 17:51","22 Jul 2026, 19:37","W, 220 leg press 😋","Lunge (Barbell)",,"",0,"normal",25,24,,,
"Legs","22 Jul 2026, 17:51","22 Jul 2026, 19:37","W, 220 leg press 😋","Lunge (Barbell)",,"",1,"normal",30,24,,,
"Legs","22 Jul 2026, 17:51","22 Jul 2026, 19:37","W, 220 leg press 😋","Lunge (Barbell)",,"",2,"normal",30,24,,,
"Legs","22 Jul 2026, 17:51","22 Jul 2026, 19:37","W, 220 leg press 😋","Hip Adduction (Machine)",0,"",0,"normal",70,15,,,
"Legs","22 Jul 2026, 17:51","22 Jul 2026, 19:37","W, 220 leg press 😋","Hip Adduction (Machine)",0,"",1,"normal",70,15,,,
"Legs","22 Jul 2026, 17:51","22 Jul 2026, 19:37","W, 220 leg press 😋","Hip Abduction (Machine)",0,"",0,"normal",70,15,,,
"Legs","22 Jul 2026, 17:51","22 Jul 2026, 19:37","W, 220 leg press 😋","Hip Abduction (Machine)",0,"",1,"normal",70,15,,,
"Legs","22 Jul 2026, 17:51","22 Jul 2026, 19:37","W, 220 leg press 😋","Single Leg Extensions",,"",0,"normal",35,36,,,
"Legs","22 Jul 2026, 17:51","22 Jul 2026, 19:37","W, 220 leg press 😋","Single Leg Extensions",,"",1,"normal",40,30,,,
"Legs","22 Jul 2026, 17:51","22 Jul 2026, 19:37","W, 220 leg press 😋","Single Leg Extensions",,"",2,"normal",40,30,,,
"Legs","22 Jul 2026, 17:51","22 Jul 2026, 19:37","W, 220 leg press 😋","Seated Leg Curl (Machine)",,"",0,"warmup",50,18,,,
"Legs","22 Jul 2026, 17:51","22 Jul 2026, 19:37","W, 220 leg press 😋","Seated Leg Curl (Machine)",,"",1,"normal",70,12,,,
"Legs","22 Jul 2026, 17:51","22 Jul 2026, 19:37","W, 220 leg press 😋","Leg Press (Machine)",,"",0,"normal",140,18,,,
"Legs","22 Jul 2026, 17:51","22 Jul 2026, 19:37","W, 220 leg press 😋","Leg Press (Machine)",,"",1,"normal",180,18,,,
"Legs","22 Jul 2026, 17:51","22 Jul 2026, 19:37","W, 220 leg press 😋","Leg Press (Machine)",,"",2,"normal",220,12,,,
"Legs","22 Jul 2026, 17:51","22 Jul 2026, 19:37","W, 220 leg press 😋","Standing Calf Raise (Smith)",,"",0,"normal",55,18,,,
"Legs","22 Jul 2026, 17:51","22 Jul 2026, 19:37","W, 220 leg press 😋","Standing Calf Raise (Smith)",,"",1,"normal",60,20,,,
"Legs","22 Jul 2026, 17:51","22 Jul 2026, 19:37","W, 220 leg press 😋","Standing Calf Raise (Smith)",,"",2,"normal",70,18,,,
"Pull","21 Jul 2026, 17:28","21 Jul 2026, 19:13","W, full stack cable row 😋","Stretching",,"",0,"normal",,,,345,
"Pull","21 Jul 2026, 17:28","21 Jul 2026, 19:13","W, full stack cable row 😋","Pull Up",,"",0,"normal",,20,,,
"Pull","21 Jul 2026, 17:28","21 Jul 2026, 19:13","W, full stack cable row 😋","Lat Pulldown (Cable)",,"Wide grip",0,"normal",71.5,12,,,
"Pull","21 Jul 2026, 17:28","21 Jul 2026, 19:13","W, full stack cable row 😋","Chin Up",,"",0,"normal",,20,,,
"Pull","21 Jul 2026, 17:28","21 Jul 2026, 19:13","W, full stack cable row 😋","Chest Supported Incline Row (Dumbbell)",,"",0,"warmup",40,15,,,
"Pull","21 Jul 2026, 17:28","21 Jul 2026, 19:13","W, full stack cable row 😋","Chest Supported Incline Row (Dumbbell)",,"",1,"normal",55,12,,,
"Pull","21 Jul 2026, 17:28","21 Jul 2026, 19:13","W, full stack cable row 😋","Chest Supported Incline Row (Dumbbell)",,"",2,"normal",55,13,,,
"Pull","21 Jul 2026, 17:28","21 Jul 2026, 19:13","W, full stack cable row 😋","Seated Cable Row - V Grip (Cable)",,"",0,"normal",70,18,,,
"Pull","21 Jul 2026, 17:28","21 Jul 2026, 19:13","W, full stack cable row 😋","Seated Cable Row - V Grip (Cable)",,"",1,"normal",85,15,,,
"Pull","21 Jul 2026, 17:28","21 Jul 2026, 19:13","W, full stack cable row 😋","Seated Cable Row - V Grip (Cable)",,"",2,"normal",100,12,,,
"Pull","21 Jul 2026, 17:28","21 Jul 2026, 19:13","W, full stack cable row 😋","Straight Arm Lat Pulldown (Cable)",,"",0,"normal",35,18,,,
"Pull","21 Jul 2026, 17:28","21 Jul 2026, 19:13","W, full stack cable row 😋","Straight Arm Lat Pulldown (Cable)",,"",1,"normal",35,18,,,
"Pull","21 Jul 2026, 17:28","21 Jul 2026, 19:13","W, full stack cable row 😋","Straight Arm Lat Pulldown (Cable)",,"",2,"normal",35,18,,,
"Pull","21 Jul 2026, 17:28","21 Jul 2026, 19:13","W, full stack cable row 😋","Hammer Curl (Dumbbell)",,"Preacher",0,"normal",25,15,,,
"Pull","21 Jul 2026, 17:28","21 Jul 2026, 19:13","W, full stack cable row 😋","Hammer Curl (Dumbbell)",,"Preacher",1,"normal",30,13,,,
"Pull","21 Jul 2026, 17:28","21 Jul 2026, 19:13","W, full stack cable row 😋","Bicep Curl (Barbell)",,"",0,"normal",30,12,,,
"Pull","21 Jul 2026, 17:28","21 Jul 2026, 19:13","W, full stack cable row 😋","Bicep Curl (Barbell)",,"",1,"normal",30,12,,,
"Pull","21 Jul 2026, 17:28","21 Jul 2026, 19:13","W, full stack cable row 😋","Bicep Curl (Barbell)",,"",2,"dropset",15,15,,,
"Pull","21 Jul 2026, 17:28","21 Jul 2026, 19:13","W, full stack cable row 😋","Bicep Curl (Barbell)",,"",3,"normal",35,4,,,
"Pull","21 Jul 2026, 17:28","21 Jul 2026, 19:13","W, full stack cable row 😋","Bicep Curl (Barbell)",,"",4,"dropset",30,4,,,
"Pull","21 Jul 2026, 17:28","21 Jul 2026, 19:13","W, full stack cable row 😋","Bicep Curl (Barbell)",,"",5,"dropset",20,5,,,
"Pull","21 Jul 2026, 17:28","21 Jul 2026, 19:13","W, full stack cable row 😋","Back Extension (Hyperextension)",,"",0,"normal",,20,,,
"Pull","21 Jul 2026, 17:28","21 Jul 2026, 19:13","W, full stack cable row 😋","Back Extension (Hyperextension)",,"",1,"normal",,20,,,
"Pull","21 Jul 2026, 17:28","21 Jul 2026, 19:13","W, full stack cable row 😋","Back Extension (Hyperextension)",,"",2,"normal",,20,,,
"Pull","21 Jul 2026, 17:28","21 Jul 2026, 19:13","W, full stack cable row 😋","Behind the Back Wrist Curl (Barbell)",,"",0,"normal",25,30,,,
"Pull","21 Jul 2026, 17:28","21 Jul 2026, 19:13","W, full stack cable row 😋","Behind the Back Wrist Curl (Barbell)",,"",1,"normal",30,25,,,
"Pull","21 Jul 2026, 17:28","21 Jul 2026, 19:13","W, full stack cable row 😋","Behind the Back Wrist Curl (Barbell)",,"",2,"normal",30,25,,,
"Push","20 Jul 2026, 18:26","20 Jul 2026, 19:53","W weather W day","Stretching",,"",0,"normal",,,,295,
"Push","20 Jul 2026, 18:26","20 Jul 2026, 19:53","W weather W day","Push Up",,"",0,"normal",,45,,,
"Push","20 Jul 2026, 18:26","20 Jul 2026, 19:53","W weather W day","Chest Fly (Machine)",,"",0,"warmup",60,15,,,
"Push","20 Jul 2026, 18:26","20 Jul 2026, 19:53","W weather W day","Chest Fly (Machine)",,"",1,"normal",82.5,15,,,
"Push","20 Jul 2026, 18:26","20 Jul 2026, 19:53","W weather W day","Chest Fly (Machine)",,"",2,"normal",82.5,15,,,
"Push","20 Jul 2026, 18:26","20 Jul 2026, 19:53","W weather W day","Incline Bench Press (Dumbbell)",,"",0,"warmup",35,15,,,
"Push","20 Jul 2026, 18:26","20 Jul 2026, 19:53","W weather W day","Incline Bench Press (Dumbbell)",,"",1,"normal",50,15,,,
"Push","20 Jul 2026, 18:26","20 Jul 2026, 19:53","W weather W day","Incline Bench Press (Dumbbell)",,"",2,"normal",60,12,,,
"Push","20 Jul 2026, 18:26","20 Jul 2026, 19:53","W weather W day","Low Cable Fly Crossovers",,"",0,"normal",30,15,,,
"Push","20 Jul 2026, 18:26","20 Jul 2026, 19:53","W weather W day","Low Cable Fly Crossovers",,"",1,"normal",40,11,,,
"Push","20 Jul 2026, 18:26","20 Jul 2026, 19:53","W weather W day","Low Cable Fly Crossovers",,"",2,"dropset",20,15,,,
"Push","20 Jul 2026, 18:26","20 Jul 2026, 19:53","W weather W day","Cable Fly Crossovers",,"",0,"normal",50,17,,,
"Push","20 Jul 2026, 18:26","20 Jul 2026, 19:53","W weather W day","Cable Fly Crossovers",,"",1,"normal",60,11,,,
"Push","20 Jul 2026, 18:26","20 Jul 2026, 19:53","W weather W day","Cable Fly Crossovers",,"",2,"dropset",30,15,,,
"Push","20 Jul 2026, 18:26","20 Jul 2026, 19:53","W weather W day","Shoulder Press (Machine Plates)",,"Upper chest biased",0,"warmup",40,18,,,
"Push","20 Jul 2026, 18:26","20 Jul 2026, 19:53","W weather W day","Shoulder Press (Machine Plates)",,"Upper chest biased",1,"normal",55,18,,,
"Push","20 Jul 2026, 18:26","20 Jul 2026, 19:53","W weather W day","Shoulder Press (Machine Plates)",,"Upper chest biased",2,"normal",65,9,,,
"Push","20 Jul 2026, 18:26","20 Jul 2026, 19:53","W weather W day","Lateral Raise (Dumbbell)",,"",0,"warmup",15,20,,,
"Push","20 Jul 2026, 18:26","20 Jul 2026, 19:53","W weather W day","Lateral Raise (Dumbbell)",,"",1,"normal",25,15,,,
"Push","20 Jul 2026, 18:26","20 Jul 2026, 19:53","W weather W day","Lateral Raise (Dumbbell)",,"",2,"normal",25,15,,,
"Push","20 Jul 2026, 18:26","20 Jul 2026, 19:53","W weather W day","Lateral Raise (Dumbbell)",,"",3,"dropset",15,12,,,
"Push","20 Jul 2026, 18:26","20 Jul 2026, 19:53","W weather W day","Lateral Raise (Dumbbell)",,"",4,"dropset",10,12,,,
"Push","20 Jul 2026, 18:26","20 Jul 2026, 19:53","W weather W day","Triceps Rope Pushdown",,"",0,"normal",35,18,,,
"Push","20 Jul 2026, 18:26","20 Jul 2026, 19:53","W weather W day","Triceps Rope Pushdown",,"",1,"normal",35,15,,,
"Push","20 Jul 2026, 18:26","20 Jul 2026, 19:53","W weather W day","Triceps Rope Pushdown",,"",2,"normal",35,12,,,
"Push","20 Jul 2026, 18:26","20 Jul 2026, 19:53","W weather W day","Triceps Rope Pushdown",,"",3,"dropset",20,10,,,
"Push","20 Jul 2026, 18:26","20 Jul 2026, 19:53","W weather W day","Overhead Triceps Extension (Cable)",,"V bar",0,"normal",45,18,,,
"Push","20 Jul 2026, 18:26","20 Jul 2026, 19:53","W weather W day","Overhead Triceps Extension (Cable)",,"V bar",1,"normal",50,12,,,
"Push","20 Jul 2026, 18:26","20 Jul 2026, 19:53","W weather W day","Overhead Triceps Extension (Cable)",,"V bar",2,"normal",50,12,,,
"Misc.","18 Jul 2026, 17:31","18 Jul 2026, 18:46","","Stretching",,"",0,"normal",,,,295,
"Misc.","18 Jul 2026, 17:31","18 Jul 2026, 18:46","","Battle Ropes",,"",0,"normal",,,,50,
"Misc.","18 Jul 2026, 17:31","18 Jul 2026, 18:46","","Lateral Raise (Dumbbell)",,"Warmup set - Cbum style",0,"warmup",15,15,,,
"Misc.","18 Jul 2026, 17:31","18 Jul 2026, 18:46","","Lateral Raise (Dumbbell)",,"Warmup set - Cbum style",1,"normal",20,15,,,
"Misc.","18 Jul 2026, 17:31","18 Jul 2026, 18:46","","Lateral Raise (Dumbbell)",,"Warmup set - Cbum style",2,"normal",20,15,,,
"Misc.","18 Jul 2026, 17:31","18 Jul 2026, 18:46","","Cable Twist (Up to down)",,"",0,"normal",30,30,,,
"Misc.","18 Jul 2026, 17:31","18 Jul 2026, 18:46","","Cable Twist (Up to down)",,"",1,"normal",30,30,,,
"Misc.","18 Jul 2026, 17:31","18 Jul 2026, 18:46","","Decline Crunch (Weighted)",,"",0,"normal",10,20,,,
"Misc.","18 Jul 2026, 17:31","18 Jul 2026, 18:46","","Decline Crunch (Weighted)",,"",1,"normal",15,20,,,
"Misc.","18 Jul 2026, 17:31","18 Jul 2026, 18:46","","Decline Crunch (Weighted)",,"",2,"normal",15,20,,,
"Misc.","18 Jul 2026, 17:31","18 Jul 2026, 18:46","","Behind the Back Wrist Curl (Barbell)",,"",0,"normal",30,30,,,
"Misc.","18 Jul 2026, 17:31","18 Jul 2026, 18:46","","Behind the Back Wrist Curl (Barbell)",,"",1,"normal",30,25,,,
"Misc.","18 Jul 2026, 17:31","18 Jul 2026, 18:46","","Behind the Back Wrist Curl (Barbell)",,"",2,"normal",30,25,,,
"Misc.","18 Jul 2026, 17:31","18 Jul 2026, 18:46","","Seated Wrist Extension (Barbell)",,"Machine",0,"normal",15,18,,,
"Misc.","18 Jul 2026, 17:31","18 Jul 2026, 18:46","","Seated Wrist Extension (Barbell)",,"Machine",1,"normal",15,18,,,
"Misc.","18 Jul 2026, 17:31","18 Jul 2026, 18:46","","Seated Wrist Extension (Barbell)",,"Machine",2,"normal",15,20,,,
"Misc.","18 Jul 2026, 17:31","18 Jul 2026, 18:46","","Treadmill",,"",0,"normal",,,1.5,580,
"Chest & Back","17 Jul 2026, 18:33","17 Jul 2026, 19:39","W - bench press & pulldown PR","Stretching",,"",0,"normal",,,,300,
"Chest & Back","17 Jul 2026, 18:33","17 Jul 2026, 19:39","W - bench press & pulldown PR","Chest Fly (Machine)",,"",0,"warmup",60,15,,,
"Chest & Back","17 Jul 2026, 18:33","17 Jul 2026, 19:39","W - bench press & pulldown PR","Chest Fly (Machine)",,"",1,"normal",82.5,12,,,
"Chest & Back","17 Jul 2026, 18:33","17 Jul 2026, 19:39","W - bench press & pulldown PR","Chest Fly (Machine)",,"",2,"normal",82.5,11,,,
"Chest & Back","17 Jul 2026, 18:33","17 Jul 2026, 19:39","W - bench press & pulldown PR","Bench Press (Barbell)",,"going in for 85\n1 st attempt - Failed\n2 nd attempt - 4 half reps\n3 td attempt - Failed",0,"normal",55,12,,,
"Chest & Back","17 Jul 2026, 18:33","17 Jul 2026, 19:39","W - bench press & pulldown PR","Bench Press (Barbell)",,"going in for 85\n1 st attempt - Failed\n2 nd attempt - 4 half reps\n3 td attempt - Failed",1,"normal",70,3,,,
"Chest & Back","17 Jul 2026, 18:33","17 Jul 2026, 19:39","W - bench press & pulldown PR","Bench Press (Barbell)",,"going in for 85\n1 st attempt - Failed\n2 nd attempt - 4 half reps\n3 td attempt - Failed",2,"normal",85,2,,,
"Chest & Back","17 Jul 2026, 18:33","17 Jul 2026, 19:39","W - bench press & pulldown PR","Pull Up",,"",0,"normal",,18,,,
"Chest & Back","17 Jul 2026, 18:33","17 Jul 2026, 19:39","W - bench press & pulldown PR","Straight Arm Lat Pulldown (Cable)",,"",0,"normal",35,18,,,
"Chest & Back","17 Jul 2026, 18:33","17 Jul 2026, 19:39","W - bench press & pulldown PR","Lat Pulldown (Cable)",,"Neutral grip",0,"normal",65,12,,,
"Chest & Back","17 Jul 2026, 18:33","17 Jul 2026, 19:39","W - bench press & pulldown PR","Lat Pulldown (Cable)",,"Neutral grip",1,"normal",71.5,6,,,
"Chest & Back","17 Jul 2026, 18:33","17 Jul 2026, 19:39","W - bench press & pulldown PR","Back Extension (Hyperextension)",,"",0,"normal",,20,,,
"Chest & Back","17 Jul 2026, 18:33","17 Jul 2026, 19:39","W - bench press & pulldown PR","Back Extension (Hyperextension)",,"",1,"normal",,20,,,
"Chest & Back","17 Jul 2026, 18:33","17 Jul 2026, 19:39","W - bench press & pulldown PR","Chest Supported Incline Row (Dumbbell)",,"Machine",0,"normal",40,12,,,
"Chest & Back","17 Jul 2026, 18:33","17 Jul 2026, 19:39","W - bench press & pulldown PR","Chest Supported Incline Row (Dumbbell)",,"Machine",1,"normal",60,7,,,
"Arms w Abs","16 Jul 2026, 17:40","16 Jul 2026, 19:11","","Stretching",,"",0,"normal",,,,335,
"Arms w Abs","16 Jul 2026, 17:40","16 Jul 2026, 19:11","","Chin Up",,"",0,"normal",,16,,,
"Arms w Abs","16 Jul 2026, 17:40","16 Jul 2026, 19:11","","Seated Incline Curl (Dumbbell)",,"",0,"normal",25,15,,,
"Arms w Abs","16 Jul 2026, 17:40","16 Jul 2026, 19:11","","Seated Incline Curl (Dumbbell)",,"",1,"normal",30,9,,,
"Arms w Abs","16 Jul 2026, 17:40","16 Jul 2026, 19:11","","Seated Incline Curl (Dumbbell)",,"",2,"dropset",20,6,,,
"Arms w Abs","16 Jul 2026, 17:40","16 Jul 2026, 19:11","","Seated Incline Curl (Dumbbell)",,"",3,"normal",30,7,,,
"Arms w Abs","16 Jul 2026, 17:40","16 Jul 2026, 19:11","","Seated Incline Curl (Dumbbell)",,"",4,"dropset",20,4,,,
"Arms w Abs","16 Jul 2026, 17:40","16 Jul 2026, 19:11","","Overhead Triceps Extension (Cable)",,"Bar \n- avg overhead W",0,"normal",45,18,,,
"Arms w Abs","16 Jul 2026, 17:40","16 Jul 2026, 19:11","","Overhead Triceps Extension (Cable)",,"Bar \n- avg overhead W",1,"normal",50,18,,,
"Arms w Abs","16 Jul 2026, 17:40","16 Jul 2026, 19:11","","Overhead Triceps Extension (Cable)",,"Bar \n- avg overhead W",2,"normal",55,15,,,
"Arms w Abs","16 Jul 2026, 17:40","16 Jul 2026, 19:11","","Preacher Curl (Dumbbell)",,"",0,"normal",12.5,30,,,
"Arms w Abs","16 Jul 2026, 17:40","16 Jul 2026, 19:11","","Preacher Curl (Dumbbell)",,"",1,"normal",15,24,,,
"Arms w Abs","16 Jul 2026, 17:40","16 Jul 2026, 19:11","","Preacher Curl (Dumbbell)",,"",2,"normal",15,24,,,
"Arms w Abs","16 Jul 2026, 17:40","16 Jul 2026, 19:11","","Single Arm Triceps Pushdown (Cable)",,"",0,"normal",15,30,,,
"Arms w Abs","16 Jul 2026, 17:40","16 Jul 2026, 19:11","","Single Arm Triceps Pushdown (Cable)",,"",1,"normal",20,30,,,
"Arms w Abs","16 Jul 2026, 17:40","16 Jul 2026, 19:11","","Single Arm Triceps Pushdown (Cable)",,"",2,"normal",15,30,,,
"Arms w Abs","16 Jul 2026, 17:40","16 Jul 2026, 19:11","","Reverse Curl (Cable)",,"",0,"normal",35,18,,,
"Arms w Abs","16 Jul 2026, 17:40","16 Jul 2026, 19:11","","Reverse Curl (Cable)",,"",1,"normal",35,18,,,
"Arms w Abs","16 Jul 2026, 17:40","16 Jul 2026, 19:11","","Reverse Curl (Cable)",,"",2,"normal",40,18,,,
"Arms w Abs","16 Jul 2026, 17:40","16 Jul 2026, 19:11","","Dragon Flag",,"",0,"normal",,25,,,
"Arms w Abs","16 Jul 2026, 17:40","16 Jul 2026, 19:11","","Dragon Flag",,"",1,"normal",,20,,,
"Arms w Abs","16 Jul 2026, 17:40","16 Jul 2026, 19:11","","Dragon Flag",,"",2,"normal",,15,,,
"Arms w Abs","16 Jul 2026, 17:40","16 Jul 2026, 19:11","","Russian Twist (Bodyweight)",,"Hanging - Windshield Wipers",0,"normal",,15,,,
"Arms w Abs","16 Jul 2026, 17:40","16 Jul 2026, 19:11","","Russian Twist (Weighted)",,"Decline",0,"normal",10,24,,,
"Arms w Abs","16 Jul 2026, 17:40","16 Jul 2026, 19:11","","Russian Twist (Weighted)",,"Decline",1,"normal",10,24,,,
"Arms w Abs","16 Jul 2026, 17:40","16 Jul 2026, 19:11","","Single Arm Lateral Raise (Cable)",,"",0,"normal",15,30,,,
"Arms w Abs","16 Jul 2026, 17:40","16 Jul 2026, 19:11","","Single Arm Lateral Raise (Cable)",,"",1,"normal",15,30,,,
"Arms w Abs","16 Jul 2026, 17:40","16 Jul 2026, 19:11","","Single Arm Lateral Raise (Cable)",,"",2,"normal",15,30,,,
"Legs","15 Jul 2026, 17:51","15 Jul 2026, 18:50","L","Stretching",,"",0,"normal",,,,420,
"Legs","15 Jul 2026, 17:51","15 Jul 2026, 18:50","L","Lunge (Barbell)",,"Walking",0,"normal",20,30,,,
"Legs","15 Jul 2026, 17:51","15 Jul 2026, 18:50","L","Lunge (Barbell)",,"Walking",1,"normal",25,24,,,
"Legs","15 Jul 2026, 17:51","15 Jul 2026, 18:50","L","Hip Adduction (Machine)",0,"",0,"normal",70,15,,,
"Legs","15 Jul 2026, 17:51","15 Jul 2026, 18:50","L","Hip Adduction (Machine)",0,"",1,"normal",80,15,,,
"Legs","15 Jul 2026, 17:51","15 Jul 2026, 18:50","L","Hip Abduction (Machine)",0,"",0,"normal",70,15,,,
"Legs","15 Jul 2026, 17:51","15 Jul 2026, 18:50","L","Hip Abduction (Machine)",0,"",1,"normal",80,15,,,
"Legs","15 Jul 2026, 17:51","15 Jul 2026, 18:50","L","Leg Extension (Machine)",,"",0,"warmup",55,20,,,
"Legs","15 Jul 2026, 17:51","15 Jul 2026, 18:50","L","Leg Extension (Machine)",,"",1,"normal",75,18,,,
"Legs","15 Jul 2026, 17:51","15 Jul 2026, 18:50","L","Leg Extension (Machine)",,"",2,"normal",95,12,,,
"Legs","15 Jul 2026, 17:51","15 Jul 2026, 18:50","L","Leg Extension (Machine)",,"",3,"dropset",70,9,,,
"Legs","15 Jul 2026, 17:51","15 Jul 2026, 18:50","L","Seated Leg Curl (Machine)",,"",0,"warmup",55,15,,,
"Legs","15 Jul 2026, 17:51","15 Jul 2026, 18:50","L","Seated Leg Curl (Machine)",,"",1,"normal",70,12,,,
"Legs","15 Jul 2026, 17:51","15 Jul 2026, 18:50","L","Seated Leg Curl (Machine)",,"",2,"normal",70,12,,,
"Legs","15 Jul 2026, 17:51","15 Jul 2026, 18:50","L","Leg Press (Machine)",,"",0,"normal",130,15,,,
"Pull","14 Jul 2026, 17:22","14 Jul 2026, 19:13","W","Stretching",,"",0,"normal",,,,324,
"Pull","14 Jul 2026, 17:22","14 Jul 2026, 19:13","W","Pull Up",,"",0,"normal",,15,,,
"Pull","14 Jul 2026, 17:22","14 Jul 2026, 19:13","W","Straight Arm Lat Pulldown (Cable)",,"Seated",0,"normal",35,18,,,
"Pull","14 Jul 2026, 17:22","14 Jul 2026, 19:13","W","Straight Arm Lat Pulldown (Cable)",,"Seated",1,"normal",40,15,,,
"Pull","14 Jul 2026, 17:22","14 Jul 2026, 19:13","W","Landmine Row",,"",0,"warmup",40,15,,,
"Pull","14 Jul 2026, 17:22","14 Jul 2026, 19:13","W","Landmine Row",,"",1,"normal",65,18,,,
"Pull","14 Jul 2026, 17:22","14 Jul 2026, 19:13","W","Landmine Row",,"",2,"normal",75,15,,,
"Pull","14 Jul 2026, 17:22","14 Jul 2026, 19:13","W","Landmine Row",,"",3,"normal",82.5,10,,,
"Pull","14 Jul 2026, 17:22","14 Jul 2026, 19:13","W","Lat Pulldown (Machine)",,"",0,"normal",80,15,,,
"Pull","14 Jul 2026, 17:22","14 Jul 2026, 19:13","W","Lat Pulldown (Machine)",,"",1,"normal",100,12,,,
"Pull","14 Jul 2026, 17:22","14 Jul 2026, 19:13","W","Lat Pulldown (Machine)",,"",2,"normal",110,11,,,
"Pull","14 Jul 2026, 17:22","14 Jul 2026, 19:13","W","Iso-Lateral Row (Machine)",,"",0,"normal",55,15,,,
"Pull","14 Jul 2026, 17:22","14 Jul 2026, 19:13","W","Iso-Lateral Row (Machine)",,"",1,"normal",60,14,,,
"Pull","14 Jul 2026, 17:22","14 Jul 2026, 19:13","W","Reverse Grip Lat Pulldown (Cable)",,"biceps",0,"normal",52,15,,,
"Pull","14 Jul 2026, 17:22","14 Jul 2026, 19:13","W","Reverse Grip Lat Pulldown (Cable)",,"biceps",1,"normal",52,15,,,
"Pull","14 Jul 2026, 17:22","14 Jul 2026, 19:13","W","Reverse Grip Lat Pulldown (Cable)",,"biceps",2,"normal",52,12,,,
"Pull","14 Jul 2026, 17:22","14 Jul 2026, 19:13","W","Reverse Grip Lat Pulldown (Cable)",,"biceps",3,"dropset",39,9,,,
"Pull","14 Jul 2026, 17:22","14 Jul 2026, 19:13","W","Behind the Back Curl (Cable)",,"",0,"normal",50,12,,,
"Pull","14 Jul 2026, 17:22","14 Jul 2026, 19:13","W","Behind the Back Curl (Cable)",,"",1,"normal",40,15,,,
"Pull","14 Jul 2026, 17:22","14 Jul 2026, 19:13","W","Behind the Back Curl (Cable)",,"",2,"normal",40,15,,,
"Pull","14 Jul 2026, 17:22","14 Jul 2026, 19:13","W","Behind the Back Curl (Cable)",,"",3,"dropset",30,12,,,
"Pull","14 Jul 2026, 17:22","14 Jul 2026, 19:13","W","Cross Body Hammer Curl",,"",0,"normal",35,12,,,
"Pull","14 Jul 2026, 17:22","14 Jul 2026, 19:13","W","Cross Body Hammer Curl",,"",1,"normal",35,12,,,
"Pull","14 Jul 2026, 17:22","14 Jul 2026, 19:13","W","Rear Delt Reverse Fly (Machine)",,"",0,"normal",45,18,,,
"Pull","14 Jul 2026, 17:22","14 Jul 2026, 19:13","W","Rear Delt Reverse Fly (Machine)",,"",1,"normal",52.5,15,,,
"Pull","14 Jul 2026, 17:22","14 Jul 2026, 19:13","W","Rear Delt Reverse Fly (Machine)",,"",2,"normal",60,15,,,
"Push","13 Jul 2026, 17:53","13 Jul 2026, 19:37","W","Stretching",,"",0,"normal",,,,414,
"Push","13 Jul 2026, 17:53","13 Jul 2026, 19:37","W","Push Up",,"",0,"normal",,50,,,
"Push","13 Jul 2026, 17:53","13 Jul 2026, 19:37","W","Chest Fly (Machine)",,"",0,"warmup",60,18,,,
"Push","13 Jul 2026, 17:53","13 Jul 2026, 19:37","W","Chest Fly (Machine)",,"",1,"warmup",75,8,,,
"Push","13 Jul 2026, 17:53","13 Jul 2026, 19:37","W","Chest Fly (Machine)",,"",2,"normal",90,11,,,
"Push","13 Jul 2026, 17:53","13 Jul 2026, 19:37","W","Chest Fly (Machine)",,"",3,"normal",90,11,,,
"Push","13 Jul 2026, 17:53","13 Jul 2026, 19:37","W","Chest Fly (Machine)",,"",4,"dropset",60,6,,,
"Push","13 Jul 2026, 17:53","13 Jul 2026, 19:37","W","Bench Press (Barbell)",,"",0,"warmup",50,12,,,
"Push","13 Jul 2026, 17:53","13 Jul 2026, 19:37","W","Bench Press (Barbell)",,"",1,"normal",70,7,,,
"Push","13 Jul 2026, 17:53","13 Jul 2026, 19:37","W","Bench Press (Barbell)",,"",2,"normal",75,6,,,
"Push","13 Jul 2026, 17:53","13 Jul 2026, 19:37","W","Low Cable Fly Crossovers",,"",0,"normal",30,17,,,
"Push","13 Jul 2026, 17:53","13 Jul 2026, 19:37","W","Low Cable Fly Crossovers",,"",1,"normal",40,11,,,
"Push","13 Jul 2026, 17:53","13 Jul 2026, 19:37","W","Low Cable Fly Crossovers",,"",2,"dropset",20,12,,,
"Push","13 Jul 2026, 17:53","13 Jul 2026, 19:37","W","Cable Fly Crossovers",,"",0,"normal",50,18,,,
"Push","13 Jul 2026, 17:53","13 Jul 2026, 19:37","W","Cable Fly Crossovers",,"",1,"normal",50,12,,,
"Push","13 Jul 2026, 17:53","13 Jul 2026, 19:37","W","Cable Fly Crossovers",,"",2,"dropset",30,8,,,
"Push","13 Jul 2026, 17:53","13 Jul 2026, 19:37","W","Shoulder Press (Machine Plates)",,"Upper chest biased ( ezier push )",0,"warmup",40,20,,,
"Push","13 Jul 2026, 17:53","13 Jul 2026, 19:37","W","Shoulder Press (Machine Plates)",,"Upper chest biased ( ezier push )",1,"normal",55,16,,,
"Push","13 Jul 2026, 17:53","13 Jul 2026, 19:37","W","Shoulder Press (Machine Plates)",,"Upper chest biased ( ezier push )",2,"normal",65,9,,,
"Push","13 Jul 2026, 17:53","13 Jul 2026, 19:37","W","Lateral Raise (Dumbbell)",,"",0,"warmup",15,15,,,
"Push","13 Jul 2026, 17:53","13 Jul 2026, 19:37","W","Lateral Raise (Dumbbell)",,"",1,"normal",25,14,,,
"Push","13 Jul 2026, 17:53","13 Jul 2026, 19:37","W","Lateral Raise (Dumbbell)",,"",2,"normal",25,11,,,
"Push","13 Jul 2026, 17:53","13 Jul 2026, 19:37","W","Lateral Raise (Dumbbell)",,"",3,"dropset",15,12,,,
"Push","13 Jul 2026, 17:53","13 Jul 2026, 19:37","W","Lateral Raise (Dumbbell)",,"",4,"dropset",10,8,,,
"Push","13 Jul 2026, 17:53","13 Jul 2026, 19:37","W","Triceps Pushdown",,"V bar",0,"normal",50,18,,,
"Push","13 Jul 2026, 17:53","13 Jul 2026, 19:37","W","Triceps Pushdown",,"V bar",1,"normal",55,15,,,
"Push","13 Jul 2026, 17:53","13 Jul 2026, 19:37","W","Triceps Pushdown",,"V bar",2,"normal",60,15,,,
"Push","13 Jul 2026, 17:53","13 Jul 2026, 19:37","W","Triceps Extension (Cable)",,"",0,"normal",15,30,,,
"Push","13 Jul 2026, 17:53","13 Jul 2026, 19:37","W","Triceps Extension (Cable)",,"",1,"normal",15,30,,,
"Arms","11 Jul 2026, 17:29","11 Jul 2026, 19:14","W","Stretching",,"",0,"normal",,,,360,
"Arms","11 Jul 2026, 17:29","11 Jul 2026, 19:14","W","Reverse Grip Lat Pulldown (Cable)",,"close grip",0,"warmup",52.5,12,,,
"Arms","11 Jul 2026, 17:29","11 Jul 2026, 19:14","W","Diamond Push Up",,"",0,"normal",,30,,,
"Arms","11 Jul 2026, 17:29","11 Jul 2026, 19:14","W","Lateral Raise (Dumbbell)",,"3rd set - double drop",0,"warmup",15,15,,,
"Arms","11 Jul 2026, 17:29","11 Jul 2026, 19:14","W","Lateral Raise (Dumbbell)",,"3rd set - double drop",1,"normal",20,18,,,
"Arms","11 Jul 2026, 17:29","11 Jul 2026, 19:14","W","Lateral Raise (Dumbbell)",,"3rd set - double drop",2,"normal",30,8,,,
"Arms","11 Jul 2026, 17:29","11 Jul 2026, 19:14","W","Lateral Raise (Dumbbell)",,"3rd set - double drop",3,"dropset",15,12,,,
"Arms","11 Jul 2026, 17:29","11 Jul 2026, 19:14","W","Lateral Raise (Dumbbell)",,"3rd set - double drop",4,"dropset",10,12,,,
"Arms","11 Jul 2026, 17:29","11 Jul 2026, 19:14","W","Seated Incline Curl (Dumbbell)",,"",0,"warmup",20,18,,,
"Arms","11 Jul 2026, 17:29","11 Jul 2026, 19:14","W","Seated Incline Curl (Dumbbell)",,"",1,"normal",30,11,,,
"Arms","11 Jul 2026, 17:29","11 Jul 2026, 19:14","W","Seated Incline Curl (Dumbbell)",,"",2,"dropset",15,10,,,
"Arms","11 Jul 2026, 17:29","11 Jul 2026, 19:14","W","Seated Incline Curl (Dumbbell)",,"",3,"normal",30,8,,,
"Arms","11 Jul 2026, 17:29","11 Jul 2026, 19:14","W","Seated Incline Curl (Dumbbell)",,"",4,"dropset",15,9,,,
"Arms","11 Jul 2026, 17:29","11 Jul 2026, 19:14","W","Seated Incline Curl (Dumbbell)",,"",5,"dropset",10,7,,,
"Arms","11 Jul 2026, 17:29","11 Jul 2026, 19:14","W","Overhead Triceps Extension (Cable)",,"",0,"normal",45,18,,,
"Arms","11 Jul 2026, 17:29","11 Jul 2026, 19:14","W","Overhead Triceps Extension (Cable)",,"",1,"normal",60,18,,,
"Arms","11 Jul 2026, 17:29","11 Jul 2026, 19:14","W","Overhead Triceps Extension (Cable)",,"",2,"normal",65,16,,,
"Arms","11 Jul 2026, 17:29","11 Jul 2026, 19:14","W","Preacher Curl (Dumbbell)",,"",0,"normal",15,30,,,
"Arms","11 Jul 2026, 17:29","11 Jul 2026, 19:14","W","Preacher Curl (Dumbbell)",,"",1,"normal",15,24,,,
"Arms","11 Jul 2026, 17:29","11 Jul 2026, 19:14","W","Preacher Curl (Dumbbell)",,"",2,"normal",15,24,,,
"Arms","11 Jul 2026, 17:29","11 Jul 2026, 19:14","W","Triceps Rope Pushdown",0,"",0,"normal",35,15,,,
"Arms","11 Jul 2026, 17:29","11 Jul 2026, 19:14","W","Triceps Rope Pushdown",0,"",1,"normal",40,15,,,
"Arms","11 Jul 2026, 17:29","11 Jul 2026, 19:14","W","Triceps Rope Pushdown",0,"",2,"normal",40,15,,,
"Arms","11 Jul 2026, 17:29","11 Jul 2026, 19:14","W","Triceps Rope Pushdown",0,"",3,"dropset",30,8,,,
"Arms","11 Jul 2026, 17:29","11 Jul 2026, 19:14","W","Triceps Rope Pushdown",0,"",4,"dropset",20,6,,,
"Arms","11 Jul 2026, 17:29","11 Jul 2026, 19:14","W","Hammer Curl (Cable)",0,"",0,"normal",40,15,,,
"Arms","11 Jul 2026, 17:29","11 Jul 2026, 19:14","W","Hammer Curl (Cable)",0,"",1,"normal",40,15,,,
"Arms","11 Jul 2026, 17:29","11 Jul 2026, 19:14","W","Hammer Curl (Cable)",0,"",2,"normal",45,15,,,
"Arms","11 Jul 2026, 17:29","11 Jul 2026, 19:14","W","Hammer Curl (Cable)",0,"",3,"dropset",35,8,,,
"Arms","11 Jul 2026, 17:29","11 Jul 2026, 19:14","W","Hammer Curl (Cable)",0,"",4,"dropset",25,6,,,
"Arms","11 Jul 2026, 17:29","11 Jul 2026, 19:14","W","Seated Palms Up Wrist Curl",1,"",0,"normal",25,18,,,
"Arms","11 Jul 2026, 17:29","11 Jul 2026, 19:14","W","Seated Palms Up Wrist Curl",1,"",1,"normal",25,18,,,
"Arms","11 Jul 2026, 17:29","11 Jul 2026, 19:14","W","Seated Wrist Extension (Barbell)",1,"",0,"normal",20,15,,,
"Arms","11 Jul 2026, 17:29","11 Jul 2026, 19:14","W","Seated Wrist Extension (Barbell)",1,"",1,"normal",20,15,,,
"Arms","11 Jul 2026, 17:29","11 Jul 2026, 19:14","W","Dragon Flag",,"",0,"normal",,25,,,
"Arms","11 Jul 2026, 17:29","11 Jul 2026, 19:14","W","Dragon Flag",,"",1,"normal",,20,,,
"Arms","11 Jul 2026, 17:29","11 Jul 2026, 19:14","W","Dragon Flag",,"",2,"normal",,20,,,
"Chest & Back","10 Jul 2026, 17:26","10 Jul 2026, 19:09","W","Stretching",,"",0,"normal",,,,360,
"Chest & Back","10 Jul 2026, 17:26","10 Jul 2026, 19:09","W","Chest Fly (Machine)",,"",0,"warmup",60,18,,,
"Chest & Back","10 Jul 2026, 17:26","10 Jul 2026, 19:09","W","Chest Fly (Machine)",,"",1,"warmup",75,8,,,
"Chest & Back","10 Jul 2026, 17:26","10 Jul 2026, 19:09","W","Chest Fly (Machine)",,"",2,"normal",90,14,,,
"Chest & Back","10 Jul 2026, 17:26","10 Jul 2026, 19:09","W","Chest Fly (Machine)",,"",3,"normal",97.5,10,,,
"Chest & Back","10 Jul 2026, 17:26","10 Jul 2026, 19:09","W","Chest Fly (Machine)",,"",4,"dropset",75,5,,,
"Chest & Back","10 Jul 2026, 17:26","10 Jul 2026, 19:09","W","Incline Bench Press (Smith Machine)",,"",0,"normal",50,10,,,
"Chest & Back","10 Jul 2026, 17:26","10 Jul 2026, 19:09","W","Incline Bench Press (Smith Machine)",,"",1,"normal",60,10,,,
"Chest & Back","10 Jul 2026, 17:26","10 Jul 2026, 19:09","W","Incline Bench Press (Smith Machine)",,"",2,"normal",50,12,,,
"Chest & Back","10 Jul 2026, 17:26","10 Jul 2026, 19:09","W","Cable Fly Crossovers",,"",0,"normal",50,18,,,
"Chest & Back","10 Jul 2026, 17:26","10 Jul 2026, 19:09","W","Cable Fly Crossovers",,"",1,"normal",50,18,,,
"Chest & Back","10 Jul 2026, 17:26","10 Jul 2026, 19:09","W","Low Cable Fly Crossovers",,"",0,"normal",30,15,,,
"Chest & Back","10 Jul 2026, 17:26","10 Jul 2026, 19:09","W","Low Cable Fly Crossovers",,"",1,"normal",40,10,,,
"Chest & Back","10 Jul 2026, 17:26","10 Jul 2026, 19:09","W","Low Cable Fly Crossovers",,"",2,"dropset",20,12,,,
"Chest & Back","10 Jul 2026, 17:26","10 Jul 2026, 19:09","W","Pull Up",,"",0,"normal",,15,,,
"Chest & Back","10 Jul 2026, 17:26","10 Jul 2026, 19:09","W","Lat Pulldown (Cable)",,"Neutral grip",0,"normal",65,12,,,
"Chest & Back","10 Jul 2026, 17:26","10 Jul 2026, 19:09","W","Lat Pulldown (Cable)",,"Neutral grip",1,"normal",65,12,,,
"Chest & Back","10 Jul 2026, 17:26","10 Jul 2026, 19:09","W","Chest Supported Incline Row (Dumbbell)",,"Dumbell",0,"normal",30,12,,,
"Chest & Back","10 Jul 2026, 17:26","10 Jul 2026, 19:09","W","Chest Supported Incline Row (Dumbbell)",,"Dumbell",1,"normal",30,15,,,
"Chest & Back","10 Jul 2026, 17:26","10 Jul 2026, 19:09","W","Chest Supported Incline Row (Dumbbell)",,"Dumbell",2,"normal",35,12,,,
"Chest & Back","10 Jul 2026, 17:26","10 Jul 2026, 19:09","W","Single Arm Lat Pulldown",,"",0,"normal",35,30,,,
"Chest & Back","10 Jul 2026, 17:26","10 Jul 2026, 19:09","W","Single Arm Lat Pulldown",,"",1,"normal",40,30,,,
"Chest & Back","10 Jul 2026, 17:26","10 Jul 2026, 19:09","W","Single Arm Lat Pulldown",,"",2,"normal",45,28,,,
"Chest & Back","10 Jul 2026, 17:26","10 Jul 2026, 19:09","W","Rope Straight Arm Pulldown",0,"",0,"normal",35,15,,,
"Chest & Back","10 Jul 2026, 17:26","10 Jul 2026, 19:09","W","Rope Straight Arm Pulldown",0,"",1,"normal",35,18,,,
"Chest & Back","10 Jul 2026, 17:26","10 Jul 2026, 19:09","W","Rope Straight Arm Pulldown",0,"",2,"normal",35,15,,,
"Chest & Back","10 Jul 2026, 17:26","10 Jul 2026, 19:09","W","Back Extension (Hyperextension)",0,"",0,"normal",,20,,,
"Chest & Back","10 Jul 2026, 17:26","10 Jul 2026, 19:09","W","Back Extension (Hyperextension)",0,"",1,"normal",,20,,,
"Chest & Back","10 Jul 2026, 17:26","10 Jul 2026, 19:09","W","Back Extension (Hyperextension)",0,"",2,"normal",,20,,,
"Legs","8 Jul 2026, 17:38","8 Jul 2026, 19:27","","Stretching",,"",0,"normal",,,,416,
"Legs","8 Jul 2026, 17:38","8 Jul 2026, 19:27","","Lunge (Barbell)",,"Walking",0,"normal",20,24,,,
"Legs","8 Jul 2026, 17:38","8 Jul 2026, 19:27","","Lunge (Barbell)",,"Walking",1,"normal",25,24,,,
"Legs","8 Jul 2026, 17:38","8 Jul 2026, 19:27","","Lunge (Barbell)",,"Walking",2,"normal",25,28,,,
"Legs","8 Jul 2026, 17:38","8 Jul 2026, 19:27","","Leg Extension (Machine)",,"",0,"warmup",55,18,,,
"Legs","8 Jul 2026, 17:38","8 Jul 2026, 19:27","","Leg Extension (Machine)",,"",1,"normal",75,18,,,
"Legs","8 Jul 2026, 17:38","8 Jul 2026, 19:27","","Leg Extension (Machine)",,"",2,"normal",90,15,,,
"Legs","8 Jul 2026, 17:38","8 Jul 2026, 19:27","","Seated Leg Curl (Machine)",,"",0,"normal",60,15,,,
"Legs","8 Jul 2026, 17:38","8 Jul 2026, 19:27","","Seated Leg Curl (Machine)",,"",1,"normal",70,15,,,
"Legs","8 Jul 2026, 17:38","8 Jul 2026, 19:27","","Seated Leg Curl (Machine)",,"",2,"normal",70,12,,,
"Legs","8 Jul 2026, 17:38","8 Jul 2026, 19:27","","Hip Adduction (Machine)",0,"",0,"normal",70,15,,,
"Legs","8 Jul 2026, 17:38","8 Jul 2026, 19:27","","Hip Adduction (Machine)",0,"",1,"normal",80,15,,,
"Legs","8 Jul 2026, 17:38","8 Jul 2026, 19:27","","Hip Abduction (Machine)",0,"",0,"normal",70,15,,,
"Legs","8 Jul 2026, 17:38","8 Jul 2026, 19:27","","Hip Abduction (Machine)",0,"",1,"normal",80,15,,,
"Legs","8 Jul 2026, 17:38","8 Jul 2026, 19:27","","Leg Press (Machine)",,"",0,"normal",130,18,,,
"Legs","8 Jul 2026, 17:38","8 Jul 2026, 19:27","","Leg Press (Machine)",,"",1,"normal",160,15,,,
"Legs","8 Jul 2026, 17:38","8 Jul 2026, 19:27","","Leg Press (Machine)",,"",2,"normal",180,18,,,
"Legs","8 Jul 2026, 17:38","8 Jul 2026, 19:27","","Standing Calf Raise (Smith)",,"",0,"normal",55,18,,,
"Legs","8 Jul 2026, 17:38","8 Jul 2026, 19:27","","Standing Calf Raise (Smith)",,"",1,"normal",60,18,,,
"Legs","8 Jul 2026, 17:38","8 Jul 2026, 19:27","","Standing Calf Raise (Smith)",,"",2,"normal",60,18,,,
"Pull","7 Jul 2026, 17:27","7 Jul 2026, 18:57","","Stretching",,"",0,"normal",,,,290,
"Pull","7 Jul 2026, 17:27","7 Jul 2026, 18:57","","Straight Arm Lat Pulldown (Cable)",,"",0,"normal",35,18,,,
"Pull","7 Jul 2026, 17:27","7 Jul 2026, 18:57","","Straight Arm Lat Pulldown (Cable)",,"",1,"normal",40,15,,,
"Pull","7 Jul 2026, 17:27","7 Jul 2026, 18:57","","Straight Arm Lat Pulldown (Cable)",,"",2,"normal",45,12,,,
"Pull","7 Jul 2026, 17:27","7 Jul 2026, 18:57","","Pull Up",,"",0,"normal",,15,,,
"Pull","7 Jul 2026, 17:27","7 Jul 2026, 18:57","","Pull Up (Weighted)",,"",0,"normal",10,6,,,
"Pull","7 Jul 2026, 17:27","7 Jul 2026, 18:57","","Pull Up (Weighted)",,"",1,"normal",10,7,,,
"Pull","7 Jul 2026, 17:27","7 Jul 2026, 18:57","","Landmine Row",,"",0,"normal",40,20,,,
"Pull","7 Jul 2026, 17:27","7 Jul 2026, 18:57","","Landmine Row",,"",1,"normal",40,15,,,
"Pull","7 Jul 2026, 17:27","7 Jul 2026, 18:57","","Landmine Row",,"",2,"normal",65,12,,,
"Pull","7 Jul 2026, 17:27","7 Jul 2026, 18:57","","Preacher Curl (Dumbbell)",,"",0,"normal",12.5,30,,,
"Pull","7 Jul 2026, 17:27","7 Jul 2026, 18:57","","Preacher Curl (Dumbbell)",,"",1,"normal",15,36,,,
"Pull","7 Jul 2026, 17:27","7 Jul 2026, 18:57","","Preacher Curl (Dumbbell)",,"",2,"normal",17.5,24,,,
"Pull","7 Jul 2026, 17:27","7 Jul 2026, 18:57","","Cross Body Hammer Curl",,"",0,"normal",35,12,,,
"Pull","7 Jul 2026, 17:27","7 Jul 2026, 18:57","","Cross Body Hammer Curl",,"",1,"normal",40,10,,,
"Push (w abs)","6 Jul 2026, 17:34","6 Jul 2026, 19:11","","Stretching",,"",0,"normal",,,,306,
"Push (w abs)","6 Jul 2026, 17:34","6 Jul 2026, 19:11","","Push Up",,"",0,"normal",,50,,,
"Push (w abs)","6 Jul 2026, 17:34","6 Jul 2026, 19:11","","Chest Fly (Machine)",,"",0,"normal",60,15,,,
"Push (w abs)","6 Jul 2026, 17:34","6 Jul 2026, 19:11","","Chest Fly (Machine)",,"",1,"normal",67.5,15,,,
"Push (w abs)","6 Jul 2026, 17:34","6 Jul 2026, 19:11","","Chest Fly (Machine)",,"",2,"normal",75,15,,,
"Push (w abs)","6 Jul 2026, 17:34","6 Jul 2026, 19:11","","Incline Bench Press (Dumbbell)",,"",0,"normal",40,15,,,
"Push (w abs)","6 Jul 2026, 17:34","6 Jul 2026, 19:11","","Incline Bench Press (Dumbbell)",,"",1,"normal",50,14,,,
"Push (w abs)","6 Jul 2026, 17:34","6 Jul 2026, 19:11","","Incline Bench Press (Dumbbell)",,"",2,"normal",50,14,,,
"Push (w abs)","6 Jul 2026, 17:34","6 Jul 2026, 19:11","","Low Cable Fly Crossovers",,"",0,"normal",30,18,,,
"Push (w abs)","6 Jul 2026, 17:34","6 Jul 2026, 19:11","","Low Cable Fly Crossovers",,"",1,"normal",30,15,,,
"Push (w abs)","6 Jul 2026, 17:34","6 Jul 2026, 19:11","","Cable Fly Crossovers",,"",0,"normal",50,15,,,
"Push (w abs)","6 Jul 2026, 17:34","6 Jul 2026, 19:11","","Cable Fly Crossovers",,"",1,"normal",50,15,,,
"Push (w abs)","6 Jul 2026, 17:34","6 Jul 2026, 19:11","","Cable Fly Crossovers",,"",2,"dropset",30,12,,,
"Push (w abs)","6 Jul 2026, 17:34","6 Jul 2026, 19:11","","Seated Overhead Press (Barbell)",,"",0,"normal",40,12,,,
"Push (w abs)","6 Jul 2026, 17:34","6 Jul 2026, 19:11","","Seated Overhead Press (Barbell)",,"",1,"normal",50,8,,,
"Push (w abs)","6 Jul 2026, 17:34","6 Jul 2026, 19:11","","Lateral Raise (Dumbbell)",,"",0,"warmup",15,15,,,
"Push (w abs)","6 Jul 2026, 17:34","6 Jul 2026, 19:11","","Lateral Raise (Dumbbell)",,"",1,"normal",25,15,,,
"Push (w abs)","6 Jul 2026, 17:34","6 Jul 2026, 19:11","","Lateral Raise (Dumbbell)",,"",2,"normal",25,12,,,
"Push (w abs)","6 Jul 2026, 17:34","6 Jul 2026, 19:11","","Lateral Raise (Dumbbell)",,"",3,"dropset",15,12,,,
"Push (w abs)","6 Jul 2026, 17:34","6 Jul 2026, 19:11","","Rear Delt Reverse Fly (Machine)",,"",0,"normal",45,15,,,
"Push (w abs)","6 Jul 2026, 17:34","6 Jul 2026, 19:11","","Rear Delt Reverse Fly (Machine)",,"",1,"normal",52.5,15,,,
"Push (w abs)","6 Jul 2026, 17:34","6 Jul 2026, 19:11","","Rear Delt Reverse Fly (Machine)",,"",2,"normal",52.5,15,,,
"Push (w abs)","6 Jul 2026, 17:34","6 Jul 2026, 19:11","","Triceps Pushdown",,"",0,"normal",45,18,,,
"Push (w abs)","6 Jul 2026, 17:34","6 Jul 2026, 19:11","","Triceps Pushdown",,"",1,"normal",50,16,,,
"Push (w abs)","6 Jul 2026, 17:34","6 Jul 2026, 19:11","","Triceps Pushdown",,"",2,"normal",55,15,,,
"Push (w abs)","6 Jul 2026, 17:34","6 Jul 2026, 19:11","","Triceps Pushdown",,"",3,"dropset",30,12,,,
"Push (w abs)","6 Jul 2026, 17:34","6 Jul 2026, 19:11","","Triceps Extension (Cable)",,"",0,"normal",20,24,,,
"Push (w abs)","6 Jul 2026, 17:34","6 Jul 2026, 19:11","","Dragon Flag",,"",0,"normal",,25,,,
"Push (w abs)","6 Jul 2026, 17:34","6 Jul 2026, 19:11","","Dragon Flag",,"",1,"normal",,12,,,
"Push (w abs)","6 Jul 2026, 17:34","6 Jul 2026, 19:11","","Russian Twist (Weighted)",,"",0,"normal",10,24,,,
"Push (w abs)","6 Jul 2026, 17:34","6 Jul 2026, 19:11","","Russian Twist (Weighted)",,"",1,"normal",10,24,,,
"Core & Legs","4 Jul 2026, 17:29","4 Jul 2026, 19:06","","Stretching",,"",0,"normal",,,,180,
"Core & Legs","4 Jul 2026, 17:29","4 Jul 2026, 19:06","","Hanging Leg Raise",,"",0,"normal",,15,,,
"Core & Legs","4 Jul 2026, 17:29","4 Jul 2026, 19:06","","Dragon Flag",,"",0,"normal",,25,,,
"Core & Legs","4 Jul 2026, 17:29","4 Jul 2026, 19:06","","Dragon Flag",,"",1,"normal",,25,,,
"Core & Legs","4 Jul 2026, 17:29","4 Jul 2026, 19:06","","Cable Twist (Up to down)",,"",0,"normal",30,30,,,
"Core & Legs","4 Jul 2026, 17:29","4 Jul 2026, 19:06","","Cable Twist (Up to down)",,"",1,"normal",30,30,,,
"Core & Legs","4 Jul 2026, 17:29","4 Jul 2026, 19:06","","Stretching",,"Legs",0,"normal",,,,321,
"Core & Legs","4 Jul 2026, 17:29","4 Jul 2026, 19:06","","Glute Bridge",,"Last 2 sets with 8 kg medic ball",0,"normal",,25,,,
"Core & Legs","4 Jul 2026, 17:29","4 Jul 2026, 19:06","","Glute Bridge",,"Last 2 sets with 8 kg medic ball",1,"normal",,25,,,
"Core & Legs","4 Jul 2026, 17:29","4 Jul 2026, 19:06","","Glute Bridge",,"Last 2 sets with 8 kg medic ball",2,"normal",,25,,,
"Core & Legs","4 Jul 2026, 17:29","4 Jul 2026, 19:06","","Hip Adduction (Machine)",0,"",0,"normal",60,15,,,
"Core & Legs","4 Jul 2026, 17:29","4 Jul 2026, 19:06","","Hip Adduction (Machine)",0,"",1,"normal",70,15,,,
"Core & Legs","4 Jul 2026, 17:29","4 Jul 2026, 19:06","","Hip Adduction (Machine)",0,"",2,"normal",80,15,,,
"Core & Legs","4 Jul 2026, 17:29","4 Jul 2026, 19:06","","Hip Abduction (Machine)",0,"",0,"normal",60,15,,,
"Core & Legs","4 Jul 2026, 17:29","4 Jul 2026, 19:06","","Hip Abduction (Machine)",0,"",1,"normal",70,18,,,
"Core & Legs","4 Jul 2026, 17:29","4 Jul 2026, 19:06","","Hip Abduction (Machine)",0,"",2,"normal",80,15,,,
"Core & Legs","4 Jul 2026, 17:29","4 Jul 2026, 19:06","","Standing Calf Raise (Smith)",,"",0,"normal",50,20,,,
"Core & Legs","4 Jul 2026, 17:29","4 Jul 2026, 19:06","","Standing Calf Raise (Smith)",,"",1,"normal",60,18,,,
"Core & Legs","4 Jul 2026, 17:29","4 Jul 2026, 19:06","","Standing Calf Raise (Smith)",,"",2,"normal",60,18,,,
"Core & Legs","4 Jul 2026, 17:29","4 Jul 2026, 19:06","","Decline Crunch (Weighted)",,"",0,"normal",10,25,,,
"Core & Legs","4 Jul 2026, 17:29","4 Jul 2026, 19:06","","Decline Crunch (Weighted)",,"",1,"normal",10,25,,,
"Core & Legs","4 Jul 2026, 17:29","4 Jul 2026, 19:06","","Russian Twist (Bodyweight)",,"Hanging -Windshield Wipers",0,"normal",,20,,,
"Core & Legs","4 Jul 2026, 17:29","4 Jul 2026, 19:06","","Russian Twist (Bodyweight)",,"Hanging -Windshield Wipers",1,"normal",,20,,,
"Core & Legs","4 Jul 2026, 17:29","4 Jul 2026, 19:06","","Russian Twist (Bodyweight)",,"Hanging -Windshield Wipers",2,"normal",,16,,,
"Chest & Back","3 Jul 2026, 18:05","3 Jul 2026, 19:16","","Stretching",,"",0,"normal",,,,245,
"Chest & Back","3 Jul 2026, 18:05","3 Jul 2026, 19:16","","Low Cable Fly Crossovers",,"",0,"normal",20,18,,,
"Chest & Back","3 Jul 2026, 18:05","3 Jul 2026, 19:16","","Low Cable Fly Crossovers",,"",1,"normal",30,15,,,
"Chest & Back","3 Jul 2026, 18:05","3 Jul 2026, 19:16","","Low Cable Fly Crossovers",,"",2,"normal",30,15,,,
"Chest & Back","3 Jul 2026, 18:05","3 Jul 2026, 19:16","","Bench Press (Barbell)",,"",0,"normal",50,15,,,
"Chest & Back","3 Jul 2026, 18:05","3 Jul 2026, 19:16","","Bench Press (Barbell)",,"",1,"normal",70,8,,,
"Chest & Back","3 Jul 2026, 18:05","3 Jul 2026, 19:16","","Bench Press (Barbell)",,"",2,"normal",75,4,,,
"Chest & Back","3 Jul 2026, 18:05","3 Jul 2026, 19:16","","Pull Up",,"",0,"normal",,15,,,
"Chest & Back","3 Jul 2026, 18:05","3 Jul 2026, 19:16","","Straight Arm Lat Pulldown (Cable)",,"",0,"normal",30,18,,,
"Chest & Back","3 Jul 2026, 18:05","3 Jul 2026, 19:16","","Straight Arm Lat Pulldown (Cable)",,"",1,"normal",35,15,,,
"Chest & Back","3 Jul 2026, 18:05","3 Jul 2026, 19:16","","Straight Arm Lat Pulldown (Cable)",,"",2,"normal",35,13,,,
"Chest & Back","3 Jul 2026, 18:05","3 Jul 2026, 19:16","","Chest Supported Incline Row (Dumbbell)",0,"",0,"normal",40,17,,,
"Chest & Back","3 Jul 2026, 18:05","3 Jul 2026, 19:16","","Chest Supported Incline Row (Dumbbell)",0,"",1,"normal",50,13,,,
"Chest & Back","3 Jul 2026, 18:05","3 Jul 2026, 19:16","","Chest Supported Incline Row (Dumbbell)",0,"",2,"normal",55,10,,,
"Chest & Back","3 Jul 2026, 18:05","3 Jul 2026, 19:16","","Kelso Shrugs",0,"Machine",0,"normal",40,8,,,
"Chest & Back","3 Jul 2026, 18:05","3 Jul 2026, 19:16","","Kelso Shrugs",0,"Machine",1,"normal",50,8,,,
"Chest & Back","3 Jul 2026, 18:05","3 Jul 2026, 19:16","","Incline Chest Fly (Dumbbell)",,"",0,"normal",20,18,,,
"Chest & Back","3 Jul 2026, 18:05","3 Jul 2026, 19:16","","Incline Chest Fly (Dumbbell)",,"",1,"normal",30,12,,,
"Chest & Back","3 Jul 2026, 18:05","3 Jul 2026, 19:16","","Incline Chest Fly (Dumbbell)",,"",2,"normal",30,12,,,
"Chest & Back","3 Jul 2026, 18:05","3 Jul 2026, 19:16","","Back Extension (Hyperextension)",,"",0,"normal",,20,,,
"Chest & Back","3 Jul 2026, 18:05","3 Jul 2026, 19:16","","Back Extension (Weighted Hyperextension)",,"",0,"normal",7.5,20,,,
"Arms","2 Jul 2026, 17:55","2 Jul 2026, 19:18","","Stretching",,"",0,"normal",,,,384,
"Arms","2 Jul 2026, 17:55","2 Jul 2026, 19:18","","Chin Up",,"",0,"normal",,12,,,
"Arms","2 Jul 2026, 17:55","2 Jul 2026, 19:18","","Diamond Push Up",,"",0,"normal",,20,,,
"Arms","2 Jul 2026, 17:55","2 Jul 2026, 19:18","","Seated Incline Curl (Dumbbell)",,"",0,"normal",20,15,,,
"Arms","2 Jul 2026, 17:55","2 Jul 2026, 19:18","","Seated Incline Curl (Dumbbell)",,"",1,"normal",25,12,,,
"Arms","2 Jul 2026, 17:55","2 Jul 2026, 19:18","","Seated Incline Curl (Dumbbell)",,"",2,"normal",25,12,,,
"Arms","2 Jul 2026, 17:55","2 Jul 2026, 19:18","","Seated Incline Curl (Dumbbell)",,"",3,"dropset",15,4,,,
"Arms","2 Jul 2026, 17:55","2 Jul 2026, 19:18","","Overhead Triceps Extension (Cable)",,"V bar",0,"normal",35,18,,,
"Arms","2 Jul 2026, 17:55","2 Jul 2026, 19:18","","Overhead Triceps Extension (Cable)",,"V bar",1,"normal",50,15,,,
"Arms","2 Jul 2026, 17:55","2 Jul 2026, 19:18","","Overhead Triceps Extension (Cable)",,"V bar",2,"normal",60,15,,,
"Arms","2 Jul 2026, 17:55","2 Jul 2026, 19:18","","Preacher Curl (Dumbbell)",,"",0,"normal",12.5,30,,,
"Arms","2 Jul 2026, 17:55","2 Jul 2026, 19:18","","Preacher Curl (Dumbbell)",,"",1,"normal",15,30,,,
"Arms","2 Jul 2026, 17:55","2 Jul 2026, 19:18","","Preacher Curl (Dumbbell)",,"",2,"normal",15,30,,,
"Arms","2 Jul 2026, 17:55","2 Jul 2026, 19:18","","Single Arm Triceps Pushdown (Cable)",,"",0,"normal",20,26,,,
"Arms","2 Jul 2026, 17:55","2 Jul 2026, 19:18","","Single Arm Triceps Pushdown (Cable)",,"",1,"normal",20,24,,,
"Arms","2 Jul 2026, 17:55","2 Jul 2026, 19:18","","Single Arm Triceps Pushdown (Cable)",,"",2,"normal",15,36,,,
"Arms","2 Jul 2026, 17:55","2 Jul 2026, 19:18","","Hammer Curl (Cable)",,"",0,"normal",40,15,,,
"Arms","2 Jul 2026, 17:55","2 Jul 2026, 19:18","","Hammer Curl (Cable)",,"",1,"normal",45,18,,,
"Arms","2 Jul 2026, 17:55","2 Jul 2026, 19:18","","Hammer Curl (Cable)",,"",2,"normal",35,18,,,
"Arms","2 Jul 2026, 17:55","2 Jul 2026, 19:18","","Reverse Curl (Cable)",,"",0,"normal",35,18,,,
"Arms","2 Jul 2026, 17:55","2 Jul 2026, 19:18","","Reverse Curl (Cable)",,"",1,"normal",35,18,,,
"Arms","2 Jul 2026, 17:55","2 Jul 2026, 19:18","","Reverse Curl (Cable)",,"",2,"normal",35,18,,,
"Legs","1 Jul 2026, 17:40","1 Jul 2026, 19:17","W (100 kgs leg ex)\n- gr8 start to july 😋","Stretching",,"",0,"normal",,,,447,
"Legs","1 Jul 2026, 17:40","1 Jul 2026, 19:17","W (100 kgs leg ex)\n- gr8 start to july 😋","Bulgarian Split Squat (Dumbbell)",,"",0,"normal",20,12,,,
"Legs","1 Jul 2026, 17:40","1 Jul 2026, 19:17","W (100 kgs leg ex)\n- gr8 start to july 😋","Bulgarian Split Squat (Dumbbell)",,"",1,"normal",25,12,,,
"Legs","1 Jul 2026, 17:40","1 Jul 2026, 19:17","W (100 kgs leg ex)\n- gr8 start to july 😋","Bulgarian Split Squat (Dumbbell)",,"",2,"normal",25,12,,,
"Legs","1 Jul 2026, 17:40","1 Jul 2026, 19:17","W (100 kgs leg ex)\n- gr8 start to july 😋","Seated Leg Curl (Machine)",,"",0,"warmup",55,18,,,
"Legs","1 Jul 2026, 17:40","1 Jul 2026, 19:17","W (100 kgs leg ex)\n- gr8 start to july 😋","Seated Leg Curl (Machine)",,"",1,"normal",70,13,,,
"Legs","1 Jul 2026, 17:40","1 Jul 2026, 19:17","W (100 kgs leg ex)\n- gr8 start to july 😋","Seated Leg Curl (Machine)",,"",2,"normal",70,13,,,
"Legs","1 Jul 2026, 17:40","1 Jul 2026, 19:17","W (100 kgs leg ex)\n- gr8 start to july 😋","Leg Extension (Machine)",,"",0,"warmup",55,15,,,
"Legs","1 Jul 2026, 17:40","1 Jul 2026, 19:17","W (100 kgs leg ex)\n- gr8 start to july 😋","Leg Extension (Machine)",,"",1,"warmup",60,8,,,
"Legs","1 Jul 2026, 17:40","1 Jul 2026, 19:17","W (100 kgs leg ex)\n- gr8 start to july 😋","Leg Extension (Machine)",,"",2,"normal",80,18,,,
"Legs","1 Jul 2026, 17:40","1 Jul 2026, 19:17","W (100 kgs leg ex)\n- gr8 start to july 😋","Leg Extension (Machine)",,"",3,"normal",100,12,,,
"Legs","1 Jul 2026, 17:40","1 Jul 2026, 19:17","W (100 kgs leg ex)\n- gr8 start to july 😋","Hip Adduction (Machine)",0,"",0,"normal",70,18,,,
"Legs","1 Jul 2026, 17:40","1 Jul 2026, 19:17","W (100 kgs leg ex)\n- gr8 start to july 😋","Hip Adduction (Machine)",0,"",1,"normal",80,15,,,
"Legs","1 Jul 2026, 17:40","1 Jul 2026, 19:17","W (100 kgs leg ex)\n- gr8 start to july 😋","Hip Abduction (Machine)",0,"",0,"normal",60,18,,,
"Legs","1 Jul 2026, 17:40","1 Jul 2026, 19:17","W (100 kgs leg ex)\n- gr8 start to july 😋","Hip Abduction (Machine)",0,"",1,"normal",70,18,,,
"Legs","1 Jul 2026, 17:40","1 Jul 2026, 19:17","W (100 kgs leg ex)\n- gr8 start to july 😋","Leg Press (Machine)",,"",0,"normal",130,18,,,
"Legs","1 Jul 2026, 17:40","1 Jul 2026, 19:17","W (100 kgs leg ex)\n- gr8 start to july 😋","Leg Press (Machine)",,"",1,"normal",170,15,,,
"Legs","1 Jul 2026, 17:40","1 Jul 2026, 19:17","W (100 kgs leg ex)\n- gr8 start to july 😋","Leg Press (Machine)",,"",2,"normal",180,15,,,
"Legs","1 Jul 2026, 17:40","1 Jul 2026, 19:17","W (100 kgs leg ex)\n- gr8 start to july 😋","Standing Calf Raise (Smith)",,"",0,"normal",40,20,,,
"Legs","1 Jul 2026, 17:40","1 Jul 2026, 19:17","W (100 kgs leg ex)\n- gr8 start to july 😋","Standing Calf Raise (Smith)",,"",1,"normal",60,18,,,
"Legs","1 Jul 2026, 17:40","1 Jul 2026, 19:17","W (100 kgs leg ex)\n- gr8 start to july 😋","Standing Calf Raise (Smith)",,"",2,"normal",60,18,,,
"Pull","30 Jun 2026, 17:56","30 Jun 2026, 19:21","","Stretching",,"",0,"normal",,,,217,
"Pull","30 Jun 2026, 17:56","30 Jun 2026, 19:21","","Pull Up",,"",0,"normal",,20,,,
"Pull","30 Jun 2026, 17:56","30 Jun 2026, 19:21","","Pull Up (Weighted)",,"",0,"normal",10,11,,,
"Pull","30 Jun 2026, 17:56","30 Jun 2026, 19:21","","Pull Up (Weighted)",,"",1,"normal",10,6,,,
"Pull","30 Jun 2026, 17:56","30 Jun 2026, 19:21","","Landmine Row",,"",0,"normal",30,12,,,
"Pull","30 Jun 2026, 17:56","30 Jun 2026, 19:21","","Landmine Row",,"",1,"normal",45,12,,,
"Pull","30 Jun 2026, 17:56","30 Jun 2026, 19:21","","Landmine Row",,"",2,"normal",60,12,,,
"Pull","30 Jun 2026, 17:56","30 Jun 2026, 19:21","","Lat Pulldown - Close Grip (Cable)",,"",0,"normal",65,12,,,
"Pull","30 Jun 2026, 17:56","30 Jun 2026, 19:21","","Lat Pulldown - Close Grip (Cable)",,"",1,"normal",65,12,,,
"Pull","30 Jun 2026, 17:56","30 Jun 2026, 19:21","","Single Arm Lat Pulldown",,"",0,"normal",35,30,,,
"Pull","30 Jun 2026, 17:56","30 Jun 2026, 19:21","","Single Arm Lat Pulldown",,"",1,"normal",35,24,,,
"Pull","30 Jun 2026, 17:56","30 Jun 2026, 19:21","","Straight Arm Lat Pulldown (Cable)",,"",0,"normal",35,12,,,
"Pull","30 Jun 2026, 17:56","30 Jun 2026, 19:21","","Straight Arm Lat Pulldown (Cable)",,"",1,"normal",35,15,,,
"Pull","30 Jun 2026, 17:56","30 Jun 2026, 19:21","","Cross Body Hammer Curl",,"",0,"normal",30,15,,,
"Pull","30 Jun 2026, 17:56","30 Jun 2026, 19:21","","Cross Body Hammer Curl",,"",1,"normal",30,15,,,
"Pull","30 Jun 2026, 17:56","30 Jun 2026, 19:21","","Cross Body Hammer Curl",,"",2,"normal",30,12,,,
"Pull","30 Jun 2026, 17:56","30 Jun 2026, 19:21","","Bicep Curl (Cable)",,"",0,"normal",35,18,,,
"Pull","30 Jun 2026, 17:56","30 Jun 2026, 19:21","","Bicep Curl (Cable)",,"",1,"normal",40,15,,,
"Pull","30 Jun 2026, 17:56","30 Jun 2026, 19:21","","Bicep Curl (Cable)",,"",2,"normal",40,15,,,
"Pull","30 Jun 2026, 17:56","30 Jun 2026, 19:21","","Seated Wrist Extension (Barbell)",0,"",0,"normal",15,15,,,
"Pull","30 Jun 2026, 17:56","30 Jun 2026, 19:21","","Seated Wrist Extension (Barbell)",0,"",1,"normal",15,15,,,
"Pull","30 Jun 2026, 17:56","30 Jun 2026, 19:21","","Seated Palms Up Wrist Curl",0,"",0,"normal",25,20,,,
"Pull","30 Jun 2026, 17:56","30 Jun 2026, 19:21","","Seated Palms Up Wrist Curl",0,"",1,"normal",25,20,,,
"Pull","30 Jun 2026, 17:56","30 Jun 2026, 19:21","","Reverse Curl (Barbell)",,"",0,"normal",20,12,,,
"Pull","30 Jun 2026, 17:56","30 Jun 2026, 19:21","","Reverse Curl (Barbell)",,"",1,"normal",20,12,,,
"Push w Shouldies & Abs","29 Jun 2026, 17:27","29 Jun 2026, 19:12","W (nice volume)","Stretching",,"",0,"normal",,,,265,
"Push w Shouldies & Abs","29 Jun 2026, 17:27","29 Jun 2026, 19:12","W (nice volume)","Lateral Raise (Dumbbell)",,"Cbum var. (warmup)",0,"warmup",10,15,,,
"Push w Shouldies & Abs","29 Jun 2026, 17:27","29 Jun 2026, 19:12","W (nice volume)","Chest Fly (Machine)",,"",0,"warmup",52.5,18,,,
"Push w Shouldies & Abs","29 Jun 2026, 17:27","29 Jun 2026, 19:12","W (nice volume)","Chest Fly (Machine)",,"",1,"normal",82.5,15,,,
"Push w Shouldies & Abs","29 Jun 2026, 17:27","29 Jun 2026, 19:12","W (nice volume)","Chest Fly (Machine)",,"",2,"normal",82.5,15,,,
"Push w Shouldies & Abs","29 Jun 2026, 17:27","29 Jun 2026, 19:12","W (nice volume)","Incline Bench Press (Dumbbell)",,"",0,"normal",45,15,,,
"Push w Shouldies & Abs","29 Jun 2026, 17:27","29 Jun 2026, 19:12","W (nice volume)","Incline Bench Press (Dumbbell)",,"",1,"normal",50,15,,,
"Push w Shouldies & Abs","29 Jun 2026, 17:27","29 Jun 2026, 19:12","W (nice volume)","Incline Bench Press (Dumbbell)",,"",2,"normal",60,8,,,
"Push w Shouldies & Abs","29 Jun 2026, 17:27","29 Jun 2026, 19:12","W (nice volume)","Cable Fly Crossovers",,"📉",0,"normal",50,18,,,
"Push w Shouldies & Abs","29 Jun 2026, 17:27","29 Jun 2026, 19:12","W (nice volume)","Cable Fly Crossovers",,"📉",1,"normal",60,5,,,
"Push w Shouldies & Abs","29 Jun 2026, 17:27","29 Jun 2026, 19:12","W (nice volume)","Cable Fly Crossovers",,"📉",2,"dropset",50,6,,,
"Push w Shouldies & Abs","29 Jun 2026, 17:27","29 Jun 2026, 19:12","W (nice volume)","Seated Overhead Press (Barbell)",,"",0,"normal",35,12,,,
"Push w Shouldies & Abs","29 Jun 2026, 17:27","29 Jun 2026, 19:12","W (nice volume)","Seated Overhead Press (Barbell)",,"",1,"normal",45,10,,,
"Push w Shouldies & Abs","29 Jun 2026, 17:27","29 Jun 2026, 19:12","W (nice volume)","Seated Overhead Press (Barbell)",,"",2,"normal",45,8,,,
"Push w Shouldies & Abs","29 Jun 2026, 17:27","29 Jun 2026, 19:12","W (nice volume)","Triceps Rope Pushdown",,"",0,"normal",30,15,,,
"Push w Shouldies & Abs","29 Jun 2026, 17:27","29 Jun 2026, 19:12","W (nice volume)","Triceps Rope Pushdown",,"",1,"normal",35,15,,,
"Push w Shouldies & Abs","29 Jun 2026, 17:27","29 Jun 2026, 19:12","W (nice volume)","Triceps Rope Pushdown",,"",2,"normal",35,15,,,
"Push w Shouldies & Abs","29 Jun 2026, 17:27","29 Jun 2026, 19:12","W (nice volume)","Triceps Extension (Cable)",,"",0,"normal",15,30,,,
"Push w Shouldies & Abs","29 Jun 2026, 17:27","29 Jun 2026, 19:12","W (nice volume)","Triceps Extension (Cable)",,"",1,"normal",20,22,,,
"Push w Shouldies & Abs","29 Jun 2026, 17:27","29 Jun 2026, 19:12","W (nice volume)","Triceps Extension (Cable)",,"",2,"normal",15,30,,,
"Push w Shouldies & Abs","29 Jun 2026, 17:27","29 Jun 2026, 19:12","W (nice volume)","Lateral Raise (Dumbbell)",,"",0,"normal",20,12,,,
"Push w Shouldies & Abs","29 Jun 2026, 17:27","29 Jun 2026, 19:12","W (nice volume)","Lateral Raise (Dumbbell)",,"",1,"normal",25,12,,,
"Push w Shouldies & Abs","29 Jun 2026, 17:27","29 Jun 2026, 19:12","W (nice volume)","Lateral Raise (Dumbbell)",,"",2,"normal",25,11,,,
"Push w Shouldies & Abs","29 Jun 2026, 17:27","29 Jun 2026, 19:12","W (nice volume)","Rear Delt Reverse Fly (Machine)",,"",0,"normal",45,15,,,
"Push w Shouldies & Abs","29 Jun 2026, 17:27","29 Jun 2026, 19:12","W (nice volume)","Rear Delt Reverse Fly (Machine)",,"",1,"normal",52.5,15,,,
"Push w Shouldies & Abs","29 Jun 2026, 17:27","29 Jun 2026, 19:12","W (nice volume)","Rear Delt Reverse Fly (Machine)",,"",2,"normal",52.5,15,,,
"Push w Shouldies & Abs","29 Jun 2026, 17:27","29 Jun 2026, 19:12","W (nice volume)","Decline Crunch (Weighted)",,"",0,"normal",10,20,,,
"Push w Shouldies & Abs","29 Jun 2026, 17:27","29 Jun 2026, 19:12","W (nice volume)","Decline Crunch (Weighted)",,"",1,"normal",10,20,,,
"Push w Shouldies & Abs","29 Jun 2026, 17:27","29 Jun 2026, 19:12","W (nice volume)","Dragon Flag",,"",0,"normal",,18,,,
"Lawl","27 Jun 2026, 17:27","27 Jun 2026, 18:11","","Dead Hang",,"",0,"normal",,,,40,
"Lawl","27 Jun 2026, 17:27","27 Jun 2026, 18:11","","Dead Hang",,"",1,"normal",,,,36,
"Lawl","27 Jun 2026, 17:27","27 Jun 2026, 18:11","","Dead Hang",,"",2,"normal",,,,36,
"Lawl","27 Jun 2026, 17:27","27 Jun 2026, 18:11","","Russian Twist (Bodyweight)",,"Hanging",0,"normal",,20,,,
"Lawl","27 Jun 2026, 17:27","27 Jun 2026, 18:11","","Russian Twist (Bodyweight)",,"Hanging",1,"normal",,24,,,
"Lawl","27 Jun 2026, 17:27","27 Jun 2026, 18:11","","Russian Twist (Bodyweight)",,"Hanging",2,"normal",,20,,,
"Lawl","27 Jun 2026, 17:27","27 Jun 2026, 18:11","","Dragon Flag",,"",0,"normal",,20,,,
"Lawl","27 Jun 2026, 17:27","27 Jun 2026, 18:11","","Dragon Flag",,"",1,"normal",,25,,,
"Lawl","27 Jun 2026, 17:27","27 Jun 2026, 18:11","","Dragon Flag",,"",2,"normal",,20,,,
"Lawl","27 Jun 2026, 17:27","27 Jun 2026, 18:11","","Cable Crunch",,"",0,"normal",50,20,,,
"Lawl","27 Jun 2026, 17:27","27 Jun 2026, 18:11","","Cable Crunch",,"",1,"normal",50,15,,,
"Chest & Back","26 Jun 2026, 17:30","26 Jun 2026, 18:42","","Stretching",,"",0,"normal",,,,330,
"Chest & Back","26 Jun 2026, 17:30","26 Jun 2026, 18:42","","Pull Up",,"",0,"normal",,20,,,
"Chest & Back","26 Jun 2026, 17:30","26 Jun 2026, 18:42","","Pull Up (Weighted)",,"",0,"normal",10,8,,,
"Chest & Back","26 Jun 2026, 17:30","26 Jun 2026, 18:42","","Pull Up (Weighted)",,"",1,"normal",10,7,,,
"Chest & Back","26 Jun 2026, 17:30","26 Jun 2026, 18:42","","Chest Fly (Machine)",,"",0,"normal",75,12,,,
"Chest & Back","26 Jun 2026, 17:30","26 Jun 2026, 18:42","","Chest Fly (Machine)",,"",1,"normal",75,12,,,
"Chest & Back","26 Jun 2026, 17:30","26 Jun 2026, 18:42","","Chest Fly (Machine)",,"",2,"normal",67.5,15,,,
"Chest & Back","26 Jun 2026, 17:30","26 Jun 2026, 18:42","","Incline Bench Press (Dumbbell)",,"",0,"normal",45,15,,,
"Chest & Back","26 Jun 2026, 17:30","26 Jun 2026, 18:42","","Incline Bench Press (Dumbbell)",,"",1,"normal",50,13,,,
"Chest & Back","26 Jun 2026, 17:30","26 Jun 2026, 18:42","","Incline Bench Press (Dumbbell)",,"",2,"normal",50,12,,,
"Chest & Back","26 Jun 2026, 17:30","26 Jun 2026, 18:42","","Iso-Lateral Row (Machine)",,"",0,"normal",45,15,,,
"Chest & Back","26 Jun 2026, 17:30","26 Jun 2026, 18:42","","Iso-Lateral Row (Machine)",,"",1,"normal",55,12,,,
"Chest & Back","26 Jun 2026, 17:30","26 Jun 2026, 18:42","","Iso-Lateral Row (Machine)",,"",2,"normal",60,10,,,
"Chest & Back","26 Jun 2026, 17:30","26 Jun 2026, 18:42","","Cable Fly Crossovers",,"",0,"normal",50,15,,,
"Chest & Back","26 Jun 2026, 17:30","26 Jun 2026, 18:42","","Cable Fly Crossovers",,"",1,"normal",50,15,,,
"Chest & Back","26 Jun 2026, 17:30","26 Jun 2026, 18:42","","Back Extension (Hyperextension)",,"",0,"normal",,20,,,
"Chest & Back","26 Jun 2026, 17:30","26 Jun 2026, 18:42","","Back Extension (Hyperextension)",,"",1,"normal",,20,,,
"Chest & Back","26 Jun 2026, 17:30","26 Jun 2026, 18:42","","Back Extension (Hyperextension)",,"",2,"normal",,25,,,
"Arms & Shouldiess","25 Jun 2026, 17:28","25 Jun 2026, 19:33","","Stretching",,"",0,"normal",,,,480,
"Arms & Shouldiess","25 Jun 2026, 17:28","25 Jun 2026, 19:33","","Chin Up",,"",0,"normal",,15,,,
"Arms & Shouldiess","25 Jun 2026, 17:28","25 Jun 2026, 19:33","","Seated Incline Curl (Dumbbell)",,"📉",0,"normal",20,15,,,
"Arms & Shouldiess","25 Jun 2026, 17:28","25 Jun 2026, 19:33","","Seated Incline Curl (Dumbbell)",,"📉",1,"normal",25,6,,,
"Arms & Shouldiess","25 Jun 2026, 17:28","25 Jun 2026, 19:33","","Seated Incline Curl (Dumbbell)",,"📉",2,"dropset",10,8,,,
"Arms & Shouldiess","25 Jun 2026, 17:28","25 Jun 2026, 19:33","","Seated Incline Curl (Dumbbell)",,"📉",3,"normal",25,6,,,
"Arms & Shouldiess","25 Jun 2026, 17:28","25 Jun 2026, 19:33","","Seated Incline Curl (Dumbbell)",,"📉",4,"dropset",15,6,,,
"Arms & Shouldiess","25 Jun 2026, 17:28","25 Jun 2026, 19:33","","Triceps Pushdown",,"V bar",0,"normal",40,15,,,
"Arms & Shouldiess","25 Jun 2026, 17:28","25 Jun 2026, 19:33","","Triceps Pushdown",,"V bar",1,"normal",45,15,,,
"Arms & Shouldiess","25 Jun 2026, 17:28","25 Jun 2026, 19:33","","Triceps Pushdown",,"V bar",2,"normal",50,15,,,
"Arms & Shouldiess","25 Jun 2026, 17:28","25 Jun 2026, 19:33","","Preacher Curl (Barbell)",,"",0,"normal",20,18,,,
"Arms & Shouldiess","25 Jun 2026, 17:28","25 Jun 2026, 19:33","","Preacher Curl (Barbell)",,"",1,"normal",25,15,,,
"Arms & Shouldiess","25 Jun 2026, 17:28","25 Jun 2026, 19:33","","Preacher Curl (Barbell)",,"",2,"normal",25,14,,,
"Arms & Shouldiess","25 Jun 2026, 17:28","25 Jun 2026, 19:33","","Overhead Triceps Extension (Cable)",,"Rope",0,"normal",25,20,,,
"Arms & Shouldiess","25 Jun 2026, 17:28","25 Jun 2026, 19:33","","Overhead Triceps Extension (Cable)",,"Rope",1,"normal",40,15,,,
"Arms & Shouldiess","25 Jun 2026, 17:28","25 Jun 2026, 19:33","","Overhead Triceps Extension (Cable)",,"Rope",2,"normal",35,18,,,
"Arms & Shouldiess","25 Jun 2026, 17:28","25 Jun 2026, 19:33","","Cross Body Hammer Curl",,"",0,"normal",30,15,,,
"Arms & Shouldiess","25 Jun 2026, 17:28","25 Jun 2026, 19:33","","Cross Body Hammer Curl",,"",1,"normal",30,15,,,
"Arms & Shouldiess","25 Jun 2026, 17:28","25 Jun 2026, 19:33","","Cross Body Hammer Curl",,"",2,"normal",30,15,,,
"Arms & Shouldiess","25 Jun 2026, 17:28","25 Jun 2026, 19:33","","Single Arm Lateral Raise (Cable)",,"",0,"warmup",10,16,,,
"Arms & Shouldiess","25 Jun 2026, 17:28","25 Jun 2026, 19:33","","Single Arm Lateral Raise (Cable)",,"",1,"warmup",15,12,,,
"Arms & Shouldiess","25 Jun 2026, 17:28","25 Jun 2026, 19:33","","Single Arm Lateral Raise (Cable)",,"",2,"normal",20,24,,,
"Arms & Shouldiess","25 Jun 2026, 17:28","25 Jun 2026, 19:33","","Single Arm Lateral Raise (Cable)",,"",3,"normal",20,24,,,
"Arms & Shouldiess","25 Jun 2026, 17:28","25 Jun 2026, 19:33","","Seated Wrist Extension (Barbell)",0,"Dumbell",0,"normal",15,15,,,
"Arms & Shouldiess","25 Jun 2026, 17:28","25 Jun 2026, 19:33","","Seated Wrist Extension (Barbell)",0,"Dumbell",1,"normal",15,18,,,
"Arms & Shouldiess","25 Jun 2026, 17:28","25 Jun 2026, 19:33","","Seated Palms Up Wrist Curl",0,"Dumbell",0,"normal",25,18,,,
"Arms & Shouldiess","25 Jun 2026, 17:28","25 Jun 2026, 19:33","","Seated Palms Up Wrist Curl",0,"Dumbell",1,"normal",30,18,,,
"Arms & Shouldiess","25 Jun 2026, 17:28","25 Jun 2026, 19:33","","Seated Overhead Press (Barbell)",,"",0,"warmup",20,15,,,
"Arms & Shouldiess","25 Jun 2026, 17:28","25 Jun 2026, 19:33","","Seated Overhead Press (Barbell)",,"",1,"normal",40,12,,,
"Arms & Shouldiess","25 Jun 2026, 17:28","25 Jun 2026, 19:33","","Seated Overhead Press (Barbell)",,"",2,"normal",45,10,,,
"Arms & Shouldiess","25 Jun 2026, 17:28","25 Jun 2026, 19:33","","Face Pull",,"",0,"normal",35,15,,,
"Arms & Shouldiess","25 Jun 2026, 17:28","25 Jun 2026, 19:33","","Face Pull",,"",1,"normal",45,18,,,
"Arms & Shouldiess","25 Jun 2026, 17:28","25 Jun 2026, 19:33","","Face Pull",,"",2,"normal",55,15,,,
"Legs & Core","24 Jun 2026, 17:34","24 Jun 2026, 19:05","solo quick wk","Stretching",,"",0,"normal",,,,230,
"Legs & Core","24 Jun 2026, 17:34","24 Jun 2026, 19:05","solo quick wk","Lunge (Barbell)",,"Walking",0,"normal",20,24,,,
"Legs & Core","24 Jun 2026, 17:34","24 Jun 2026, 19:05","solo quick wk","Lunge (Barbell)",,"Walking",1,"normal",25,24,,,
"Legs & Core","24 Jun 2026, 17:34","24 Jun 2026, 19:05","solo quick wk","Leg Extension (Machine)",,"",0,"warmup",60,18,,,
"Legs & Core","24 Jun 2026, 17:34","24 Jun 2026, 19:05","solo quick wk","Leg Extension (Machine)",,"",1,"normal",75,18,,,
"Legs & Core","24 Jun 2026, 17:34","24 Jun 2026, 19:05","solo quick wk","Leg Extension (Machine)",,"",2,"normal",80,18,,,
"Legs & Core","24 Jun 2026, 17:34","24 Jun 2026, 19:05","solo quick wk","Seated Leg Curl (Machine)",,"",0,"normal",60,15,,,
"Legs & Core","24 Jun 2026, 17:34","24 Jun 2026, 19:05","solo quick wk","Seated Leg Curl (Machine)",,"",1,"normal",70,12,,,
"Legs & Core","24 Jun 2026, 17:34","24 Jun 2026, 19:05","solo quick wk","Seated Leg Curl (Machine)",,"",2,"normal",70,12,,,
"Legs & Core","24 Jun 2026, 17:34","24 Jun 2026, 19:05","solo quick wk","Hip Adduction (Machine)",0,"",0,"normal",70,15,,,
"Legs & Core","24 Jun 2026, 17:34","24 Jun 2026, 19:05","solo quick wk","Hip Adduction (Machine)",0,"",1,"normal",70,15,,,
"Legs & Core","24 Jun 2026, 17:34","24 Jun 2026, 19:05","solo quick wk","Hip Abduction (Machine)",0,"",0,"normal",60,15,,,
"Legs & Core","24 Jun 2026, 17:34","24 Jun 2026, 19:05","solo quick wk","Hip Abduction (Machine)",0,"",1,"normal",60,15,,,
"Legs & Core","24 Jun 2026, 17:34","24 Jun 2026, 19:05","solo quick wk","Leg Press (Machine)",,"",0,"normal",110,20,,,
"Legs & Core","24 Jun 2026, 17:34","24 Jun 2026, 19:05","solo quick wk","Leg Press (Machine)",,"",1,"normal",140,15,,,
"Legs & Core","24 Jun 2026, 17:34","24 Jun 2026, 19:05","solo quick wk","Leg Press (Machine)",,"",2,"normal",180,15,,,
"Legs & Core","24 Jun 2026, 17:34","24 Jun 2026, 19:05","solo quick wk","Standing Calf Raise (Smith)",,"",0,"normal",40,20,,,
"Legs & Core","24 Jun 2026, 17:34","24 Jun 2026, 19:05","solo quick wk","Standing Calf Raise (Smith)",,"",1,"normal",55,18,,,
"Legs & Core","24 Jun 2026, 17:34","24 Jun 2026, 19:05","solo quick wk","Standing Calf Raise (Smith)",,"",2,"normal",55,18,,,
"Legs & Core","24 Jun 2026, 17:34","24 Jun 2026, 19:05","solo quick wk","Russian Twist (Bodyweight)",,"Hanging",0,"normal",,20,,,
"Legs & Core","24 Jun 2026, 17:34","24 Jun 2026, 19:05","solo quick wk","Russian Twist (Bodyweight)",,"Hanging",1,"normal",,24,,,
"Legs & Core","24 Jun 2026, 17:34","24 Jun 2026, 19:05","solo quick wk","Dragon Flag",,"",0,"normal",,20,,,
"Legs & Core","24 Jun 2026, 17:34","24 Jun 2026, 19:05","solo quick wk","Dragon Flag",,"",1,"normal",,12,,,
"Pull (recovery)","23 Jun 2026, 17:46","23 Jun 2026, 19:14","","Stretching",,"",0,"normal",,,,163,
"Pull (recovery)","23 Jun 2026, 17:46","23 Jun 2026, 19:14","","Pull Up",,"",0,"normal",,15,,,
"Pull (recovery)","23 Jun 2026, 17:46","23 Jun 2026, 19:14","","Pull Up",,"",1,"normal",,11,,,
"Pull (recovery)","23 Jun 2026, 17:46","23 Jun 2026, 19:14","","Lat Pulldown (Cable)",,"Neutral grip",0,"normal",65,11,,,
"Pull (recovery)","23 Jun 2026, 17:46","23 Jun 2026, 19:14","","Seated Cable Row - Bar Wide Grip",,"",0,"normal",60,15,,,
"Pull (recovery)","23 Jun 2026, 17:46","23 Jun 2026, 19:14","","Seated Cable Row - Bar Wide Grip",,"",1,"normal",75,15,,,
"Pull (recovery)","23 Jun 2026, 17:46","23 Jun 2026, 19:14","","Seated Cable Row - Bar Wide Grip",,"",2,"normal",75,15,,,
"Pull (recovery)","23 Jun 2026, 17:46","23 Jun 2026, 19:14","","Single Arm Lat Pulldown",,"",0,"normal",35,30,,,
"Pull (recovery)","23 Jun 2026, 17:46","23 Jun 2026, 19:14","","Straight Arm Lat Pulldown (Cable)",,"",0,"normal",35,15,,,
"Pull (recovery)","23 Jun 2026, 17:46","23 Jun 2026, 19:14","","Straight Arm Lat Pulldown (Cable)",,"",1,"normal",35,15,,,
"Pull (recovery)","23 Jun 2026, 17:46","23 Jun 2026, 19:14","","Preacher Curl (Dumbbell)",,"",0,"normal",12.5,24,,,
"Pull (recovery)","23 Jun 2026, 17:46","23 Jun 2026, 19:14","","Preacher Curl (Dumbbell)",,"",1,"normal",15,22,,,
"Pull (recovery)","23 Jun 2026, 17:46","23 Jun 2026, 19:14","","Preacher Curl (Dumbbell)",,"",2,"normal",15,20,,,
"Pull (recovery)","23 Jun 2026, 17:46","23 Jun 2026, 19:14","","Hammer Curl (Cable)",,"",0,"normal",35,15,,,
"Pull (recovery)","23 Jun 2026, 17:46","23 Jun 2026, 19:14","","Hammer Curl (Cable)",,"",1,"normal",45,12,,,
"Pull (recovery)","23 Jun 2026, 17:46","23 Jun 2026, 19:14","","Rear Delt Reverse Fly (Machine)",,"",0,"normal",30,12,,,
"Pull (recovery)","23 Jun 2026, 17:46","23 Jun 2026, 19:14","","Rear Delt Reverse Fly (Machine)",,"",1,"normal",30,12,,,
"Pull (recovery)","23 Jun 2026, 17:46","23 Jun 2026, 19:14","","Seated Wrist Extension (Barbell)",0,"Machine",0,"normal",15,15,,,
"Pull (recovery)","23 Jun 2026, 17:46","23 Jun 2026, 19:14","","Seated Wrist Extension (Barbell)",0,"Machine",1,"normal",15,15,,,
"Pull (recovery)","23 Jun 2026, 17:46","23 Jun 2026, 19:14","","Seated Palms Up Wrist Curl",0,"Machine",0,"normal",20,15,,,
"Pull (recovery)","23 Jun 2026, 17:46","23 Jun 2026, 19:14","","Seated Palms Up Wrist Curl",0,"Machine",1,"normal",20,20,,,
"Push (recovery)","22 Jun 2026, 17:22","22 Jun 2026, 18:44","","Stretching",,"",0,"normal",,,,232,
"Push (recovery)","22 Jun 2026, 17:22","22 Jun 2026, 18:44","","Incline Bench Press (Smith Machine)",,"",0,"warmup",40,12,,,
"Push (recovery)","22 Jun 2026, 17:22","22 Jun 2026, 18:44","","Incline Bench Press (Smith Machine)",,"",1,"normal",55,11,,,
"Push (recovery)","22 Jun 2026, 17:22","22 Jun 2026, 18:44","","Incline Bench Press (Smith Machine)",,"",2,"normal",55,11,,,
"Push (recovery)","22 Jun 2026, 17:22","22 Jun 2026, 18:44","","Cable Fly Crossovers",,"",0,"normal",50,16,,,
"Push (recovery)","22 Jun 2026, 17:22","22 Jun 2026, 18:44","","Cable Fly Crossovers",,"",1,"normal",50,15,,,
"Push (recovery)","22 Jun 2026, 17:22","22 Jun 2026, 18:44","","Cable Fly Crossovers",,"",2,"normal",50,15,,,
"Push (recovery)","22 Jun 2026, 17:22","22 Jun 2026, 18:44","","Bench Press (Dumbbell)",,"- elbow pain",0,"normal",40,12,,,
"Push (recovery)","22 Jun 2026, 17:22","22 Jun 2026, 18:44","","Seated Lateral Raise (Dumbbell)",,"",0,"normal",15,15,,,
"Push (recovery)","22 Jun 2026, 17:22","22 Jun 2026, 18:44","","Seated Lateral Raise (Dumbbell)",,"",1,"normal",20,12,,,
"Push (recovery)","22 Jun 2026, 17:22","22 Jun 2026, 18:44","","Triceps Rope Pushdown",,"",0,"warmup",20,15,,,
"Push (recovery)","22 Jun 2026, 17:22","22 Jun 2026, 18:44","","Triceps Rope Pushdown",,"",1,"normal",30,12,,,
"Push (recovery)","22 Jun 2026, 17:22","22 Jun 2026, 18:44","","Single Arm Triceps Pushdown (Cable)",,"",0,"normal",15,24,,,
"Push (recovery)","22 Jun 2026, 17:22","22 Jun 2026, 18:44","","Single Arm Triceps Pushdown (Cable)",,"",1,"normal",15,30,,,
"Push (recovery)","22 Jun 2026, 17:22","22 Jun 2026, 18:44","","Single Arm Triceps Pushdown (Cable)",,"",2,"normal",15,30,,,
"Recovery","20 Jun 2026, 17:17","20 Jun 2026, 18:43","","Stretching",,"",0,"normal",,,,221,
"Recovery","20 Jun 2026, 17:17","20 Jun 2026, 18:43","","Pull Up",,"",0,"normal",,15,,,
"Recovery","20 Jun 2026, 17:17","20 Jun 2026, 18:43","","Pull Up",,"",1,"normal",,15,,,
"Recovery","20 Jun 2026, 17:17","20 Jun 2026, 18:43","","Pull Up",,"",2,"normal",,15,,,
"Recovery","20 Jun 2026, 17:17","20 Jun 2026, 18:43","","Pull Up",,"",3,"normal",,15,,,
"Recovery","20 Jun 2026, 17:17","20 Jun 2026, 18:43","","Glute Bridge",,"Last set with 5 kg medic ball",0,"normal",,25,,,
"Recovery","20 Jun 2026, 17:17","20 Jun 2026, 18:43","","Glute Bridge",,"Last set with 5 kg medic ball",1,"normal",,15,,,
"Recovery","20 Jun 2026, 17:17","20 Jun 2026, 18:43","","Glute Bridge",,"Last set with 5 kg medic ball",2,"normal",,15,,,
"Recovery","20 Jun 2026, 17:17","20 Jun 2026, 18:43","","Crunch",,"",0,"normal",,50,,,
"Recovery","20 Jun 2026, 17:17","20 Jun 2026, 18:43","","Crunch",,"",1,"normal",,35,,,
"Recovery","20 Jun 2026, 17:17","20 Jun 2026, 18:43","","Crunch",,"",2,"normal",,30,,,
"Recovery","20 Jun 2026, 17:17","20 Jun 2026, 18:43","","Heel Taps",,"",0,"normal",,30,,,
"Recovery","20 Jun 2026, 17:17","20 Jun 2026, 18:43","","Heel Taps",,"",1,"normal",,30,,,
"Recovery","20 Jun 2026, 17:17","20 Jun 2026, 18:43","","Heel Taps",,"",2,"normal",,30,,,
"Recovery","20 Jun 2026, 17:17","20 Jun 2026, 18:43","","Dragon Flag",,"",0,"normal",,20,,,
"Recovery","20 Jun 2026, 17:17","20 Jun 2026, 18:43","","Dragon Flag",,"",1,"normal",,25,,,
"Recovery","20 Jun 2026, 17:17","20 Jun 2026, 18:43","","Dragon Flag",,"",2,"normal",,25,,,
"Legs","19 Jun 2026, 17:17","19 Jun 2026, 18:23","No upper body (elbow pain)","Stretching",,"",0,"normal",,,,365,
"Legs","19 Jun 2026, 17:17","19 Jun 2026, 18:23","No upper body (elbow pain)","Spinning",,"",0,"normal",,,,160,
"Legs","19 Jun 2026, 17:17","19 Jun 2026, 18:23","No upper body (elbow pain)","Lunge (Barbell)",,"",0,"normal",20,20,,,
"Legs","19 Jun 2026, 17:17","19 Jun 2026, 18:23","No upper body (elbow pain)","Lunge (Barbell)",,"",1,"normal",25,28,,,
"Legs","19 Jun 2026, 17:17","19 Jun 2026, 18:23","No upper body (elbow pain)","Hip Adduction (Machine)",0,"",0,"normal",70,15,,,
"Legs","19 Jun 2026, 17:17","19 Jun 2026, 18:23","No upper body (elbow pain)","Hip Adduction (Machine)",0,"",1,"normal",70,15,,,
"Legs","19 Jun 2026, 17:17","19 Jun 2026, 18:23","No upper body (elbow pain)","Hip Adduction (Machine)",0,"",2,"normal",70,15,,,
"Legs","19 Jun 2026, 17:17","19 Jun 2026, 18:23","No upper body (elbow pain)","Hip Abduction (Machine)",0,"",0,"normal",60,15,,,
"Legs","19 Jun 2026, 17:17","19 Jun 2026, 18:23","No upper body (elbow pain)","Hip Abduction (Machine)",0,"",1,"normal",70,15,,,
"Legs","19 Jun 2026, 17:17","19 Jun 2026, 18:23","No upper body (elbow pain)","Hip Abduction (Machine)",0,"",2,"normal",70,15,,,
"Legs","19 Jun 2026, 17:17","19 Jun 2026, 18:23","No upper body (elbow pain)","Single Leg Extensions",,"",0,"normal",25,24,,,
"Legs","19 Jun 2026, 17:17","19 Jun 2026, 18:23","No upper body (elbow pain)","Single Leg Extensions",,"",1,"normal",30,30,,,
"Legs","19 Jun 2026, 17:17","19 Jun 2026, 18:23","No upper body (elbow pain)","Single Leg Extensions",,"",2,"normal",35,30,,,
"Legs","19 Jun 2026, 17:17","19 Jun 2026, 18:23","No upper body (elbow pain)","Seated Leg Curl (Machine)",,"",0,"normal",55,20,,,
"Legs","19 Jun 2026, 17:17","19 Jun 2026, 18:23","No upper body (elbow pain)","Seated Leg Curl (Machine)",,"",1,"normal",65,15,,,
"Arms","18 Jun 2026, 17:16","18 Jun 2026, 19:17","","Stretching",,"• Wallstand : 2 x 45 seconds\n• Fingertip Holds",0,"normal",,,,300,
"Arms","18 Jun 2026, 17:16","18 Jun 2026, 19:17","","Pike Pushup",,"",0,"normal",,12,,,
"Arms","18 Jun 2026, 17:16","18 Jun 2026, 19:17","","Pike Pushup",,"",1,"normal",,25,,,
"Arms","18 Jun 2026, 17:16","18 Jun 2026, 19:17","","Push Up",,"Wrist pushups",0,"normal",,25,,,
"Arms","18 Jun 2026, 17:16","18 Jun 2026, 19:17","","Dead Hang",,"",0,"normal",,,,41,
"Arms","18 Jun 2026, 17:16","18 Jun 2026, 19:17","","Seated Incline Curl (Dumbbell)",,"",0,"normal",25,15,,,
"Arms","18 Jun 2026, 17:16","18 Jun 2026, 19:17","","Seated Incline Curl (Dumbbell)",,"",1,"normal",30,7,,,
"Arms","18 Jun 2026, 17:16","18 Jun 2026, 19:17","","Seated Incline Curl (Dumbbell)",,"",2,"dropset",20,4,,,
"Arms","18 Jun 2026, 17:16","18 Jun 2026, 19:17","","Seated Incline Curl (Dumbbell)",,"",3,"normal",30,5,,,
"Arms","18 Jun 2026, 17:16","18 Jun 2026, 19:17","","Seated Incline Curl (Dumbbell)",,"",4,"normal",15,6,,,
"Arms","18 Jun 2026, 17:16","18 Jun 2026, 19:17","","Overhead Triceps Extension (Cable)",,"Bar",0,"normal",40,15,,,
"Arms","18 Jun 2026, 17:16","18 Jun 2026, 19:17","","Overhead Triceps Extension (Cable)",,"Bar",1,"normal",45,15,,,
"Arms","18 Jun 2026, 17:16","18 Jun 2026, 19:17","","Overhead Triceps Extension (Cable)",,"Bar",2,"normal",45,15,,,
"Arms","18 Jun 2026, 17:16","18 Jun 2026, 19:17","","Single Arm Curl (Cable)",,"",0,"normal",25,30,,,
"Arms","18 Jun 2026, 17:16","18 Jun 2026, 19:17","","Single Arm Curl (Cable)",,"",1,"normal",25,30,,,
"Arms","18 Jun 2026, 17:16","18 Jun 2026, 19:17","","Single Arm Curl (Cable)",,"",2,"normal",30,18,,,
"Arms","18 Jun 2026, 17:16","18 Jun 2026, 19:17","","Triceps Rope Pushdown",,"",0,"normal",35,15,,,
"Arms","18 Jun 2026, 17:16","18 Jun 2026, 19:17","","Triceps Rope Pushdown",,"",1,"normal",35,15,,,
"Arms","18 Jun 2026, 17:16","18 Jun 2026, 19:17","","Triceps Rope Pushdown",,"",2,"normal",35,18,,,
"Arms","18 Jun 2026, 17:16","18 Jun 2026, 19:17","","Hammer Curl (Cable)",,"",0,"normal",45,15,,,
"Arms","18 Jun 2026, 17:16","18 Jun 2026, 19:17","","Hammer Curl (Cable)",,"",1,"normal",45,15,,,
"Arms","18 Jun 2026, 17:16","18 Jun 2026, 19:17","","Hammer Curl (Cable)",,"",2,"normal",45,15,,,
"Arms","18 Jun 2026, 17:16","18 Jun 2026, 19:17","","Single Arm Triceps Pushdown (Cable)",,"Cbum var.",0,"normal",15,30,,,
"Arms","18 Jun 2026, 17:16","18 Jun 2026, 19:17","","Single Arm Triceps Pushdown (Cable)",,"Cbum var.",1,"normal",15,30,,,
"Arms","18 Jun 2026, 17:16","18 Jun 2026, 19:17","","Single Arm Triceps Pushdown (Cable)",,"Cbum var.",2,"normal",20,20,,,
"Arms","18 Jun 2026, 17:16","18 Jun 2026, 19:17","","Push Up",,"",0,"normal",,25,,,
"Arms","18 Jun 2026, 17:16","18 Jun 2026, 19:17","","Push Up",,"",1,"normal",,50,,,
"Arms","18 Jun 2026, 17:16","18 Jun 2026, 19:17","","Diamond Push Up",,"",0,"normal",,25,,,
"Arms","18 Jun 2026, 17:16","18 Jun 2026, 19:17","","Plank",,"Elbow",0,"normal",,,,30,
"Arms","18 Jun 2026, 17:16","18 Jun 2026, 19:17","","Seated Wrist Extension (Barbell)",,"Barbell",0,"normal",15,25,,,
"Arms","18 Jun 2026, 17:16","18 Jun 2026, 19:17","","Seated Wrist Extension (Barbell)",,"Barbell",1,"normal",20,16,,,
"Arms","18 Jun 2026, 17:16","18 Jun 2026, 19:17","","Seated Wrist Extension (Barbell)",,"Barbell",2,"normal",15,15,,,
"Arms","18 Jun 2026, 17:16","18 Jun 2026, 19:17","","Seated Palms Up Wrist Curl",,"Barbell",0,"normal",20,25,,,
"Arms","18 Jun 2026, 17:16","18 Jun 2026, 19:17","","Seated Palms Up Wrist Curl",,"Barbell",1,"normal",20,35,,,
"Arms","18 Jun 2026, 17:16","18 Jun 2026, 19:17","","Seated Palms Up Wrist Curl",,"Barbell",2,"normal",25,25,,,
"Legs","17 Jun 2026, 17:23","17 Jun 2026, 19:13","","Stretching",,"",0,"normal",,,,410,
"Legs","17 Jun 2026, 17:23","17 Jun 2026, 19:13","","Lunge (Barbell)",,"Walking",0,"normal",15,24,,,
"Legs","17 Jun 2026, 17:23","17 Jun 2026, 19:13","","Lunge (Barbell)",,"Walking",1,"normal",25,24,,,
"Legs","17 Jun 2026, 17:23","17 Jun 2026, 19:13","","Lunge (Barbell)",,"Walking",2,"normal",25,24,,,
"Legs","17 Jun 2026, 17:23","17 Jun 2026, 19:13","","Lunge (Barbell)",,"Walking",3,"normal",25,24,,,
"Legs","17 Jun 2026, 17:23","17 Jun 2026, 19:13","","Leg Extension (Machine)",,"",0,"warmup",55,18,,,
"Legs","17 Jun 2026, 17:23","17 Jun 2026, 19:13","","Leg Extension (Machine)",,"",1,"normal",80,18,,,
"Legs","17 Jun 2026, 17:23","17 Jun 2026, 19:13","","Leg Extension (Machine)",,"",2,"normal",80,18,,,
"Legs","17 Jun 2026, 17:23","17 Jun 2026, 19:13","","Seated Leg Curl (Machine)",,"",0,"normal",60,15,,,
"Legs","17 Jun 2026, 17:23","17 Jun 2026, 19:13","","Seated Leg Curl (Machine)",,"",1,"normal",70,15,,,
"Legs","17 Jun 2026, 17:23","17 Jun 2026, 19:13","","Seated Leg Curl (Machine)",,"",2,"normal",75,12,,,
"Legs","17 Jun 2026, 17:23","17 Jun 2026, 19:13","","Hip Adduction (Machine)",0,"",0,"normal",70,15,,,
"Legs","17 Jun 2026, 17:23","17 Jun 2026, 19:13","","Hip Adduction (Machine)",0,"",1,"normal",70,15,,,
"Legs","17 Jun 2026, 17:23","17 Jun 2026, 19:13","","Hip Abduction (Machine)",0,"",0,"normal",60,15,,,
"Legs","17 Jun 2026, 17:23","17 Jun 2026, 19:13","","Hip Abduction (Machine)",0,"",1,"normal",60,15,,,
"Legs","17 Jun 2026, 17:23","17 Jun 2026, 19:13","","Leg Press (Machine)",,"",0,"normal",130,15,,,
"Legs","17 Jun 2026, 17:23","17 Jun 2026, 19:13","","Leg Press (Machine)",,"",1,"normal",140,15,,,
"Legs","17 Jun 2026, 17:23","17 Jun 2026, 19:13","","Leg Press (Machine)",,"",2,"normal",180,15,,,
"Legs","17 Jun 2026, 17:23","17 Jun 2026, 19:13","","Leg Press (Machine)",,"",3,"normal",200,15,,,
"Legs","17 Jun 2026, 17:23","17 Jun 2026, 19:13","","Standing Calf Raise (Smith)",,"",0,"normal",55,18,,,
"Legs","17 Jun 2026, 17:23","17 Jun 2026, 19:13","","Standing Calf Raise (Smith)",,"",1,"normal",60,18,,,
"Legs","17 Jun 2026, 17:23","17 Jun 2026, 19:13","","Standing Calf Raise (Smith)",,"",2,"normal",60,18,,,
"Pull","16 Jun 2026, 17:28","16 Jun 2026, 19:09","","Stretching",,"",0,"normal",,,,390,
"Pull","16 Jun 2026, 17:28","16 Jun 2026, 19:09","","Pull Up",,"",0,"normal",,20,,,
"Pull","16 Jun 2026, 17:28","16 Jun 2026, 19:09","","Pull Up (Weighted)",,"",0,"normal",10,7,,,
"Pull","16 Jun 2026, 17:28","16 Jun 2026, 19:09","","Pull Up (Weighted)",,"",1,"normal",10,8,,,
"Pull","16 Jun 2026, 17:28","16 Jun 2026, 19:09","","Straight Arm Lat Pulldown (Cable)",,"",0,"normal",30,15,,,
"Pull","16 Jun 2026, 17:28","16 Jun 2026, 19:09","","Straight Arm Lat Pulldown (Cable)",,"",1,"normal",40,12,,,
"Pull","16 Jun 2026, 17:28","16 Jun 2026, 19:09","","Straight Arm Lat Pulldown (Cable)",,"",2,"normal",40,14,,,
"Pull","16 Jun 2026, 17:28","16 Jun 2026, 19:09","","Chest Supported Incline Row (Dumbbell)",,"Machine",0,"normal",35,15,,,
"Pull","16 Jun 2026, 17:28","16 Jun 2026, 19:09","","Chest Supported Incline Row (Dumbbell)",,"Machine",1,"normal",45,15,,,
"Pull","16 Jun 2026, 17:28","16 Jun 2026, 19:09","","Chest Supported Incline Row (Dumbbell)",,"Machine",2,"normal",50,12,,,
"Pull","16 Jun 2026, 17:28","16 Jun 2026, 19:09","","Lat Pulldown - Close Grip (Cable)",,"",0,"normal",65,12,,,
"Pull","16 Jun 2026, 17:28","16 Jun 2026, 19:09","","Lat Pulldown - Close Grip (Cable)",,"",1,"normal",65,10,,,
"Pull","16 Jun 2026, 17:28","16 Jun 2026, 19:09","","Rear Delt Reverse Fly (Machine)",,"",0,"normal",30,15,,,
"Pull","16 Jun 2026, 17:28","16 Jun 2026, 19:09","","Rear Delt Reverse Fly (Machine)",,"",1,"normal",35,15,,,
"Pull","16 Jun 2026, 17:28","16 Jun 2026, 19:09","","Rear Delt Reverse Fly (Machine)",,"",2,"normal",40,15,,,
"Pull","16 Jun 2026, 17:28","16 Jun 2026, 19:09","","Behind the Back Curl (Cable)",,"",0,"normal",40,15,,,
"Pull","16 Jun 2026, 17:28","16 Jun 2026, 19:09","","Behind the Back Curl (Cable)",,"",1,"normal",50,15,,,
"Pull","16 Jun 2026, 17:28","16 Jun 2026, 19:09","","Behind the Back Curl (Cable)",,"",2,"normal",50,15,,,
"Pull","16 Jun 2026, 17:28","16 Jun 2026, 19:09","","Cross Body Hammer Curl",,"",0,"normal",25,12,,,
"Pull","16 Jun 2026, 17:28","16 Jun 2026, 19:09","","Cross Body Hammer Curl",,"",1,"normal",35,12,,,
"Pull","16 Jun 2026, 17:28","16 Jun 2026, 19:09","","Cross Body Hammer Curl",,"",2,"normal",40,10,,,
"Push","15 Jun 2026, 17:42","15 Jun 2026, 19:06","","Stretching",,"",0,"normal",,,,372,
"Push","15 Jun 2026, 17:42","15 Jun 2026, 19:06","","Chest Fly (Machine)",,"",0,"normal",60,18,,,
"Push","15 Jun 2026, 17:42","15 Jun 2026, 19:06","","Chest Fly (Machine)",,"",1,"normal",82.5,12,,,
"Push","15 Jun 2026, 17:42","15 Jun 2026, 19:06","","Chest Fly (Machine)",,"",2,"normal",75,15,,,
"Push","15 Jun 2026, 17:42","15 Jun 2026, 19:06","","Chest Fly (Machine)",,"",3,"normal",90,10,,,
"Push","15 Jun 2026, 17:42","15 Jun 2026, 19:06","","Incline Bench Press (Dumbbell)",,"",0,"normal",45,15,,,
"Push","15 Jun 2026, 17:42","15 Jun 2026, 19:06","","Incline Bench Press (Dumbbell)",,"",1,"normal",50,15,,,
"Push","15 Jun 2026, 17:42","15 Jun 2026, 19:06","","Incline Bench Press (Dumbbell)",,"",2,"normal",60,10,,,
"Push","15 Jun 2026, 17:42","15 Jun 2026, 19:06","","Cable Fly Crossovers",,"",0,"normal",50,18,,,
"Push","15 Jun 2026, 17:42","15 Jun 2026, 19:06","","Cable Fly Crossovers",,"",1,"normal",60,15,,,
"Push","15 Jun 2026, 17:42","15 Jun 2026, 19:06","","Cable Fly Crossovers",,"",2,"normal",60,15,,,
"Push","15 Jun 2026, 17:42","15 Jun 2026, 19:06","","Lateral Raise (Dumbbell)",,"",0,"normal",20,15,,,
"Push","15 Jun 2026, 17:42","15 Jun 2026, 19:06","","Lateral Raise (Dumbbell)",,"",1,"normal",25,12,,,
"Push","15 Jun 2026, 17:42","15 Jun 2026, 19:06","","Lateral Raise (Dumbbell)",,"",2,"normal",25,12,,,
"Push","15 Jun 2026, 17:42","15 Jun 2026, 19:06","","Triceps Pushdown",,"",0,"normal",45,15,,,
"Push","15 Jun 2026, 17:42","15 Jun 2026, 19:06","","Triceps Pushdown",,"",1,"normal",50,15,,,
"Push","15 Jun 2026, 17:42","15 Jun 2026, 19:06","","Triceps Pushdown",,"",2,"normal",55,15,,,
"Push","15 Jun 2026, 17:42","15 Jun 2026, 19:06","","Triceps Extension (Cable)",,"",0,"normal",20,30,,,
"Push","15 Jun 2026, 17:42","15 Jun 2026, 19:06","","Triceps Extension (Cable)",,"",1,"normal",20,28,,,
"Push","15 Jun 2026, 17:42","15 Jun 2026, 19:06","","Triceps Extension (Cable)",,"",2,"normal",20,30,,,
"Push","15 Jun 2026, 17:42","15 Jun 2026, 19:06","","Plank",,"",0,"normal",,,,101,
"Push","15 Jun 2026, 17:42","15 Jun 2026, 19:06","","Plank",,"",1,"normal",,,,91,
"Legs & Abs (with DL)","13 Jun 2026, 17:40","13 Jun 2026, 19:38","","Stretching",,"",0,"normal",,,,600,
"Legs & Abs (with DL)","13 Jun 2026, 17:40","13 Jun 2026, 19:38","","Jumping Jack",,"",0,"normal",,50,,,
"Legs & Abs (with DL)","13 Jun 2026, 17:40","13 Jun 2026, 19:38","","Deadlift (Barbell)",,"130 failed",0,"warmup",60,9,,,
"Legs & Abs (with DL)","13 Jun 2026, 17:40","13 Jun 2026, 19:38","","Deadlift (Barbell)",,"130 failed",1,"normal",110,2,,,
"Legs & Abs (with DL)","13 Jun 2026, 17:40","13 Jun 2026, 19:38","","Deadlift (Barbell)",,"130 failed",2,"normal",120,1,,,
"Legs & Abs (with DL)","13 Jun 2026, 17:40","13 Jun 2026, 19:38","","Leg Extension (Machine)",,"",0,"warmup",50,15,,,
"Legs & Abs (with DL)","13 Jun 2026, 17:40","13 Jun 2026, 19:38","","Leg Extension (Machine)",,"",1,"normal",60,15,,,
"Legs & Abs (with DL)","13 Jun 2026, 17:40","13 Jun 2026, 19:38","","Leg Extension (Machine)",,"",2,"normal",80,20,,,
"Legs & Abs (with DL)","13 Jun 2026, 17:40","13 Jun 2026, 19:38","","Leg Extension (Machine)",,"",3,"dropset",60,15,,,
"Legs & Abs (with DL)","13 Jun 2026, 17:40","13 Jun 2026, 19:38","","Seated Leg Curl (Machine)",,"",0,"warmup",50,12,,,
"Legs & Abs (with DL)","13 Jun 2026, 17:40","13 Jun 2026, 19:38","","Seated Leg Curl (Machine)",,"",1,"normal",70,12,,,
"Legs & Abs (with DL)","13 Jun 2026, 17:40","13 Jun 2026, 19:38","","Seated Leg Curl (Machine)",,"",2,"normal",70,10,,,
"Legs & Abs (with DL)","13 Jun 2026, 17:40","13 Jun 2026, 19:38","","Hip Adduction (Machine)",,"",0,"normal",70,12,,,
"Legs & Abs (with DL)","13 Jun 2026, 17:40","13 Jun 2026, 19:38","","Hip Adduction (Machine)",,"",1,"normal",80,15,,,
"Legs & Abs (with DL)","13 Jun 2026, 17:40","13 Jun 2026, 19:38","","Dragon Flag",,"",0,"normal",,20,,,
"Legs & Abs (with DL)","13 Jun 2026, 17:40","13 Jun 2026, 19:38","","Dragon Flag",,"",1,"normal",,20,,,
"Legs & Abs (with DL)","13 Jun 2026, 17:40","13 Jun 2026, 19:38","","Dragon Flag",,"",2,"normal",,20,,,
"Legs & Abs (with DL)","13 Jun 2026, 17:40","13 Jun 2026, 19:38","","Cable Crunch",,"",0,"normal",50,20,,,
"Legs & Abs (with DL)","13 Jun 2026, 17:40","13 Jun 2026, 19:38","","Cable Crunch",,"",1,"normal",55,20,,,
"Legs & Abs (with DL)","13 Jun 2026, 17:40","13 Jun 2026, 19:38","","Cable Crunch",,"",2,"normal",50,20,,,
"Legs & Abs (with DL)","13 Jun 2026, 17:40","13 Jun 2026, 19:38","","Russian Twist (Bodyweight)",,"Hanging",0,"normal",,20,,,
"Legs & Abs (with DL)","13 Jun 2026, 17:40","13 Jun 2026, 19:38","","Russian Twist (Bodyweight)",,"Hanging",1,"normal",,24,,,
"Legs & Abs (with DL)","13 Jun 2026, 17:40","13 Jun 2026, 19:38","","Cable Twist (Up to down)",,"",0,"normal",25,30,,,
"Chest & Back","12 Jun 2026, 18:16","12 Jun 2026, 19:29","","Stretching",,"",0,"normal",,,,298,
"Chest & Back","12 Jun 2026, 18:16","12 Jun 2026, 19:29","","Pull Up",,"",0,"normal",,20,,,
"Chest & Back","12 Jun 2026, 18:16","12 Jun 2026, 19:29","","Pull Up (Weighted)",,"",0,"normal",10,10,,,
"Chest & Back","12 Jun 2026, 18:16","12 Jun 2026, 19:29","","Chest Fly (Machine)",,"",0,"normal",60,15,,,
"Chest & Back","12 Jun 2026, 18:16","12 Jun 2026, 19:29","","Chest Fly (Machine)",,"",1,"normal",82.5,15,,,
"Chest & Back","12 Jun 2026, 18:16","12 Jun 2026, 19:29","","Chest Fly (Machine)",,"",2,"normal",82.5,15,,,
"Chest & Back","12 Jun 2026, 18:16","12 Jun 2026, 19:29","","Incline Bench Press (Dumbbell)",,"",0,"warmup",40,15,,,
"Chest & Back","12 Jun 2026, 18:16","12 Jun 2026, 19:29","","Incline Bench Press (Dumbbell)",,"",1,"normal",50,15,,,
"Chest & Back","12 Jun 2026, 18:16","12 Jun 2026, 19:29","","Incline Bench Press (Dumbbell)",,"",2,"normal",60,12,,,
"Chest & Back","12 Jun 2026, 18:16","12 Jun 2026, 19:29","","Chest Supported Incline Row (Dumbbell)",,"Dumbell - Upper Back",0,"normal",25,15,,,
"Chest & Back","12 Jun 2026, 18:16","12 Jun 2026, 19:29","","Chest Supported Incline Row (Dumbbell)",,"Dumbell - Upper Back",1,"normal",30,12,,,
"Chest & Back","12 Jun 2026, 18:16","12 Jun 2026, 19:29","","Chest Supported Incline Row (Dumbbell)",,"Dumbell - Upper Back",2,"normal",30,15,,,
"Chest & Back","12 Jun 2026, 18:16","12 Jun 2026, 19:29","","Single Arm Lat Pulldown",,"Cable",0,"warmup",30,30,,,
"Chest & Back","12 Jun 2026, 18:16","12 Jun 2026, 19:29","","Single Arm Lat Pulldown",,"Cable",1,"normal",45,24,,,
"Chest & Back","12 Jun 2026, 18:16","12 Jun 2026, 19:29","","Reverse Grip Lat Pulldown (Cable)",,"",0,"normal",65,12,,,
"Chest & Back","12 Jun 2026, 18:16","12 Jun 2026, 19:29","","Reverse Grip Lat Pulldown (Cable)",,"",1,"normal",65,10,,,
"Chest & Back","12 Jun 2026, 18:16","12 Jun 2026, 19:29","","Straight Arm Lat Pulldown (Cable)",,"",0,"normal",35,12,,,
"Chest & Back","12 Jun 2026, 18:16","12 Jun 2026, 19:29","","Push Up",,"",0,"normal",,50,,,
"Arms","11 Jun 2026, 17:53","11 Jun 2026, 19:30","","Stretching",,"",0,"normal",,,,205,
"Arms","11 Jun 2026, 17:53","11 Jun 2026, 19:30","","Chin Up",,"",0,"normal",,13,,,
"Arms","11 Jun 2026, 17:53","11 Jun 2026, 19:30","","Diamond Push Up",,"",0,"normal",,30,,,
"Arms","11 Jun 2026, 17:53","11 Jun 2026, 19:30","","Seated Incline Curl (Dumbbell)",,"",0,"normal",20,15,,,
"Arms","11 Jun 2026, 17:53","11 Jun 2026, 19:30","","Seated Incline Curl (Dumbbell)",,"",1,"normal",25,12,,,
"Arms","11 Jun 2026, 17:53","11 Jun 2026, 19:30","","Seated Incline Curl (Dumbbell)",,"",2,"normal",25,12,,,
"Arms","11 Jun 2026, 17:53","11 Jun 2026, 19:30","","Triceps Pushdown",,"V bar",0,"normal",45,15,,,
"Arms","11 Jun 2026, 17:53","11 Jun 2026, 19:30","","Triceps Pushdown",,"V bar",1,"normal",50,15,,,
"Arms","11 Jun 2026, 17:53","11 Jun 2026, 19:30","","Triceps Pushdown",,"V bar",2,"normal",55,16,,,
"Arms","11 Jun 2026, 17:53","11 Jun 2026, 19:30","","Bicep Curl (Cable)",,"",0,"normal",40,15,,,
"Arms","11 Jun 2026, 17:53","11 Jun 2026, 19:30","","Bicep Curl (Cable)",,"",1,"normal",50,12,,,
"Arms","11 Jun 2026, 17:53","11 Jun 2026, 19:30","","Bicep Curl (Cable)",,"",2,"normal",50,12,,,
"Arms","11 Jun 2026, 17:53","11 Jun 2026, 19:30","","Overhead Triceps Extension (Cable)",,"Rope",0,"warmup",30,15,,,
"Arms","11 Jun 2026, 17:53","11 Jun 2026, 19:30","","Overhead Triceps Extension (Cable)",,"Rope",1,"normal",40,15,,,
"Arms","11 Jun 2026, 17:53","11 Jun 2026, 19:30","","Overhead Triceps Extension (Cable)",,"Rope",2,"normal",45,15,,,
"Arms","11 Jun 2026, 17:53","11 Jun 2026, 19:30","","Cross Body Hammer Curl",,"",0,"normal",25,12,,,
"Arms","11 Jun 2026, 17:53","11 Jun 2026, 19:30","","Cross Body Hammer Curl",,"",1,"normal",35,10,,,
"Arms","11 Jun 2026, 17:53","11 Jun 2026, 19:30","","Cross Body Hammer Curl",,"",2,"normal",35,12,,,
"Arms","11 Jun 2026, 17:53","11 Jun 2026, 19:30","","Seated Wrist Extension (Barbell)",,"",0,"normal",15,15,,,
"Arms","11 Jun 2026, 17:53","11 Jun 2026, 19:30","","Seated Wrist Extension (Barbell)",,"",1,"normal",15,25,,,
"Arms","11 Jun 2026, 17:53","11 Jun 2026, 19:30","","Seated Wrist Extension (Barbell)",,"",2,"normal",15,25,,,
"Arms","11 Jun 2026, 17:53","11 Jun 2026, 19:30","","Seated Palms Up Wrist Curl",,"Machine",0,"normal",25,25,,,
"Arms","11 Jun 2026, 17:53","11 Jun 2026, 19:30","","Seated Palms Up Wrist Curl",,"Machine",1,"normal",25,20,,,
"Arms","11 Jun 2026, 17:53","11 Jun 2026, 19:30","","Seated Palms Up Wrist Curl",,"Machine",2,"normal",30,15,,,
"Legs","10 Jun 2026, 17:37","10 Jun 2026, 19:18","","Stretching",,"",0,"normal",,,,288,
"Legs","10 Jun 2026, 17:37","10 Jun 2026, 19:18","","Lunge (Barbell)",,"Walking",0,"normal",20,24,,,
"Legs","10 Jun 2026, 17:37","10 Jun 2026, 19:18","","Lunge (Barbell)",,"Walking",1,"normal",25,24,,,
"Legs","10 Jun 2026, 17:37","10 Jun 2026, 19:18","","Leg Extension (Machine)",,"",0,"normal",45,15,,,
"Legs","10 Jun 2026, 17:37","10 Jun 2026, 19:18","","Leg Extension (Machine)",,"",1,"normal",60,15,,,
"Legs","10 Jun 2026, 17:37","10 Jun 2026, 19:18","","Leg Extension (Machine)",,"",2,"normal",60,15,,,
"Legs","10 Jun 2026, 17:37","10 Jun 2026, 19:18","","Seated Leg Curl (Machine)",,"",0,"normal",55,12,,,
"Legs","10 Jun 2026, 17:37","10 Jun 2026, 19:18","","Seated Leg Curl (Machine)",,"",1,"normal",60,12,,,
"Legs","10 Jun 2026, 17:37","10 Jun 2026, 19:18","","Seated Leg Curl (Machine)",,"",2,"normal",60,12,,,
"Legs","10 Jun 2026, 17:37","10 Jun 2026, 19:18","","Seated Leg Curl (Machine)",,"",3,"normal",70,11,,,
"Legs","10 Jun 2026, 17:37","10 Jun 2026, 19:18","","Hip Adduction (Machine)",0,"",0,"normal",70,15,,,
"Legs","10 Jun 2026, 17:37","10 Jun 2026, 19:18","","Hip Adduction (Machine)",0,"",1,"normal",80,12,,,
"Legs","10 Jun 2026, 17:37","10 Jun 2026, 19:18","","Hip Abduction (Machine)",0,"",0,"normal",60,15,,,
"Legs","10 Jun 2026, 17:37","10 Jun 2026, 19:18","","Hip Abduction (Machine)",0,"",1,"normal",60,15,,,
"Legs","10 Jun 2026, 17:37","10 Jun 2026, 19:18","","Leg Press (Machine)",,"",0,"normal",100,15,,,
"Legs","10 Jun 2026, 17:37","10 Jun 2026, 19:18","","Leg Press (Machine)",,"",1,"normal",130,15,,,
"Legs","10 Jun 2026, 17:37","10 Jun 2026, 19:18","","Leg Press (Machine)",,"",2,"normal",150,15,,,
"Legs","10 Jun 2026, 17:37","10 Jun 2026, 19:18","","Standing Calf Raise (Smith)",,"",0,"warmup",35,20,,,
"Legs","10 Jun 2026, 17:37","10 Jun 2026, 19:18","","Standing Calf Raise (Smith)",,"",1,"normal",55,18,,,
"Legs","10 Jun 2026, 17:37","10 Jun 2026, 19:18","","Standing Calf Raise (Smith)",,"",2,"normal",55,20,,,
"Pull","9 Jun 2026, 20:02","9 Jun 2026, 20:53","quickest yet 😋","Stretching",,"",0,"normal",,,,188,
"Pull","9 Jun 2026, 20:02","9 Jun 2026, 20:53","quickest yet 😋","Pull Up",,"",0,"normal",,20,,,
"Pull","9 Jun 2026, 20:02","9 Jun 2026, 20:53","quickest yet 😋","Pull Up",,"",1,"normal",,18,,,
"Pull","9 Jun 2026, 20:02","9 Jun 2026, 20:53","quickest yet 😋","Chest Supported Incline Row (Dumbbell)",,"Machine",0,"normal",40,12,,,
"Pull","9 Jun 2026, 20:02","9 Jun 2026, 20:53","quickest yet 😋","Chest Supported Incline Row (Dumbbell)",,"Machine",1,"normal",50,12,,,
"Pull","9 Jun 2026, 20:02","9 Jun 2026, 20:53","quickest yet 😋","Chest Supported Incline Row (Dumbbell)",,"Machine",2,"normal",50,10,,,
"Pull","9 Jun 2026, 20:02","9 Jun 2026, 20:53","quickest yet 😋","Straight Arm Lat Pulldown (Cable)",,"Standing",0,"normal",30,18,,,
"Pull","9 Jun 2026, 20:02","9 Jun 2026, 20:53","quickest yet 😋","Straight Arm Lat Pulldown (Cable)",,"Standing",1,"normal",35,12,,,
"Pull","9 Jun 2026, 20:02","9 Jun 2026, 20:53","quickest yet 😋","Straight Arm Lat Pulldown (Cable)",,"Standing",2,"normal",35,12,,,
"Pull","9 Jun 2026, 20:02","9 Jun 2026, 20:53","quickest yet 😋","Rear Delt Reverse Fly (Machine)",,"",0,"normal",45,15,,,
"Pull","9 Jun 2026, 20:02","9 Jun 2026, 20:53","quickest yet 😋","Rear Delt Reverse Fly (Machine)",,"",1,"normal",52.5,12,,,
"Pull","9 Jun 2026, 20:02","9 Jun 2026, 20:53","quickest yet 😋","Rear Delt Reverse Fly (Machine)",,"",2,"normal",52.5,12,,,
"Pull","9 Jun 2026, 20:02","9 Jun 2026, 20:53","quickest yet 😋","Iso-Lateral Row (Machine)",,"",0,"warmup",40,12,,,
"Pull","9 Jun 2026, 20:02","9 Jun 2026, 20:53","quickest yet 😋","Iso-Lateral Row (Machine)",,"",1,"normal",60,12,,,
"Pull","9 Jun 2026, 20:02","9 Jun 2026, 20:53","quickest yet 😋","Iso-Lateral Row (Machine)",,"",2,"normal",60,12,,,
"Pull","9 Jun 2026, 20:02","9 Jun 2026, 20:53","quickest yet 😋","Behind the Back Curl (Cable)",,"",0,"normal",40,12,,,
"Pull","9 Jun 2026, 20:02","9 Jun 2026, 20:53","quickest yet 😋","Behind the Back Curl (Cable)",,"",1,"normal",40,12,,,
"Pull","9 Jun 2026, 20:02","9 Jun 2026, 20:53","quickest yet 😋","Hammer Curl (Cable)",,"",0,"normal",35,15,,,
"Pull","9 Jun 2026, 20:02","9 Jun 2026, 20:53","quickest yet 😋","Hammer Curl (Cable)",,"",1,"normal",40,15,,,
"Pull","9 Jun 2026, 20:02","9 Jun 2026, 20:53","quickest yet 😋","Bicep Curl (Dumbbell)",,"",0,"normal",25,10,,,
"Pull","9 Jun 2026, 20:02","9 Jun 2026, 20:53","quickest yet 😋","Bicep Curl (Dumbbell)",,"",1,"normal",25,12,,,
"Push","8 Jun 2026, 17:38","8 Jun 2026, 19:21","","Stretching",,"",0,"normal",,,,374,
"Push","8 Jun 2026, 17:38","8 Jun 2026, 19:21","","Push Up",,"",0,"normal",,35,,,
"Push","8 Jun 2026, 17:38","8 Jun 2026, 19:21","","Cable Fly Crossovers",,"",0,"normal",50,15,,,
"Push","8 Jun 2026, 17:38","8 Jun 2026, 19:21","","Cable Fly Crossovers",,"",1,"normal",60,12,,,
"Push","8 Jun 2026, 17:38","8 Jun 2026, 19:21","","Cable Fly Crossovers",,"",2,"normal",50,18,,,
"Push","8 Jun 2026, 17:38","8 Jun 2026, 19:21","","Incline Bench Press (Smith Machine)",,"",0,"warmup",40,12,,,
"Push","8 Jun 2026, 17:38","8 Jun 2026, 19:21","","Incline Bench Press (Smith Machine)",,"",1,"normal",50,12,,,
"Push","8 Jun 2026, 17:38","8 Jun 2026, 19:21","","Incline Bench Press (Smith Machine)",,"",2,"normal",50,11,,,
"Push","8 Jun 2026, 17:38","8 Jun 2026, 19:21","","Bench Press (Dumbbell)",,"Elbows tucked in",0,"normal",45,12,,,
"Push","8 Jun 2026, 17:38","8 Jun 2026, 19:21","","Bench Press (Dumbbell)",,"Elbows tucked in",1,"normal",45,12,,,
"Push","8 Jun 2026, 17:38","8 Jun 2026, 19:21","","Triceps Extension (Cable)",,"",0,"normal",10,30,,,
"Push","8 Jun 2026, 17:38","8 Jun 2026, 19:21","","Triceps Extension (Cable)",,"",1,"normal",20,28,,,
"Push","8 Jun 2026, 17:38","8 Jun 2026, 19:21","","Triceps Extension (Cable)",,"",2,"normal",20,28,,,
"Push","8 Jun 2026, 17:38","8 Jun 2026, 19:21","","Triceps Rope Pushdown",,"",0,"normal",30,15,,,
"Push","8 Jun 2026, 17:38","8 Jun 2026, 19:21","","Triceps Rope Pushdown",,"",1,"normal",30,15,,,
"Push","8 Jun 2026, 17:38","8 Jun 2026, 19:21","","Triceps Rope Pushdown",,"",2,"normal",30,15,,,
"Push","8 Jun 2026, 17:38","8 Jun 2026, 19:21","","Single Arm Triceps Pushdown (Cable)",,"",0,"normal",15,30,,,
"Push","8 Jun 2026, 17:38","8 Jun 2026, 19:21","","Single Arm Triceps Pushdown (Cable)",,"",1,"normal",15,30,,,
"Push","8 Jun 2026, 17:38","8 Jun 2026, 19:21","","Single Arm Triceps Pushdown (Cable)",,"",2,"normal",15,30,,,
"Push","8 Jun 2026, 17:38","8 Jun 2026, 19:21","","Reverse Curl (Barbell)",0,"",0,"normal",1,15,,,
"Push","8 Jun 2026, 17:38","8 Jun 2026, 19:21","","Reverse Curl (Barbell)",0,"",1,"normal",20,15,,,
"Push","8 Jun 2026, 17:38","8 Jun 2026, 19:21","","Behind the Back Bicep Wrist Curl (Barbell)",0,"",0,"normal",25,28,,,
"Push","8 Jun 2026, 17:38","8 Jun 2026, 19:21","","Behind the Back Bicep Wrist Curl (Barbell)",0,"",1,"normal",30,24,,,
"Misc.","6 Jun 2026, 17:19","6 Jun 2026, 18:59","","Stretching",,"",0,"normal",,,,411,
"Misc.","6 Jun 2026, 17:19","6 Jun 2026, 18:59","","Single Arm Lateral Raise (Cable)",,"",0,"warmup",10,24,,,
"Misc.","6 Jun 2026, 17:19","6 Jun 2026, 18:59","","Single Arm Lateral Raise (Cable)",,"",1,"normal",20,24,,,
"Misc.","6 Jun 2026, 17:19","6 Jun 2026, 18:59","","Single Arm Lateral Raise (Cable)",,"",2,"normal",20,24,,,
"Misc.","6 Jun 2026, 17:19","6 Jun 2026, 18:59","","Shoulder Press (Machine Plates)",,"",0,"warmup",20,15,,,
"Misc.","6 Jun 2026, 17:19","6 Jun 2026, 18:59","","Shoulder Press (Machine Plates)",,"",1,"normal",50,15,,,
"Misc.","6 Jun 2026, 17:19","6 Jun 2026, 18:59","","Shoulder Press (Machine Plates)",,"",2,"normal",55,12,,,
"Misc.","6 Jun 2026, 17:19","6 Jun 2026, 18:59","","Face Pull",,"",0,"normal",45,15,,,
"Misc.","6 Jun 2026, 17:19","6 Jun 2026, 18:59","","Face Pull",,"",1,"normal",55,15,,,
"Misc.","6 Jun 2026, 17:19","6 Jun 2026, 18:59","","Face Pull",,"",2,"normal",55,15,,,
"Misc.","6 Jun 2026, 17:19","6 Jun 2026, 18:59","","Dragon Flag",,"",0,"normal",,18,,,
"Misc.","6 Jun 2026, 17:19","6 Jun 2026, 18:59","","Dragon Flag",,"",1,"normal",,20,,,
"Misc.","6 Jun 2026, 17:19","6 Jun 2026, 18:59","","Dragon Flag",,"",2,"normal",,20,,,
"Misc.","6 Jun 2026, 17:19","6 Jun 2026, 18:59","","Russian Twist (Bodyweight)",,"Hanging",0,"normal",,24,,,
"Misc.","6 Jun 2026, 17:19","6 Jun 2026, 18:59","","Russian Twist (Bodyweight)",,"Hanging",1,"normal",,24,,,
"Misc.","6 Jun 2026, 17:19","6 Jun 2026, 18:59","","Russian Twist (Bodyweight)",,"Hanging",2,"normal",,20,,,
"Misc.","6 Jun 2026, 17:19","6 Jun 2026, 18:59","","Cable Crunch",,"",0,"normal",50,18,,,
"Misc.","6 Jun 2026, 17:19","6 Jun 2026, 18:59","","Cable Crunch",,"",1,"normal",50,20,,,
"Misc.","6 Jun 2026, 17:19","6 Jun 2026, 18:59","","Crunch (Weighted)",,"",0,"normal",22.5,15,,,
"Misc.","6 Jun 2026, 17:19","6 Jun 2026, 18:59","","Stretching",,"Posture",0,"normal",,,,243,
"Misc.","6 Jun 2026, 17:19","6 Jun 2026, 18:59","","Seated Wrist Extension (Barbell)",,"Barbell",0,"normal",15,18,,,
"Misc.","6 Jun 2026, 17:19","6 Jun 2026, 18:59","","Seated Wrist Extension (Barbell)",,"Barbell",1,"normal",20,12,,,
"Misc.","6 Jun 2026, 17:19","6 Jun 2026, 18:59","","Seated Wrist Extension (Barbell)",,"Barbell",2,"normal",15,20,,,
"Misc.","6 Jun 2026, 17:19","6 Jun 2026, 18:59","","Behind the Back Bicep Wrist Curl (Barbell)",,"",0,"normal",20,30,,,
"Misc.","6 Jun 2026, 17:19","6 Jun 2026, 18:59","","Behind the Back Bicep Wrist Curl (Barbell)",,"",1,"normal",25,28,,,
"Misc.","6 Jun 2026, 17:19","6 Jun 2026, 18:59","","Behind the Back Bicep Wrist Curl (Barbell)",,"",2,"normal",25,30,,,
"Misc.","6 Jun 2026, 17:19","6 Jun 2026, 18:59","","Back Extension (Hyperextension)",,"",0,"normal",,20,,,
"Misc.","6 Jun 2026, 17:19","6 Jun 2026, 18:59","","Back Extension (Hyperextension)",,"",1,"normal",,20,,,
"Misc.","6 Jun 2026, 17:19","6 Jun 2026, 18:59","","Back Extension (Hyperextension)",,"",2,"normal",,20,,,
"Chest & Back + Cardio","5 Jun 2026, 17:32","5 Jun 2026, 18:54","can finish off fast too at times 😋","Stretching",,"Chest & Back",0,"normal",,,,370,
"Chest & Back + Cardio","5 Jun 2026, 17:32","5 Jun 2026, 18:54","can finish off fast too at times 😋","Push Up",,"",0,"normal",,40,,,
"Chest & Back + Cardio","5 Jun 2026, 17:32","5 Jun 2026, 18:54","can finish off fast too at times 😋","Pull Up",,"",0,"normal",,18,,,
"Chest & Back + Cardio","5 Jun 2026, 17:32","5 Jun 2026, 18:54","can finish off fast too at times 😋","Pull Up",,"",1,"normal",,15,,,
"Chest & Back + Cardio","5 Jun 2026, 17:32","5 Jun 2026, 18:54","can finish off fast too at times 😋","Pull Up",,"",2,"normal",,12,,,
"Chest & Back + Cardio","5 Jun 2026, 17:32","5 Jun 2026, 18:54","can finish off fast too at times 😋","Cable Fly Crossovers",,"",0,"normal",50,18,,,
"Chest & Back + Cardio","5 Jun 2026, 17:32","5 Jun 2026, 18:54","can finish off fast too at times 😋","Cable Fly Crossovers",,"",1,"normal",60,15,,,
"Chest & Back + Cardio","5 Jun 2026, 17:32","5 Jun 2026, 18:54","can finish off fast too at times 😋","Cable Fly Crossovers",,"",2,"normal",60,14,,,
"Chest & Back + Cardio","5 Jun 2026, 17:32","5 Jun 2026, 18:54","can finish off fast too at times 😋","Incline Bench Press (Dumbbell)",,"finally pushing 30kgs without support",0,"warmup",40,15,,,
"Chest & Back + Cardio","5 Jun 2026, 17:32","5 Jun 2026, 18:54","can finish off fast too at times 😋","Incline Bench Press (Dumbbell)",,"finally pushing 30kgs without support",1,"normal",50,15,,,
"Chest & Back + Cardio","5 Jun 2026, 17:32","5 Jun 2026, 18:54","can finish off fast too at times 😋","Incline Bench Press (Dumbbell)",,"finally pushing 30kgs without support",2,"normal",60,12,,,
"Chest & Back + Cardio","5 Jun 2026, 17:32","5 Jun 2026, 18:54","can finish off fast too at times 😋","Lat Pulldown (Machine)",,"",0,"normal",70,15,,,
"Chest & Back + Cardio","5 Jun 2026, 17:32","5 Jun 2026, 18:54","can finish off fast too at times 😋","Lat Pulldown (Machine)",,"",1,"normal",90,12,,,
"Chest & Back + Cardio","5 Jun 2026, 17:32","5 Jun 2026, 18:54","can finish off fast too at times 😋","Lat Pulldown (Machine)",,"",2,"normal",90,12,,,
"Chest & Back + Cardio","5 Jun 2026, 17:32","5 Jun 2026, 18:54","can finish off fast too at times 😋","Seated Cable Row - Bar Wide Grip",,"",0,"normal",65,15,,,
"Chest & Back + Cardio","5 Jun 2026, 17:32","5 Jun 2026, 18:54","can finish off fast too at times 😋","Seated Cable Row - Bar Wide Grip",,"",1,"normal",75,15,,,
"Chest & Back + Cardio","5 Jun 2026, 17:32","5 Jun 2026, 18:54","can finish off fast too at times 😋","Lat Pulldown - Close Grip (Cable)",,"",0,"normal",65,10,,,
"Chest & Back + Cardio","5 Jun 2026, 17:32","5 Jun 2026, 18:54","can finish off fast too at times 😋","Lat Pulldown - Close Grip (Cable)",,"",1,"normal",65,10,,,
"Chest & Back + Cardio","5 Jun 2026, 17:32","5 Jun 2026, 18:54","can finish off fast too at times 😋","Lat Pulldown - Close Grip (Cable)",,"",2,"dropset",52.5,4,,,
"Chest & Back + Cardio","5 Jun 2026, 17:32","5 Jun 2026, 18:54","can finish off fast too at times 😋","Chest Fly (Machine)",,"",0,"normal",75,12,,,
"Chest & Back + Cardio","5 Jun 2026, 17:32","5 Jun 2026, 18:54","can finish off fast too at times 😋","Chest Fly (Machine)",,"",1,"normal",82.5,12,,,
"Chest & Back + Cardio","5 Jun 2026, 17:32","5 Jun 2026, 18:54","can finish off fast too at times 😋","Chest Fly (Machine)",,"",2,"normal",90,12,,,
"Chest & Back + Cardio","5 Jun 2026, 17:32","5 Jun 2026, 18:54","can finish off fast too at times 😋","Treadmill",,"",0,"normal",,,1.3,480,
"Arms","4 Jun 2026, 17:29","4 Jun 2026, 19:05","","Stretching",,"",0,"normal",,,,253,
"Arms","4 Jun 2026, 17:29","4 Jun 2026, 19:05","","Seated Incline Curl (Dumbbell)",,"",0,"normal",20,15,,,
"Arms","4 Jun 2026, 17:29","4 Jun 2026, 19:05","","Seated Incline Curl (Dumbbell)",,"",1,"normal",25,10,,,
"Arms","4 Jun 2026, 17:29","4 Jun 2026, 19:05","","Seated Incline Curl (Dumbbell)",,"",2,"normal",25,10,,,
"Arms","4 Jun 2026, 17:29","4 Jun 2026, 19:05","","Seated Incline Curl (Dumbbell)",,"",3,"dropset",15,6,,,
"Arms","4 Jun 2026, 17:29","4 Jun 2026, 19:05","","Skullcrusher (Dumbbell)",,"Decline",0,"normal",20,15,,,
"Arms","4 Jun 2026, 17:29","4 Jun 2026, 19:05","","Skullcrusher (Dumbbell)",,"Decline",1,"normal",20,12,,,
"Arms","4 Jun 2026, 17:29","4 Jun 2026, 19:05","","Skullcrusher (Dumbbell)",,"Decline",2,"normal",20,14,,,
"Arms","4 Jun 2026, 17:29","4 Jun 2026, 19:05","","Single Arm Curl (Cable)",,"",0,"normal",25,30,,,
"Arms","4 Jun 2026, 17:29","4 Jun 2026, 19:05","","Single Arm Curl (Cable)",,"",1,"normal",25,30,,,
"Arms","4 Jun 2026, 17:29","4 Jun 2026, 19:05","","Single Arm Curl (Cable)",,"",2,"normal",30,18,,,
"Arms","4 Jun 2026, 17:29","4 Jun 2026, 19:05","","Overhead Triceps Extension (Cable)",,"Bar",0,"normal",40,15,,,
"Arms","4 Jun 2026, 17:29","4 Jun 2026, 19:05","","Overhead Triceps Extension (Cable)",,"Bar",1,"normal",45,15,,,
"Arms","4 Jun 2026, 17:29","4 Jun 2026, 19:05","","Overhead Triceps Extension (Cable)",,"Bar",2,"normal",50,15,,,
"Arms","4 Jun 2026, 17:29","4 Jun 2026, 19:05","","Cross Body Hammer Curl",,"",0,"normal",25,15,,,
"Arms","4 Jun 2026, 17:29","4 Jun 2026, 19:05","","Cross Body Hammer Curl",,"",1,"normal",30,12,,,
"Arms","4 Jun 2026, 17:29","4 Jun 2026, 19:05","","Cross Body Hammer Curl",,"",2,"normal",30,12,,,
"Arms","4 Jun 2026, 17:29","4 Jun 2026, 19:05","","Single Arm Triceps Pushdown (Cable)",,"",0,"normal",15,24,,,
"Arms","4 Jun 2026, 17:29","4 Jun 2026, 19:05","","Single Arm Triceps Pushdown (Cable)",,"",1,"normal",15,24,,,
"Arms","4 Jun 2026, 17:29","4 Jun 2026, 19:05","","Single Arm Triceps Pushdown (Cable)",,"",2,"normal",15,24,,,
"Arms","4 Jun 2026, 17:29","4 Jun 2026, 19:05","","Arm Curl (Forearms)",,"",0,"normal",30,30,,,
"Arms","4 Jun 2026, 17:29","4 Jun 2026, 19:05","","Arm Curl (Forearms)",,"",1,"normal",35,30,,,
"Arms","4 Jun 2026, 17:29","4 Jun 2026, 19:05","","Seated Palms Up Wrist Curl",0,"Machine",0,"normal",25,15,,,
"Arms","4 Jun 2026, 17:29","4 Jun 2026, 19:05","","Seated Wrist Extension (Barbell)",0,"Machine",0,"normal",15,15,,,
"Legs & Shouldies","3 Jun 2026, 17:37","3 Jun 2026, 19:24","","Stretching",,"",0,"normal",,,,483,
"Legs & Shouldies","3 Jun 2026, 17:37","3 Jun 2026, 19:24","","Hip Thrust (Machine)",,"",0,"normal",40,15,,,
"Legs & Shouldies","3 Jun 2026, 17:37","3 Jun 2026, 19:24","","Hip Thrust (Machine)",,"",1,"normal",60,12,,,
"Legs & Shouldies","3 Jun 2026, 17:37","3 Jun 2026, 19:24","","Squat (Smith Machine)",,"",0,"warmup",20,15,,,
"Legs & Shouldies","3 Jun 2026, 17:37","3 Jun 2026, 19:24","","Squat (Smith Machine)",,"",1,"normal",60,12,,,
"Legs & Shouldies","3 Jun 2026, 17:37","3 Jun 2026, 19:24","","Squat (Smith Machine)",,"",2,"normal",70,10,,,
"Legs & Shouldies","3 Jun 2026, 17:37","3 Jun 2026, 19:24","","Hip Adduction (Machine)",0,"",0,"normal",70,15,,,
"Legs & Shouldies","3 Jun 2026, 17:37","3 Jun 2026, 19:24","","Hip Adduction (Machine)",0,"",1,"normal",80,12,,,
"Legs & Shouldies","3 Jun 2026, 17:37","3 Jun 2026, 19:24","","Hip Abduction (Machine)",0,"",0,"normal",70,15,,,
"Legs & Shouldies","3 Jun 2026, 17:37","3 Jun 2026, 19:24","","Hip Abduction (Machine)",0,"",1,"normal",80,12,,,
"Legs & Shouldies","3 Jun 2026, 17:37","3 Jun 2026, 19:24","","Seated Leg Curl (Machine)",,"",0,"normal",60,12,,,
"Legs & Shouldies","3 Jun 2026, 17:37","3 Jun 2026, 19:24","","Seated Leg Curl (Machine)",,"",1,"normal",60,12,,,
"Legs & Shouldies","3 Jun 2026, 17:37","3 Jun 2026, 19:24","","Seated Leg Curl (Machine)",,"",2,"normal",60,12,,,
"Legs & Shouldies","3 Jun 2026, 17:37","3 Jun 2026, 19:24","","Standing Calf Raise (Smith)",,"",0,"normal",50,18,,,
"Legs & Shouldies","3 Jun 2026, 17:37","3 Jun 2026, 19:24","","Standing Calf Raise (Smith)",,"",1,"normal",60,18,,,
"Legs & Shouldies","3 Jun 2026, 17:37","3 Jun 2026, 19:24","","Standing Calf Raise (Smith)",,"",2,"normal",60,20,,,
"Legs & Shouldies","3 Jun 2026, 17:37","3 Jun 2026, 19:24","","Stretching",,"Shouldies",0,"normal",,,,287,
"Legs & Shouldies","3 Jun 2026, 17:37","3 Jun 2026, 19:24","","Shoulder Press (Dumbbell)",,"",0,"warmup",30,15,,,
"Legs & Shouldies","3 Jun 2026, 17:37","3 Jun 2026, 19:24","","Shoulder Press (Dumbbell)",,"",1,"normal",40,15,,,
"Legs & Shouldies","3 Jun 2026, 17:37","3 Jun 2026, 19:24","","Shoulder Press (Dumbbell)",,"",2,"normal",45,12,,,
"Legs & Shouldies","3 Jun 2026, 17:37","3 Jun 2026, 19:24","","Lateral Raise (Dumbbell)",,"",0,"warmup",15,15,,,
"Legs & Shouldies","3 Jun 2026, 17:37","3 Jun 2026, 19:24","","Lateral Raise (Dumbbell)",,"",1,"normal",25,10,,,
"Legs & Shouldies","3 Jun 2026, 17:37","3 Jun 2026, 19:24","","Lateral Raise (Dumbbell)",,"",2,"normal",25,7,,,
"Legs & Shouldies","3 Jun 2026, 17:37","3 Jun 2026, 19:24","","Lateral Raise (Dumbbell)",,"",3,"dropset",15,5,,,
"Pull","2 Jun 2026, 17:32","2 Jun 2026, 19:29","","Stretching",,"",0,"normal",,,,389,
"Pull","2 Jun 2026, 17:32","2 Jun 2026, 19:29","","Pull Up",,"",0,"normal",,15,,,
"Pull","2 Jun 2026, 17:32","2 Jun 2026, 19:29","","Pull Up",,"",1,"normal",,12,,,
"Pull","2 Jun 2026, 17:32","2 Jun 2026, 19:29","","Lat Pulldown (Cable)",,"",0,"normal",65,11,,,
"Pull","2 Jun 2026, 17:32","2 Jun 2026, 19:29","","Chest Supported Incline Row (Dumbbell)",0,"Machine",0,"normal",40,12,,,
"Pull","2 Jun 2026, 17:32","2 Jun 2026, 19:29","","Chest Supported Incline Row (Dumbbell)",0,"Machine",1,"normal",50,12,,,
"Pull","2 Jun 2026, 17:32","2 Jun 2026, 19:29","","Chest Supported Incline Row (Dumbbell)",0,"Machine",2,"normal",50,10,,,
"Pull","2 Jun 2026, 17:32","2 Jun 2026, 19:29","","Kelso Shrugs",0,"Machine",0,"normal",40,12,,,
"Pull","2 Jun 2026, 17:32","2 Jun 2026, 19:29","","Kelso Shrugs",0,"Machine",1,"normal",50,10,,,
"Pull","2 Jun 2026, 17:32","2 Jun 2026, 19:29","","Kelso Shrugs",0,"Machine",2,"normal",50,10,,,
"Pull","2 Jun 2026, 17:32","2 Jun 2026, 19:29","","Single Arm Lat Pulldown",,"Cable",0,"normal",35,30,,,
"Pull","2 Jun 2026, 17:32","2 Jun 2026, 19:29","","Single Arm Lat Pulldown",,"Cable",1,"normal",45,24,,,
"Pull","2 Jun 2026, 17:32","2 Jun 2026, 19:29","","Single Arm Lat Pulldown",,"Cable",2,"normal",45,24,,,
"Pull","2 Jun 2026, 17:32","2 Jun 2026, 19:29","","Straight Arm Lat Pulldown (Cable)",,"Seated",0,"normal",35,15,,,
"Pull","2 Jun 2026, 17:32","2 Jun 2026, 19:29","","Straight Arm Lat Pulldown (Cable)",,"Seated",1,"normal",35,15,,,
"Pull","2 Jun 2026, 17:32","2 Jun 2026, 19:29","","Rear Delt Reverse Fly (Machine)",,"",0,"normal",45,15,,,
"Pull","2 Jun 2026, 17:32","2 Jun 2026, 19:29","","Rear Delt Reverse Fly (Machine)",,"",1,"normal",52.5,12,,,
"Pull","2 Jun 2026, 17:32","2 Jun 2026, 19:29","","Rear Delt Reverse Fly (Machine)",,"",2,"normal",52.5,15,,,
"Pull","2 Jun 2026, 17:32","2 Jun 2026, 19:29","","Behind the Back Curl (Cable)",,"",0,"normal",40,12,,,
"Pull","2 Jun 2026, 17:32","2 Jun 2026, 19:29","","Behind the Back Curl (Cable)",,"",1,"normal",40,12,,,
"Pull","2 Jun 2026, 17:32","2 Jun 2026, 19:29","","Hammer Curl (Cable)",,"",0,"normal",35,15,,,
"Pull","2 Jun 2026, 17:32","2 Jun 2026, 19:29","","Hammer Curl (Cable)",,"",1,"normal",35,15,,,
"Pull","2 Jun 2026, 17:32","2 Jun 2026, 19:29","","Reverse Curl (Barbell)",,"",0,"normal",20,15,,,
"Pull","2 Jun 2026, 17:32","2 Jun 2026, 19:29","","Reverse Curl (Barbell)",,"",1,"normal",20,15,,,
"Push","1 Jun 2026, 17:39","1 Jun 2026, 19:24","","Stretching",,"",0,"normal",,,,336,
"Push","1 Jun 2026, 17:39","1 Jun 2026, 19:24","","Push Up",,"",0,"normal",,40,,,
"Push","1 Jun 2026, 17:39","1 Jun 2026, 19:24","","Chest Fly (Machine)",,"",0,"normal",60,15,,,
"Push","1 Jun 2026, 17:39","1 Jun 2026, 19:24","","Chest Fly (Machine)",,"",1,"normal",75,12,,,
"Push","1 Jun 2026, 17:39","1 Jun 2026, 19:24","","Chest Fly (Machine)",,"",2,"normal",82.5,12,,,
"Push","1 Jun 2026, 17:39","1 Jun 2026, 19:24","","Bench Press (Barbell)",,"sleep fcked - bench press fcked",0,"normal",60,8,,,
"Push","1 Jun 2026, 17:39","1 Jun 2026, 19:24","","Bench Press (Barbell)",,"sleep fcked - bench press fcked",1,"normal",70,6,,,
"Push","1 Jun 2026, 17:39","1 Jun 2026, 19:24","","Cable Fly Crossovers",,"",0,"normal",50,15,,,
"Push","1 Jun 2026, 17:39","1 Jun 2026, 19:24","","Cable Fly Crossovers",,"",1,"normal",50,15,,,
"Push","1 Jun 2026, 17:39","1 Jun 2026, 19:24","","Cable Fly Crossovers",,"",2,"normal",50,15,,,
"Push","1 Jun 2026, 17:39","1 Jun 2026, 19:24","","Incline Bench Press (Smith Machine)",,"",0,"warmup",40,12,,,
"Push","1 Jun 2026, 17:39","1 Jun 2026, 19:24","","Incline Bench Press (Smith Machine)",,"",1,"normal",50,10,,,
"Push","1 Jun 2026, 17:39","1 Jun 2026, 19:24","","Incline Bench Press (Smith Machine)",,"",2,"normal",50,12,,,
"Push","1 Jun 2026, 17:39","1 Jun 2026, 19:24","","Single Arm Lateral Raise (Cable)",,"",0,"normal",15,24,,,
"Push","1 Jun 2026, 17:39","1 Jun 2026, 19:24","","Single Arm Lateral Raise (Cable)",,"",1,"normal",20,24,,,
"Push","1 Jun 2026, 17:39","1 Jun 2026, 19:24","","Single Arm Lateral Raise (Cable)",,"",2,"normal",20,24,,,
"Push","1 Jun 2026, 17:39","1 Jun 2026, 19:24","","Triceps Rope Pushdown",,"",0,"normal",30,15,,,
"Push","1 Jun 2026, 17:39","1 Jun 2026, 19:24","","Triceps Rope Pushdown",,"",1,"normal",35,15,,,
"Push","1 Jun 2026, 17:39","1 Jun 2026, 19:24","","Triceps Rope Pushdown",,"",2,"normal",35,15,,,
"Push","1 Jun 2026, 17:39","1 Jun 2026, 19:24","","Triceps Extension (Cable)",,"",0,"normal",20,24,,,
"Push","1 Jun 2026, 17:39","1 Jun 2026, 19:24","","Triceps Extension (Cable)",,"",1,"normal",20,24,,,
"Push","1 Jun 2026, 17:39","1 Jun 2026, 19:24","","Triceps Extension (Cable)",,"",2,"normal",20,24,,,
"Push","1 Jun 2026, 17:39","1 Jun 2026, 19:24","","Seated Triceps Press",,"",0,"normal",90,15,,,
"Push","1 Jun 2026, 17:39","1 Jun 2026, 19:24","","Seated Triceps Press",,"",1,"normal",90,15,,,
"Push","1 Jun 2026, 17:39","1 Jun 2026, 19:24","","Seated Triceps Press",,"",2,"normal",95,15,,,
"Shouldies, Abs & Cardio","30 May 2026, 17:40","30 May 2026, 19:12","first decent shoulder pump","Stretching",,"",0,"normal",,,,317,
"Shouldies, Abs & Cardio","30 May 2026, 17:40","30 May 2026, 19:12","first decent shoulder pump","Shoulder Press (Dumbbell)",,"",0,"warmup",25,12,,,
"Shouldies, Abs & Cardio","30 May 2026, 17:40","30 May 2026, 19:12","first decent shoulder pump","Shoulder Press (Dumbbell)",,"",1,"normal",40,15,,,
"Shouldies, Abs & Cardio","30 May 2026, 17:40","30 May 2026, 19:12","first decent shoulder pump","Shoulder Press (Dumbbell)",,"",2,"normal",40,15,,,
"Shouldies, Abs & Cardio","30 May 2026, 17:40","30 May 2026, 19:12","first decent shoulder pump","Lateral Raise (Dumbbell)",,"",0,"warmup",15,15,,,
"Shouldies, Abs & Cardio","30 May 2026, 17:40","30 May 2026, 19:12","first decent shoulder pump","Lateral Raise (Dumbbell)",,"",1,"normal",25,10,,,
"Shouldies, Abs & Cardio","30 May 2026, 17:40","30 May 2026, 19:12","first decent shoulder pump","Lateral Raise (Dumbbell)",,"",2,"normal",20,15,,,
"Shouldies, Abs & Cardio","30 May 2026, 17:40","30 May 2026, 19:12","first decent shoulder pump","Face Pull",,"",0,"normal",40,15,,,
"Shouldies, Abs & Cardio","30 May 2026, 17:40","30 May 2026, 19:12","first decent shoulder pump","Face Pull",,"",1,"normal",45,18,,,
"Shouldies, Abs & Cardio","30 May 2026, 17:40","30 May 2026, 19:12","first decent shoulder pump","Face Pull",,"",2,"normal",50,20,,,
"Shouldies, Abs & Cardio","30 May 2026, 17:40","30 May 2026, 19:12","first decent shoulder pump","Shrug (Smith Machine)",,"",0,"warmup",40,20,,,
"Shouldies, Abs & Cardio","30 May 2026, 17:40","30 May 2026, 19:12","first decent shoulder pump","Shrug (Smith Machine)",,"",1,"normal",60,18,,,
"Shouldies, Abs & Cardio","30 May 2026, 17:40","30 May 2026, 19:12","first decent shoulder pump","Shrug (Smith Machine)",,"",2,"normal",60,20,,,
"Shouldies, Abs & Cardio","30 May 2026, 17:40","30 May 2026, 19:12","first decent shoulder pump","Dragon Flag",0,"1st set - Superset with Toes to Bar\n• Hold after eccentric - crazy burn",0,"normal",,15,,,
"Shouldies, Abs & Cardio","30 May 2026, 17:40","30 May 2026, 19:12","first decent shoulder pump","Dragon Flag",0,"1st set - Superset with Toes to Bar\n• Hold after eccentric - crazy burn",1,"normal",,15,,,
"Shouldies, Abs & Cardio","30 May 2026, 17:40","30 May 2026, 19:12","first decent shoulder pump","Dragon Flag",0,"1st set - Superset with Toes to Bar\n• Hold after eccentric - crazy burn",2,"normal",,15,,,
"Shouldies, Abs & Cardio","30 May 2026, 17:40","30 May 2026, 19:12","first decent shoulder pump","Toes to Bar",0,"",0,"normal",,12,,,
"Shouldies, Abs & Cardio","30 May 2026, 17:40","30 May 2026, 19:12","first decent shoulder pump","Cable Crunch",,"",0,"normal",50,20,,,
"Shouldies, Abs & Cardio","30 May 2026, 17:40","30 May 2026, 19:12","first decent shoulder pump","Cable Crunch",,"",1,"normal",55,20,,,
"Shouldies, Abs & Cardio","30 May 2026, 17:40","30 May 2026, 19:12","first decent shoulder pump","Cable Crunch",,"",2,"normal",55,20,,,
"Shouldies, Abs & Cardio","30 May 2026, 17:40","30 May 2026, 19:12","first decent shoulder pump","Cable Twist (Up to down)",,"",0,"normal",25,30,,,
"Shouldies, Abs & Cardio","30 May 2026, 17:40","30 May 2026, 19:12","first decent shoulder pump","Cable Twist (Up to down)",,"",1,"normal",25,30,,,
"Shouldies, Abs & Cardio","30 May 2026, 17:40","30 May 2026, 19:12","first decent shoulder pump","Cable Twist (Up to down)",,"",2,"normal",25,30,,,
"Shouldies, Abs & Cardio","30 May 2026, 17:40","30 May 2026, 19:12","first decent shoulder pump","Treadmill",,"",0,"normal",,,1.02,450,
"Chest & Back","29 May 2026, 17:40","29 May 2026, 19:24","","Stretching",,"",0,"normal",,,,302,
"Chest & Back","29 May 2026, 17:40","29 May 2026, 19:24","","Push Up",,"",0,"normal",,40,,,
"Chest & Back","29 May 2026, 17:40","29 May 2026, 19:24","","Chest Fly (Machine)",,"",0,"normal",60,15,,,
"Chest & Back","29 May 2026, 17:40","29 May 2026, 19:24","","Chest Fly (Machine)",,"",1,"normal",82.5,12,,,
"Chest & Back","29 May 2026, 17:40","29 May 2026, 19:24","","Chest Fly (Machine)",,"",2,"normal",82.5,12,,,
"Chest & Back","29 May 2026, 17:40","29 May 2026, 19:24","","Incline Bench Press (Dumbbell)",,"",0,"warmup",40,15,,,
"Chest & Back","29 May 2026, 17:40","29 May 2026, 19:24","","Incline Bench Press (Dumbbell)",,"",1,"normal",60,12,,,
"Chest & Back","29 May 2026, 17:40","29 May 2026, 19:24","","Incline Bench Press (Dumbbell)",,"",2,"normal",60,10,,,
"Chest & Back","29 May 2026, 17:40","29 May 2026, 19:24","","Cable Fly Crossovers",,"",0,"normal",50,15,,,
"Chest & Back","29 May 2026, 17:40","29 May 2026, 19:24","","Cable Fly Crossovers",,"",1,"normal",50,15,,,
"Chest & Back","29 May 2026, 17:40","29 May 2026, 19:24","","Cable Fly Crossovers",,"",2,"normal",50,15,,,
"Chest & Back","29 May 2026, 17:40","29 May 2026, 19:24","","Pull Up",,"",0,"normal",,12,,,
"Chest & Back","29 May 2026, 17:40","29 May 2026, 19:24","","Pull Up",,"",1,"normal",,12,,,
"Chest & Back","29 May 2026, 17:40","29 May 2026, 19:24","","Bent Over Row (Barbell)",,"",0,"warmup",20,15,,,
"Chest & Back","29 May 2026, 17:40","29 May 2026, 19:24","","Bent Over Row (Barbell)",,"",1,"normal",40,15,,,
"Chest & Back","29 May 2026, 17:40","29 May 2026, 19:24","","Bent Over Row (Barbell)",,"",2,"normal",55,12,,,
"Chest & Back","29 May 2026, 17:40","29 May 2026, 19:24","","Single Arm Lat Pulldown",,"Cable",0,"normal",35,24,,,
"Chest & Back","29 May 2026, 17:40","29 May 2026, 19:24","","Single Arm Lat Pulldown",,"Cable",1,"normal",40,24,,,
"Chest & Back","29 May 2026, 17:40","29 May 2026, 19:24","","Single Arm Lat Pulldown",,"Cable",2,"normal",45,24,,,
"Chest & Back","29 May 2026, 17:40","29 May 2026, 19:24","","Pullover (Dumbbell)",,"",0,"normal",12.5,15,,,
"Chest & Back","29 May 2026, 17:40","29 May 2026, 19:24","","Pullover (Dumbbell)",,"",1,"normal",12.5,15,,,
"Arms","28 May 2026, 17:17","28 May 2026, 19:07","","Stretching",,"",0,"normal",,,,328,
"Arms","28 May 2026, 17:17","28 May 2026, 19:07","","Battle Ropes",,"",0,"normal",,,,54,
"Arms","28 May 2026, 17:17","28 May 2026, 19:07","","Chin Up",,"",0,"normal",,20,,,
"Arms","28 May 2026, 17:17","28 May 2026, 19:07","","Diamond Push Up",,"",0,"normal",,25,,,
"Arms","28 May 2026, 17:17","28 May 2026, 19:07","","Seated Incline Curl (Dumbbell)",,"Last set - Less angle",0,"normal",25,11,,,
"Arms","28 May 2026, 17:17","28 May 2026, 19:07","","Seated Incline Curl (Dumbbell)",,"Last set - Less angle",1,"normal",25,8,,,
"Arms","28 May 2026, 17:17","28 May 2026, 19:07","","Seated Incline Curl (Dumbbell)",,"Last set - Less angle",2,"normal",25,7,,,
"Arms","28 May 2026, 17:17","28 May 2026, 19:07","","Seated Incline Curl (Dumbbell)",,"Last set - Less angle",3,"dropset",15,5,,,
"Arms","28 May 2026, 17:17","28 May 2026, 19:07","","Triceps Pushdown",,"V bar",0,"normal",40,15,,,
"Arms","28 May 2026, 17:17","28 May 2026, 19:07","","Triceps Pushdown",,"V bar",1,"normal",50,15,,,
"Arms","28 May 2026, 17:17","28 May 2026, 19:07","","Triceps Pushdown",,"V bar",2,"normal",60,15,,,
"Arms","28 May 2026, 17:17","28 May 2026, 19:07","","Preacher Curl (Dumbbell)",,"",0,"normal",12.5,24,,,
"Arms","28 May 2026, 17:17","28 May 2026, 19:07","","Preacher Curl (Dumbbell)",,"",1,"normal",15,24,,,
"Arms","28 May 2026, 17:17","28 May 2026, 19:07","","Preacher Curl (Dumbbell)",,"",2,"normal",15,24,,,
"Arms","28 May 2026, 17:17","28 May 2026, 19:07","","Overhead Triceps Extension (Cable)",,"Rope",0,"normal",30,15,,,
"Arms","28 May 2026, 17:17","28 May 2026, 19:07","","Overhead Triceps Extension (Cable)",,"Rope",1,"normal",35,15,,,
"Arms","28 May 2026, 17:17","28 May 2026, 19:07","","Overhead Triceps Extension (Cable)",,"Rope",2,"normal",40,15,,,
"Arms","28 May 2026, 17:17","28 May 2026, 19:07","","Hammer Curl (Cable)",,"Stretch focused",0,"normal",30,15,,,
"Arms","28 May 2026, 17:17","28 May 2026, 19:07","","Hammer Curl (Cable)",,"Stretch focused",1,"normal",40,12,,,
"Arms","28 May 2026, 17:17","28 May 2026, 19:07","","Hammer Curl (Cable)",,"Stretch focused",2,"normal",40,15,,,
"Arms","28 May 2026, 17:17","28 May 2026, 19:07","","Single Arm Triceps Pushdown (Cable)",,"Cbum var.",0,"normal",15,24,,,
"Arms","28 May 2026, 17:17","28 May 2026, 19:07","","Single Arm Triceps Pushdown (Cable)",,"Cbum var.",1,"normal",15,24,,,
"Arms","28 May 2026, 17:17","28 May 2026, 19:07","","Single Arm Triceps Pushdown (Cable)",,"Cbum var.",2,"normal",15,24,,,
"Arms","28 May 2026, 17:17","28 May 2026, 19:07","","Single Arm Triceps Pushdown (Cable)",,"Cbum var.",3,"dropset",10,12,,,
"Arms","28 May 2026, 17:17","28 May 2026, 19:07","","Reverse Curl (Barbell)",,"",0,"normal",20,15,,,
"Arms","28 May 2026, 17:17","28 May 2026, 19:07","","Reverse Curl (Barbell)",,"",1,"normal",20,15,,,
"Arms","28 May 2026, 17:17","28 May 2026, 19:07","","Reverse Curl (Barbell)",,"",2,"normal",20,14,,,
"Arms","28 May 2026, 17:17","28 May 2026, 19:07","","Seated Palms Up Wrist Curl",,"Barbell",0,"normal",20,18,,,
"Arms","28 May 2026, 17:17","28 May 2026, 19:07","","Seated Palms Up Wrist Curl",,"Barbell",1,"normal",20,25,,,
"Arms","28 May 2026, 17:17","28 May 2026, 19:07","","Seated Palms Up Wrist Curl",,"Barbell",2,"normal",20,25,,,
"Legs & Core","27 May 2026, 17:40","27 May 2026, 19:20","","Stretching",,"",0,"normal",,,,588,
"Legs & Core","27 May 2026, 17:40","27 May 2026, 19:20","","Lunge (Dumbbell)",,"",0,"warmup",20,15,,,
"Legs & Core","27 May 2026, 17:40","27 May 2026, 19:20","","Lunge (Dumbbell)",,"",1,"normal",30,12,,,
"Legs & Core","27 May 2026, 17:40","27 May 2026, 19:20","","Lunge (Dumbbell)",,"",2,"normal",30,12,,,
"Legs & Core","27 May 2026, 17:40","27 May 2026, 19:20","","Leg Extension (Machine)",,"",0,"normal",50,15,,,
"Legs & Core","27 May 2026, 17:40","27 May 2026, 19:20","","Leg Extension (Machine)",,"",1,"normal",55,15,,,
"Legs & Core","27 May 2026, 17:40","27 May 2026, 19:20","","Leg Extension (Machine)",,"",2,"normal",60,15,,,
"Legs & Core","27 May 2026, 17:40","27 May 2026, 19:20","","Seated Leg Curl (Machine)",,"",0,"normal",55,12,,,
"Legs & Core","27 May 2026, 17:40","27 May 2026, 19:20","","Seated Leg Curl (Machine)",,"",1,"normal",60,12,,,
"Legs & Core","27 May 2026, 17:40","27 May 2026, 19:20","","Seated Leg Curl (Machine)",,"",2,"normal",60,12,,,
"Legs & Core","27 May 2026, 17:40","27 May 2026, 19:20","","Hip Adduction (Machine)",0,"",0,"normal",60,12,,,
"Legs & Core","27 May 2026, 17:40","27 May 2026, 19:20","","Hip Adduction (Machine)",0,"",1,"normal",60,12,,,
"Legs & Core","27 May 2026, 17:40","27 May 2026, 19:20","","Hip Abduction (Machine)",0,"",0,"normal",60,15,,,
"Legs & Core","27 May 2026, 17:40","27 May 2026, 19:20","","Hip Abduction (Machine)",0,"",1,"normal",60,15,,,
"Legs & Core","27 May 2026, 17:40","27 May 2026, 19:20","","Leg Press (Machine)",,"",0,"normal",120,12,,,
"Legs & Core","27 May 2026, 17:40","27 May 2026, 19:20","","Leg Press (Machine)",,"",1,"normal",140,12,,,
"Legs & Core","27 May 2026, 17:40","27 May 2026, 19:20","","Leg Press (Machine)",,"",2,"normal",140,15,,,
"Legs & Core","27 May 2026, 17:40","27 May 2026, 19:20","","Standing Calf Raise (Smith)",,"",0,"normal",50,18,,,
"Legs & Core","27 May 2026, 17:40","27 May 2026, 19:20","","Standing Calf Raise (Smith)",,"",1,"normal",55,18,,,
"Legs & Core","27 May 2026, 17:40","27 May 2026, 19:20","","Standing Calf Raise (Smith)",,"",2,"normal",55,18,,,
"Legs & Core","27 May 2026, 17:40","27 May 2026, 19:20","","Cable Twist (Up to down)",,"",0,"normal",25,30,,,
"Legs & Core","27 May 2026, 17:40","27 May 2026, 19:20","","Cable Twist (Up to down)",,"",1,"normal",25,30,,,
"Legs & Core","27 May 2026, 17:40","27 May 2026, 19:20","","Cable Twist (Up to down)",,"",2,"normal",25,30,,,
"Legs & Core","27 May 2026, 17:40","27 May 2026, 19:20","","Toes to Bar",,"",0,"normal",,12,,,
"Legs & Core","27 May 2026, 17:40","27 May 2026, 19:20","","Toes to Bar",,"",1,"normal",,12,,,
"Pull","26 May 2026, 17:27","26 May 2026, 19:28","","Stretching",,"",0,"normal",,,,398,
"Pull","26 May 2026, 17:27","26 May 2026, 19:28","","Pull Up",,"",0,"normal",,15,,,
"Pull","26 May 2026, 17:27","26 May 2026, 19:28","","Pull Up",,"",1,"normal",,15,,,
"Pull","26 May 2026, 17:27","26 May 2026, 19:28","","Chest Supported Incline Row (Dumbbell)",,"1st 3sets - Machine ( Upper Back )\nLast 3sets - Dumbell ( Lats )",0,"normal",40,12,,,
"Pull","26 May 2026, 17:27","26 May 2026, 19:28","","Chest Supported Incline Row (Dumbbell)",,"1st 3sets - Machine ( Upper Back )\nLast 3sets - Dumbell ( Lats )",1,"normal",45,12,,,
"Pull","26 May 2026, 17:27","26 May 2026, 19:28","","Chest Supported Incline Row (Dumbbell)",,"1st 3sets - Machine ( Upper Back )\nLast 3sets - Dumbell ( Lats )",2,"normal",45,12,,,
"Pull","26 May 2026, 17:27","26 May 2026, 19:28","","Chest Supported Incline Row (Dumbbell)",,"1st 3sets - Machine ( Upper Back )\nLast 3sets - Dumbell ( Lats )",3,"normal",25,15,,,
"Pull","26 May 2026, 17:27","26 May 2026, 19:28","","Chest Supported Incline Row (Dumbbell)",,"1st 3sets - Machine ( Upper Back )\nLast 3sets - Dumbell ( Lats )",4,"normal",30,15,,,
"Pull","26 May 2026, 17:27","26 May 2026, 19:28","","Chest Supported Incline Row (Dumbbell)",,"1st 3sets - Machine ( Upper Back )\nLast 3sets - Dumbell ( Lats )",5,"normal",35,15,,,
"Pull","26 May 2026, 17:27","26 May 2026, 19:28","","Rope Straight Arm Pulldown",,"",0,"normal",30,13,,,
"Pull","26 May 2026, 17:27","26 May 2026, 19:28","","Rope Straight Arm Pulldown",,"",1,"normal",30,15,,,
"Pull","26 May 2026, 17:27","26 May 2026, 19:28","","Rope Straight Arm Pulldown",,"",2,"normal",30,15,,,
"Pull","26 May 2026, 17:27","26 May 2026, 19:28","","Reverse Grip Lat Pulldown (Cable)",,"",0,"normal",65,12,,,
"Pull","26 May 2026, 17:27","26 May 2026, 19:28","","Reverse Grip Lat Pulldown (Cable)",,"",1,"normal",65,10,,,
"Pull","26 May 2026, 17:27","26 May 2026, 19:28","","Rear Delt Reverse Fly (Machine)",,"",0,"normal",45,15,,,
"Pull","26 May 2026, 17:27","26 May 2026, 19:28","","Rear Delt Reverse Fly (Machine)",,"",1,"normal",52.5,12,,,
"Pull","26 May 2026, 17:27","26 May 2026, 19:28","","Rear Delt Reverse Fly (Machine)",,"",2,"normal",52.5,14,,,
"Pull","26 May 2026, 17:27","26 May 2026, 19:28","","Behind the Back Curl (Cable)",,"2nd set - Both hands",0,"normal",40,12,,,
"Pull","26 May 2026, 17:27","26 May 2026, 19:28","","Behind the Back Curl (Cable)",,"2nd set - Both hands",1,"normal",30,12,,,
"Pull","26 May 2026, 17:27","26 May 2026, 19:28","","Behind the Back Curl (Cable)",,"2nd set - Both hands",2,"normal",40,15,,,
"Pull","26 May 2026, 17:27","26 May 2026, 19:28","","Bicep Curl (Barbell)",,"",0,"normal",25,12,,,
"Pull","26 May 2026, 17:27","26 May 2026, 19:28","","Bicep Curl (Barbell)",,"",1,"normal",30,9,,,
"Pull","26 May 2026, 17:27","26 May 2026, 19:28","","Bicep Curl (Barbell)",,"",2,"normal",30,9,,,
"Pull","26 May 2026, 17:27","26 May 2026, 19:28","","Cross Body Hammer Curl",,"",0,"normal",25,12,,,
"Pull","26 May 2026, 17:27","26 May 2026, 19:28","","Cross Body Hammer Curl",,"",1,"normal",25,12,,,
"Pull","26 May 2026, 17:27","26 May 2026, 19:28","","Cross Body Hammer Curl",,"",2,"normal",25,13,,,
"Pull","26 May 2026, 17:27","26 May 2026, 19:28","","Seated Palms Up Wrist Curl",0,"Machine",0,"normal",20,18,,,
"Pull","26 May 2026, 17:27","26 May 2026, 19:28","","Seated Palms Up Wrist Curl",0,"Machine",1,"normal",20,18,,,
"Pull","26 May 2026, 17:27","26 May 2026, 19:28","","Seated Wrist Extension (Barbell)",0,"Machine",0,"normal",15,12,,,
"Pull","26 May 2026, 17:27","26 May 2026, 19:28","","Seated Wrist Extension (Barbell)",0,"Machine",1,"normal",15,12,,,
"Push","25 May 2026, 17:26","25 May 2026, 19:21","","Stretching",,"",0,"normal",,,,296,
"Push","25 May 2026, 17:26","25 May 2026, 19:21","","Push Up",,"",0,"normal",,30,,,
"Push","25 May 2026, 17:26","25 May 2026, 19:21","","Chest Fly (Machine)",,"",0,"normal",67.5,12,,,
"Push","25 May 2026, 17:26","25 May 2026, 19:21","","Chest Fly (Machine)",,"",1,"normal",75,12,,,
"Push","25 May 2026, 17:26","25 May 2026, 19:21","","Chest Fly (Machine)",,"",2,"normal",82.5,12,,,
"Push","25 May 2026, 17:26","25 May 2026, 19:21","","Chest Fly (Machine)",,"",3,"dropset",52.5,7,,,
"Push","25 May 2026, 17:26","25 May 2026, 19:21","","Bench Press (Barbell)",,"Full ROM in 3rd set",0,"normal",50,12,,,
"Push","25 May 2026, 17:26","25 May 2026, 19:21","","Bench Press (Barbell)",,"Full ROM in 3rd set",1,"normal",80,6,,,
"Push","25 May 2026, 17:26","25 May 2026, 19:21","","Bench Press (Barbell)",,"Full ROM in 3rd set",2,"normal",80,1,,,
"Push","25 May 2026, 17:26","25 May 2026, 19:21","","Incline Bench Press (Smith Machine)",,"",0,"warmup",40,12,,,
"Push","25 May 2026, 17:26","25 May 2026, 19:21","","Incline Bench Press (Smith Machine)",,"",1,"normal",50,10,,,
"Push","25 May 2026, 17:26","25 May 2026, 19:21","","Incline Bench Press (Smith Machine)",,"",2,"normal",50,9,,,
"Push","25 May 2026, 17:26","25 May 2026, 19:21","","Single Arm Lateral Raise (Cable)",,"",0,"normal",15,24,,,
"Push","25 May 2026, 17:26","25 May 2026, 19:21","","Single Arm Lateral Raise (Cable)",,"",1,"normal",15,30,,,
"Push","25 May 2026, 17:26","25 May 2026, 19:21","","Single Arm Lateral Raise (Cable)",,"",2,"normal",20,24,,,
"Push","25 May 2026, 17:26","25 May 2026, 19:21","","Triceps Extension (Cable)",,"",0,"normal",15,24,,,
"Push","25 May 2026, 17:26","25 May 2026, 19:21","","Triceps Extension (Cable)",,"",1,"normal",20,30,,,
"Push","25 May 2026, 17:26","25 May 2026, 19:21","","Triceps Extension (Cable)",,"",2,"normal",20,30,,,
"Push","25 May 2026, 17:26","25 May 2026, 19:21","","Seated Triceps Press",,"",0,"normal",90,15,,,
"Push","25 May 2026, 17:26","25 May 2026, 19:21","","Seated Triceps Press",,"",1,"normal",90,15,,,
"Push","25 May 2026, 17:26","25 May 2026, 19:21","","Triceps Rope Pushdown",,"",0,"normal",30,15,,,
"Push","25 May 2026, 17:26","25 May 2026, 19:21","","Triceps Rope Pushdown",,"",1,"normal",35,15,,,
"Push","25 May 2026, 17:26","25 May 2026, 19:21","","Triceps Rope Pushdown",,"",2,"normal",35,15,,,
"Shouldies & Core","23 May 2026, 17:42","23 May 2026, 19:14","","Stretching",,"",0,"normal",,,,286,
"Shouldies & Core","23 May 2026, 17:42","23 May 2026, 19:14","","Seated Overhead Press (Barbell)",,"",0,"warmup",20,15,,,
"Shouldies & Core","23 May 2026, 17:42","23 May 2026, 19:14","","Seated Overhead Press (Barbell)",,"",1,"normal",35,12,,,
"Shouldies & Core","23 May 2026, 17:42","23 May 2026, 19:14","","Seated Overhead Press (Barbell)",,"",2,"normal",40,12,,,
"Shouldies & Core","23 May 2026, 17:42","23 May 2026, 19:14","","Seated Overhead Press (Barbell)",,"",3,"normal",45,9,,,
"Shouldies & Core","23 May 2026, 17:42","23 May 2026, 19:14","","Single Arm Lateral Raise (Cable)",,"",0,"normal",15,30,,,
"Shouldies & Core","23 May 2026, 17:42","23 May 2026, 19:14","","Single Arm Lateral Raise (Cable)",,"",1,"normal",20,24,,,
"Shouldies & Core","23 May 2026, 17:42","23 May 2026, 19:14","","Reverse Fly Single Arm (Cable)",,"",0,"normal",10,28,,,
"Shouldies & Core","23 May 2026, 17:42","23 May 2026, 19:14","","Reverse Fly Single Arm (Cable)",,"",1,"normal",10,30,,,
"Shouldies & Core","23 May 2026, 17:42","23 May 2026, 19:14","","Face Pull",,"",0,"normal",40,18,,,
"Shouldies & Core","23 May 2026, 17:42","23 May 2026, 19:14","","Face Pull",,"",1,"normal",45,15,,,
"Shouldies & Core","23 May 2026, 17:42","23 May 2026, 19:14","","Upright Row (Barbell)",,"",0,"normal",25,12,,,
"Shouldies & Core","23 May 2026, 17:42","23 May 2026, 19:14","","Upright Row (Barbell)",,"",1,"normal",25,12,,,
"Shouldies & Core","23 May 2026, 17:42","23 May 2026, 19:14","","Shrug (Dumbbell)",,"",0,"normal",60,12,,,
"Shouldies & Core","23 May 2026, 17:42","23 May 2026, 19:14","","Shrug (Smith Machine)",,"",0,"normal",60,18,,,
"Shouldies & Core","23 May 2026, 17:42","23 May 2026, 19:14","","Shrug (Smith Machine)",,"",1,"normal",65,18,,,
"Shouldies & Core","23 May 2026, 17:42","23 May 2026, 19:14","","Cable Crunch",,"",0,"normal",50,20,,,
"Shouldies & Core","23 May 2026, 17:42","23 May 2026, 19:14","","Cable Crunch",,"",1,"normal",55,20,,,
"Shouldies & Core","23 May 2026, 17:42","23 May 2026, 19:14","","Cable Crunch",,"",2,"normal",60,12,,,
"Shouldies & Core","23 May 2026, 17:42","23 May 2026, 19:14","","Cable Crunch",,"",3,"dropset",45,12,,,
"Shouldies & Core","23 May 2026, 17:42","23 May 2026, 19:14","","Cable Twist (Up to down)",,"",0,"normal",25,30,,,
"Shouldies & Core","23 May 2026, 17:42","23 May 2026, 19:14","","Cable Twist (Up to down)",,"",1,"normal",25,30,,,
"Shouldies & Core","23 May 2026, 17:42","23 May 2026, 19:14","","Cable Twist (Up to down)",,"",2,"normal",25,30,,,
"Shouldies & Core","23 May 2026, 17:42","23 May 2026, 19:14","","Toes to Bar",,"",0,"normal",,12,,,
"Shouldies & Core","23 May 2026, 17:42","23 May 2026, 19:14","","Toes to Bar",,"",1,"normal",,15,,,
"Chest & Back","22 May 2026, 17:41","22 May 2026, 19:24","","Stretching",,"",0,"normal",,,,186,
"Chest & Back","22 May 2026, 17:41","22 May 2026, 19:24","","One Arm Push Up",,"",0,"normal",,8,,,
"Chest & Back","22 May 2026, 17:41","22 May 2026, 19:24","","Cable Fly Crossovers",,"",0,"normal",40,15,,,
"Chest & Back","22 May 2026, 17:41","22 May 2026, 19:24","","Cable Fly Crossovers",,"",1,"normal",50,15,,,
"Chest & Back","22 May 2026, 17:41","22 May 2026, 19:24","","Cable Fly Crossovers",,"",2,"normal",50,15,,,
"Chest & Back","22 May 2026, 17:41","22 May 2026, 19:24","","Incline Bench Press (Dumbbell)",,"",0,"warmup",30,15,,,
"Chest & Back","22 May 2026, 17:41","22 May 2026, 19:24","","Incline Bench Press (Dumbbell)",,"",1,"normal",60,12,,,
"Chest & Back","22 May 2026, 17:41","22 May 2026, 19:24","","Incline Bench Press (Dumbbell)",,"",2,"normal",60,12,,,
"Chest & Back","22 May 2026, 17:41","22 May 2026, 19:24","","Incline Chest Fly (Dumbbell)",,"Dumbell",0,"warmup",15,15,,,
"Chest & Back","22 May 2026, 17:41","22 May 2026, 19:24","","Incline Chest Fly (Dumbbell)",,"Dumbell",1,"normal",25,12,,,
"Chest & Back","22 May 2026, 17:41","22 May 2026, 19:24","","Incline Chest Fly (Dumbbell)",,"Dumbell",2,"normal",25,11,,,
"Chest & Back","22 May 2026, 17:41","22 May 2026, 19:24","","Incline Chest Fly (Dumbbell)",,"Dumbell",3,"dropset",15,6,,,
"Chest & Back","22 May 2026, 17:41","22 May 2026, 19:24","","Muscle Up",,"Assisted (Band)",0,"normal",,3,,,
"Chest & Back","22 May 2026, 17:41","22 May 2026, 19:24","","Pull Up",,"",0,"normal",,12,,,
"Chest & Back","22 May 2026, 17:41","22 May 2026, 19:24","","Pull Up",,"",1,"normal",,12,,,
"Chest & Back","22 May 2026, 17:41","22 May 2026, 19:24","","Seated Cable Row - V Grip (Cable)",,"",0,"normal",75,12,,,
"Chest & Back","22 May 2026, 17:41","22 May 2026, 19:24","","Seated Cable Row - V Grip (Cable)",,"",1,"normal",80,14,,,
"Chest & Back","22 May 2026, 17:41","22 May 2026, 19:24","","Seated Cable Row - V Grip (Cable)",,"",2,"normal",80,12,,,
"Chest & Back","22 May 2026, 17:41","22 May 2026, 19:24","","Lat Pulldown - Close Grip (Cable)",,"",0,"normal",58.5,12,,,
"Chest & Back","22 May 2026, 17:41","22 May 2026, 19:24","","Lat Pulldown - Close Grip (Cable)",,"",1,"normal",65,10,,,
"Chest & Back","22 May 2026, 17:41","22 May 2026, 19:24","","Lat Pulldown - Close Grip (Cable)",,"",2,"normal",65,10,,,
"Chest & Back","22 May 2026, 17:41","22 May 2026, 19:24","","Seated Cable Row - Bar Grip",,"Less weight - Stretch focused",0,"normal",55,12,,,
"Chest & Back","22 May 2026, 17:41","22 May 2026, 19:24","","Seated Cable Row - Bar Grip",,"Less weight - Stretch focused",1,"normal",60,15,,,
"Chest & Back","22 May 2026, 17:41","22 May 2026, 19:24","","Seated Cable Row - Bar Grip",,"Less weight - Stretch focused",2,"normal",65,15,,,
"Arms","21 May 2026, 17:29","21 May 2026, 19:20","","Stretching",,"",0,"normal",,,,339,
"Arms","21 May 2026, 17:29","21 May 2026, 19:20","","Chin Up",,"",0,"normal",,12,,,
"Arms","21 May 2026, 17:29","21 May 2026, 19:20","","Muscle Up",,"Assisted (band)",0,"normal",,2,,,
"Arms","21 May 2026, 17:29","21 May 2026, 19:20","","Muscle Up",,"Assisted (band)",1,"normal",,1,,,
"Arms","21 May 2026, 17:29","21 May 2026, 19:20","","Muscle Up",,"Assisted (band)",2,"normal",,3,,,
"Arms","21 May 2026, 17:29","21 May 2026, 19:20","","Seated Incline Curl (Dumbbell)",,"",0,"normal",25,12,,,
"Arms","21 May 2026, 17:29","21 May 2026, 19:20","","Seated Incline Curl (Dumbbell)",,"",1,"normal",25,10,,,
"Arms","21 May 2026, 17:29","21 May 2026, 19:20","","Seated Incline Curl (Dumbbell)",,"",2,"normal",25,12,,,
"Arms","21 May 2026, 17:29","21 May 2026, 19:20","","Seated Incline Curl (Dumbbell)",,"",3,"dropset",10,8,,,
"Arms","21 May 2026, 17:29","21 May 2026, 19:20","","Triceps Pushdown",,"Bar",0,"normal",40,12,,,
"Arms","21 May 2026, 17:29","21 May 2026, 19:20","","Triceps Pushdown",,"Bar",1,"normal",45,12,,,
"Arms","21 May 2026, 17:29","21 May 2026, 19:20","","Triceps Pushdown",,"Bar",2,"normal",55,12,,,
"Arms","21 May 2026, 17:29","21 May 2026, 19:20","","Triceps Pushdown",,"Bar",3,"dropset",30,8,,,
"Arms","21 May 2026, 17:29","21 May 2026, 19:20","","Single Arm Curl (Cable)",,"",0,"normal",20,24,,,
"Arms","21 May 2026, 17:29","21 May 2026, 19:20","","Single Arm Curl (Cable)",,"",1,"normal",25,24,,,
"Arms","21 May 2026, 17:29","21 May 2026, 19:20","","Single Arm Curl (Cable)",,"",2,"normal",25,24,,,
"Arms","21 May 2026, 17:29","21 May 2026, 19:20","","Triceps Extension (Cable)",,"",0,"normal",15,24,,,
"Arms","21 May 2026, 17:29","21 May 2026, 19:20","","Triceps Extension (Cable)",,"",1,"normal",20,30,,,
"Arms","21 May 2026, 17:29","21 May 2026, 19:20","","Triceps Extension (Cable)",,"",2,"normal",20,30,,,
"Arms","21 May 2026, 17:29","21 May 2026, 19:20","","Hammer Curl (Cable)",,"Stretch focused",0,"normal",25,15,,,
"Arms","21 May 2026, 17:29","21 May 2026, 19:20","","Hammer Curl (Cable)",,"Stretch focused",1,"normal",30,15,,,
"Arms","21 May 2026, 17:29","21 May 2026, 19:20","","Hammer Curl (Cable)",,"Stretch focused",2,"normal",35,15,,,
"Arms","21 May 2026, 17:29","21 May 2026, 19:20","","Seated Palms Up Wrist Curl",0,"",0,"normal",25,18,,,
"Arms","21 May 2026, 17:29","21 May 2026, 19:20","","Seated Palms Up Wrist Curl",0,"",1,"normal",30,20,,,
"Arms","21 May 2026, 17:29","21 May 2026, 19:20","","Seated Wrist Extension (Barbell)",0,"",0,"normal",20,18,,,
"Arms","21 May 2026, 17:29","21 May 2026, 19:20","","Seated Wrist Extension (Barbell)",0,"",1,"normal",20,18,,,
"Arms","21 May 2026, 17:29","21 May 2026, 19:20","","Arm Curl (Forearms)",,"",0,"normal",30,36,,,
"Arms","21 May 2026, 17:29","21 May 2026, 19:20","","Arm Curl (Forearms)",,"",1,"normal",35,36,,,
"Arms","21 May 2026, 17:29","21 May 2026, 19:20","","Arm Curl (Forearms)",,"",2,"normal",40,36,,,
"Legs & Abs","20 May 2026, 17:37","20 May 2026, 19:29","","Stretching",,"",0,"normal",,,,344,
"Legs & Abs","20 May 2026, 17:37","20 May 2026, 19:29","","Squat (Smith Machine)",,"",0,"warmup",20,12,,,
"Legs & Abs","20 May 2026, 17:37","20 May 2026, 19:29","","Squat (Smith Machine)",,"",1,"normal",50,14,,,
"Legs & Abs","20 May 2026, 17:37","20 May 2026, 19:29","","Squat (Smith Machine)",,"",2,"normal",70,11,,,
"Legs & Abs","20 May 2026, 17:37","20 May 2026, 19:29","","Seated Leg Curl (Machine)",,"",0,"normal",55,12,,,
"Legs & Abs","20 May 2026, 17:37","20 May 2026, 19:29","","Seated Leg Curl (Machine)",,"",1,"normal",60,12,,,
"Legs & Abs","20 May 2026, 17:37","20 May 2026, 19:29","","Seated Leg Curl (Machine)",,"",2,"normal",60,12,,,
"Legs & Abs","20 May 2026, 17:37","20 May 2026, 19:29","","Single Leg Extensions",,"",0,"normal",30,24,,,
"Legs & Abs","20 May 2026, 17:37","20 May 2026, 19:29","","Single Leg Extensions",,"",1,"normal",30,24,,,
"Legs & Abs","20 May 2026, 17:37","20 May 2026, 19:29","","Single Leg Extensions",,"",2,"normal",30,24,,,
"Legs & Abs","20 May 2026, 17:37","20 May 2026, 19:29","","Hip Adduction (Machine)",0,"",0,"normal",60,12,,,
"Legs & Abs","20 May 2026, 17:37","20 May 2026, 19:29","","Hip Adduction (Machine)",0,"",1,"normal",80,12,,,
"Legs & Abs","20 May 2026, 17:37","20 May 2026, 19:29","","Hip Abduction (Machine)",0,"",0,"normal",60,15,,,
"Legs & Abs","20 May 2026, 17:37","20 May 2026, 19:29","","Hip Abduction (Machine)",0,"",1,"normal",80,15,,,
"Legs & Abs","20 May 2026, 17:37","20 May 2026, 19:29","","Standing Calf Raise (Smith)",,"",0,"normal",45,18,,,
"Legs & Abs","20 May 2026, 17:37","20 May 2026, 19:29","","Standing Calf Raise (Smith)",,"",1,"normal",60,15,,,
"Legs & Abs","20 May 2026, 17:37","20 May 2026, 19:29","","Standing Calf Raise (Smith)",,"",2,"normal",60,15,,,
"Legs & Abs","20 May 2026, 17:37","20 May 2026, 19:29","","Toes to Bar",,"",0,"normal",,12,,,
"Legs & Abs","20 May 2026, 17:37","20 May 2026, 19:29","","Toes to Bar",,"",1,"normal",,12,,,
"Legs & Abs","20 May 2026, 17:37","20 May 2026, 19:29","","Toes to Bar",,"",2,"normal",,10,,,
"Legs & Abs","20 May 2026, 17:37","20 May 2026, 19:29","","Cable Crunch",,"",0,"normal",50,22,,,
"Legs & Abs","20 May 2026, 17:37","20 May 2026, 19:29","","Cable Crunch",,"",1,"normal",55,20,,,
"Legs & Abs","20 May 2026, 17:37","20 May 2026, 19:29","","Cable Crunch",,"",2,"normal",60,20,,,
"Pull","19 May 2026, 17:16","19 May 2026, 19:23","","Stretching",,"Back",0,"normal",,,,275,
"Pull","19 May 2026, 17:16","19 May 2026, 19:23","","Pull Up",,"",0,"normal",,15,,,
"Pull","19 May 2026, 17:16","19 May 2026, 19:23","","Pull Up",,"",1,"normal",,12,,,
"Pull","19 May 2026, 17:16","19 May 2026, 19:23","","Lat Pulldown (Cable)",,"",0,"normal",65,12,,,
"Pull","19 May 2026, 17:16","19 May 2026, 19:23","","Chest Supported Incline Row (Dumbbell)",,"Dumbell \n(7- upper back, 7- lats)",0,"normal",25,14,,,
"Pull","19 May 2026, 17:16","19 May 2026, 19:23","","Chest Supported Incline Row (Dumbbell)",,"Dumbell \n(7- upper back, 7- lats)",1,"normal",30,14,,,
"Pull","19 May 2026, 17:16","19 May 2026, 19:23","","Chest Supported Incline Row (Dumbbell)",,"Dumbell \n(7- upper back, 7- lats)",2,"normal",35,14,,,
"Pull","19 May 2026, 17:16","19 May 2026, 19:23","","Single Arm Lat Pulldown",,"Cable",0,"normal",35,24,,,
"Pull","19 May 2026, 17:16","19 May 2026, 19:23","","Single Arm Lat Pulldown",,"Cable",1,"normal",40,24,,,
"Pull","19 May 2026, 17:16","19 May 2026, 19:23","","Single Arm Lat Pulldown",,"Cable",2,"normal",45,24,,,
"Pull","19 May 2026, 17:16","19 May 2026, 19:23","","Straight Arm Lat Pulldown (Cable)",,"Seated",0,"normal",40,12,,,
"Pull","19 May 2026, 17:16","19 May 2026, 19:23","","Straight Arm Lat Pulldown (Cable)",,"Seated",1,"normal",40,12,,,
"Pull","19 May 2026, 17:16","19 May 2026, 19:23","","Straight Arm Lat Pulldown (Cable)",,"Seated",2,"normal",40,15,,,
"Pull","19 May 2026, 17:16","19 May 2026, 19:23","","Behind the Back Curl (Cable)",,"",0,"normal",40,12,,,
"Pull","19 May 2026, 17:16","19 May 2026, 19:23","","Behind the Back Curl (Cable)",,"",1,"normal",50,12,,,
"Pull","19 May 2026, 17:16","19 May 2026, 19:23","","Behind the Back Curl (Cable)",,"",2,"normal",50,12,,,
"Pull","19 May 2026, 17:16","19 May 2026, 19:23","","Bicep Curl (Cable)",,"",0,"normal",50,12,,,
"Pull","19 May 2026, 17:16","19 May 2026, 19:23","","Bicep Curl (Cable)",,"",1,"normal",50,10,,,
"Pull","19 May 2026, 17:16","19 May 2026, 19:23","","Bicep Curl (Cable)",,"",2,"normal",40,15,,,
"Pull","19 May 2026, 17:16","19 May 2026, 19:23","","Cross Body Hammer Curl",,"",0,"normal",25,12,,,
"Pull","19 May 2026, 17:16","19 May 2026, 19:23","","Cross Body Hammer Curl",,"",1,"normal",30,12,,,
"Pull","19 May 2026, 17:16","19 May 2026, 19:23","","Cross Body Hammer Curl",,"",2,"normal",30,12,,,
"Pull","19 May 2026, 17:16","19 May 2026, 19:23","","Reverse Curl (Barbell)",,"",0,"normal",20,12,,,
"Pull","19 May 2026, 17:16","19 May 2026, 19:23","","Reverse Curl (Barbell)",,"",1,"normal",25,11,,,
"Pull","19 May 2026, 17:16","19 May 2026, 19:23","","Reverse Curl (Barbell)",,"",2,"normal",25,8,,,
"Pull","19 May 2026, 17:16","19 May 2026, 19:23","","Reverse Curl (Barbell)",,"",3,"dropset",20,4,,,
"Pull","19 May 2026, 17:16","19 May 2026, 19:23","","Behind the Back Bicep Wrist Curl (Barbell)",,"",0,"normal",35,18,,,
"Pull","19 May 2026, 17:16","19 May 2026, 19:23","","Behind the Back Bicep Wrist Curl (Barbell)",,"",1,"normal",40,15,,,
"Pull","19 May 2026, 17:16","19 May 2026, 19:23","","Behind the Back Bicep Wrist Curl (Barbell)",,"",2,"normal",25,25,,,
"Push & Abs","18 May 2026, 17:32","18 May 2026, 19:12","","Stretching",,"",0,"normal",,,,287,
"Push & Abs","18 May 2026, 17:32","18 May 2026, 19:12","","Clap Push Ups",,"",0,"normal",,22,,,
"Push & Abs","18 May 2026, 17:32","18 May 2026, 19:12","","One Arm Push Up",,"",0,"normal",,1,,,
"Push & Abs","18 May 2026, 17:32","18 May 2026, 19:12","","Chest Fly (Machine)",,"",0,"normal",52.5,15,,,
"Push & Abs","18 May 2026, 17:32","18 May 2026, 19:12","","Chest Fly (Machine)",,"",1,"normal",82.5,12,,,
"Push & Abs","18 May 2026, 17:32","18 May 2026, 19:12","","Chest Fly (Machine)",,"",2,"normal",82.5,12,,,
"Push & Abs","18 May 2026, 17:32","18 May 2026, 19:12","","Bench Press (Barbell)",,"",0,"normal",50,10,,,
"Push & Abs","18 May 2026, 17:32","18 May 2026, 19:12","","Bench Press (Barbell)",,"",1,"normal",75,6,,,
"Push & Abs","18 May 2026, 17:32","18 May 2026, 19:12","","Bench Press (Barbell)",,"",2,"normal",80,3,,,
"Push & Abs","18 May 2026, 17:32","18 May 2026, 19:12","","Incline Bench Press (Smith Machine)",,"",0,"warmup",35,12,,,
"Push & Abs","18 May 2026, 17:32","18 May 2026, 19:12","","Incline Bench Press (Smith Machine)",,"",1,"normal",55,10,,,
"Push & Abs","18 May 2026, 17:32","18 May 2026, 19:12","","Incline Bench Press (Smith Machine)",,"",2,"normal",55,6,,,
"Push & Abs","18 May 2026, 17:32","18 May 2026, 19:12","","Overhead Triceps Extension (Cable)",,"V bar",0,"normal",35,15,,,
"Push & Abs","18 May 2026, 17:32","18 May 2026, 19:12","","Overhead Triceps Extension (Cable)",,"V bar",1,"normal",45,15,,,
"Push & Abs","18 May 2026, 17:32","18 May 2026, 19:12","","Overhead Triceps Extension (Cable)",,"V bar",2,"normal",55,12,,,
"Push & Abs","18 May 2026, 17:32","18 May 2026, 19:12","","Triceps Rope Pushdown",,"",0,"normal",35,15,,,
"Push & Abs","18 May 2026, 17:32","18 May 2026, 19:12","","Triceps Rope Pushdown",,"",1,"normal",35,15,,,
"Push & Abs","18 May 2026, 17:32","18 May 2026, 19:12","","Triceps Rope Pushdown",,"",2,"normal",35,12,,,
"Push & Abs","18 May 2026, 17:32","18 May 2026, 19:12","","Lateral Raise (Dumbbell)",,"",0,"warmup",15,12,,,
"Push & Abs","18 May 2026, 17:32","18 May 2026, 19:12","","Lateral Raise (Dumbbell)",,"",1,"normal",25,12,,,
"Push & Abs","18 May 2026, 17:32","18 May 2026, 19:12","","Lateral Raise (Dumbbell)",,"",2,"normal",25,12,,,
"Push & Abs","18 May 2026, 17:32","18 May 2026, 19:12","","Cable Crunch",,"",0,"normal",45,15,,,
"Push & Abs","18 May 2026, 17:32","18 May 2026, 19:12","","Cable Crunch",,"",1,"normal",50,20,,,
"Push & Abs","18 May 2026, 17:32","18 May 2026, 19:12","","Cable Crunch",,"",2,"normal",55,20,,,
"Push & Abs","18 May 2026, 17:32","18 May 2026, 19:12","","Cable Twist (Up to down)",,"",0,"normal",25,30,,,
"Push & Abs","18 May 2026, 17:32","18 May 2026, 19:12","","Cable Twist (Up to down)",,"",1,"normal",25,30,,,
"Push & Abs","18 May 2026, 17:32","18 May 2026, 19:12","","Toes to Bar",,"",0,"normal",,12,,,
"Push & Abs","18 May 2026, 17:32","18 May 2026, 19:12","","Toes to Bar",,"",1,"normal",,12,,,
"Shouldies, Abs & Cardio","16 May 2026, 17:58","16 May 2026, 19:35","","Stretching",,"",0,"normal",,,,254,
"Shouldies, Abs & Cardio","16 May 2026, 17:58","16 May 2026, 19:35","","Shoulder Press (Dumbbell)",,"",0,"normal",30,15,,,
"Shouldies, Abs & Cardio","16 May 2026, 17:58","16 May 2026, 19:35","","Shoulder Press (Dumbbell)",,"",1,"normal",40,12,,,
"Shouldies, Abs & Cardio","16 May 2026, 17:58","16 May 2026, 19:35","","Shoulder Press (Dumbbell)",,"",2,"normal",40,12,,,
"Shouldies, Abs & Cardio","16 May 2026, 17:58","16 May 2026, 19:35","","Single Arm Lateral Raise (Cable)",,"",0,"normal",15,30,,,
"Shouldies, Abs & Cardio","16 May 2026, 17:58","16 May 2026, 19:35","","Single Arm Lateral Raise (Cable)",,"",1,"normal",15,30,,,
"Shouldies, Abs & Cardio","16 May 2026, 17:58","16 May 2026, 19:35","","Single Arm Lateral Raise (Cable)",,"",2,"normal",20,24,,,
"Shouldies, Abs & Cardio","16 May 2026, 17:58","16 May 2026, 19:35","","Rear Delt Reverse Fly (Dumbbell)",,"",0,"normal",15,15,,,
"Shouldies, Abs & Cardio","16 May 2026, 17:58","16 May 2026, 19:35","","Rear Delt Reverse Fly (Dumbbell)",,"",1,"normal",20,10,,,
"Shouldies, Abs & Cardio","16 May 2026, 17:58","16 May 2026, 19:35","","Rear Delt Reverse Fly (Dumbbell)",,"",2,"normal",20,10,,,
"Shouldies, Abs & Cardio","16 May 2026, 17:58","16 May 2026, 19:35","","Toes to Bar",,"",0,"normal",,12,,,
"Shouldies, Abs & Cardio","16 May 2026, 17:58","16 May 2026, 19:35","","Toes to Bar",,"",1,"normal",,12,,,
"Shouldies, Abs & Cardio","16 May 2026, 17:58","16 May 2026, 19:35","","Toes to Bar",,"",2,"normal",,9,,,
"Shouldies, Abs & Cardio","16 May 2026, 17:58","16 May 2026, 19:35","","Cable Twist (Up to down)",,"",0,"normal",20,30,,,
"Shouldies, Abs & Cardio","16 May 2026, 17:58","16 May 2026, 19:35","","Cable Twist (Up to down)",,"",1,"normal",25,30,,,
"Shouldies, Abs & Cardio","16 May 2026, 17:58","16 May 2026, 19:35","","Crunch (Weighted)",,"",0,"normal",22.5,12,,,
"Shouldies, Abs & Cardio","16 May 2026, 17:58","16 May 2026, 19:35","","Crunch (Weighted)",,"",1,"normal",22.5,12,,,
"Shouldies, Abs & Cardio","16 May 2026, 17:58","16 May 2026, 19:35","","Crunch (Weighted)",,"",2,"normal",22.5,12,,,
"Shouldies, Abs & Cardio","16 May 2026, 17:58","16 May 2026, 19:35","","Crunch (Weighted)",,"",3,"normal",27.5,12,,,
"Shouldies, Abs & Cardio","16 May 2026, 17:58","16 May 2026, 19:35","","Crunch (Weighted)",,"",4,"normal",27.5,12,,,
"Shouldies, Abs & Cardio","16 May 2026, 17:58","16 May 2026, 19:35","","Crunch (Weighted)",,"",5,"normal",27.5,12,,,
"Shouldies, Abs & Cardio","16 May 2026, 17:58","16 May 2026, 19:35","","Jumping Jack",,"",0,"normal",,50,,,
"Shouldies, Abs & Cardio","16 May 2026, 17:58","16 May 2026, 19:35","","Sprints",,"",0,"normal",,,0.1,10,
"Shouldies, Abs & Cardio","16 May 2026, 17:58","16 May 2026, 19:35","","Sprints",,"",1,"normal",,,0.17,16,
"Chest & Back","15 May 2026, 17:54","15 May 2026, 19:31","","Stretching",,"",0,"normal",,,,401,
"Chest & Back","15 May 2026, 17:54","15 May 2026, 19:31","","Push Up",,"",0,"normal",,35,,,
"Chest & Back","15 May 2026, 17:54","15 May 2026, 19:31","","Cable Fly Crossovers",,"",0,"normal",40,15,,,
"Chest & Back","15 May 2026, 17:54","15 May 2026, 19:31","","Cable Fly Crossovers",,"",1,"normal",50,12,,,
"Chest & Back","15 May 2026, 17:54","15 May 2026, 19:31","","Cable Fly Crossovers",,"",2,"normal",50,15,,,
"Chest & Back","15 May 2026, 17:54","15 May 2026, 19:31","","Incline Bench Press (Dumbbell)",,"",0,"warmup",30,15,,,
"Chest & Back","15 May 2026, 17:54","15 May 2026, 19:31","","Incline Bench Press (Dumbbell)",,"",1,"normal",50,12,,,
"Chest & Back","15 May 2026, 17:54","15 May 2026, 19:31","","Incline Bench Press (Dumbbell)",,"",2,"normal",60,12,,,
"Chest & Back","15 May 2026, 17:54","15 May 2026, 19:31","","Incline Chest Fly (Dumbbell)",,"Cable",0,"normal",40,12,,,
"Chest & Back","15 May 2026, 17:54","15 May 2026, 19:31","","Incline Chest Fly (Dumbbell)",,"Cable",1,"normal",40,12,,,
"Chest & Back","15 May 2026, 17:54","15 May 2026, 19:31","","Incline Chest Fly (Dumbbell)",,"Cable",2,"normal",40,12,,,
"Chest & Back","15 May 2026, 17:54","15 May 2026, 19:31","","Pull Up",,"",0,"normal",,12,,,
"Chest & Back","15 May 2026, 17:54","15 May 2026, 19:31","","Pull Up",,"",1,"normal",,12,,,
"Chest & Back","15 May 2026, 17:54","15 May 2026, 19:31","","Lat Pulldown - Close Grip (Cable)",,"",0,"normal",58.5,12,,,
"Chest & Back","15 May 2026, 17:54","15 May 2026, 19:31","","Lat Pulldown - Close Grip (Cable)",,"",1,"normal",58.5,12,,,
"Chest & Back","15 May 2026, 17:54","15 May 2026, 19:31","","Lat Pulldown - Close Grip (Cable)",,"",2,"normal",58.5,10,,,
"Chest & Back","15 May 2026, 17:54","15 May 2026, 19:31","","Single Arm Lat Pulldown",,"Cable",0,"normal",35,24,,,
"Chest & Back","15 May 2026, 17:54","15 May 2026, 19:31","","Single Arm Lat Pulldown",,"Cable",1,"normal",35,24,,,
"Chest & Back","15 May 2026, 17:54","15 May 2026, 19:31","","Bent Over Row (Barbell)",,"",0,"warmup",20,12,,,
"Chest & Back","15 May 2026, 17:54","15 May 2026, 19:31","","Bent Over Row (Barbell)",,"",1,"normal",40,15,,,
"Chest & Back","15 May 2026, 17:54","15 May 2026, 19:31","","Bent Over Row (Barbell)",,"",2,"normal",60,12,,,
"Chest & Back","15 May 2026, 17:54","15 May 2026, 19:31","","Shrug (Barbell)",,"",0,"normal",60,16,,,
"Chest & Back","15 May 2026, 17:54","15 May 2026, 19:31","","Shrug (Barbell)",,"",1,"normal",60,15,,,
"Chest & Back","15 May 2026, 17:54","15 May 2026, 19:31","","Shrug (Barbell)",,"",2,"normal",70,15,,,
"Chest & Back","15 May 2026, 17:54","15 May 2026, 19:31","","Dead Hang",,"",0,"normal",,,,33,
"Chest & Back","15 May 2026, 17:54","15 May 2026, 19:31","","Dead Hang",,"",1,"normal",,,,34,
"Arms","14 May 2026, 17:53","14 May 2026, 19:25","","Stretching",,"",0,"normal",,,,214,
"Arms","14 May 2026, 17:53","14 May 2026, 19:25","","Chin Up",,"",0,"normal",,12,,,
"Arms","14 May 2026, 17:53","14 May 2026, 19:25","","Seated Incline Curl (Dumbbell)",,"",0,"normal",25,11,,,
"Arms","14 May 2026, 17:53","14 May 2026, 19:25","","Seated Incline Curl (Dumbbell)",,"",1,"normal",25,12,,,
"Arms","14 May 2026, 17:53","14 May 2026, 19:25","","Seated Incline Curl (Dumbbell)",,"",2,"normal",25,7,,,
"Arms","14 May 2026, 17:53","14 May 2026, 19:25","","Seated Incline Curl (Dumbbell)",,"",3,"dropset",15,6,,,
"Arms","14 May 2026, 17:53","14 May 2026, 19:25","","Diamond Push Up",,"",0,"normal",,20,,,
"Arms","14 May 2026, 17:53","14 May 2026, 19:25","","Skullcrusher (Barbell)",,"",0,"normal",25,12,,,
"Arms","14 May 2026, 17:53","14 May 2026, 19:25","","Skullcrusher (Barbell)",,"",1,"normal",25,15,,,
"Arms","14 May 2026, 17:53","14 May 2026, 19:25","","Skullcrusher (Barbell)",,"",2,"normal",30,10,,,
"Arms","14 May 2026, 17:53","14 May 2026, 19:25","","Hammer Curl (Dumbbell)",,"Strict",0,"normal",25,12,,,
"Arms","14 May 2026, 17:53","14 May 2026, 19:25","","Hammer Curl (Dumbbell)",,"Strict",1,"normal",25,12,,,
"Arms","14 May 2026, 17:53","14 May 2026, 19:25","","Hammer Curl (Dumbbell)",,"Strict",2,"normal",25,12,,,
"Arms","14 May 2026, 17:53","14 May 2026, 19:25","","Triceps Rope Pushdown",,"",0,"normal",30,15,,,
"Arms","14 May 2026, 17:53","14 May 2026, 19:25","","Triceps Rope Pushdown",,"",1,"normal",35,12,,,
"Arms","14 May 2026, 17:53","14 May 2026, 19:25","","Triceps Rope Pushdown",,"",2,"normal",35,12,,,
"Arms","14 May 2026, 17:53","14 May 2026, 19:25","","Triceps Rope Pushdown",,"",3,"dropset",20,12,,,
"Arms","14 May 2026, 17:53","14 May 2026, 19:25","","Single Arm Curl (Cable)",,"",0,"normal",25,24,,,
"Arms","14 May 2026, 17:53","14 May 2026, 19:25","","Single Arm Curl (Cable)",,"",1,"normal",25,24,,,
"Arms","14 May 2026, 17:53","14 May 2026, 19:25","","Bicep Curl (Cable)",,"",0,"normal",45,15,,,
"Arms","14 May 2026, 17:53","14 May 2026, 19:25","","Single Arm Triceps Pushdown (Cable)",,"Cbum var.",0,"normal",10,30,,,
"Arms","14 May 2026, 17:53","14 May 2026, 19:25","","Single Arm Triceps Pushdown (Cable)",,"Cbum var.",1,"normal",15,24,,,
"Arms","14 May 2026, 17:53","14 May 2026, 19:25","","Seated Palms Up Wrist Curl",0,"",0,"normal",25,15,,,
"Arms","14 May 2026, 17:53","14 May 2026, 19:25","","Seated Palms Up Wrist Curl",0,"",1,"normal",30,15,,,
"Arms","14 May 2026, 17:53","14 May 2026, 19:25","","Seated Wrist Extension (Barbell)",0,"",0,"normal",15,18,,,
"Arms","14 May 2026, 17:53","14 May 2026, 19:25","","Seated Wrist Extension (Barbell)",0,"",1,"normal",20,18,,,
"Legs","13 May 2026, 18:02","13 May 2026, 19:28","","Stretching",,"Legs",0,"normal",,,,330,
"Legs","13 May 2026, 18:02","13 May 2026, 19:28","","Bulgarian Split Squat",,"",0,"normal",20,12,,,
"Legs","13 May 2026, 18:02","13 May 2026, 19:28","","Bulgarian Split Squat",,"",1,"normal",25,12,,,
"Legs","13 May 2026, 18:02","13 May 2026, 19:28","","Bulgarian Split Squat",,"",2,"normal",25,12,,,
"Legs","13 May 2026, 18:02","13 May 2026, 19:28","","Seated Leg Curl (Machine)",,"",0,"normal",55,12,,,
"Legs","13 May 2026, 18:02","13 May 2026, 19:28","","Seated Leg Curl (Machine)",,"",1,"normal",55,12,,,
"Legs","13 May 2026, 18:02","13 May 2026, 19:28","","Seated Leg Curl (Machine)",,"",2,"normal",55,12,,,
"Legs","13 May 2026, 18:02","13 May 2026, 19:28","","Leg Extension (Machine)",,"",0,"normal",50,12,,,
"Legs","13 May 2026, 18:02","13 May 2026, 19:28","","Leg Extension (Machine)",,"",1,"normal",55,12,,,
"Legs","13 May 2026, 18:02","13 May 2026, 19:28","","Leg Extension (Machine)",,"",2,"normal",60,12,,,
"Legs","13 May 2026, 18:02","13 May 2026, 19:28","","Hip Abduction (Machine)",0,"",0,"normal",70,12,,,
"Legs","13 May 2026, 18:02","13 May 2026, 19:28","","Hip Abduction (Machine)",0,"",1,"normal",70,15,,,
"Legs","13 May 2026, 18:02","13 May 2026, 19:28","","Hip Adduction (Machine)",0,"",0,"normal",70,12,,,
"Legs","13 May 2026, 18:02","13 May 2026, 19:28","","Hip Adduction (Machine)",0,"",1,"normal",70,15,,,
"Legs","13 May 2026, 18:02","13 May 2026, 19:28","","Standing Calf Raise (Smith)",,"",0,"normal",50,15,,,
"Legs","13 May 2026, 18:02","13 May 2026, 19:28","","Standing Calf Raise (Smith)",,"",1,"normal",50,15,,,
"Legs","13 May 2026, 18:02","13 May 2026, 19:28","","Standing Calf Raise (Smith)",,"",2,"normal",50,15,,,
"Legs","13 May 2026, 18:02","13 May 2026, 19:28","","Leg Press (Machine)",,"",0,"normal",100,12,,,
"Legs","13 May 2026, 18:02","13 May 2026, 19:28","","Leg Press (Machine)",,"",1,"normal",140,12,,,
"Legs","13 May 2026, 18:02","13 May 2026, 19:28","","Leg Press (Machine)",,"",2,"normal",155,12,,,
"Pull","12 May 2026, 17:48","12 May 2026, 19:22","","Stretching",,"Back",0,"normal",,,,426,
"Pull","12 May 2026, 17:48","12 May 2026, 19:22","","Pull Up",,"",0,"normal",,15,,,
"Pull","12 May 2026, 17:48","12 May 2026, 19:22","","Pull Up",,"",1,"normal",,12,,,
"Pull","12 May 2026, 17:48","12 May 2026, 19:22","","Lat Pulldown (Cable)",,"",0,"normal",65,12,,,
"Pull","12 May 2026, 17:48","12 May 2026, 19:22","","Chest Supported Incline Row (Dumbbell)",,"",0,"normal",40,12,,,
"Pull","12 May 2026, 17:48","12 May 2026, 19:22","","Chest Supported Incline Row (Dumbbell)",,"",1,"normal",45,12,,,
"Pull","12 May 2026, 17:48","12 May 2026, 19:22","","Chest Supported Incline Row (Dumbbell)",,"",2,"normal",50,8,,,
"Pull","12 May 2026, 17:48","12 May 2026, 19:22","","Straight Arm Lat Pulldown (Cable)",,"Seated",0,"normal",30,12,,,
"Pull","12 May 2026, 17:48","12 May 2026, 19:22","","Straight Arm Lat Pulldown (Cable)",,"Seated",1,"normal",35,12,,,
"Pull","12 May 2026, 17:48","12 May 2026, 19:22","","Straight Arm Lat Pulldown (Cable)",,"Seated",2,"normal",35,15,,,
"Pull","12 May 2026, 17:48","12 May 2026, 19:22","","Reverse Grip Lat Pulldown (Cable)",,"",0,"normal",65,12,,,
"Pull","12 May 2026, 17:48","12 May 2026, 19:22","","Reverse Grip Lat Pulldown (Cable)",,"",1,"normal",65,11,,,
"Pull","12 May 2026, 17:48","12 May 2026, 19:22","","Face Pull",,"",0,"normal",35,12,,,
"Pull","12 May 2026, 17:48","12 May 2026, 19:22","","Face Pull",,"",1,"normal",40,12,,,
"Pull","12 May 2026, 17:48","12 May 2026, 19:22","","Face Pull",,"",2,"normal",45,15,,,
"Pull","12 May 2026, 17:48","12 May 2026, 19:22","","Behind the Back Curl (Cable)",,"",0,"normal",40,12,,,
"Pull","12 May 2026, 17:48","12 May 2026, 19:22","","Behind the Back Curl (Cable)",,"",1,"normal",40,12,,,
"Pull","12 May 2026, 17:48","12 May 2026, 19:22","","Behind the Back Curl (Cable)",,"",2,"normal",40,11,,,
"Pull","12 May 2026, 17:48","12 May 2026, 19:22","","Bicep Curl (Cable)",0,"",0,"normal",35,12,,,
"Pull","12 May 2026, 17:48","12 May 2026, 19:22","","Bicep Curl (Cable)",0,"",1,"normal",35,12,,,
"Pull","12 May 2026, 17:48","12 May 2026, 19:22","","Reverse Curl (Cable)",0,"",0,"normal",30,12,,,
"Pull","12 May 2026, 17:48","12 May 2026, 19:22","","Reverse Curl (Cable)",0,"",1,"normal",30,10,,,
"Pull","12 May 2026, 17:48","12 May 2026, 19:22","","Hammer Curl (Cable)",,"",0,"normal",35,12,,,
"Pull","12 May 2026, 17:48","12 May 2026, 19:22","","Hammer Curl (Cable)",,"",1,"normal",30,12,,,
"Push + Abs","11 May 2026, 17:50","11 May 2026, 19:22","","Stretching",,"",0,"normal",,,,137,
"Push + Abs","11 May 2026, 17:50","11 May 2026, 19:22","","Push Up",,"",0,"normal",,30,,,
"Push + Abs","11 May 2026, 17:50","11 May 2026, 19:22","","Chest Fly (Machine)",,"",0,"warmup",45,12,,,
"Push + Abs","11 May 2026, 17:50","11 May 2026, 19:22","","Chest Fly (Machine)",,"",1,"normal",75,12,,,
"Push + Abs","11 May 2026, 17:50","11 May 2026, 19:22","","Chest Fly (Machine)",,"",2,"normal",75,12,,,
"Push + Abs","11 May 2026, 17:50","11 May 2026, 19:22","","Incline Bench Press (Smith Machine)",,"",0,"warmup",40,12,,,
"Push + Abs","11 May 2026, 17:50","11 May 2026, 19:22","","Incline Bench Press (Smith Machine)",,"",1,"normal",50,12,,,
"Push + Abs","11 May 2026, 17:50","11 May 2026, 19:22","","Incline Bench Press (Smith Machine)",,"",2,"normal",50,9,,,
"Push + Abs","11 May 2026, 17:50","11 May 2026, 19:22","","Bench Press (Dumbbell)",,"",0,"normal",40,12,,,
"Push + Abs","11 May 2026, 17:50","11 May 2026, 19:22","","Bench Press (Dumbbell)",,"",1,"normal",50,10,,,
"Push + Abs","11 May 2026, 17:50","11 May 2026, 19:22","","Triceps Rope Pushdown",,"",0,"normal",35,12,,,
"Push + Abs","11 May 2026, 17:50","11 May 2026, 19:22","","Triceps Rope Pushdown",,"",1,"normal",30,12,,,
"Push + Abs","11 May 2026, 17:50","11 May 2026, 19:22","","Triceps Rope Pushdown",,"",2,"normal",30,15,,,
"Push + Abs","11 May 2026, 17:50","11 May 2026, 19:22","","Overhead Triceps Extension (Cable)",,"V bar",0,"normal",25,15,,,
"Push + Abs","11 May 2026, 17:50","11 May 2026, 19:22","","Overhead Triceps Extension (Cable)",,"V bar",1,"normal",40,12,,,
"Push + Abs","11 May 2026, 17:50","11 May 2026, 19:22","","Overhead Triceps Extension (Cable)",,"V bar",2,"normal",40,12,,,
"Push + Abs","11 May 2026, 17:50","11 May 2026, 19:22","","Seated Triceps Press",,"",0,"normal",90,12,,,
"Push + Abs","11 May 2026, 17:50","11 May 2026, 19:22","","Seated Triceps Press",,"",1,"normal",95,15,,,
"Push + Abs","11 May 2026, 17:50","11 May 2026, 19:22","","Lateral Raise (Dumbbell)",,"",0,"normal",20,12,,,
"Push + Abs","11 May 2026, 17:50","11 May 2026, 19:22","","Lateral Raise (Dumbbell)",,"",1,"normal",25,10,,,
"Push + Abs","11 May 2026, 17:50","11 May 2026, 19:22","","Toes to Bar",,"",0,"normal",,12,,,
"Push + Abs","11 May 2026, 17:50","11 May 2026, 19:22","","Toes to Bar",,"",1,"normal",,12,,,
"Push + Abs","11 May 2026, 17:50","11 May 2026, 19:22","","Russian Twist (Bodyweight)",,"Hanging",0,"normal",,24,,,
"Legs & Deadlift","9 May 2026, 17:44","9 May 2026, 19:22","130 DL 💋","Stretching",,"",0,"normal",,,,392,
"Legs & Deadlift","9 May 2026, 17:44","9 May 2026, 19:22","130 DL 💋","Deadlift (Barbell)",,"",0,"warmup",60,6,,,
"Legs & Deadlift","9 May 2026, 17:44","9 May 2026, 19:22","130 DL 💋","Deadlift (Barbell)",,"",1,"normal",100,3,,,
"Legs & Deadlift","9 May 2026, 17:44","9 May 2026, 19:22","130 DL 💋","Deadlift (Barbell)",,"",2,"normal",110,3,,,
"Legs & Deadlift","9 May 2026, 17:44","9 May 2026, 19:22","130 DL 💋","Deadlift (Barbell)",,"",3,"normal",120,3,,,
"Legs & Deadlift","9 May 2026, 17:44","9 May 2026, 19:22","130 DL 💋","Deadlift (Barbell)",,"",4,"normal",130,1,,,
"Legs & Deadlift","9 May 2026, 17:44","9 May 2026, 19:22","130 DL 💋","Leg Extension (Machine)",,"",0,"normal",50,12,,,
"Legs & Deadlift","9 May 2026, 17:44","9 May 2026, 19:22","130 DL 💋","Leg Extension (Machine)",,"",1,"normal",60,12,,,
"Legs & Deadlift","9 May 2026, 17:44","9 May 2026, 19:22","130 DL 💋","Leg Extension (Machine)",,"",2,"normal",70,12,,,
"Legs & Deadlift","9 May 2026, 17:44","9 May 2026, 19:22","130 DL 💋","Seated Leg Curl (Machine)",,"",0,"normal",55,12,,,
"Legs & Deadlift","9 May 2026, 17:44","9 May 2026, 19:22","130 DL 💋","Seated Leg Curl (Machine)",,"",1,"normal",60,12,,,
"Legs & Deadlift","9 May 2026, 17:44","9 May 2026, 19:22","130 DL 💋","Seated Leg Curl (Machine)",,"",2,"normal",60,12,,,
"Legs & Deadlift","9 May 2026, 17:44","9 May 2026, 19:22","130 DL 💋","Hip Adduction (Machine)",0,"",0,"normal",70,12,,,
"Legs & Deadlift","9 May 2026, 17:44","9 May 2026, 19:22","130 DL 💋","Hip Adduction (Machine)",0,"",1,"normal",80,12,,,
"Legs & Deadlift","9 May 2026, 17:44","9 May 2026, 19:22","130 DL 💋","Hip Adduction (Machine)",0,"",2,"normal",80,12,,,
"Legs & Deadlift","9 May 2026, 17:44","9 May 2026, 19:22","130 DL 💋","Hip Abduction (Machine)",0,"",0,"normal",70,12,,,
"Legs & Deadlift","9 May 2026, 17:44","9 May 2026, 19:22","130 DL 💋","Hip Abduction (Machine)",0,"",1,"normal",70,15,,,
"Legs & Deadlift","9 May 2026, 17:44","9 May 2026, 19:22","130 DL 💋","Hip Abduction (Machine)",0,"",2,"normal",80,12,,,
"Legs & Deadlift","9 May 2026, 17:44","9 May 2026, 19:22","130 DL 💋","Standing Calf Raise (Smith)",,"",0,"normal",40,15,,,
"Legs & Deadlift","9 May 2026, 17:44","9 May 2026, 19:22","130 DL 💋","Standing Calf Raise (Smith)",,"",1,"normal",50,18,,,
"Legs & Deadlift","9 May 2026, 17:44","9 May 2026, 19:22","130 DL 💋","Standing Calf Raise (Smith)",,"",2,"normal",50,18,,,
"Lol","8 May 2026, 17:53","8 May 2026, 18:56","","Stretching",,"Misc.",0,"normal",,,,219,
"Lol","8 May 2026, 17:53","8 May 2026, 18:56","","Dead Hang",,"",0,"normal",,,,43,
"Lol","8 May 2026, 17:53","8 May 2026, 18:56","","Dead Hang",,"",1,"normal",,,,42,
"Lol","8 May 2026, 17:53","8 May 2026, 18:56","","Dead Hang",,"",2,"normal",,,,36,
"Lol","8 May 2026, 17:53","8 May 2026, 18:56","","Back Extension (Hyperextension)",,"",0,"normal",,16,,,
"Lol","8 May 2026, 17:53","8 May 2026, 18:56","","Back Extension (Hyperextension)",,"",1,"normal",,18,,,
"Lol","8 May 2026, 17:53","8 May 2026, 18:56","","Back Extension (Hyperextension)",,"",2,"normal",,18,,,
"Arms","7 May 2026, 17:44","7 May 2026, 19:17","150th wk💋","Stretching",,"Arms",0,"normal",,,,86,
"Arms","7 May 2026, 17:44","7 May 2026, 19:17","150th wk💋","Diamond Push Up",,"",0,"normal",,15,,,
"Arms","7 May 2026, 17:44","7 May 2026, 19:17","150th wk💋","Chin Up",,"",0,"normal",,12,,,
"Arms","7 May 2026, 17:44","7 May 2026, 19:17","150th wk💋","Front Raise (Cable)",,"",0,"normal",20,12,,,
"Arms","7 May 2026, 17:44","7 May 2026, 19:17","150th wk💋","Front Raise (Cable)",,"",1,"normal",30,12,,,
"Arms","7 May 2026, 17:44","7 May 2026, 19:17","150th wk💋","Front Raise (Cable)",,"",2,"normal",30,12,,,
"Arms","7 May 2026, 17:44","7 May 2026, 19:17","150th wk💋","Seated Incline Curl (Dumbbell)",,"",0,"normal",25,10,,,
"Arms","7 May 2026, 17:44","7 May 2026, 19:17","150th wk💋","Seated Incline Curl (Dumbbell)",,"",1,"normal",25,9,,,
"Arms","7 May 2026, 17:44","7 May 2026, 19:17","150th wk💋","Seated Incline Curl (Dumbbell)",,"",2,"normal",25,7,,,
"Arms","7 May 2026, 17:44","7 May 2026, 19:17","150th wk💋","Seated Incline Curl (Dumbbell)",,"",3,"dropset",15,6,,,
"Arms","7 May 2026, 17:44","7 May 2026, 19:17","150th wk💋","Seated Triceps Press",,"",0,"normal",90,12,,,
"Arms","7 May 2026, 17:44","7 May 2026, 19:17","150th wk💋","Seated Triceps Press",,"",1,"normal",90,12,,,
"Arms","7 May 2026, 17:44","7 May 2026, 19:17","150th wk💋","Seated Triceps Press",,"",2,"normal",100,10,,,
"Arms","7 May 2026, 17:44","7 May 2026, 19:17","150th wk💋","Single Arm Curl (Cable)",,"",0,"normal",20,24,,,
"Arms","7 May 2026, 17:44","7 May 2026, 19:17","150th wk💋","Single Arm Curl (Cable)",,"",1,"normal",25,22,,,
"Arms","7 May 2026, 17:44","7 May 2026, 19:17","150th wk💋","Single Arm Curl (Cable)",,"",2,"normal",25,20,,,
"Arms","7 May 2026, 17:44","7 May 2026, 19:17","150th wk💋","Triceps Rope Pushdown",,"",0,"normal",30,15,,,
"Arms","7 May 2026, 17:44","7 May 2026, 19:17","150th wk💋","Triceps Rope Pushdown",,"",1,"normal",35,12,,,
"Arms","7 May 2026, 17:44","7 May 2026, 19:17","150th wk💋","Triceps Rope Pushdown",,"",2,"normal",30,18,,,
"Arms","7 May 2026, 17:44","7 May 2026, 19:17","150th wk💋","Hammer Curl (Dumbbell)",,"Preacher",0,"normal",25,12,,,
"Arms","7 May 2026, 17:44","7 May 2026, 19:17","150th wk💋","Hammer Curl (Dumbbell)",,"Preacher",1,"normal",25,12,,,
"Arms","7 May 2026, 17:44","7 May 2026, 19:17","150th wk💋","Hammer Curl (Dumbbell)",,"Preacher",2,"normal",30,10,,,
"Arms","7 May 2026, 17:44","7 May 2026, 19:17","150th wk💋","Seated Palms Up Wrist Curl",0,"Barbell (thnx to bhaiya for 25)",0,"normal",20,15,,,
"Arms","7 May 2026, 17:44","7 May 2026, 19:17","150th wk💋","Seated Palms Up Wrist Curl",0,"Barbell (thnx to bhaiya for 25)",1,"normal",25,15,,,
"Arms","7 May 2026, 17:44","7 May 2026, 19:17","150th wk💋","Reverse Curl (Barbell)",0,"",0,"normal",20,12,,,
"Arms","7 May 2026, 17:44","7 May 2026, 19:17","150th wk💋","Reverse Curl (Barbell)",0,"",1,"normal",20,12,,,
"Legs","6 May 2026, 18:03","6 May 2026, 19:23","","Stretching",,"",0,"normal",,,,496,
"Legs","6 May 2026, 18:03","6 May 2026, 19:23","","Lunge (Dumbbell)",,"Walking",0,"normal",25,12,,,
"Legs","6 May 2026, 18:03","6 May 2026, 19:23","","Lunge (Dumbbell)",,"Walking",1,"normal",30,12,,,
"Legs","6 May 2026, 18:03","6 May 2026, 19:23","","Leg Press (Machine)",,"💋",0,"normal",110,12,,,
"Legs","6 May 2026, 18:03","6 May 2026, 19:23","","Leg Press (Machine)",,"💋",1,"normal",130,12,,,
"Legs","6 May 2026, 18:03","6 May 2026, 19:23","","Leg Press (Machine)",,"💋",2,"normal",160,12,,,
"Legs","6 May 2026, 18:03","6 May 2026, 19:23","","Seated Leg Curl (Machine)",,"",0,"normal",55,12,,,
"Legs","6 May 2026, 18:03","6 May 2026, 19:23","","Seated Leg Curl (Machine)",,"",1,"normal",60,12,,,
"Legs","6 May 2026, 18:03","6 May 2026, 19:23","","Hip Abduction (Machine)",0,"",0,"normal",70,12,,,
"Legs","6 May 2026, 18:03","6 May 2026, 19:23","","Hip Abduction (Machine)",0,"",1,"normal",70,12,,,
"Legs","6 May 2026, 18:03","6 May 2026, 19:23","","Hip Adduction (Machine)",0,"",0,"normal",70,12,,,
"Legs","6 May 2026, 18:03","6 May 2026, 19:23","","Hip Adduction (Machine)",0,"",1,"normal",70,12,,,
"Legs","6 May 2026, 18:03","6 May 2026, 19:23","","Standing Calf Raise (Smith)",,"",0,"normal",50,15,,,
"Legs","6 May 2026, 18:03","6 May 2026, 19:23","","Standing Calf Raise (Smith)",,"",1,"normal",50,18,,,
"Push","5 May 2026, 17:51","5 May 2026, 19:28","","Stretching",,"",0,"normal",,,,437,
"Push","5 May 2026, 17:51","5 May 2026, 19:28","","Push Up",,"",0,"normal",,30,,,
"Push","5 May 2026, 17:51","5 May 2026, 19:28","","Incline Bench Press (Dumbbell)",,"",0,"warmup",25,12,,,
"Push","5 May 2026, 17:51","5 May 2026, 19:28","","Incline Bench Press (Dumbbell)",,"",1,"normal",50,10,,,
"Push","5 May 2026, 17:51","5 May 2026, 19:28","","Incline Bench Press (Dumbbell)",,"",2,"normal",50,10,,,
"Push","5 May 2026, 17:51","5 May 2026, 19:28","","Chest Fly (Machine)",,"",0,"normal",75,12,,,
"Push","5 May 2026, 17:51","5 May 2026, 19:28","","Chest Fly (Machine)",,"",1,"normal",75,12,,,
"Push","5 May 2026, 17:51","5 May 2026, 19:28","","Chest Fly (Machine)",,"",2,"normal",75,12,,,
"Push","5 May 2026, 17:51","5 May 2026, 19:28","","Cable Fly Crossovers",,"",0,"normal",50,12,,,
"Push","5 May 2026, 17:51","5 May 2026, 19:28","","Cable Fly Crossovers",,"",1,"normal",50,15,,,
"Push","5 May 2026, 17:51","5 May 2026, 19:28","","Cable Fly Crossovers",,"",2,"normal",50,15,,,
"Push","5 May 2026, 17:51","5 May 2026, 19:28","","Triceps Extension (Cable)",,"",0,"normal",10,24,,,
"Push","5 May 2026, 17:51","5 May 2026, 19:28","","Triceps Extension (Cable)",,"",1,"normal",15,24,,,
"Push","5 May 2026, 17:51","5 May 2026, 19:28","","Triceps Extension (Cable)",,"",2,"normal",15,24,,,
"Push","5 May 2026, 17:51","5 May 2026, 19:28","","Triceps Rope Pushdown",,"",0,"normal",35,12,,,
"Push","5 May 2026, 17:51","5 May 2026, 19:28","","Triceps Rope Pushdown",,"",1,"normal",30,15,,,
"Push","5 May 2026, 17:51","5 May 2026, 19:28","","Triceps Rope Pushdown",,"",2,"normal",30,15,,,
"Push","5 May 2026, 17:51","5 May 2026, 19:28","","Seated Triceps Press",,"",0,"normal",70,15,,,
"Push","5 May 2026, 17:51","5 May 2026, 19:28","","Seated Triceps Press",,"",1,"normal",85,12,,,
"Push","5 May 2026, 17:51","5 May 2026, 19:28","","Seated Triceps Press",,"",2,"normal",85,12,,,
"Push","5 May 2026, 17:51","5 May 2026, 19:28","","Lateral Raise (Dumbbell)",,"",0,"normal",20,12,,,
"Push","5 May 2026, 17:51","5 May 2026, 19:28","","Lateral Raise (Dumbbell)",,"",1,"normal",20,12,,,
"Push","5 May 2026, 17:51","5 May 2026, 19:28","","Lateral Raise (Dumbbell)",,"",2,"normal",20,12,,,
"Push","5 May 2026, 17:51","5 May 2026, 19:28","","Rear Delt Reverse Fly (Dumbbell)",,"",0,"normal",15,12,,,
"Push","5 May 2026, 17:51","5 May 2026, 19:28","","Rear Delt Reverse Fly (Dumbbell)",,"",1,"normal",15,12,,,
"Push","5 May 2026, 17:51","5 May 2026, 19:28","","Rear Delt Reverse Fly (Dumbbell)",,"",2,"normal",15,12,,,
"Pull","4 May 2026, 17:21","4 May 2026, 18:43","","Stretching",,"",0,"normal",,,,374,
"Pull","4 May 2026, 17:21","4 May 2026, 18:43","","Pull Up",,"",0,"normal",,12,,,
"Pull","4 May 2026, 17:21","4 May 2026, 18:43","","Pull Up",,"",1,"normal",,12,,,
"Pull","4 May 2026, 17:21","4 May 2026, 18:43","","Pull Up",,"",2,"normal",,12,,,
"Pull","4 May 2026, 17:21","4 May 2026, 18:43","","Iso-Lateral Row (Machine)",,"",0,"normal",50,12,,,
"Pull","4 May 2026, 17:21","4 May 2026, 18:43","","Iso-Lateral Row (Machine)",,"",1,"normal",50,12,,,
"Pull","4 May 2026, 17:21","4 May 2026, 18:43","","Iso-Lateral Row (Machine)",,"",2,"normal",60,12,,,
"Pull","4 May 2026, 17:21","4 May 2026, 18:43","","Lat Pulldown - Close Grip (Cable)",,"",0,"normal",58.5,12,,,
"Pull","4 May 2026, 17:21","4 May 2026, 18:43","","Lat Pulldown - Close Grip (Cable)",,"",1,"normal",58.5,12,,,
"Pull","4 May 2026, 17:21","4 May 2026, 18:43","","Chest Supported Incline Row (Dumbbell)",,"",0,"normal",40,12,,,
"Pull","4 May 2026, 17:21","4 May 2026, 18:43","","Chest Supported Incline Row (Dumbbell)",,"",1,"normal",45,12,,,
"Pull","4 May 2026, 17:21","4 May 2026, 18:43","","Chest Supported Incline Row (Dumbbell)",,"",2,"normal",45,12,,,
"Pull","4 May 2026, 17:21","4 May 2026, 18:43","","Behind the Back Curl (Cable)",,"",0,"normal",40,12,,,
"Pull","4 May 2026, 17:21","4 May 2026, 18:43","","Behind the Back Curl (Cable)",,"",1,"normal",40,12,,,
"Pull","4 May 2026, 17:21","4 May 2026, 18:43","","Behind the Back Curl (Cable)",,"",2,"normal",40,12,,,
"Pull","4 May 2026, 17:21","4 May 2026, 18:43","","Bicep Curl (Cable)",,"",0,"normal",40,12,,,
"Pull","4 May 2026, 17:21","4 May 2026, 18:43","","Bicep Curl (Cable)",,"",1,"normal",45,12,,,
"Legs & Shouldies","2 May 2026, 17:51","2 May 2026, 19:29","nicest.","Stretching",,"Legs",0,"normal",,,,299,
"Legs & Shouldies","2 May 2026, 17:51","2 May 2026, 19:29","nicest.","Leg Extension (Machine)",,"",0,"warmup",30,12,,,
"Legs & Shouldies","2 May 2026, 17:51","2 May 2026, 19:29","nicest.","Leg Extension (Machine)",,"",1,"normal",55,12,,,
"Legs & Shouldies","2 May 2026, 17:51","2 May 2026, 19:29","nicest.","Leg Extension (Machine)",,"",2,"normal",60,12,,,
"Legs & Shouldies","2 May 2026, 17:51","2 May 2026, 19:29","nicest.","Seated Leg Curl (Machine)",,"",0,"normal",55,15,,,
"Legs & Shouldies","2 May 2026, 17:51","2 May 2026, 19:29","nicest.","Seated Leg Curl (Machine)",,"",1,"normal",60,12,,,
"Legs & Shouldies","2 May 2026, 17:51","2 May 2026, 19:29","nicest.","Hip Adduction (Machine)",0,"",0,"normal",70,12,,,
"Legs & Shouldies","2 May 2026, 17:51","2 May 2026, 19:29","nicest.","Hip Adduction (Machine)",0,"",1,"normal",80,15,,,
"Legs & Shouldies","2 May 2026, 17:51","2 May 2026, 19:29","nicest.","Hip Adduction (Machine)",0,"",2,"normal",80,15,,,
"Legs & Shouldies","2 May 2026, 17:51","2 May 2026, 19:29","nicest.","Hip Abduction (Machine)",0,"",0,"normal",70,15,,,
"Legs & Shouldies","2 May 2026, 17:51","2 May 2026, 19:29","nicest.","Hip Abduction (Machine)",0,"",1,"normal",80,15,,,
"Legs & Shouldies","2 May 2026, 17:51","2 May 2026, 19:29","nicest.","Hip Abduction (Machine)",0,"",2,"normal",80,15,,,
"Legs & Shouldies","2 May 2026, 17:51","2 May 2026, 19:29","nicest.","Leg Press (Machine)",,"",0,"normal",100,12,,,
"Legs & Shouldies","2 May 2026, 17:51","2 May 2026, 19:29","nicest.","Leg Press (Machine)",,"",1,"normal",130,12,,,
"Legs & Shouldies","2 May 2026, 17:51","2 May 2026, 19:29","nicest.","Leg Press (Machine)",,"",2,"normal",150,12,,,
"Legs & Shouldies","2 May 2026, 17:51","2 May 2026, 19:29","nicest.","Stretching",,"",0,"normal",,,,151,
"Legs & Shouldies","2 May 2026, 17:51","2 May 2026, 19:29","nicest.","Shoulder Press (Dumbbell)",,"",0,"normal",25,12,,,
"Legs & Shouldies","2 May 2026, 17:51","2 May 2026, 19:29","nicest.","Shoulder Press (Dumbbell)",,"",1,"normal",35,12,,,
"Legs & Shouldies","2 May 2026, 17:51","2 May 2026, 19:29","nicest.","Shoulder Press (Dumbbell)",,"",2,"normal",40,8,,,
"Legs & Shouldies","2 May 2026, 17:51","2 May 2026, 19:29","nicest.","Lateral Raise (Dumbbell)",,"",0,"normal",20,14,,,
"Legs & Shouldies","2 May 2026, 17:51","2 May 2026, 19:29","nicest.","Lateral Raise (Dumbbell)",,"",1,"normal",25,10,,,
"Legs & Shouldies","2 May 2026, 17:51","2 May 2026, 19:29","nicest.","Spinning",,"",0,"normal",,,,92,
"Chest & Back","1 May 2026, 18:03","1 May 2026, 19:34","70 kgs bench 💋","Stretching",,"Chest",0,"normal",,,,215,
"Chest & Back","1 May 2026, 18:03","1 May 2026, 19:34","70 kgs bench 💋","Push Up",,"",0,"normal",,35,,,
"Chest & Back","1 May 2026, 18:03","1 May 2026, 19:34","70 kgs bench 💋","Bench Press (Barbell)",,"💋",0,"warmup",40,15,,,
"Chest & Back","1 May 2026, 18:03","1 May 2026, 19:34","70 kgs bench 💋","Bench Press (Barbell)",,"💋",1,"normal",70,9,,,
"Chest & Back","1 May 2026, 18:03","1 May 2026, 19:34","70 kgs bench 💋","Bench Press (Barbell)",,"💋",2,"normal",70,6,,,
"Chest & Back","1 May 2026, 18:03","1 May 2026, 19:34","70 kgs bench 💋","Low Cable Fly Crossovers",,"",0,"normal",30,12,,,
"Chest & Back","1 May 2026, 18:03","1 May 2026, 19:34","70 kgs bench 💋","Low Cable Fly Crossovers",,"",1,"normal",25,12,,,
"Chest & Back","1 May 2026, 18:03","1 May 2026, 19:34","70 kgs bench 💋","Low Cable Fly Crossovers",,"",2,"normal",25,12,,,
"Chest & Back","1 May 2026, 18:03","1 May 2026, 19:34","70 kgs bench 💋","Incline Chest Fly (Dumbbell)",,"Cable",0,"normal",20,12,,,
"Chest & Back","1 May 2026, 18:03","1 May 2026, 19:34","70 kgs bench 💋","Incline Chest Fly (Dumbbell)",,"Cable",1,"normal",30,12,,,
"Chest & Back","1 May 2026, 18:03","1 May 2026, 19:34","70 kgs bench 💋","Incline Chest Fly (Dumbbell)",,"Cable",2,"normal",30,12,,,
"Chest & Back","1 May 2026, 18:03","1 May 2026, 19:34","70 kgs bench 💋","Pull Up",,"",0,"normal",,15,,,
"Chest & Back","1 May 2026, 18:03","1 May 2026, 19:34","70 kgs bench 💋","Pull Up",,"",1,"normal",,11,,,
"Chest & Back","1 May 2026, 18:03","1 May 2026, 19:34","70 kgs bench 💋","Seated Cable Row - Bar Wide Grip",,"",0,"normal",75,12,,,
"Chest & Back","1 May 2026, 18:03","1 May 2026, 19:34","70 kgs bench 💋","Seated Cable Row - Bar Wide Grip",,"",1,"normal",75,12,,,
"Chest & Back","1 May 2026, 18:03","1 May 2026, 19:34","70 kgs bench 💋","Single Arm Lat Pulldown",,"Cable",0,"normal",35,24,,,
"Chest & Back","1 May 2026, 18:03","1 May 2026, 19:34","70 kgs bench 💋","Single Arm Lat Pulldown",,"Cable",1,"normal",35,24,,,
"Chest & Back","1 May 2026, 18:03","1 May 2026, 19:34","70 kgs bench 💋","Single Arm Lat Pulldown",,"Cable",2,"normal",40,24,,,
"Chest & Back","1 May 2026, 18:03","1 May 2026, 19:34","70 kgs bench 💋","Straight Arm Lat Pulldown (Cable)",,"Seated",0,"normal",35,12,,,
"Chest & Back","1 May 2026, 18:03","1 May 2026, 19:34","70 kgs bench 💋","Straight Arm Lat Pulldown (Cable)",,"Seated",1,"normal",35,15,,,
"Chest & Back","1 May 2026, 18:03","1 May 2026, 19:34","70 kgs bench 💋","Straight Arm Lat Pulldown (Cable)",,"Seated",2,"normal",40,12,,,
"Chest & Back","1 May 2026, 18:03","1 May 2026, 19:34","70 kgs bench 💋","Dead Hang",,"",0,"normal",,,,38,
"Chest & Back","1 May 2026, 18:03","1 May 2026, 19:34","70 kgs bench 💋","Back Extension (Hyperextension)",,"",0,"normal",,20,,,
"Chest & Back","1 May 2026, 18:03","1 May 2026, 19:34","70 kgs bench 💋","Back Extension (Hyperextension)",,"",1,"normal",,20,,,
"Chest & Back","1 May 2026, 18:03","1 May 2026, 19:34","70 kgs bench 💋","Back Extension (Hyperextension)",,"",2,"normal",,14,,,
"Arms","30 Apr 2026, 17:50","30 Apr 2026, 19:28","nicest so far? (weather)","Stretching",,"",0,"normal",,,,163,
"Arms","30 Apr 2026, 17:50","30 Apr 2026, 19:28","nicest so far? (weather)","Chin Up",0,"",0,"normal",,11,,,
"Arms","30 Apr 2026, 17:50","30 Apr 2026, 19:28","nicest so far? (weather)","Diamond Push Up",0,"",0,"normal",,20,,,
"Arms","30 Apr 2026, 17:50","30 Apr 2026, 19:28","nicest so far? (weather)","Seated Incline Curl (Dumbbell)",,"💋",0,"normal",25,9,,,
"Arms","30 Apr 2026, 17:50","30 Apr 2026, 19:28","nicest so far? (weather)","Seated Incline Curl (Dumbbell)",,"💋",1,"normal",25,8,,,
"Arms","30 Apr 2026, 17:50","30 Apr 2026, 19:28","nicest so far? (weather)","Seated Incline Curl (Dumbbell)",,"💋",2,"normal",25,7,,,
"Arms","30 Apr 2026, 17:50","30 Apr 2026, 19:28","nicest so far? (weather)","Seated Incline Curl (Dumbbell)",,"💋",3,"dropset",15,5,,,
"Arms","30 Apr 2026, 17:50","30 Apr 2026, 19:28","nicest so far? (weather)","Skullcrusher (Barbell)",,"",0,"normal",15,15,,,
"Arms","30 Apr 2026, 17:50","30 Apr 2026, 19:28","nicest so far? (weather)","Skullcrusher (Barbell)",,"",1,"normal",20,12,,,
"Arms","30 Apr 2026, 17:50","30 Apr 2026, 19:28","nicest so far? (weather)","Skullcrusher (Barbell)",,"",2,"normal",25,12,,,
"Arms","30 Apr 2026, 17:50","30 Apr 2026, 19:28","nicest so far? (weather)","Hammer Curl (Dumbbell)",,"Preacher",0,"normal",25,12,,,
"Arms","30 Apr 2026, 17:50","30 Apr 2026, 19:28","nicest so far? (weather)","Hammer Curl (Dumbbell)",,"Preacher",1,"normal",30,10,,,
"Arms","30 Apr 2026, 17:50","30 Apr 2026, 19:28","nicest so far? (weather)","Hammer Curl (Dumbbell)",,"Preacher",2,"normal",30,12,,,
"Arms","30 Apr 2026, 17:50","30 Apr 2026, 19:28","nicest so far? (weather)","Seated Triceps Press",,"",0,"normal",70,15,,,
"Arms","30 Apr 2026, 17:50","30 Apr 2026, 19:28","nicest so far? (weather)","Seated Triceps Press",,"",1,"normal",70,15,,,
"Arms","30 Apr 2026, 17:50","30 Apr 2026, 19:28","nicest so far? (weather)","Seated Triceps Press",,"",2,"normal",80,12,,,
"Arms","30 Apr 2026, 17:50","30 Apr 2026, 19:28","nicest so far? (weather)","Single Arm Curl (Cable)",,"",0,"normal",20,24,,,
"Arms","30 Apr 2026, 17:50","30 Apr 2026, 19:28","nicest so far? (weather)","Single Arm Curl (Cable)",,"",1,"normal",25,20,,,
"Arms","30 Apr 2026, 17:50","30 Apr 2026, 19:28","nicest so far? (weather)","Single Arm Curl (Cable)",,"",2,"normal",25,18,,,
"Arms","30 Apr 2026, 17:50","30 Apr 2026, 19:28","nicest so far? (weather)","Single Arm Curl (Cable)",,"",3,"dropset",15,12,,,
"Arms","30 Apr 2026, 17:50","30 Apr 2026, 19:28","nicest so far? (weather)","Triceps Rope Pushdown",,"",0,"normal",30,12,,,
"Arms","30 Apr 2026, 17:50","30 Apr 2026, 19:28","nicest so far? (weather)","Triceps Rope Pushdown",,"",1,"normal",35,15,,,
"Arms","30 Apr 2026, 17:50","30 Apr 2026, 19:28","nicest so far? (weather)","Triceps Rope Pushdown",,"",2,"normal",35,15,,,
"Arms","30 Apr 2026, 17:50","30 Apr 2026, 19:28","nicest so far? (weather)","Reverse Curl (Barbell)",,"",0,"normal",20,15,,,
"Arms","30 Apr 2026, 17:50","30 Apr 2026, 19:28","nicest so far? (weather)","Reverse Curl (Barbell)",,"",1,"normal",20,13,,,
"Arms","30 Apr 2026, 17:50","30 Apr 2026, 19:28","nicest so far? (weather)","Reverse Curl (Barbell)",,"",2,"normal",20,12,,,
"Arms","30 Apr 2026, 17:50","30 Apr 2026, 19:28","nicest so far? (weather)","Behind the Back Bicep Wrist Curl (Barbell)",,"",0,"normal",35,20,,,
"Arms","30 Apr 2026, 17:50","30 Apr 2026, 19:28","nicest so far? (weather)","Behind the Back Bicep Wrist Curl (Barbell)",,"",1,"normal",35,18,,,
"Arms","30 Apr 2026, 17:50","30 Apr 2026, 19:28","nicest so far? (weather)","Behind the Back Bicep Wrist Curl (Barbell)",,"",2,"normal",35,18,,,
"Legs","29 Apr 2026, 18:19","29 Apr 2026, 19:26","how can it be nice?","Stretching",,"",0,"normal",,,,357,
"Legs","29 Apr 2026, 18:19","29 Apr 2026, 19:26","how can it be nice?","Seated Leg Curl (Machine)",,"",0,"normal",55,12,,,
"Legs","29 Apr 2026, 18:19","29 Apr 2026, 19:26","how can it be nice?","Seated Leg Curl (Machine)",,"",1,"normal",55,12,,,
"Legs","29 Apr 2026, 18:19","29 Apr 2026, 19:26","how can it be nice?","Seated Leg Curl (Machine)",,"",2,"normal",55,12,,,
"Legs","29 Apr 2026, 18:19","29 Apr 2026, 19:26","how can it be nice?","Single Leg Extensions",,"",0,"normal",30,24,,,
"Legs","29 Apr 2026, 18:19","29 Apr 2026, 19:26","how can it be nice?","Single Leg Extensions",,"",1,"normal",30,24,,,
"Legs","29 Apr 2026, 18:19","29 Apr 2026, 19:26","how can it be nice?","Single Leg Extensions",,"",2,"normal",30,24,,,
"Legs","29 Apr 2026, 18:19","29 Apr 2026, 19:26","how can it be nice?","Hip Adduction (Machine)",0,"",0,"normal",60,15,,,
"Legs","29 Apr 2026, 18:19","29 Apr 2026, 19:26","how can it be nice?","Hip Adduction (Machine)",0,"",1,"normal",70,12,,,
"Legs","29 Apr 2026, 18:19","29 Apr 2026, 19:26","how can it be nice?","Hip Adduction (Machine)",0,"",2,"normal",80,12,,,
"Legs","29 Apr 2026, 18:19","29 Apr 2026, 19:26","how can it be nice?","Hip Abduction (Machine)",0,"",0,"normal",60,15,,,
"Legs","29 Apr 2026, 18:19","29 Apr 2026, 19:26","how can it be nice?","Hip Abduction (Machine)",0,"",1,"normal",70,15,,,
"Legs","29 Apr 2026, 18:19","29 Apr 2026, 19:26","how can it be nice?","Hip Abduction (Machine)",0,"",2,"normal",80,12,,,
"Legs","29 Apr 2026, 18:19","29 Apr 2026, 19:26","how can it be nice?","Leg Press (Machine)",,"",0,"normal",100,12,,,
"Legs","29 Apr 2026, 18:19","29 Apr 2026, 19:26","how can it be nice?","Leg Press (Machine)",,"",1,"normal",130,12,,,
"Legs","29 Apr 2026, 18:19","29 Apr 2026, 19:26","how can it be nice?","Leg Press (Machine)",,"",2,"normal",150,12,,,
"Legs","29 Apr 2026, 18:19","29 Apr 2026, 19:26","how can it be nice?","Standing Calf Raise (Smith)",,"",0,"normal",50,15,,,
"Legs","29 Apr 2026, 18:19","29 Apr 2026, 19:26","how can it be nice?","Standing Calf Raise (Smith)",,"",1,"normal",50,18,,,
"Legs","29 Apr 2026, 18:19","29 Apr 2026, 19:26","how can it be nice?","Standing Calf Raise (Smith)",,"",2,"normal",50,15,,,
"Push","28 Apr 2026, 17:58","28 Apr 2026, 19:26","not quick but nicest \n10/10","Stretching",,"Chest",0,"normal",,,,321,
"Push","28 Apr 2026, 17:58","28 Apr 2026, 19:26","not quick but nicest \n10/10","Bench Press (Dumbbell)",,"",0,"warmup",30,12,,,
"Push","28 Apr 2026, 17:58","28 Apr 2026, 19:26","not quick but nicest \n10/10","Bench Press (Dumbbell)",,"",1,"normal",50,12,,,
"Push","28 Apr 2026, 17:58","28 Apr 2026, 19:26","not quick but nicest \n10/10","Bench Press (Dumbbell)",,"",2,"normal",50,12,,,
"Push","28 Apr 2026, 17:58","28 Apr 2026, 19:26","not quick but nicest \n10/10","Cable Fly Crossovers",,"",0,"normal",50,15,,,
"Push","28 Apr 2026, 17:58","28 Apr 2026, 19:26","not quick but nicest \n10/10","Cable Fly Crossovers",,"",1,"normal",50,12,,,
"Push","28 Apr 2026, 17:58","28 Apr 2026, 19:26","not quick but nicest \n10/10","Cable Fly Crossovers",,"",2,"normal",50,12,,,
"Push","28 Apr 2026, 17:58","28 Apr 2026, 19:26","not quick but nicest \n10/10","Low Cable Fly Crossovers",,"",0,"normal",20,15,,,
"Push","28 Apr 2026, 17:58","28 Apr 2026, 19:26","not quick but nicest \n10/10","Low Cable Fly Crossovers",,"",1,"normal",20,12,,,
"Push","28 Apr 2026, 17:58","28 Apr 2026, 19:26","not quick but nicest \n10/10","Low Cable Fly Crossovers",,"",2,"normal",20,12,,,
"Push","28 Apr 2026, 17:58","28 Apr 2026, 19:26","not quick but nicest \n10/10","Single Arm Triceps Pushdown (Cable)",,"",0,"normal",15,24,,,
"Push","28 Apr 2026, 17:58","28 Apr 2026, 19:26","not quick but nicest \n10/10","Single Arm Triceps Pushdown (Cable)",,"",1,"normal",15,24,,,
"Push","28 Apr 2026, 17:58","28 Apr 2026, 19:26","not quick but nicest \n10/10","Single Arm Triceps Pushdown (Cable)",,"",2,"normal",15,24,,,
"Push","28 Apr 2026, 17:58","28 Apr 2026, 19:26","not quick but nicest \n10/10","Triceps Extension (Cable)",,"",0,"normal",15,24,,,
"Push","28 Apr 2026, 17:58","28 Apr 2026, 19:26","not quick but nicest \n10/10","Triceps Extension (Cable)",,"",1,"normal",15,24,,,
"Push","28 Apr 2026, 17:58","28 Apr 2026, 19:26","not quick but nicest \n10/10","Triceps Extension (Cable)",,"",2,"normal",10,24,,,
"Push","28 Apr 2026, 17:58","28 Apr 2026, 19:26","not quick but nicest \n10/10","Single Arm Lateral Raise (Cable)",,"",0,"normal",15,24,,,
"Push","28 Apr 2026, 17:58","28 Apr 2026, 19:26","not quick but nicest \n10/10","Single Arm Lateral Raise (Cable)",,"",1,"normal",15,24,,,
"Push","28 Apr 2026, 17:58","28 Apr 2026, 19:26","not quick but nicest \n10/10","Single Arm Lateral Raise (Cable)",,"",2,"normal",15,24,,,
"Pull","27 Apr 2026, 18:26","27 Apr 2026, 19:27","quick but nice","Stretching",,"Back",0,"normal",,,,337,
"Pull","27 Apr 2026, 18:26","27 Apr 2026, 19:27","quick but nice","Pull Up",,"",0,"normal",,15,,,
"Pull","27 Apr 2026, 18:26","27 Apr 2026, 19:27","quick but nice","Pull Up",,"",1,"normal",,12,,,
"Pull","27 Apr 2026, 18:26","27 Apr 2026, 19:27","quick but nice","Lat Pulldown (Cable)",,"",0,"normal",65,10,,,
"Pull","27 Apr 2026, 18:26","27 Apr 2026, 19:27","quick but nice","Seated Cable Row - Bar Grip",,"",0,"normal",75,12,,,
"Pull","27 Apr 2026, 18:26","27 Apr 2026, 19:27","quick but nice","Seated Cable Row - Bar Grip",,"",1,"normal",75,12,,,
"Pull","27 Apr 2026, 18:26","27 Apr 2026, 19:27","quick but nice","Seated Cable Row - Bar Grip",,"",2,"normal",80,12,,,
"Pull","27 Apr 2026, 18:26","27 Apr 2026, 19:27","quick but nice","Straight Arm Lat Pulldown (Cable)",,"",0,"normal",30,15,,,
"Pull","27 Apr 2026, 18:26","27 Apr 2026, 19:27","quick but nice","Straight Arm Lat Pulldown (Cable)",,"",1,"normal",35,10,,,
"Pull","27 Apr 2026, 18:26","27 Apr 2026, 19:27","quick but nice","Straight Arm Lat Pulldown (Cable)",,"",2,"normal",35,8,,,
"Pull","27 Apr 2026, 18:26","27 Apr 2026, 19:27","quick but nice","Single Arm Curl (Cable)",,"",0,"normal",15,24,,,
"Pull","27 Apr 2026, 18:26","27 Apr 2026, 19:27","quick but nice","Single Arm Curl (Cable)",,"",1,"normal",20,24,,,
"Pull","27 Apr 2026, 18:26","27 Apr 2026, 19:27","quick but nice","Hammer Curl (Cable)",,"",0,"normal",40,12,,,
"Pull","27 Apr 2026, 18:26","27 Apr 2026, 19:27","quick but nice","Hammer Curl (Cable)",,"",1,"normal",40,12,,,
"Pull","27 Apr 2026, 18:26","27 Apr 2026, 19:27","quick but nice","Reverse Curl (Barbell)",,"",0,"normal",15,15,,,
"Pull","27 Apr 2026, 18:26","27 Apr 2026, 19:27","quick but nice","Reverse Curl (Barbell)",,"",1,"normal",20,12,,,
"Pull","27 Apr 2026, 18:26","27 Apr 2026, 19:27","quick but nice","Reverse Curl (Barbell)",,"",2,"normal",20,12,,,
"Pull","27 Apr 2026, 18:26","27 Apr 2026, 19:27","quick but nice","Seated Palms Up Wrist Curl",,"Machine",0,"normal",20,20,,,
"Pull","27 Apr 2026, 18:26","27 Apr 2026, 19:27","quick but nice","Seated Palms Up Wrist Curl",,"Machine",1,"normal",20,20,,,
"Arms & Abs","25 Apr 2026, 18:35","25 Apr 2026, 19:56","","Stretching",,"",0,"normal",,,,252,
"Arms & Abs","25 Apr 2026, 18:35","25 Apr 2026, 19:56","","Shoulder Press (Machine Plates)",,"",0,"warmup",25,12,,,
"Arms & Abs","25 Apr 2026, 18:35","25 Apr 2026, 19:56","","Shoulder Press (Machine Plates)",,"",1,"normal",40,12,,,
"Arms & Abs","25 Apr 2026, 18:35","25 Apr 2026, 19:56","","Shoulder Press (Machine Plates)",,"",2,"normal",50,12,,,
"Arms & Abs","25 Apr 2026, 18:35","25 Apr 2026, 19:56","","Lateral Raise (Dumbbell)",,"",0,"normal",20,14,,,
"Arms & Abs","25 Apr 2026, 18:35","25 Apr 2026, 19:56","","Lateral Raise (Dumbbell)",,"",1,"normal",20,12,,,
"Arms & Abs","25 Apr 2026, 18:35","25 Apr 2026, 19:56","","Bicep Curl (Barbell)",,"",0,"normal",20,12,,,
"Arms & Abs","25 Apr 2026, 18:35","25 Apr 2026, 19:56","","Bicep Curl (Barbell)",,"",1,"normal",25,12,,,
"Arms & Abs","25 Apr 2026, 18:35","25 Apr 2026, 19:56","","Hammer Curl (Dumbbell)",,"",0,"normal",25,12,,,
"Arms & Abs","25 Apr 2026, 18:35","25 Apr 2026, 19:56","","Hammer Curl (Dumbbell)",,"",1,"normal",25,10,,,
"Arms & Abs","25 Apr 2026, 18:35","25 Apr 2026, 19:56","","Triceps Pushdown",,"",0,"normal",35,15,,,
"Arms & Abs","25 Apr 2026, 18:35","25 Apr 2026, 19:56","","Triceps Pushdown",,"",1,"normal",40,12,,,
"Arms & Abs","25 Apr 2026, 18:35","25 Apr 2026, 19:56","","Rear Delt Reverse Fly (Dumbbell)",,"",0,"normal",15,12,,,
"Arms & Abs","25 Apr 2026, 18:35","25 Apr 2026, 19:56","","Rear Delt Reverse Fly (Dumbbell)",,"",1,"normal",15,12,,,
"Arms & Abs","25 Apr 2026, 18:35","25 Apr 2026, 19:56","","Cable Crunch",,"",0,"normal",45,15,,,
"Arms & Abs","25 Apr 2026, 18:35","25 Apr 2026, 19:56","","Cable Crunch",,"",1,"normal",50,20,,,
"Arms & Abs","25 Apr 2026, 18:35","25 Apr 2026, 19:56","","Cable Twist (Up to down)",,"",0,"normal",15,30,,,
"Arms & Abs","25 Apr 2026, 18:35","25 Apr 2026, 19:56","","Cable Twist (Up to down)",,"",1,"normal",20,30,,,
"Arms & Abs","25 Apr 2026, 18:35","25 Apr 2026, 19:56","","Cable Twist (Up to down)",,"",2,"normal",25,30,,,
"Arms & Abs","25 Apr 2026, 18:35","25 Apr 2026, 19:56","","Hanging Leg Raise",,"",0,"normal",,15,,,
"Arms & Abs","25 Apr 2026, 18:35","25 Apr 2026, 19:56","","Hanging Leg Raise",,"",1,"normal",,15,,,
"Chest & Back","24 Apr 2026, 17:52","24 Apr 2026, 19:07","","Stretching",,"",0,"normal",,,,285,
"Chest & Back","24 Apr 2026, 17:52","24 Apr 2026, 19:07","","Incline Bench Press (Dumbbell)",,"💋",0,"warmup",30,12,,,
"Chest & Back","24 Apr 2026, 17:52","24 Apr 2026, 19:07","","Incline Bench Press (Dumbbell)",,"💋",1,"normal",50,12,,,
"Chest & Back","24 Apr 2026, 17:52","24 Apr 2026, 19:07","","Incline Bench Press (Dumbbell)",,"💋",2,"normal",60,10,,,
"Chest & Back","24 Apr 2026, 17:52","24 Apr 2026, 19:07","","Cable Fly Crossovers",,"",0,"normal",50,15,,,
"Chest & Back","24 Apr 2026, 17:52","24 Apr 2026, 19:07","","Cable Fly Crossovers",,"",1,"normal",50,15,,,
"Chest & Back","24 Apr 2026, 17:52","24 Apr 2026, 19:07","","Cable Fly Crossovers",,"",2,"normal",50,15,,,
"Chest & Back","24 Apr 2026, 17:52","24 Apr 2026, 19:07","","Pull Up",,"",0,"normal",,12,,,
"Chest & Back","24 Apr 2026, 17:52","24 Apr 2026, 19:07","","Lat Pulldown (Cable)",,"",0,"normal",65,8,,,
"Chest & Back","24 Apr 2026, 17:52","24 Apr 2026, 19:07","","Lat Pulldown - Close Grip (Cable)",,"",0,"normal",58.5,12,,,
"Chest & Back","24 Apr 2026, 17:52","24 Apr 2026, 19:07","","Lat Pulldown - Close Grip (Cable)",,"",1,"normal",58.5,10,,,
"Chest & Back","24 Apr 2026, 17:52","24 Apr 2026, 19:07","","Chest Supported Incline Row (Dumbbell)",,"",0,"normal",30,12,,,
"Chest & Back","24 Apr 2026, 17:52","24 Apr 2026, 19:07","","Chest Supported Incline Row (Dumbbell)",,"",1,"normal",40,12,,,
"Chest & Back","24 Apr 2026, 17:52","24 Apr 2026, 19:07","","Chest Supported Incline Row (Dumbbell)",,"",2,"normal",40,12,,,
"Arms","23 Apr 2026, 17:42","23 Apr 2026, 19:07","","Stretching",,"Arms",0,"normal",,,,380,
"Arms","23 Apr 2026, 17:42","23 Apr 2026, 19:07","","Chin Up",,"",0,"normal",,8,,,
"Arms","23 Apr 2026, 17:42","23 Apr 2026, 19:07","","Seated Incline Curl (Dumbbell)",,"",0,"normal",20,12,,,
"Arms","23 Apr 2026, 17:42","23 Apr 2026, 19:07","","Seated Incline Curl (Dumbbell)",,"",1,"normal",20,12,,,
"Arms","23 Apr 2026, 17:42","23 Apr 2026, 19:07","","Seated Incline Curl (Dumbbell)",,"",2,"normal",20,12,,,
"Arms","23 Apr 2026, 17:42","23 Apr 2026, 19:07","","Skullcrusher (Dumbbell)",,"",0,"normal",15,15,,,
"Arms","23 Apr 2026, 17:42","23 Apr 2026, 19:07","","Skullcrusher (Dumbbell)",,"",1,"normal",20,12,,,
"Arms","23 Apr 2026, 17:42","23 Apr 2026, 19:07","","Skullcrusher (Dumbbell)",,"",2,"normal",20,8,,,
"Arms","23 Apr 2026, 17:42","23 Apr 2026, 19:07","","Bicep Curl (Cable)",,"",0,"normal",35,15,,,
"Arms","23 Apr 2026, 17:42","23 Apr 2026, 19:07","","Bicep Curl (Cable)",,"",1,"normal",35,12,,,
"Arms","23 Apr 2026, 17:42","23 Apr 2026, 19:07","","Bicep Curl (Cable)",,"",2,"normal",40,12,,,
"Arms","23 Apr 2026, 17:42","23 Apr 2026, 19:07","","Triceps Rope Pushdown",,"",0,"normal",30,12,,,
"Arms","23 Apr 2026, 17:42","23 Apr 2026, 19:07","","Triceps Rope Pushdown",,"",1,"normal",30,15,,,
"Arms","23 Apr 2026, 17:42","23 Apr 2026, 19:07","","Triceps Rope Pushdown",,"",2,"normal",30,15,,,
"Arms","23 Apr 2026, 17:42","23 Apr 2026, 19:07","","Hammer Curl (Cable)",,"",0,"normal",35,12,,,
"Arms","23 Apr 2026, 17:42","23 Apr 2026, 19:07","","Hammer Curl (Cable)",,"",1,"normal",40,12,,,
"Arms","23 Apr 2026, 17:42","23 Apr 2026, 19:07","","Hammer Curl (Cable)",,"",2,"normal",40,12,,,
"Arms","23 Apr 2026, 17:42","23 Apr 2026, 19:07","","Single Arm Triceps Pushdown (Cable)",,"",0,"normal",10,24,,,
"Arms","23 Apr 2026, 17:42","23 Apr 2026, 19:07","","Single Arm Triceps Pushdown (Cable)",,"",1,"normal",10,24,,,
"Legs","22 Apr 2026, 17:58","22 Apr 2026, 19:25","","Stretching",,"Legs",0,"normal",,,,416,
"Legs","22 Apr 2026, 17:58","22 Apr 2026, 19:25","","Hip Thrust (Machine)",,"",0,"warmup",25,15,,,
"Legs","22 Apr 2026, 17:58","22 Apr 2026, 19:25","","Hip Thrust (Machine)",,"",1,"normal",45,12,,,
"Legs","22 Apr 2026, 17:58","22 Apr 2026, 19:25","","Hip Thrust (Machine)",,"",2,"normal",45,15,,,
"Legs","22 Apr 2026, 17:58","22 Apr 2026, 19:25","","Leg Press (Machine)",,"",0,"normal",100,12,,,
"Legs","22 Apr 2026, 17:58","22 Apr 2026, 19:25","","Leg Press (Machine)",,"",1,"normal",130,15,,,
"Legs","22 Apr 2026, 17:58","22 Apr 2026, 19:25","","Leg Press (Machine)",,"",2,"normal",150,12,,,
"Legs","22 Apr 2026, 17:58","22 Apr 2026, 19:25","","Hip Adduction (Machine)",0,"",0,"normal",70,12,,,
"Legs","22 Apr 2026, 17:58","22 Apr 2026, 19:25","","Hip Adduction (Machine)",0,"",1,"normal",70,12,,,
"Legs","22 Apr 2026, 17:58","22 Apr 2026, 19:25","","Hip Abduction (Machine)",0,"",0,"normal",70,15,,,
"Legs","22 Apr 2026, 17:58","22 Apr 2026, 19:25","","Hip Abduction (Machine)",0,"",1,"normal",70,15,,,
"Legs","22 Apr 2026, 17:58","22 Apr 2026, 19:25","","Standing Calf Raise (Smith)",,"",0,"normal",50,12,,,
"Legs","22 Apr 2026, 17:58","22 Apr 2026, 19:25","","Standing Calf Raise (Smith)",,"",1,"normal",50,15,,,
"Legs","22 Apr 2026, 17:58","22 Apr 2026, 19:25","","Standing Calf Raise (Smith)",,"",2,"normal",50,15,,,
"Legs","22 Apr 2026, 17:58","22 Apr 2026, 19:25","","Seated Leg Curl (Machine)",,"",0,"normal",50,15,,,
"Legs","22 Apr 2026, 17:58","22 Apr 2026, 19:25","","Seated Leg Curl (Machine)",,"",1,"normal",55,12,,,
"Push","21 Apr 2026, 17:41","21 Apr 2026, 19:14","","Stretching",,"Chest",0,"normal",,,,354,
"Push","21 Apr 2026, 17:41","21 Apr 2026, 19:14","","Push Up",,"",0,"normal",,30,,,
"Push","21 Apr 2026, 17:41","21 Apr 2026, 19:14","","Incline Bench Press (Dumbbell)",,"💋",0,"warmup",35,12,,,
"Push","21 Apr 2026, 17:41","21 Apr 2026, 19:14","","Incline Bench Press (Dumbbell)",,"💋",1,"normal",50,12,,,
"Push","21 Apr 2026, 17:41","21 Apr 2026, 19:14","","Incline Bench Press (Dumbbell)",,"💋",2,"normal",50,12,,,
"Push","21 Apr 2026, 17:41","21 Apr 2026, 19:14","","Cable Fly Crossovers",,"💋",0,"normal",50,15,,,
"Push","21 Apr 2026, 17:41","21 Apr 2026, 19:14","","Cable Fly Crossovers",,"💋",1,"normal",60,12,,,
"Push","21 Apr 2026, 17:41","21 Apr 2026, 19:14","","Cable Fly Crossovers",,"💋",2,"normal",60,11,,,
"Push","21 Apr 2026, 17:41","21 Apr 2026, 19:14","","Chest Fly (Machine)",,"",0,"normal",75,12,,,
"Push","21 Apr 2026, 17:41","21 Apr 2026, 19:14","","Chest Fly (Machine)",,"",1,"normal",75,11,,,
"Push","21 Apr 2026, 17:41","21 Apr 2026, 19:14","","Chest Fly (Machine)",,"",2,"normal",60,12,,,
"Push","21 Apr 2026, 17:41","21 Apr 2026, 19:14","","Lateral Raise (Dumbbell)",,"",0,"normal",20,12,,,
"Push","21 Apr 2026, 17:41","21 Apr 2026, 19:14","","Lateral Raise (Dumbbell)",,"",1,"normal",20,12,,,
"Push","21 Apr 2026, 17:41","21 Apr 2026, 19:14","","Lateral Raise (Dumbbell)",,"",2,"normal",20,12,,,
"Push","21 Apr 2026, 17:41","21 Apr 2026, 19:14","","Seated Triceps Press",,"💋",0,"normal",40,15,,,
"Push","21 Apr 2026, 17:41","21 Apr 2026, 19:14","","Seated Triceps Press",,"💋",1,"normal",50,15,,,
"Push","21 Apr 2026, 17:41","21 Apr 2026, 19:14","","Seated Triceps Press",,"💋",2,"normal",60,15,,,
"Push","21 Apr 2026, 17:41","21 Apr 2026, 19:14","","Triceps Rope Pushdown",,"",0,"normal",30,15,,,
"Push","21 Apr 2026, 17:41","21 Apr 2026, 19:14","","Triceps Rope Pushdown",,"",1,"normal",30,15,,,
"Push","21 Apr 2026, 17:41","21 Apr 2026, 19:14","","Triceps Rope Pushdown",,"",2,"normal",30,15,,,
"Push","21 Apr 2026, 17:41","21 Apr 2026, 19:14","","Single Arm Triceps Pushdown (Cable)",,"1,2 - Cbum var",0,"normal",10,24,,,
"Push","21 Apr 2026, 17:41","21 Apr 2026, 19:14","","Single Arm Triceps Pushdown (Cable)",,"1,2 - Cbum var",1,"normal",10,24,,,
"Push","21 Apr 2026, 17:41","21 Apr 2026, 19:14","","Single Arm Triceps Pushdown (Cable)",,"1,2 - Cbum var",2,"normal",15,24,,,
"Pull","20 Apr 2026, 17:38","20 Apr 2026, 19:23","","Stretching",,"",0,"normal",,,,357,
"Pull","20 Apr 2026, 17:38","20 Apr 2026, 19:23","","Pull Up",,"",0,"normal",,12,,,
"Pull","20 Apr 2026, 17:38","20 Apr 2026, 19:23","","Pull Up",,"",1,"normal",,12,,,
"Pull","20 Apr 2026, 17:38","20 Apr 2026, 19:23","","Lat Pulldown (Cable)",,"",0,"normal",65,10,,,
"Pull","20 Apr 2026, 17:38","20 Apr 2026, 19:23","","Chest Supported Incline Row (Dumbbell)",,"",0,"normal",25,12,,,
"Pull","20 Apr 2026, 17:38","20 Apr 2026, 19:23","","Chest Supported Incline Row (Dumbbell)",,"",1,"normal",25,12,,,
"Pull","20 Apr 2026, 17:38","20 Apr 2026, 19:23","","Chest Supported Incline Row (Dumbbell)",,"",2,"normal",25,12,,,
"Pull","20 Apr 2026, 17:38","20 Apr 2026, 19:23","","Seated Cable Row - V Grip (Cable)",,"",0,"normal",75,12,,,
"Pull","20 Apr 2026, 17:38","20 Apr 2026, 19:23","","Seated Cable Row - V Grip (Cable)",,"",1,"normal",75,12,,,
"Pull","20 Apr 2026, 17:38","20 Apr 2026, 19:23","","Seated Cable Row - V Grip (Cable)",,"",2,"normal",80,12,,,
"Pull","20 Apr 2026, 17:38","20 Apr 2026, 19:23","","Straight Arm Lat Pulldown (Cable)",,"",0,"normal",30,12,,,
"Pull","20 Apr 2026, 17:38","20 Apr 2026, 19:23","","Straight Arm Lat Pulldown (Cable)",,"",1,"normal",30,12,,,
"Pull","20 Apr 2026, 17:38","20 Apr 2026, 19:23","","Straight Arm Lat Pulldown (Cable)",,"",2,"normal",30,12,,,
"Pull","20 Apr 2026, 17:38","20 Apr 2026, 19:23","","Behind the Back Curl (Cable)",,"",0,"normal",30,12,,,
"Pull","20 Apr 2026, 17:38","20 Apr 2026, 19:23","","Behind the Back Curl (Cable)",,"",1,"normal",30,15,,,
"Pull","20 Apr 2026, 17:38","20 Apr 2026, 19:23","","Behind the Back Curl (Cable)",,"",2,"normal",40,12,,,
"Pull","20 Apr 2026, 17:38","20 Apr 2026, 19:23","","Bicep Curl (Cable)",,"",0,"normal",35,12,,,
"Pull","20 Apr 2026, 17:38","20 Apr 2026, 19:23","","Bicep Curl (Cable)",,"",1,"normal",35,15,,,
"Pull","20 Apr 2026, 17:38","20 Apr 2026, 19:23","","Bicep Curl (Cable)",,"",2,"normal",40,12,,,
"Pull","20 Apr 2026, 17:38","20 Apr 2026, 19:23","","Bicep Curl (Cable)",,"",3,"dropset",20,8,,,
"Pull","20 Apr 2026, 17:38","20 Apr 2026, 19:23","","Hammer Curl (Cable)",,"",0,"normal",35,12,,,
"Pull","20 Apr 2026, 17:38","20 Apr 2026, 19:23","","Hammer Curl (Cable)",,"",1,"normal",40,12,,,
"Pull","20 Apr 2026, 17:38","20 Apr 2026, 19:23","","Hammer Curl (Cable)",,"",2,"normal",40,12,,,
"Pull","20 Apr 2026, 17:38","20 Apr 2026, 19:23","","Hammer Curl (Cable)",,"",3,"dropset",20,10,,,
"Misc","18 Apr 2026, 17:42","18 Apr 2026, 19:22","","Stretching",,"",0,"normal",,,,438,
"Misc","18 Apr 2026, 17:42","18 Apr 2026, 19:22","","Single Arm Lateral Raise (Cable)",,"",0,"normal",10,24,,,
"Misc","18 Apr 2026, 17:42","18 Apr 2026, 19:22","","Single Arm Lateral Raise (Cable)",,"",1,"normal",15,24,,,
"Misc","18 Apr 2026, 17:42","18 Apr 2026, 19:22","","Single Arm Lateral Raise (Cable)",,"",2,"normal",15,24,,,
"Misc","18 Apr 2026, 17:42","18 Apr 2026, 19:22","","Shoulder Press (Machine Plates)",,"",0,"normal",40,12,,,
"Misc","18 Apr 2026, 17:42","18 Apr 2026, 19:22","","Shoulder Press (Machine Plates)",,"",1,"normal",45,12,,,
"Misc","18 Apr 2026, 17:42","18 Apr 2026, 19:22","","Shoulder Press (Machine Plates)",,"",2,"normal",50,12,,,
"Misc","18 Apr 2026, 17:42","18 Apr 2026, 19:22","","Face Pull",,"Seated",0,"normal",35,12,,,
"Misc","18 Apr 2026, 17:42","18 Apr 2026, 19:22","","Face Pull",,"Seated",1,"normal",40,12,,,
"Misc","18 Apr 2026, 17:42","18 Apr 2026, 19:22","","Face Pull",,"Seated",2,"normal",45,12,,,
"Misc","18 Apr 2026, 17:42","18 Apr 2026, 19:22","","Chest Fly (Machine)",,"",0,"warmup",37.5,12,,,
"Misc","18 Apr 2026, 17:42","18 Apr 2026, 19:22","","Chest Fly (Machine)",,"",1,"normal",75,12,,,
"Misc","18 Apr 2026, 17:42","18 Apr 2026, 19:22","","Chest Fly (Machine)",,"",2,"normal",75,12,,,
"Misc","18 Apr 2026, 17:42","18 Apr 2026, 19:22","","Incline Bench Press (Dumbbell)",,"",0,"normal",50,8,,,
"Misc","18 Apr 2026, 17:42","18 Apr 2026, 19:22","","Incline Bench Press (Dumbbell)",,"",1,"normal",50,8,,,
"Misc","18 Apr 2026, 17:42","18 Apr 2026, 19:22","","Cable Twist (Up to down)",,"",0,"normal",10,30,,,
"Misc","18 Apr 2026, 17:42","18 Apr 2026, 19:22","","Cable Twist (Up to down)",,"",1,"normal",15,30,,,
"Misc","18 Apr 2026, 17:42","18 Apr 2026, 19:22","","Cable Twist (Up to down)",,"",2,"normal",15,30,,,
"Misc","18 Apr 2026, 17:42","18 Apr 2026, 19:22","","Cable Crunch",,"",0,"normal",45,12,,,
"Misc","18 Apr 2026, 17:42","18 Apr 2026, 19:22","","Cable Crunch",,"",1,"normal",50,20,,,
"Misc","18 Apr 2026, 17:42","18 Apr 2026, 19:22","","Cable Crunch",,"",2,"normal",55,15,,,
"Misc","18 Apr 2026, 17:42","18 Apr 2026, 19:22","","Hanging Leg Raise",,"",0,"normal",,15,,,
"Misc","18 Apr 2026, 17:42","18 Apr 2026, 19:22","","Hanging Leg Raise",,"",1,"normal",,15,,,
"Misc","18 Apr 2026, 17:42","18 Apr 2026, 19:22","","Reverse Barbell Curl",,"Cable",0,"normal",35,15,,,
"Misc","18 Apr 2026, 17:42","18 Apr 2026, 19:22","","Reverse Barbell Curl",,"Cable",1,"normal",35,12,,,
"Misc","18 Apr 2026, 17:42","18 Apr 2026, 19:22","","Reverse Barbell Curl",,"Cable",2,"normal",35,10,,,
".","17 Apr 2026, 18:44","17 Apr 2026, 19:26","","Stretching",,"",0,"normal",,,,274,
".","17 Apr 2026, 18:44","17 Apr 2026, 19:26","","Lat Pulldown (Cable)",,"",0,"warmup",32.5,6,,,
".","17 Apr 2026, 18:44","17 Apr 2026, 19:26","","Lat Pulldown (Cable)",,"",1,"normal",65,8,,,
".","17 Apr 2026, 18:44","17 Apr 2026, 19:26","","Lat Pulldown (Cable)",,"",2,"normal",65,10,,,
".","17 Apr 2026, 18:44","17 Apr 2026, 19:26","","Single Arm Lat Pulldown",,"",0,"normal",35,24,,,
".","17 Apr 2026, 18:44","17 Apr 2026, 19:26","","Single Arm Lat Pulldown",,"",1,"normal",35,24,,,
".","17 Apr 2026, 18:44","17 Apr 2026, 19:26","","Straight Arm Lat Pulldown (Cable)",,"",0,"normal",35,12,,,
".","17 Apr 2026, 18:44","17 Apr 2026, 19:26","","Straight Arm Lat Pulldown (Cable)",,"",1,"normal",35,15,,,
".","17 Apr 2026, 18:44","17 Apr 2026, 19:26","","Straight Arm Lat Pulldown (Cable)",,"",2,"normal",35,12,,,
".","17 Apr 2026, 18:44","17 Apr 2026, 19:26","","Cable Fly Crossovers",,"",0,"normal",50,12,,,
".","17 Apr 2026, 18:44","17 Apr 2026, 19:26","","Cable Fly Crossovers",,"",1,"normal",50,12,,,
".","17 Apr 2026, 18:44","17 Apr 2026, 19:26","","Cable Fly Crossovers",,"",2,"normal",50,12,,,
"Arms","16 Apr 2026, 18:10","16 Apr 2026, 19:24","","Stretching",,"Arms",0,"normal",,,,346,
"Arms","16 Apr 2026, 18:10","16 Apr 2026, 19:24","","Seated Incline Curl (Dumbbell)",,"",0,"normal",20,12,,,
"Arms","16 Apr 2026, 18:10","16 Apr 2026, 19:24","","Seated Incline Curl (Dumbbell)",,"",1,"normal",20,12,,,
"Arms","16 Apr 2026, 18:10","16 Apr 2026, 19:24","","Seated Incline Curl (Dumbbell)",,"",2,"normal",20,10,,,
"Arms","16 Apr 2026, 18:10","16 Apr 2026, 19:24","","Seated Incline Curl (Dumbbell)",,"",3,"dropset",10,6,,,
"Arms","16 Apr 2026, 18:10","16 Apr 2026, 19:24","","Skullcrusher (Barbell)",,"",0,"normal",15,12,,,
"Arms","16 Apr 2026, 18:10","16 Apr 2026, 19:24","","Skullcrusher (Barbell)",,"",1,"normal",15,12,,,
"Arms","16 Apr 2026, 18:10","16 Apr 2026, 19:24","","Skullcrusher (Barbell)",,"",2,"normal",15,12,,,
"Arms","16 Apr 2026, 18:10","16 Apr 2026, 19:24","","Bicep Curl (Cable)",,"",0,"normal",35,12,,,
"Arms","16 Apr 2026, 18:10","16 Apr 2026, 19:24","","Bicep Curl (Cable)",,"",1,"normal",40,12,,,
"Arms","16 Apr 2026, 18:10","16 Apr 2026, 19:24","","Bicep Curl (Cable)",,"",2,"normal",40,12,,,
"Arms","16 Apr 2026, 18:10","16 Apr 2026, 19:24","","Triceps Rope Pushdown",,"",0,"normal",30,12,,,
"Arms","16 Apr 2026, 18:10","16 Apr 2026, 19:24","","Triceps Rope Pushdown",,"",1,"normal",35,11,,,
"Arms","16 Apr 2026, 18:10","16 Apr 2026, 19:24","","Triceps Rope Pushdown",,"",2,"normal",35,8,,,
"Arms","16 Apr 2026, 18:10","16 Apr 2026, 19:24","","Triceps Rope Pushdown",,"",3,"dropset",25,8,,,
"Arms","16 Apr 2026, 18:10","16 Apr 2026, 19:24","","Hammer Curl (Cable)",,"",0,"normal",35,15,,,
"Arms","16 Apr 2026, 18:10","16 Apr 2026, 19:24","","Hammer Curl (Cable)",,"",1,"normal",40,12,,,
"Arms","16 Apr 2026, 18:10","16 Apr 2026, 19:24","","Hammer Curl (Cable)",,"",2,"normal",40,12,,,
"Arms","16 Apr 2026, 18:10","16 Apr 2026, 19:24","","Single Arm Triceps Pushdown (Cable)",,"",0,"normal",10,24,,,
"Arms","16 Apr 2026, 18:10","16 Apr 2026, 19:24","","Single Arm Triceps Pushdown (Cable)",,"",1,"normal",10,24,,,
"Arms","16 Apr 2026, 18:10","16 Apr 2026, 19:24","","Single Arm Triceps Pushdown (Cable)",,"",2,"normal",10,24,,,
"Legs","15 Apr 2026, 17:28","15 Apr 2026, 18:38","","Stretching",,"",0,"normal",,,,297,
"Legs","15 Apr 2026, 17:28","15 Apr 2026, 18:38","","Squat (Smith Machine)",,"Deep stretch",0,"warmup",20,12,,,
"Legs","15 Apr 2026, 17:28","15 Apr 2026, 18:38","","Squat (Smith Machine)",,"Deep stretch",1,"normal",50,10,,,
"Legs","15 Apr 2026, 17:28","15 Apr 2026, 18:38","","Squat (Smith Machine)",,"Deep stretch",2,"normal",60,8,,,
"Legs","15 Apr 2026, 17:28","15 Apr 2026, 18:38","","Single Leg Extensions",,"",0,"normal",30,24,,,
"Legs","15 Apr 2026, 17:28","15 Apr 2026, 18:38","","Single Leg Extensions",,"",1,"normal",30,24,,,
"Legs","15 Apr 2026, 17:28","15 Apr 2026, 18:38","","Single Leg Extensions",,"",2,"normal",30,24,,,
"Legs","15 Apr 2026, 17:28","15 Apr 2026, 18:38","","Seated Leg Curl (Machine)",,"",0,"normal",50,12,,,
"Legs","15 Apr 2026, 17:28","15 Apr 2026, 18:38","","Seated Leg Curl (Machine)",,"",1,"normal",50,12,,,
"Legs","15 Apr 2026, 17:28","15 Apr 2026, 18:38","","Seated Leg Curl (Machine)",,"",2,"normal",55,12,,,
"Legs","15 Apr 2026, 17:28","15 Apr 2026, 18:38","","Hip Adduction (Machine)",0,"",0,"normal",70,15,,,
"Legs","15 Apr 2026, 17:28","15 Apr 2026, 18:38","","Hip Adduction (Machine)",0,"",1,"normal",80,15,,,
"Legs","15 Apr 2026, 17:28","15 Apr 2026, 18:38","","Hip Abduction (Machine)",0,"",0,"normal",70,15,,,
"Legs","15 Apr 2026, 17:28","15 Apr 2026, 18:38","","Hip Abduction (Machine)",0,"",1,"normal",80,15,,,
"Legs","15 Apr 2026, 17:28","15 Apr 2026, 18:38","","Standing Calf Raise (Smith)",,"",0,"normal",40,15,,,
"Legs","15 Apr 2026, 17:28","15 Apr 2026, 18:38","","Standing Calf Raise (Smith)",,"",1,"normal",45,15,,,
"Legs","15 Apr 2026, 17:28","15 Apr 2026, 18:38","","Standing Calf Raise (Smith)",,"",2,"normal",45,15,,,
"Push","14 Apr 2026, 17:42","14 Apr 2026, 19:12","","Stretching",,"",0,"normal",,,,194,
"Push","14 Apr 2026, 17:42","14 Apr 2026, 19:12","","Push Up",,"",0,"normal",,30,,,
"Push","14 Apr 2026, 17:42","14 Apr 2026, 19:12","","Bench Press (Barbell)",,"",0,"warmup",40,12,,,
"Push","14 Apr 2026, 17:42","14 Apr 2026, 19:12","","Bench Press (Barbell)",,"",1,"normal",65,11,,,
"Push","14 Apr 2026, 17:42","14 Apr 2026, 19:12","","Bench Press (Barbell)",,"",2,"normal",65,8,,,
"Push","14 Apr 2026, 17:42","14 Apr 2026, 19:12","","Cable Fly Crossovers",,"",0,"normal",50,12,,,
"Push","14 Apr 2026, 17:42","14 Apr 2026, 19:12","","Cable Fly Crossovers",,"",1,"normal",50,12,,,
"Push","14 Apr 2026, 17:42","14 Apr 2026, 19:12","","Cable Fly Crossovers",,"",2,"normal",50,12,,,
"Push","14 Apr 2026, 17:42","14 Apr 2026, 19:12","","Cable Fly Crossovers",,"",3,"dropset",30,8,,,
"Push","14 Apr 2026, 17:42","14 Apr 2026, 19:12","","Incline Bench Press (Dumbbell)",,"",0,"normal",45,12,,,
"Push","14 Apr 2026, 17:42","14 Apr 2026, 19:12","","Incline Bench Press (Dumbbell)",,"",1,"normal",50,8,,,
"Push","14 Apr 2026, 17:42","14 Apr 2026, 19:12","","Chest Fly (Machine)",,"Last - single hand",0,"normal",75,12,,,
"Push","14 Apr 2026, 17:42","14 Apr 2026, 19:12","","Chest Fly (Machine)",,"Last - single hand",1,"normal",75,12,,,
"Push","14 Apr 2026, 17:42","14 Apr 2026, 19:12","","Chest Fly (Machine)",,"Last - single hand",2,"normal",52.5,12,,,
"Push","14 Apr 2026, 17:42","14 Apr 2026, 19:12","","Overhead Triceps Extension (Cable)",,"Bar",0,"normal",35,15,,,
"Push","14 Apr 2026, 17:42","14 Apr 2026, 19:12","","Overhead Triceps Extension (Cable)",,"Bar",1,"normal",40,15,,,
"Push","14 Apr 2026, 17:42","14 Apr 2026, 19:12","","Overhead Triceps Extension (Cable)",,"Bar",2,"normal",45,15,,,
"Push","14 Apr 2026, 17:42","14 Apr 2026, 19:12","","Triceps Rope Pushdown",,"",0,"normal",30,12,,,
"Push","14 Apr 2026, 17:42","14 Apr 2026, 19:12","","Triceps Rope Pushdown",,"",1,"normal",30,12,,,
"Push","14 Apr 2026, 17:42","14 Apr 2026, 19:12","","Triceps Rope Pushdown",,"",2,"normal",30,12,,,
"Push","14 Apr 2026, 17:42","14 Apr 2026, 19:12","","Single Arm Triceps Pushdown (Cable)",,"",0,"normal",10,24,,,
"Push","14 Apr 2026, 17:42","14 Apr 2026, 19:12","","Single Arm Triceps Pushdown (Cable)",,"",1,"normal",10,24,,,
"Push","14 Apr 2026, 17:42","14 Apr 2026, 19:12","","Single Arm Triceps Pushdown (Cable)",,"",2,"normal",10,24,,,
"Pull","13 Apr 2026, 17:24","13 Apr 2026, 19:29","","Stretching",,"Back",0,"normal",,,,217,
"Pull","13 Apr 2026, 17:24","13 Apr 2026, 19:29","","Hanging Leg Raise",,"",0,"normal",,12,,,
"Pull","13 Apr 2026, 17:24","13 Apr 2026, 19:29","","Hanging Leg Raise",,"",1,"normal",,12,,,
"Pull","13 Apr 2026, 17:24","13 Apr 2026, 19:29","","Hanging Leg Raise",,"",2,"normal",,12,,,
"Pull","13 Apr 2026, 17:24","13 Apr 2026, 19:29","","Cable Twist (Up to down)",,"",0,"normal",10,36,,,
"Pull","13 Apr 2026, 17:24","13 Apr 2026, 19:29","","Cable Twist (Up to down)",,"",1,"normal",15,30,,,
"Pull","13 Apr 2026, 17:24","13 Apr 2026, 19:29","","Cable Twist (Up to down)",,"",2,"normal",15,30,,,
"Pull","13 Apr 2026, 17:24","13 Apr 2026, 19:29","","Cable Crunch",,"",0,"normal",45,15,,,
"Pull","13 Apr 2026, 17:24","13 Apr 2026, 19:29","","Cable Crunch",,"",1,"normal",50,15,,,
"Pull","13 Apr 2026, 17:24","13 Apr 2026, 19:29","","Cable Crunch",,"",2,"normal",55,15,,,
"Pull","13 Apr 2026, 17:24","13 Apr 2026, 19:29","","Dead Hang",,"",0,"normal",,,,45,
"Pull","13 Apr 2026, 17:24","13 Apr 2026, 19:29","","Dead Hang",,"",1,"normal",,,,39,
"Pull","13 Apr 2026, 17:24","13 Apr 2026, 19:29","","Pull Up",,"",0,"normal",,14,,,
"Pull","13 Apr 2026, 17:24","13 Apr 2026, 19:29","","Pull Up",,"",1,"normal",,12,,,
"Pull","13 Apr 2026, 17:24","13 Apr 2026, 19:29","","Rear Delt Reverse Fly (Dumbbell)",,"",0,"normal",10,15,,,
"Pull","13 Apr 2026, 17:24","13 Apr 2026, 19:29","","Rear Delt Reverse Fly (Dumbbell)",,"",1,"normal",15,12,,,
"Pull","13 Apr 2026, 17:24","13 Apr 2026, 19:29","","Rear Delt Reverse Fly (Dumbbell)",,"",2,"normal",15,10,,,
"Pull","13 Apr 2026, 17:24","13 Apr 2026, 19:29","","Shrug (Dumbbell)",,"",0,"normal",45,18,,,
"Pull","13 Apr 2026, 17:24","13 Apr 2026, 19:29","","Shrug (Dumbbell)",,"",1,"normal",60,15,,,
"Pull","13 Apr 2026, 17:24","13 Apr 2026, 19:29","","Lat Pulldown (Cable)",,"",0,"normal",65,12,,,
"Pull","13 Apr 2026, 17:24","13 Apr 2026, 19:29","","Lat Pulldown (Cable)",,"",1,"normal",65,10,,,
"Pull","13 Apr 2026, 17:24","13 Apr 2026, 19:29","","Lat Pulldown (Cable)",,"",2,"normal",65,10,,,
"Pull","13 Apr 2026, 17:24","13 Apr 2026, 19:29","","Seated Cable Row - Bar Grip",,"",0,"normal",80,12,,,
"Pull","13 Apr 2026, 17:24","13 Apr 2026, 19:29","","Seated Cable Row - Bar Grip",,"",1,"normal",85,12,,,
"Pull","13 Apr 2026, 17:24","13 Apr 2026, 19:29","","Seated Cable Row - Bar Grip",,"",2,"normal",90,10,,,
"Pull","13 Apr 2026, 17:24","13 Apr 2026, 19:29","","Single Arm Lat Pulldown",,"",0,"normal",30,24,,,
"Pull","13 Apr 2026, 17:24","13 Apr 2026, 19:29","","Single Arm Lat Pulldown",,"",1,"normal",35,24,,,
"Pull","13 Apr 2026, 17:24","13 Apr 2026, 19:29","","Single Arm Lat Pulldown",,"",2,"normal",40,24,,,
"Pull","13 Apr 2026, 17:24","13 Apr 2026, 19:29","","Seated Incline Curl (Dumbbell)",,"",0,"normal",20,12,,,
"Pull","13 Apr 2026, 17:24","13 Apr 2026, 19:29","","Seated Incline Curl (Dumbbell)",,"",1,"normal",20,9,,,
"Pull","13 Apr 2026, 17:24","13 Apr 2026, 19:29","","Hammer Curl (Dumbbell)",,"Preacher",0,"normal",20,13,,,
"Pull","13 Apr 2026, 17:24","13 Apr 2026, 19:29","","Hammer Curl (Dumbbell)",,"Preacher",1,"normal",25,10,,,
"Pull","13 Apr 2026, 17:24","13 Apr 2026, 19:29","","Hammer Curl (Dumbbell)",,"Preacher",2,"normal",25,12,,,
"Legs","11 Apr 2026, 17:35","11 Apr 2026, 18:48","","Stretching",,"Legs",0,"normal",,,,288,
"Legs","11 Apr 2026, 17:35","11 Apr 2026, 18:48","","Squat (Smith Machine)",,"",0,"warmup",20,12,,,
"Legs","11 Apr 2026, 17:35","11 Apr 2026, 18:48","","Squat (Smith Machine)",,"",1,"normal",40,12,,,
"Legs","11 Apr 2026, 17:35","11 Apr 2026, 18:48","","Squat (Smith Machine)",,"",2,"normal",50,10,,,
"Legs","11 Apr 2026, 17:35","11 Apr 2026, 18:48","","Hip Thrust (Machine)",,"",0,"normal",30,12,,,
"Legs","11 Apr 2026, 17:35","11 Apr 2026, 18:48","","Hip Thrust (Machine)",,"",1,"normal",40,12,,,
"Legs","11 Apr 2026, 17:35","11 Apr 2026, 18:48","","Single Leg Extensions",,"",0,"normal",30,24,,,
"Legs","11 Apr 2026, 17:35","11 Apr 2026, 18:48","","Single Leg Extensions",,"",1,"normal",35,20,,,
"Legs","11 Apr 2026, 17:35","11 Apr 2026, 18:48","","Single Leg Extensions",,"",2,"normal",35,20,,,
"Legs","11 Apr 2026, 17:35","11 Apr 2026, 18:48","","Hip Adduction (Machine)",0,"",0,"normal",70,12,,,
"Legs","11 Apr 2026, 17:35","11 Apr 2026, 18:48","","Hip Adduction (Machine)",0,"",1,"normal",70,12,,,
"Legs","11 Apr 2026, 17:35","11 Apr 2026, 18:48","","Hip Abduction (Machine)",0,"",0,"normal",70,15,,,
"Legs","11 Apr 2026, 17:35","11 Apr 2026, 18:48","","Hip Abduction (Machine)",0,"",1,"normal",70,15,,,
"Legs","11 Apr 2026, 17:35","11 Apr 2026, 18:48","","Standing Calf Raise (Smith)",,"",0,"normal",40,15,,,
"Legs","11 Apr 2026, 17:35","11 Apr 2026, 18:48","","Standing Calf Raise (Smith)",,"",1,"normal",40,15,,,
"Legs","11 Apr 2026, 17:35","11 Apr 2026, 18:48","","Dead Hang",,"",0,"normal",,,,40,
"Chest & Back","10 Apr 2026, 17:35","10 Apr 2026, 18:33","low intensity, low volume","Stretching",,"",0,"normal",,,,267,
"Chest & Back","10 Apr 2026, 17:35","10 Apr 2026, 18:33","low intensity, low volume","Incline Bench Press (Dumbbell)",,"",0,"warmup",25,12,,,
"Chest & Back","10 Apr 2026, 17:35","10 Apr 2026, 18:33","low intensity, low volume","Incline Bench Press (Dumbbell)",,"",1,"normal",45,12,,,
"Chest & Back","10 Apr 2026, 17:35","10 Apr 2026, 18:33","low intensity, low volume","Incline Bench Press (Dumbbell)",,"",2,"normal",45,12,,,
"Chest & Back","10 Apr 2026, 17:35","10 Apr 2026, 18:33","low intensity, low volume","Cable Fly Crossovers",,"",0,"normal",50,12,,,
"Chest & Back","10 Apr 2026, 17:35","10 Apr 2026, 18:33","low intensity, low volume","Cable Fly Crossovers",,"",1,"normal",50,12,,,
"Chest & Back","10 Apr 2026, 17:35","10 Apr 2026, 18:33","low intensity, low volume","Cable Fly Crossovers",,"",2,"normal",50,8,,,
"Chest & Back","10 Apr 2026, 17:35","10 Apr 2026, 18:33","low intensity, low volume","Cable Fly Crossovers",,"",3,"dropset",40,8,,,
"Chest & Back","10 Apr 2026, 17:35","10 Apr 2026, 18:33","low intensity, low volume","Pull Up",,"",0,"normal",,10,,,
"Chest & Back","10 Apr 2026, 17:35","10 Apr 2026, 18:33","low intensity, low volume","Pull Up",,"",1,"normal",,10,,,
"Chest & Back","10 Apr 2026, 17:35","10 Apr 2026, 18:33","low intensity, low volume","Chest Supported Incline Row (Dumbbell)",,"Dumbell",0,"normal",25,12,,,
"Chest & Back","10 Apr 2026, 17:35","10 Apr 2026, 18:33","low intensity, low volume","Chest Supported Incline Row (Dumbbell)",,"Dumbell",1,"normal",25,12,,,
"Chest & Back","10 Apr 2026, 17:35","10 Apr 2026, 18:33","low intensity, low volume","Chest Supported Incline Row (Dumbbell)",,"Dumbell",2,"normal",25,12,,,
"Chest & Back","10 Apr 2026, 17:35","10 Apr 2026, 18:33","low intensity, low volume","Straight Arm Lat Pulldown (Cable)",,"",0,"normal",30,12,,,
"Chest & Back","10 Apr 2026, 17:35","10 Apr 2026, 18:33","low intensity, low volume","Straight Arm Lat Pulldown (Cable)",,"",1,"normal",35,12,,,
"Chest & Back","10 Apr 2026, 17:35","10 Apr 2026, 18:33","low intensity, low volume","Straight Arm Lat Pulldown (Cable)",,"",2,"normal",35,12,,,
"Arms & Abs","9 Apr 2026, 17:04","9 Apr 2026, 18:44","","Stretching",,"Arms",0,"normal",,,,239,
"Arms & Abs","9 Apr 2026, 17:04","9 Apr 2026, 18:44","","Chin Up",,"",0,"normal",,12,,,
"Arms & Abs","9 Apr 2026, 17:04","9 Apr 2026, 18:44","","Diamond Push Up",,"",0,"normal",,25,,,
"Arms & Abs","9 Apr 2026, 17:04","9 Apr 2026, 18:44","","Seated Incline Curl (Dumbbell)",,"",0,"normal",20,12,,,
"Arms & Abs","9 Apr 2026, 17:04","9 Apr 2026, 18:44","","Seated Incline Curl (Dumbbell)",,"",1,"normal",20,9,,,
"Arms & Abs","9 Apr 2026, 17:04","9 Apr 2026, 18:44","","Seated Incline Curl (Dumbbell)",,"",2,"normal",20,8,,,
"Arms & Abs","9 Apr 2026, 17:04","9 Apr 2026, 18:44","","Triceps Rope Pushdown",,"",0,"normal",35,14,,,
"Arms & Abs","9 Apr 2026, 17:04","9 Apr 2026, 18:44","","Triceps Rope Pushdown",,"",1,"normal",35,11,,,
"Arms & Abs","9 Apr 2026, 17:04","9 Apr 2026, 18:44","","Triceps Rope Pushdown",,"",2,"normal",35,11,,,
"Arms & Abs","9 Apr 2026, 17:04","9 Apr 2026, 18:44","","Bicep Curl (Cable)",,"",0,"normal",35,12,,,
"Arms & Abs","9 Apr 2026, 17:04","9 Apr 2026, 18:44","","Bicep Curl (Cable)",,"",1,"normal",35,12,,,
"Arms & Abs","9 Apr 2026, 17:04","9 Apr 2026, 18:44","","Bicep Curl (Cable)",,"",2,"normal",35,12,,,
"Arms & Abs","9 Apr 2026, 17:04","9 Apr 2026, 18:44","","Overhead Triceps Extension (Cable)",,"",0,"normal",35,15,,,
"Arms & Abs","9 Apr 2026, 17:04","9 Apr 2026, 18:44","","Overhead Triceps Extension (Cable)",,"",1,"normal",40,15,,,
"Arms & Abs","9 Apr 2026, 17:04","9 Apr 2026, 18:44","","Overhead Triceps Extension (Cable)",,"",2,"normal",45,12,,,
"Arms & Abs","9 Apr 2026, 17:04","9 Apr 2026, 18:44","","Hammer Curl (Dumbbell)",,"",0,"normal",25,12,,,
"Arms & Abs","9 Apr 2026, 17:04","9 Apr 2026, 18:44","","Hammer Curl (Dumbbell)",,"",1,"normal",25,12,,,
"Arms & Abs","9 Apr 2026, 17:04","9 Apr 2026, 18:44","","Hammer Curl (Dumbbell)",,"",2,"normal",25,9,,,
"Arms & Abs","9 Apr 2026, 17:04","9 Apr 2026, 18:44","","Single Arm Triceps Pushdown (Cable)",,"Cbum var.",0,"normal",10,24,,,
"Arms & Abs","9 Apr 2026, 17:04","9 Apr 2026, 18:44","","Single Arm Triceps Pushdown (Cable)",,"Cbum var.",1,"normal",10,24,,,
"Arms & Abs","9 Apr 2026, 17:04","9 Apr 2026, 18:44","","Behind the Back Bicep Wrist Curl (Barbell)",0,"",0,"normal",35,15,,,
"Arms & Abs","9 Apr 2026, 17:04","9 Apr 2026, 18:44","","Behind the Back Bicep Wrist Curl (Barbell)",0,"",1,"normal",35,18,,,
"Arms & Abs","9 Apr 2026, 17:04","9 Apr 2026, 18:44","","Behind the Back Bicep Wrist Curl (Barbell)",0,"",2,"normal",35,15,,,
"Arms & Abs","9 Apr 2026, 17:04","9 Apr 2026, 18:44","","Reverse Barbell Curl",0,"Barbell",0,"normal",15,15,,,
"Arms & Abs","9 Apr 2026, 17:04","9 Apr 2026, 18:44","","Reverse Barbell Curl",0,"Barbell",1,"normal",20,12,,,
"Arms & Abs","9 Apr 2026, 17:04","9 Apr 2026, 18:44","","Reverse Barbell Curl",0,"Barbell",2,"normal",20,10,,,
"Arms & Abs","9 Apr 2026, 17:04","9 Apr 2026, 18:44","","Cable Twist (Up to down)",,"",0,"normal",10,15,,,
"Arms & Abs","9 Apr 2026, 17:04","9 Apr 2026, 18:44","","Cable Twist (Up to down)",,"",1,"normal",10,12,,,
"Arms & Abs","9 Apr 2026, 17:04","9 Apr 2026, 18:44","","Hanging Leg Raise",,"",0,"normal",,15,,,
"Arms & Abs","9 Apr 2026, 17:04","9 Apr 2026, 18:44","","Hanging Leg Raise",,"",1,"normal",,15,,,
"Arms & Abs","9 Apr 2026, 17:04","9 Apr 2026, 18:44","","Hanging Leg Raise",,"",2,"normal",,12,,,
"Arms & Abs","9 Apr 2026, 17:04","9 Apr 2026, 18:44","","Cable Crunch",,"",0,"normal",45,12,,,
"Arms & Abs","9 Apr 2026, 17:04","9 Apr 2026, 18:44","","Cable Crunch",,"",1,"normal",50,12,,,
"Arms & Abs","9 Apr 2026, 17:04","9 Apr 2026, 18:44","","Cable Crunch",,"",2,"normal",50,15,,,
"Legs & Shouldies","8 Apr 2026, 18:03","8 Apr 2026, 19:28","","Stretching",,"Legs",0,"normal",,,,208,
"Legs & Shouldies","8 Apr 2026, 18:03","8 Apr 2026, 19:28","","Leg Extension (Machine)",,"",0,"normal",50,12,,,
"Legs & Shouldies","8 Apr 2026, 18:03","8 Apr 2026, 19:28","","Leg Extension (Machine)",,"",1,"normal",55,12,,,
"Legs & Shouldies","8 Apr 2026, 18:03","8 Apr 2026, 19:28","","Leg Extension (Machine)",,"",2,"normal",60,12,,,
"Legs & Shouldies","8 Apr 2026, 18:03","8 Apr 2026, 19:28","","Seated Leg Curl (Machine)",,"",0,"normal",50,12,,,
"Legs & Shouldies","8 Apr 2026, 18:03","8 Apr 2026, 19:28","","Seated Leg Curl (Machine)",,"",1,"normal",55,12,,,
"Legs & Shouldies","8 Apr 2026, 18:03","8 Apr 2026, 19:28","","Seated Leg Curl (Machine)",,"",2,"normal",55,12,,,
"Legs & Shouldies","8 Apr 2026, 18:03","8 Apr 2026, 19:28","","Hip Adduction (Machine)",0,"",0,"normal",60,12,,,
"Legs & Shouldies","8 Apr 2026, 18:03","8 Apr 2026, 19:28","","Hip Adduction (Machine)",0,"",1,"normal",70,12,,,
"Legs & Shouldies","8 Apr 2026, 18:03","8 Apr 2026, 19:28","","Hip Abduction (Machine)",0,"",0,"normal",60,15,,,
"Legs & Shouldies","8 Apr 2026, 18:03","8 Apr 2026, 19:28","","Hip Abduction (Machine)",0,"",1,"normal",70,15,,,
"Legs & Shouldies","8 Apr 2026, 18:03","8 Apr 2026, 19:28","","Standing Calf Raise (Smith)",,"",0,"normal",40,15,,,
"Legs & Shouldies","8 Apr 2026, 18:03","8 Apr 2026, 19:28","","Standing Calf Raise (Smith)",,"",1,"normal",45,15,,,
"Legs & Shouldies","8 Apr 2026, 18:03","8 Apr 2026, 19:28","","Standing Calf Raise (Smith)",,"",2,"normal",45,15,,,
"Legs & Shouldies","8 Apr 2026, 18:03","8 Apr 2026, 19:28","","Stretching",,"Shouldies",0,"normal",,,,172,
"Legs & Shouldies","8 Apr 2026, 18:03","8 Apr 2026, 19:28","","Shoulder Press (Dumbbell)",,"",0,"warmup",20,12,,,
"Legs & Shouldies","8 Apr 2026, 18:03","8 Apr 2026, 19:28","","Shoulder Press (Dumbbell)",,"",1,"normal",35,12,,,
"Legs & Shouldies","8 Apr 2026, 18:03","8 Apr 2026, 19:28","","Shoulder Press (Dumbbell)",,"",2,"normal",40,12,,,
"Legs & Shouldies","8 Apr 2026, 18:03","8 Apr 2026, 19:28","","Shoulder Press (Dumbbell)",,"",3,"normal",40,9,,,
"Legs & Shouldies","8 Apr 2026, 18:03","8 Apr 2026, 19:28","","Lateral Raise (Dumbbell)",,"",0,"warmup",10,8,,,
"Legs & Shouldies","8 Apr 2026, 18:03","8 Apr 2026, 19:28","","Lateral Raise (Dumbbell)",,"",1,"normal",20,10,,,
"Legs & Shouldies","8 Apr 2026, 18:03","8 Apr 2026, 19:28","","Lateral Raise (Dumbbell)",,"",2,"normal",20,12,,,
"Legs & Shouldies","8 Apr 2026, 18:03","8 Apr 2026, 19:28","","Lateral Raise (Dumbbell)",,"",3,"normal",20,9,,,
"Legs & Shouldies","8 Apr 2026, 18:03","8 Apr 2026, 19:28","","Face Pull",,"",0,"normal",30,12,,,
"Legs & Shouldies","8 Apr 2026, 18:03","8 Apr 2026, 19:28","","Face Pull",,"",1,"normal",35,12,,,
"Legs & Shouldies","8 Apr 2026, 18:03","8 Apr 2026, 19:28","","Face Pull",,"",2,"normal",40,15,,,
"Chest & Triceps","7 Apr 2026, 18:08","7 Apr 2026, 19:30","","Stretching",,"Chest",0,"normal",,,,374,
"Chest & Triceps","7 Apr 2026, 18:08","7 Apr 2026, 19:30","","Push Up",,"",0,"normal",,30,,,
"Chest & Triceps","7 Apr 2026, 18:08","7 Apr 2026, 19:30","","Incline Bench Press (Dumbbell)",,"",0,"warmup",30,12,,,
"Chest & Triceps","7 Apr 2026, 18:08","7 Apr 2026, 19:30","","Incline Bench Press (Dumbbell)",,"",1,"normal",45,12,,,
"Chest & Triceps","7 Apr 2026, 18:08","7 Apr 2026, 19:30","","Incline Bench Press (Dumbbell)",,"",2,"normal",50,8,,,
"Chest & Triceps","7 Apr 2026, 18:08","7 Apr 2026, 19:30","","Chest Fly (Machine)",,"",0,"normal",75,12,,,
"Chest & Triceps","7 Apr 2026, 18:08","7 Apr 2026, 19:30","","Chest Fly (Machine)",,"",1,"normal",82.5,10,,,
"Chest & Triceps","7 Apr 2026, 18:08","7 Apr 2026, 19:30","","Cable Fly Crossovers",,"Stretch focused",0,"normal",40,12,,,
"Chest & Triceps","7 Apr 2026, 18:08","7 Apr 2026, 19:30","","Cable Fly Crossovers",,"Stretch focused",1,"normal",40,12,,,
"Chest & Triceps","7 Apr 2026, 18:08","7 Apr 2026, 19:30","","Cable Fly Crossovers",,"Stretch focused",2,"normal",40,12,,,
"Chest & Triceps","7 Apr 2026, 18:08","7 Apr 2026, 19:30","","Bench Press (Barbell)",,"",0,"normal",60,10,,,
"Chest & Triceps","7 Apr 2026, 18:08","7 Apr 2026, 19:30","","Bench Press - Close Grip (Barbell)",,"",0,"normal",40,13,,,
"Chest & Triceps","7 Apr 2026, 18:08","7 Apr 2026, 19:30","","Bench Press - Close Grip (Barbell)",,"",1,"normal",40,10,,,
"Chest & Triceps","7 Apr 2026, 18:08","7 Apr 2026, 19:30","","Bench Press - Close Grip (Barbell)",,"",2,"normal",40,10,,,
"Chest & Triceps","7 Apr 2026, 18:08","7 Apr 2026, 19:30","","Triceps Rope Pushdown",,"",0,"normal",30,15,,,
"Chest & Triceps","7 Apr 2026, 18:08","7 Apr 2026, 19:30","","Triceps Rope Pushdown",,"",1,"normal",35,10,,,
"Chest & Triceps","7 Apr 2026, 18:08","7 Apr 2026, 19:30","","Triceps Rope Pushdown",,"",2,"normal",30,15,,,
"Chest & Triceps","7 Apr 2026, 18:08","7 Apr 2026, 19:30","","Overhead Triceps Extension (Cable)",,"Rope",0,"normal",30,12,,,
"Chest & Triceps","7 Apr 2026, 18:08","7 Apr 2026, 19:30","","Overhead Triceps Extension (Cable)",,"Rope",1,"normal",30,10,,,
"Chest & Triceps","7 Apr 2026, 18:08","7 Apr 2026, 19:30","","Overhead Triceps Extension (Cable)",,"Rope",2,"normal",30,12,,,
"Back & Biceps","6 Apr 2026, 18:18","6 Apr 2026, 19:34","","Stretching",,"",0,"normal",,,,237,
"Back & Biceps","6 Apr 2026, 18:18","6 Apr 2026, 19:34","","Pull Up",,"",0,"normal",,12,,,
"Back & Biceps","6 Apr 2026, 18:18","6 Apr 2026, 19:34","","Pull Up",,"",1,"normal",,12,,,
"Back & Biceps","6 Apr 2026, 18:18","6 Apr 2026, 19:34","","Lat Pulldown (Cable)",,"",0,"normal",65,8,,,
"Back & Biceps","6 Apr 2026, 18:18","6 Apr 2026, 19:34","","Seated Cable Row - Bar Grip",,"",0,"normal",80,12,,,
"Back & Biceps","6 Apr 2026, 18:18","6 Apr 2026, 19:34","","Seated Cable Row - Bar Grip",,"",1,"normal",85,12,,,
"Back & Biceps","6 Apr 2026, 18:18","6 Apr 2026, 19:34","","Seated Cable Row - Bar Grip",,"",2,"normal",90,10,,,
"Back & Biceps","6 Apr 2026, 18:18","6 Apr 2026, 19:34","","Single Arm Lat Pulldown",,"Cable",0,"normal",30,24,,,
"Back & Biceps","6 Apr 2026, 18:18","6 Apr 2026, 19:34","","Single Arm Lat Pulldown",,"Cable",1,"normal",35,24,,,
"Back & Biceps","6 Apr 2026, 18:18","6 Apr 2026, 19:34","","Single Arm Lat Pulldown",,"Cable",2,"normal",40,24,,,
"Back & Biceps","6 Apr 2026, 18:18","6 Apr 2026, 19:34","","Straight Arm Lat Pulldown (Cable)",,"",0,"normal",30,15,,,
"Back & Biceps","6 Apr 2026, 18:18","6 Apr 2026, 19:34","","Straight Arm Lat Pulldown (Cable)",,"",1,"normal",35,14,,,
"Back & Biceps","6 Apr 2026, 18:18","6 Apr 2026, 19:34","","Straight Arm Lat Pulldown (Cable)",,"",2,"normal",35,12,,,
"Back & Biceps","6 Apr 2026, 18:18","6 Apr 2026, 19:34","","Preacher Curl (Barbell)",,"",0,"normal",20,15,,,
"Back & Biceps","6 Apr 2026, 18:18","6 Apr 2026, 19:34","","Preacher Curl (Barbell)",,"",1,"normal",25,10,,,
"Back & Biceps","6 Apr 2026, 18:18","6 Apr 2026, 19:34","","Preacher Curl (Barbell)",,"",2,"normal",25,12,,,
"Back & Biceps","6 Apr 2026, 18:18","6 Apr 2026, 19:34","","Behind the Back Curl (Cable)",,"",0,"normal",30,12,,,
"Back & Biceps","6 Apr 2026, 18:18","6 Apr 2026, 19:34","","Behind the Back Curl (Cable)",,"",1,"normal",30,12,,,
"Legs","4 Apr 2026, 17:38","4 Apr 2026, 18:56","","Stretching",,"Legs",0,"normal",,,,388,
"Legs","4 Apr 2026, 17:38","4 Apr 2026, 18:56","","Deadlift (Barbell)",,"",0,"warmup",60,6,,,
"Legs","4 Apr 2026, 17:38","4 Apr 2026, 18:56","","Deadlift (Barbell)",,"",1,"normal",90,5,,,
"Legs","4 Apr 2026, 17:38","4 Apr 2026, 18:56","","Deadlift (Barbell)",,"",2,"normal",110,3,,,
"Legs","4 Apr 2026, 17:38","4 Apr 2026, 18:56","","Leg Extension (Machine)",,"",0,"normal",50,12,,,
"Legs","4 Apr 2026, 17:38","4 Apr 2026, 18:56","","Leg Extension (Machine)",,"",1,"normal",55,12,,,
"Legs","4 Apr 2026, 17:38","4 Apr 2026, 18:56","","Leg Extension (Machine)",,"",2,"normal",60,12,,,
"Legs","4 Apr 2026, 17:38","4 Apr 2026, 18:56","","Seated Leg Curl (Machine)",,"",0,"normal",55,12,,,
"Legs","4 Apr 2026, 17:38","4 Apr 2026, 18:56","","Seated Leg Curl (Machine)",,"",1,"normal",60,10,,,
"Legs","4 Apr 2026, 17:38","4 Apr 2026, 18:56","","Seated Leg Curl (Machine)",,"",2,"normal",60,10,,,
"Legs","4 Apr 2026, 17:38","4 Apr 2026, 18:56","","Standing Calf Raise (Smith)",,"",0,"normal",40,15,,,
"Legs","4 Apr 2026, 17:38","4 Apr 2026, 18:56","","Standing Calf Raise (Smith)",,"",1,"normal",45,15,,,
"Legs","4 Apr 2026, 17:38","4 Apr 2026, 18:56","","Standing Calf Raise (Smith)",,"",2,"normal",45,15,,,
"Legs","4 Apr 2026, 17:38","4 Apr 2026, 18:56","","Leg Press (Machine)",,"",0,"normal",100,15,,,
"Legs","4 Apr 2026, 17:38","4 Apr 2026, 18:56","","Leg Press (Machine)",,"",1,"normal",120,12,,,
"Legs","4 Apr 2026, 17:38","4 Apr 2026, 18:56","","Leg Press (Machine)",,"",2,"normal",140,12,,,
"Chest & Back (Forearms)","3 Apr 2026, 17:37","3 Apr 2026, 19:12","9.5/10","Stretching",,"Chest",0,"normal",,,,228,
"Chest & Back (Forearms)","3 Apr 2026, 17:37","3 Apr 2026, 19:12","9.5/10","Push Up",,"",0,"normal",,30,,,
"Chest & Back (Forearms)","3 Apr 2026, 17:37","3 Apr 2026, 19:12","9.5/10","Push Up",,"",1,"normal",,25,,,
"Chest & Back (Forearms)","3 Apr 2026, 17:37","3 Apr 2026, 19:12","9.5/10","Incline Bench Press (Dumbbell)",,"📈",0,"normal",45,10,,,
"Chest & Back (Forearms)","3 Apr 2026, 17:37","3 Apr 2026, 19:12","9.5/10","Incline Bench Press (Dumbbell)",,"📈",1,"normal",50,8,,,
"Chest & Back (Forearms)","3 Apr 2026, 17:37","3 Apr 2026, 19:12","9.5/10","Incline Bench Press (Dumbbell)",,"📈",2,"normal",50,9,,,
"Chest & Back (Forearms)","3 Apr 2026, 17:37","3 Apr 2026, 19:12","9.5/10","Cable Fly Crossovers",,"",0,"normal",50,12,,,
"Chest & Back (Forearms)","3 Apr 2026, 17:37","3 Apr 2026, 19:12","9.5/10","Cable Fly Crossovers",,"",1,"normal",60,7,,,
"Chest & Back (Forearms)","3 Apr 2026, 17:37","3 Apr 2026, 19:12","9.5/10","Cable Fly Crossovers",,"",2,"dropset",40,7,,,
"Chest & Back (Forearms)","3 Apr 2026, 17:37","3 Apr 2026, 19:12","9.5/10","Cable Fly Crossovers",,"",3,"normal",60,7,,,
"Chest & Back (Forearms)","3 Apr 2026, 17:37","3 Apr 2026, 19:12","9.5/10","Cable Fly Crossovers",,"",4,"dropset",30,12,,,
"Chest & Back (Forearms)","3 Apr 2026, 17:37","3 Apr 2026, 19:12","9.5/10","Low Cable Fly Crossovers",,"",0,"normal",30,10,,,
"Chest & Back (Forearms)","3 Apr 2026, 17:37","3 Apr 2026, 19:12","9.5/10","Low Cable Fly Crossovers",,"",1,"normal",20,14,,,
"Chest & Back (Forearms)","3 Apr 2026, 17:37","3 Apr 2026, 19:12","9.5/10","Lat Pulldown (Cable)",,"📈",0,"normal",58.5,12,,,
"Chest & Back (Forearms)","3 Apr 2026, 17:37","3 Apr 2026, 19:12","9.5/10","Lat Pulldown (Cable)",,"📈",1,"normal",65,8,,,
"Chest & Back (Forearms)","3 Apr 2026, 17:37","3 Apr 2026, 19:12","9.5/10","Seated Cable Row - Bar Grip",,"",0,"normal",80,12,,,
"Chest & Back (Forearms)","3 Apr 2026, 17:37","3 Apr 2026, 19:12","9.5/10","Seated Cable Row - Bar Grip",,"",1,"normal",80,12,,,
"Chest & Back (Forearms)","3 Apr 2026, 17:37","3 Apr 2026, 19:12","9.5/10","Seated Cable Row - Bar Grip",,"",2,"normal",80,12,,,
"Chest & Back (Forearms)","3 Apr 2026, 17:37","3 Apr 2026, 19:12","9.5/10","Straight Arm Lat Pulldown (Cable)",,"Seated",0,"normal",25,14,,,
"Chest & Back (Forearms)","3 Apr 2026, 17:37","3 Apr 2026, 19:12","9.5/10","Straight Arm Lat Pulldown (Cable)",,"Seated",1,"normal",30,15,,,
"Chest & Back (Forearms)","3 Apr 2026, 17:37","3 Apr 2026, 19:12","9.5/10","Straight Arm Lat Pulldown (Cable)",,"Seated",2,"normal",35,12,,,
"Chest & Back (Forearms)","3 Apr 2026, 17:37","3 Apr 2026, 19:12","9.5/10","Seated Palms Up Wrist Curl",0,"Dumbell",0,"normal",20,18,,,
"Chest & Back (Forearms)","3 Apr 2026, 17:37","3 Apr 2026, 19:12","9.5/10","Seated Palms Up Wrist Curl",0,"Dumbell",1,"normal",20,18,,,
"Chest & Back (Forearms)","3 Apr 2026, 17:37","3 Apr 2026, 19:12","9.5/10","Seated Palms Up Wrist Curl",0,"Dumbell",2,"normal",20,20,,,
"Chest & Back (Forearms)","3 Apr 2026, 17:37","3 Apr 2026, 19:12","9.5/10","Seated Wrist Extension (Barbell)",0,"Dumbell",0,"normal",15,14,,,
"Chest & Back (Forearms)","3 Apr 2026, 17:37","3 Apr 2026, 19:12","9.5/10","Seated Wrist Extension (Barbell)",0,"Dumbell",1,"normal",15,18,,,
"Chest & Back (Forearms)","3 Apr 2026, 17:37","3 Apr 2026, 19:12","9.5/10","Seated Wrist Extension (Barbell)",0,"Dumbell",2,"normal",15,18,,,
"Arms","2 Apr 2026, 18:11","2 Apr 2026, 19:30","","Stretching",,"",0,"normal",,,,270,
"Arms","2 Apr 2026, 18:11","2 Apr 2026, 19:30","","Seated Incline Curl (Dumbbell)",,"",0,"normal",20,12,,,
"Arms","2 Apr 2026, 18:11","2 Apr 2026, 19:30","","Seated Incline Curl (Dumbbell)",,"",1,"normal",20,12,,,
"Arms","2 Apr 2026, 18:11","2 Apr 2026, 19:30","","Seated Incline Curl (Dumbbell)",,"",2,"normal",20,10,,,
"Arms","2 Apr 2026, 18:11","2 Apr 2026, 19:30","","Seated Incline Curl (Dumbbell)",,"",3,"dropset",10,8,,,
"Arms","2 Apr 2026, 18:11","2 Apr 2026, 19:30","","Triceps Rope Pushdown",,"",0,"normal",35,12,,,
"Arms","2 Apr 2026, 18:11","2 Apr 2026, 19:30","","Triceps Rope Pushdown",,"",1,"normal",35,12,,,
"Arms","2 Apr 2026, 18:11","2 Apr 2026, 19:30","","Triceps Rope Pushdown",,"",2,"normal",35,9,,,
"Arms","2 Apr 2026, 18:11","2 Apr 2026, 19:30","","Triceps Rope Pushdown",,"",3,"dropset",25,10,,,
"Arms","2 Apr 2026, 18:11","2 Apr 2026, 19:30","","Bicep Curl (Cable)",,"",0,"normal",35,12,,,
"Arms","2 Apr 2026, 18:11","2 Apr 2026, 19:30","","Bicep Curl (Cable)",,"",1,"normal",35,12,,,
"Arms","2 Apr 2026, 18:11","2 Apr 2026, 19:30","","Bicep Curl (Cable)",,"",2,"normal",35,11,,,
"Arms","2 Apr 2026, 18:11","2 Apr 2026, 19:30","","Single Arm Triceps Pushdown (Cable)",,"Cbum var.",0,"normal",10,24,,,
"Arms","2 Apr 2026, 18:11","2 Apr 2026, 19:30","","Single Arm Triceps Pushdown (Cable)",,"Cbum var.",1,"normal",10,24,,,
"Arms","2 Apr 2026, 18:11","2 Apr 2026, 19:30","","Single Arm Triceps Pushdown (Cable)",,"Cbum var.",2,"normal",10,24,,,
"Arms","2 Apr 2026, 18:11","2 Apr 2026, 19:30","","Hammer Curl (Cable)",0,"",0,"normal",35,15,,,
"Arms","2 Apr 2026, 18:11","2 Apr 2026, 19:30","","Hammer Curl (Cable)",0,"",1,"normal",40,12,,,
"Arms","2 Apr 2026, 18:11","2 Apr 2026, 19:30","","Hammer Curl (Cable)",0,"",2,"normal",40,12,,,
"Arms","2 Apr 2026, 18:11","2 Apr 2026, 19:30","","Overhead Triceps Extension (Cable)",0,"Rope",0,"normal",35,12,,,
"Arms","2 Apr 2026, 18:11","2 Apr 2026, 19:30","","Overhead Triceps Extension (Cable)",0,"Rope",1,"normal",40,12,,,
"Arms","2 Apr 2026, 18:11","2 Apr 2026, 19:30","","Overhead Triceps Extension (Cable)",0,"Rope",2,"normal",35,12,,,
"Arms","2 Apr 2026, 18:11","2 Apr 2026, 19:30","","Reverse Barbell Curl",,"Cable",0,"normal",30,12,,,
"Arms","2 Apr 2026, 18:11","2 Apr 2026, 19:30","","Reverse Barbell Curl",,"Cable",1,"normal",35,12,,,
"Arms","2 Apr 2026, 18:11","2 Apr 2026, 19:30","","Reverse Barbell Curl",,"Cable",2,"normal",35,12,,,
"Shoulders & Abs","1 Apr 2026, 17:34","1 Apr 2026, 18:42","4/10","Stretching",,"Shouldies",0,"normal",,,,386,
"Shoulders & Abs","1 Apr 2026, 17:34","1 Apr 2026, 18:42","4/10","Lateral Raise (Dumbbell)",,"",0,"warmup",10,12,,,
"Shoulders & Abs","1 Apr 2026, 17:34","1 Apr 2026, 18:42","4/10","Lateral Raise (Dumbbell)",,"",1,"normal",20,12,,,
"Shoulders & Abs","1 Apr 2026, 17:34","1 Apr 2026, 18:42","4/10","Lateral Raise (Dumbbell)",,"",2,"normal",20,12,,,
"Shoulders & Abs","1 Apr 2026, 17:34","1 Apr 2026, 18:42","4/10","Lateral Raise (Dumbbell)",,"",3,"normal",20,12,,,
"Shoulders & Abs","1 Apr 2026, 17:34","1 Apr 2026, 18:42","4/10","Shoulder Press (Machine Plates)",,"",0,"warmup",20,12,,,
"Shoulders & Abs","1 Apr 2026, 17:34","1 Apr 2026, 18:42","4/10","Shoulder Press (Machine Plates)",,"",1,"normal",40,12,,,
"Shoulders & Abs","1 Apr 2026, 17:34","1 Apr 2026, 18:42","4/10","Shoulder Press (Machine Plates)",,"",2,"normal",50,8,,,
"Shoulders & Abs","1 Apr 2026, 17:34","1 Apr 2026, 18:42","4/10","Shoulder Press (Machine Plates)",,"",3,"normal",50,10,,,
"Shoulders & Abs","1 Apr 2026, 17:34","1 Apr 2026, 18:42","4/10","Rear Delt Reverse Fly (Machine)",,"",0,"normal",45,12,,,
"Shoulders & Abs","1 Apr 2026, 17:34","1 Apr 2026, 18:42","4/10","Rear Delt Reverse Fly (Machine)",,"",1,"normal",45,12,,,
"Shoulders & Abs","1 Apr 2026, 17:34","1 Apr 2026, 18:42","4/10","Rear Delt Reverse Fly (Machine)",,"",2,"normal",45,12,,,
"Shoulders & Abs","1 Apr 2026, 17:34","1 Apr 2026, 18:42","4/10","Cable Crunch",,"",0,"normal",45,15,,,
"Shoulders & Abs","1 Apr 2026, 17:34","1 Apr 2026, 18:42","4/10","Cable Crunch",,"",1,"normal",50,15,,,
"Shoulders & Abs","1 Apr 2026, 17:34","1 Apr 2026, 18:42","4/10","Cable Crunch",,"",2,"normal",55,15,,,
"Shoulders & Abs","1 Apr 2026, 17:34","1 Apr 2026, 18:42","4/10","Hanging Leg Raise",,"",0,"normal",,15,,,
"Shoulders & Abs","1 Apr 2026, 17:34","1 Apr 2026, 18:42","4/10","Hanging Leg Raise",,"",1,"normal",,12,,,
"Shoulders & Abs","1 Apr 2026, 17:34","1 Apr 2026, 18:42","4/10","Hanging Leg Raise",,"",2,"normal",,12,,,
"Chest & Triceps","31 Mar 2026, 17:48","31 Mar 2026, 19:17","","Stretching",,"Chest",0,"normal",,,,320,
"Chest & Triceps","31 Mar 2026, 17:48","31 Mar 2026, 19:17","","Push Up",,"",0,"normal",,25,,,
"Chest & Triceps","31 Mar 2026, 17:48","31 Mar 2026, 19:17","","Push Up",,"",1,"normal",,20,,,
"Chest & Triceps","31 Mar 2026, 17:48","31 Mar 2026, 19:17","","Bench Press (Barbell)",,"",0,"warmup",40,12,,,
"Chest & Triceps","31 Mar 2026, 17:48","31 Mar 2026, 19:17","","Bench Press (Barbell)",,"",1,"normal",60,10,,,
"Chest & Triceps","31 Mar 2026, 17:48","31 Mar 2026, 19:17","","Bench Press (Barbell)",,"",2,"normal",65,8,,,
"Chest & Triceps","31 Mar 2026, 17:48","31 Mar 2026, 19:17","","Cable Fly Crossovers",,"",0,"normal",50,12,,,
"Chest & Triceps","31 Mar 2026, 17:48","31 Mar 2026, 19:17","","Cable Fly Crossovers",,"",1,"normal",50,10,,,
"Chest & Triceps","31 Mar 2026, 17:48","31 Mar 2026, 19:17","","Cable Fly Crossovers",,"",2,"normal",50,8,,,
"Chest & Triceps","31 Mar 2026, 17:48","31 Mar 2026, 19:17","","Cable Fly Crossovers",,"",3,"dropset",30,8,,,
"Chest & Triceps","31 Mar 2026, 17:48","31 Mar 2026, 19:17","","Incline Bench Press (Smith Machine)",,"",0,"normal",40,12,,,
"Chest & Triceps","31 Mar 2026, 17:48","31 Mar 2026, 19:17","","Incline Bench Press (Smith Machine)",,"",1,"normal",45,9,,,
"Chest & Triceps","31 Mar 2026, 17:48","31 Mar 2026, 19:17","","Incline Bench Press (Smith Machine)",,"",2,"normal",45,10,,,
"Chest & Triceps","31 Mar 2026, 17:48","31 Mar 2026, 19:17","","Chest Fly (Machine)",,"",0,"normal",67.5,10,,,
"Chest & Triceps","31 Mar 2026, 17:48","31 Mar 2026, 19:17","","Chest Fly (Machine)",,"",1,"normal",67.5,10,,,
"Chest & Triceps","31 Mar 2026, 17:48","31 Mar 2026, 19:17","","Chest Fly (Machine)",,"",2,"dropset",45,8,,,
"Chest & Triceps","31 Mar 2026, 17:48","31 Mar 2026, 19:17","","Overhead Triceps Extension (Cable)",,"V bar",0,"normal",35,15,,,
"Chest & Triceps","31 Mar 2026, 17:48","31 Mar 2026, 19:17","","Overhead Triceps Extension (Cable)",,"V bar",1,"normal",40,12,,,
"Chest & Triceps","31 Mar 2026, 17:48","31 Mar 2026, 19:17","","Overhead Triceps Extension (Cable)",,"V bar",2,"normal",45,10,,,
"Chest & Triceps","31 Mar 2026, 17:48","31 Mar 2026, 19:17","","Single Arm Triceps Pushdown (Cable)",,"1st set - cbum variation",0,"normal",10,24,,,
"Chest & Triceps","31 Mar 2026, 17:48","31 Mar 2026, 19:17","","Single Arm Triceps Pushdown (Cable)",,"1st set - cbum variation",1,"normal",15,22,,,
"Chest & Triceps","31 Mar 2026, 17:48","31 Mar 2026, 19:17","","Triceps Rope Pushdown",,"",0,"normal",30,10,,,
"Chest & Triceps","31 Mar 2026, 17:48","31 Mar 2026, 19:17","","Triceps Rope Pushdown",,"",1,"normal",30,10,,,
"Chest & Triceps","31 Mar 2026, 17:48","31 Mar 2026, 19:17","","Triceps Rope Pushdown",,"",2,"normal",30,10,,,
"Back & Biceps (Forearms)","30 Mar 2026, 17:31","30 Mar 2026, 19:19","9/10","Stretching",,"Back",0,"normal",,,,313,
"Back & Biceps (Forearms)","30 Mar 2026, 17:31","30 Mar 2026, 19:19","9/10","Pull Up",,"",0,"normal",,13,,,
"Back & Biceps (Forearms)","30 Mar 2026, 17:31","30 Mar 2026, 19:19","9/10","Pull Up",,"",1,"normal",,12,,,
"Back & Biceps (Forearms)","30 Mar 2026, 17:31","30 Mar 2026, 19:19","9/10","Pull Up",,"",2,"normal",,9,,,
"Back & Biceps (Forearms)","30 Mar 2026, 17:31","30 Mar 2026, 19:19","9/10","Reverse Grip Lat Pulldown (Cable)",,"📈",0,"normal",58.5,12,,,
"Back & Biceps (Forearms)","30 Mar 2026, 17:31","30 Mar 2026, 19:19","9/10","Reverse Grip Lat Pulldown (Cable)",,"📈",1,"normal",58.5,11,,,
"Back & Biceps (Forearms)","30 Mar 2026, 17:31","30 Mar 2026, 19:19","9/10","Chest Supported Incline Row (Dumbbell)",,"Dumbell (harder)",0,"normal",30,12,,,
"Back & Biceps (Forearms)","30 Mar 2026, 17:31","30 Mar 2026, 19:19","9/10","Chest Supported Incline Row (Dumbbell)",,"Dumbell (harder)",1,"normal",30,12,,,
"Back & Biceps (Forearms)","30 Mar 2026, 17:31","30 Mar 2026, 19:19","9/10","Chest Supported Incline Row (Dumbbell)",,"Dumbell (harder)",2,"normal",25,12,,,
"Back & Biceps (Forearms)","30 Mar 2026, 17:31","30 Mar 2026, 19:19","9/10","Seated Cable Row - V Grip (Cable)",,"",0,"normal",75,12,,,
"Back & Biceps (Forearms)","30 Mar 2026, 17:31","30 Mar 2026, 19:19","9/10","Seated Cable Row - V Grip (Cable)",,"",1,"normal",75,12,,,
"Back & Biceps (Forearms)","30 Mar 2026, 17:31","30 Mar 2026, 19:19","9/10","Seated Cable Row - V Grip (Cable)",,"",2,"normal",80,12,,,
"Back & Biceps (Forearms)","30 Mar 2026, 17:31","30 Mar 2026, 19:19","9/10","Single Arm Lat Pulldown",,"Cable",0,"normal",30,24,,,
"Back & Biceps (Forearms)","30 Mar 2026, 17:31","30 Mar 2026, 19:19","9/10","Single Arm Lat Pulldown",,"Cable",1,"normal",35,24,,,
"Back & Biceps (Forearms)","30 Mar 2026, 17:31","30 Mar 2026, 19:19","9/10","Single Arm Lat Pulldown",,"Cable",2,"normal",40,24,,,
"Back & Biceps (Forearms)","30 Mar 2026, 17:31","30 Mar 2026, 19:19","9/10","Behind the Back Curl (Cable)",,"",0,"normal",40,12,,,
"Back & Biceps (Forearms)","30 Mar 2026, 17:31","30 Mar 2026, 19:19","9/10","Behind the Back Curl (Cable)",,"",1,"normal",40,11,,,
"Back & Biceps (Forearms)","30 Mar 2026, 17:31","30 Mar 2026, 19:19","9/10","Behind the Back Curl (Cable)",,"",2,"normal",40,11,,,
"Back & Biceps (Forearms)","30 Mar 2026, 17:31","30 Mar 2026, 19:19","9/10","Bicep Curl (Cable)",,"",0,"normal",35,12,,,
"Back & Biceps (Forearms)","30 Mar 2026, 17:31","30 Mar 2026, 19:19","9/10","Bicep Curl (Cable)",,"",1,"normal",40,9,,,
"Back & Biceps (Forearms)","30 Mar 2026, 17:31","30 Mar 2026, 19:19","9/10","Bicep Curl (Cable)",,"",2,"normal",40,12,,,
"Back & Biceps (Forearms)","30 Mar 2026, 17:31","30 Mar 2026, 19:19","9/10","Bicep Curl (Cable)",,"",3,"dropset",25,8,,,
"Back & Biceps (Forearms)","30 Mar 2026, 17:31","30 Mar 2026, 19:19","9/10","Hammer Curl (Dumbbell)",,"",0,"normal",20,12,,,
"Back & Biceps (Forearms)","30 Mar 2026, 17:31","30 Mar 2026, 19:19","9/10","Hammer Curl (Dumbbell)",,"",1,"normal",20,12,,,
"Back & Biceps (Forearms)","30 Mar 2026, 17:31","30 Mar 2026, 19:19","9/10","Behind the Back Bicep Wrist Curl (Barbell)",0,"",0,"normal",30,15,,,
"Back & Biceps (Forearms)","30 Mar 2026, 17:31","30 Mar 2026, 19:19","9/10","Behind the Back Bicep Wrist Curl (Barbell)",0,"",1,"normal",35,12,,,
"Back & Biceps (Forearms)","30 Mar 2026, 17:31","30 Mar 2026, 19:19","9/10","Reverse Barbell Curl",0,"Barbell",0,"normal",15,12,,,
"Back & Biceps (Forearms)","30 Mar 2026, 17:31","30 Mar 2026, 19:19","9/10","Reverse Barbell Curl",0,"Barbell",1,"normal",15,12,,,
"Legs","28 Mar 2026, 17:45","28 Mar 2026, 18:46","","Stretching",,"Legs",0,"normal",,,,328,
"Legs","28 Mar 2026, 17:45","28 Mar 2026, 18:46","","Hip Adduction (Machine)",0,"",0,"normal",70,12,,,
"Legs","28 Mar 2026, 17:45","28 Mar 2026, 18:46","","Hip Adduction (Machine)",0,"",1,"normal",80,15,,,
"Legs","28 Mar 2026, 17:45","28 Mar 2026, 18:46","","Hip Abduction (Machine)",0,"",0,"normal",70,15,,,
"Legs","28 Mar 2026, 17:45","28 Mar 2026, 18:46","","Hip Abduction (Machine)",0,"",1,"normal",80,15,,,
"Legs","28 Mar 2026, 17:45","28 Mar 2026, 18:46","","Leg Extension (Machine)",,"",0,"normal",50,12,,,
"Legs","28 Mar 2026, 17:45","28 Mar 2026, 18:46","","Leg Extension (Machine)",,"",1,"normal",55,12,,,
"Legs","28 Mar 2026, 17:45","28 Mar 2026, 18:46","","Leg Extension (Machine)",,"",2,"normal",60,12,,,
"Legs","28 Mar 2026, 17:45","28 Mar 2026, 18:46","","Seated Leg Curl (Machine)",,"",0,"normal",50,12,,,
"Legs","28 Mar 2026, 17:45","28 Mar 2026, 18:46","","Seated Leg Curl (Machine)",,"",1,"normal",55,12,,,
"Legs","28 Mar 2026, 17:45","28 Mar 2026, 18:46","","Seated Leg Curl (Machine)",,"",2,"normal",60,12,,,
"Legs","28 Mar 2026, 17:45","28 Mar 2026, 18:46","","Treadmill",,"Incline",0,"normal",,,0.7,600,
"Chest & Back","27 Mar 2026, 17:55","27 Mar 2026, 19:35","7/10","Stretching",,"Chest & Back",0,"normal",,,,475,
"Chest & Back","27 Mar 2026, 17:55","27 Mar 2026, 19:35","7/10","Push Up",,"slow reps",0,"normal",,20,,,
"Chest & Back","27 Mar 2026, 17:55","27 Mar 2026, 19:35","7/10","Push Up",,"slow reps",1,"normal",,20,,,
"Chest & Back","27 Mar 2026, 17:55","27 Mar 2026, 19:35","7/10","Incline Bench Press (Dumbbell)",,"",0,"warmup",25,12,,,
"Chest & Back","27 Mar 2026, 17:55","27 Mar 2026, 19:35","7/10","Incline Bench Press (Dumbbell)",,"",1,"normal",40,12,,,
"Chest & Back","27 Mar 2026, 17:55","27 Mar 2026, 19:35","7/10","Incline Bench Press (Dumbbell)",,"",2,"normal",45,10,,,
"Chest & Back","27 Mar 2026, 17:55","27 Mar 2026, 19:35","7/10","Chest Fly (Machine)",,"",0,"normal",75,12,,,
"Chest & Back","27 Mar 2026, 17:55","27 Mar 2026, 19:35","7/10","Chest Fly (Machine)",,"",1,"normal",82.5,12,,,
"Chest & Back","27 Mar 2026, 17:55","27 Mar 2026, 19:35","7/10","Chest Fly (Machine)",,"",2,"normal",75,10,,,
"Chest & Back","27 Mar 2026, 17:55","27 Mar 2026, 19:35","7/10","Cable Fly Crossovers",,"",0,"normal",40,12,,,
"Chest & Back","27 Mar 2026, 17:55","27 Mar 2026, 19:35","7/10","Cable Fly Crossovers",,"",1,"normal",50,12,,,
"Chest & Back","27 Mar 2026, 17:55","27 Mar 2026, 19:35","7/10","Cable Fly Crossovers",,"",2,"normal",50,10,,,
"Chest & Back","27 Mar 2026, 17:55","27 Mar 2026, 19:35","7/10","Single Arm Lat Pulldown",,"Cable",0,"normal",30,24,,,
"Chest & Back","27 Mar 2026, 17:55","27 Mar 2026, 19:35","7/10","Single Arm Lat Pulldown",,"Cable",1,"normal",35,24,,,
"Chest & Back","27 Mar 2026, 17:55","27 Mar 2026, 19:35","7/10","Single Arm Lat Pulldown",,"Cable",2,"normal",35,24,,,
"Chest & Back","27 Mar 2026, 17:55","27 Mar 2026, 19:35","7/10","Seated Cable Row - Bar Grip",,"",0,"normal",75,12,,,
"Chest & Back","27 Mar 2026, 17:55","27 Mar 2026, 19:35","7/10","Seated Cable Row - Bar Grip",,"",1,"normal",80,12,,,
"Chest & Back","27 Mar 2026, 17:55","27 Mar 2026, 19:35","7/10","Seated Cable Row - Bar Grip",,"",2,"normal",85,12,,,
"Chest & Back","27 Mar 2026, 17:55","27 Mar 2026, 19:35","7/10","Straight Arm Lat Pulldown (Cable)",,"",0,"normal",30,12,,,
"Chest & Back","27 Mar 2026, 17:55","27 Mar 2026, 19:35","7/10","Straight Arm Lat Pulldown (Cable)",,"",1,"normal",30,12,,,
"Chest & Back","27 Mar 2026, 17:55","27 Mar 2026, 19:35","7/10","Straight Arm Lat Pulldown (Cable)",,"",2,"normal",30,8,,,
"Chest & Back","27 Mar 2026, 17:55","27 Mar 2026, 19:35","7/10","Reverse Barbell Curl",,"Cable",0,"normal",30,15,,,
"Chest & Back","27 Mar 2026, 17:55","27 Mar 2026, 19:35","7/10","Reverse Barbell Curl",,"Cable",1,"normal",35,13,,,
"Chest & Back","27 Mar 2026, 17:55","27 Mar 2026, 19:35","7/10","Reverse Barbell Curl",,"Cable",2,"normal",35,13,,,
"Arms, Abs & Cardio","26 Mar 2026, 17:26","26 Mar 2026, 19:27","8.5/10","Stretching",,"",0,"normal",,,,183,
"Arms, Abs & Cardio","26 Mar 2026, 17:26","26 Mar 2026, 19:27","8.5/10","Chin Up",,"",0,"normal",,10,,,
"Arms, Abs & Cardio","26 Mar 2026, 17:26","26 Mar 2026, 19:27","8.5/10","Diamond Push Up",,"",0,"normal",,20,,,
"Arms, Abs & Cardio","26 Mar 2026, 17:26","26 Mar 2026, 19:27","8.5/10","Seated Incline Curl (Dumbbell)",,"",0,"normal",20,12,,,
"Arms, Abs & Cardio","26 Mar 2026, 17:26","26 Mar 2026, 19:27","8.5/10","Seated Incline Curl (Dumbbell)",,"",1,"normal",20,8,,,
"Arms, Abs & Cardio","26 Mar 2026, 17:26","26 Mar 2026, 19:27","8.5/10","Seated Incline Curl (Dumbbell)",,"",2,"normal",20,9,,,
"Arms, Abs & Cardio","26 Mar 2026, 17:26","26 Mar 2026, 19:27","8.5/10","Seated Incline Curl (Dumbbell)",,"",3,"dropset",10,6,,,
"Arms, Abs & Cardio","26 Mar 2026, 17:26","26 Mar 2026, 19:27","8.5/10","Overhead Triceps Extension (Cable)",,"",0,"normal",35,15,,,
"Arms, Abs & Cardio","26 Mar 2026, 17:26","26 Mar 2026, 19:27","8.5/10","Overhead Triceps Extension (Cable)",,"",1,"normal",40,15,,,
"Arms, Abs & Cardio","26 Mar 2026, 17:26","26 Mar 2026, 19:27","8.5/10","Overhead Triceps Extension (Cable)",,"",2,"normal",45,12,,,
"Arms, Abs & Cardio","26 Mar 2026, 17:26","26 Mar 2026, 19:27","8.5/10","Bicep Curl (Cable)",,"📈",0,"normal",30,15,,,
"Arms, Abs & Cardio","26 Mar 2026, 17:26","26 Mar 2026, 19:27","8.5/10","Bicep Curl (Cable)",,"📈",1,"normal",35,15,,,
"Arms, Abs & Cardio","26 Mar 2026, 17:26","26 Mar 2026, 19:27","8.5/10","Bicep Curl (Cable)",,"📈",2,"normal",40,12,,,
"Arms, Abs & Cardio","26 Mar 2026, 17:26","26 Mar 2026, 19:27","8.5/10","Bicep Curl (Cable)",,"📈",3,"dropset",25,8,,,
"Arms, Abs & Cardio","26 Mar 2026, 17:26","26 Mar 2026, 19:27","8.5/10","Single Arm Triceps Pushdown (Cable)",,"cbum variation",0,"normal",10,24,,,
"Arms, Abs & Cardio","26 Mar 2026, 17:26","26 Mar 2026, 19:27","8.5/10","Single Arm Triceps Pushdown (Cable)",,"cbum variation",1,"normal",10,24,,,
"Arms, Abs & Cardio","26 Mar 2026, 17:26","26 Mar 2026, 19:27","8.5/10","Single Arm Triceps Pushdown (Cable)",,"cbum variation",2,"normal",10,24,,,
"Arms, Abs & Cardio","26 Mar 2026, 17:26","26 Mar 2026, 19:27","8.5/10","Hammer Curl (Cable)",,"📈",0,"normal",35,15,,,
"Arms, Abs & Cardio","26 Mar 2026, 17:26","26 Mar 2026, 19:27","8.5/10","Hammer Curl (Cable)",,"📈",1,"normal",40,12,,,
"Arms, Abs & Cardio","26 Mar 2026, 17:26","26 Mar 2026, 19:27","8.5/10","Hammer Curl (Cable)",,"📈",2,"normal",45,10,,,
"Arms, Abs & Cardio","26 Mar 2026, 17:26","26 Mar 2026, 19:27","8.5/10","Hammer Curl (Cable)",,"📈",3,"dropset",25,10,,,
"Arms, Abs & Cardio","26 Mar 2026, 17:26","26 Mar 2026, 19:27","8.5/10","Triceps Rope Pushdown",,"",0,"normal",30,15,,,
"Arms, Abs & Cardio","26 Mar 2026, 17:26","26 Mar 2026, 19:27","8.5/10","Triceps Rope Pushdown",,"",1,"normal",35,12,,,
"Arms, Abs & Cardio","26 Mar 2026, 17:26","26 Mar 2026, 19:27","8.5/10","Triceps Rope Pushdown",,"",2,"normal",35,10,,,
"Arms, Abs & Cardio","26 Mar 2026, 17:26","26 Mar 2026, 19:27","8.5/10","Triceps Rope Pushdown",,"",3,"dropset",20,10,,,
"Arms, Abs & Cardio","26 Mar 2026, 17:26","26 Mar 2026, 19:27","8.5/10","Hanging Leg Raise",,"",0,"normal",,12,,,
"Arms, Abs & Cardio","26 Mar 2026, 17:26","26 Mar 2026, 19:27","8.5/10","Hanging Leg Raise",,"",1,"normal",,12,,,
"Arms, Abs & Cardio","26 Mar 2026, 17:26","26 Mar 2026, 19:27","8.5/10","Hanging Leg Raise",,"",2,"normal",,12,,,
"Arms, Abs & Cardio","26 Mar 2026, 17:26","26 Mar 2026, 19:27","8.5/10","Cable Crunch",,"",0,"normal",35,15,,,
"Arms, Abs & Cardio","26 Mar 2026, 17:26","26 Mar 2026, 19:27","8.5/10","Cable Crunch",,"",1,"normal",40,15,,,
"Arms, Abs & Cardio","26 Mar 2026, 17:26","26 Mar 2026, 19:27","8.5/10","Cable Crunch",,"",2,"normal",50,15,,,
"Arms, Abs & Cardio","26 Mar 2026, 17:26","26 Mar 2026, 19:27","8.5/10","Treadmill",,"",0,"normal",,,1,450,
"Legs","25 Mar 2026, 18:24","25 Mar 2026, 19:32","8/10","Stretching",,"",0,"normal",,,,337,
"Legs","25 Mar 2026, 18:24","25 Mar 2026, 19:32","8/10","Lunge (Dumbbell)",,"",0,"normal",20,12,,,
"Legs","25 Mar 2026, 18:24","25 Mar 2026, 19:32","8/10","Lunge (Dumbbell)",,"",1,"normal",25,12,,,
"Legs","25 Mar 2026, 18:24","25 Mar 2026, 19:32","8/10","Leg Extension (Machine)",,"",0,"normal",50,12,,,
"Legs","25 Mar 2026, 18:24","25 Mar 2026, 19:32","8/10","Leg Extension (Machine)",,"",1,"normal",55,12,,,
"Legs","25 Mar 2026, 18:24","25 Mar 2026, 19:32","8/10","Leg Extension (Machine)",,"",2,"normal",60,12,,,
"Legs","25 Mar 2026, 18:24","25 Mar 2026, 19:32","8/10","Seated Leg Curl (Machine)",,"",0,"normal",55,12,,,
"Legs","25 Mar 2026, 18:24","25 Mar 2026, 19:32","8/10","Seated Leg Curl (Machine)",,"",1,"normal",60,11,,,
"Legs","25 Mar 2026, 18:24","25 Mar 2026, 19:32","8/10","Seated Leg Curl (Machine)",,"",2,"normal",60,10,,,
"Legs","25 Mar 2026, 18:24","25 Mar 2026, 19:32","8/10","Leg Press (Machine)",,"",0,"normal",100,15,,,
"Legs","25 Mar 2026, 18:24","25 Mar 2026, 19:32","8/10","Leg Press (Machine)",,"",1,"normal",120,15,,,
"Legs","25 Mar 2026, 18:24","25 Mar 2026, 19:32","8/10","Leg Press (Machine)",,"",2,"normal",130,12,,,
"Legs","25 Mar 2026, 18:24","25 Mar 2026, 19:32","8/10","Standing Calf Raise (Smith)",,"",0,"normal",40,15,,,
"Legs","25 Mar 2026, 18:24","25 Mar 2026, 19:32","8/10","Standing Calf Raise (Smith)",,"",1,"normal",40,15,,,
"Legs","25 Mar 2026, 18:24","25 Mar 2026, 19:32","8/10","Standing Calf Raise (Smith)",,"",2,"normal",45,15,,,
"Chest & Triceps","24 Mar 2026, 18:03","24 Mar 2026, 19:35","7.5/10","Stretching",,"",0,"normal",,,,270,
"Chest & Triceps","24 Mar 2026, 18:03","24 Mar 2026, 19:35","7.5/10","Push Up",,"slow reps",0,"normal",,30,,,
"Chest & Triceps","24 Mar 2026, 18:03","24 Mar 2026, 19:35","7.5/10","Push Up",,"slow reps",1,"normal",,25,,,
"Chest & Triceps","24 Mar 2026, 18:03","24 Mar 2026, 19:35","7.5/10","Push Up",,"slow reps",2,"normal",,20,,,
"Chest & Triceps","24 Mar 2026, 18:03","24 Mar 2026, 19:35","7.5/10","Chest Fly (Machine)",,"",0,"normal",75,12,,,
"Chest & Triceps","24 Mar 2026, 18:03","24 Mar 2026, 19:35","7.5/10","Chest Fly (Machine)",,"",1,"normal",82.5,11,,,
"Chest & Triceps","24 Mar 2026, 18:03","24 Mar 2026, 19:35","7.5/10","Chest Fly (Machine)",,"",2,"normal",90,6,,,
"Chest & Triceps","24 Mar 2026, 18:03","24 Mar 2026, 19:35","7.5/10","Chest Fly (Machine)",,"",3,"dropset",60,6,,,
"Chest & Triceps","24 Mar 2026, 18:03","24 Mar 2026, 19:35","7.5/10","Cable Fly Crossovers",,"",0,"normal",50,12,,,
"Chest & Triceps","24 Mar 2026, 18:03","24 Mar 2026, 19:35","7.5/10","Cable Fly Crossovers",,"",1,"normal",50,12,,,
"Chest & Triceps","24 Mar 2026, 18:03","24 Mar 2026, 19:35","7.5/10","Cable Fly Crossovers",,"",2,"normal",50,10,,,
"Chest & Triceps","24 Mar 2026, 18:03","24 Mar 2026, 19:35","7.5/10","Cable Fly Crossovers",,"",3,"dropset",30,6,,,
"Chest & Triceps","24 Mar 2026, 18:03","24 Mar 2026, 19:35","7.5/10","Incline Bench Press (Dumbbell)",,"",0,"normal",40,9,,,
"Chest & Triceps","24 Mar 2026, 18:03","24 Mar 2026, 19:35","7.5/10","Incline Bench Press (Dumbbell)",,"",1,"normal",40,9,,,
"Chest & Triceps","24 Mar 2026, 18:03","24 Mar 2026, 19:35","7.5/10","Incline Bench Press (Dumbbell)",,"",2,"normal",40,9,,,
"Chest & Triceps","24 Mar 2026, 18:03","24 Mar 2026, 19:35","7.5/10","Overhead Triceps Extension (Cable)",,"",0,"normal",35,15,,,
"Chest & Triceps","24 Mar 2026, 18:03","24 Mar 2026, 19:35","7.5/10","Overhead Triceps Extension (Cable)",,"",1,"normal",40,13,,,
"Chest & Triceps","24 Mar 2026, 18:03","24 Mar 2026, 19:35","7.5/10","Overhead Triceps Extension (Cable)",,"",2,"normal",45,10,,,
"Chest & Triceps","24 Mar 2026, 18:03","24 Mar 2026, 19:35","7.5/10","Single Arm Triceps Pushdown (Cable)",,"",0,"normal",10,24,,,
"Chest & Triceps","24 Mar 2026, 18:03","24 Mar 2026, 19:35","7.5/10","Single Arm Triceps Pushdown (Cable)",,"",1,"normal",10,24,,,
"Chest & Triceps","24 Mar 2026, 18:03","24 Mar 2026, 19:35","7.5/10","Single Arm Triceps Pushdown (Cable)",,"",2,"normal",10,24,,,
"Chest & Triceps","24 Mar 2026, 18:03","24 Mar 2026, 19:35","7.5/10","Triceps Rope Pushdown",,"",0,"normal",35,12,,,
"Chest & Triceps","24 Mar 2026, 18:03","24 Mar 2026, 19:35","7.5/10","Triceps Rope Pushdown",,"",1,"normal",35,6,,,
"Chest & Triceps","24 Mar 2026, 18:03","24 Mar 2026, 19:35","7.5/10","Triceps Rope Pushdown",,"",2,"dropset",25,8,,,
"Chest & Triceps","24 Mar 2026, 18:03","24 Mar 2026, 19:35","7.5/10","Triceps Rope Pushdown",,"",3,"normal",35,8,,,
"Chest & Triceps","24 Mar 2026, 18:03","24 Mar 2026, 19:35","7.5/10","Triceps Rope Pushdown",,"",4,"dropset",35,8,,,
"Back & Biceps","23 Mar 2026, 17:55","23 Mar 2026, 19:43","7.5/10","Stretching",,"",0,"normal",,,,577,
"Back & Biceps","23 Mar 2026, 17:55","23 Mar 2026, 19:43","7.5/10","Pull Up",,"",0,"normal",,13,,,
"Back & Biceps","23 Mar 2026, 17:55","23 Mar 2026, 19:43","7.5/10","Pull Up",,"",1,"normal",,8,,,
"Back & Biceps","23 Mar 2026, 17:55","23 Mar 2026, 19:43","7.5/10","Pull Up",,"",2,"normal",,8,,,
"Back & Biceps","23 Mar 2026, 17:55","23 Mar 2026, 19:43","7.5/10","Reverse Grip Lat Pulldown (Cable)",,"",0,"normal",58.5,10,,,
"Back & Biceps","23 Mar 2026, 17:55","23 Mar 2026, 19:43","7.5/10","Reverse Grip Lat Pulldown (Cable)",,"",1,"normal",58.5,9,,,
"Back & Biceps","23 Mar 2026, 17:55","23 Mar 2026, 19:43","7.5/10","Reverse Grip Lat Pulldown (Cable)",,"",2,"normal",58.5,10,,,
"Back & Biceps","23 Mar 2026, 17:55","23 Mar 2026, 19:43","7.5/10","Single Arm Lat Pulldown",,"Cable",0,"normal",30,24,,,
"Back & Biceps","23 Mar 2026, 17:55","23 Mar 2026, 19:43","7.5/10","Single Arm Lat Pulldown",,"Cable",1,"normal",35,24,,,
"Back & Biceps","23 Mar 2026, 17:55","23 Mar 2026, 19:43","7.5/10","Single Arm Lat Pulldown",,"Cable",2,"normal",40,24,,,
"Back & Biceps","23 Mar 2026, 17:55","23 Mar 2026, 19:43","7.5/10","Seated Cable Row - Bar Grip",,"",0,"normal",75,12,,,
"Back & Biceps","23 Mar 2026, 17:55","23 Mar 2026, 19:43","7.5/10","Seated Cable Row - Bar Grip",,"",1,"normal",85,12,,,
"Back & Biceps","23 Mar 2026, 17:55","23 Mar 2026, 19:43","7.5/10","Seated Cable Row - Bar Grip",,"",2,"normal",85,12,,,
"Back & Biceps","23 Mar 2026, 17:55","23 Mar 2026, 19:43","7.5/10","Chest Supported Incline Row (Dumbbell)",,"",0,"normal",45,10,,,
"Back & Biceps","23 Mar 2026, 17:55","23 Mar 2026, 19:43","7.5/10","Chest Supported Incline Row (Dumbbell)",,"",1,"normal",45,10,,,
"Back & Biceps","23 Mar 2026, 17:55","23 Mar 2026, 19:43","7.5/10","Chest Supported Incline Row (Dumbbell)",,"",2,"normal",45,12,,,
"Back & Biceps","23 Mar 2026, 17:55","23 Mar 2026, 19:43","7.5/10","Behind the Back Curl (Cable)",,"",0,"normal",30,12,,,
"Back & Biceps","23 Mar 2026, 17:55","23 Mar 2026, 19:43","7.5/10","Behind the Back Curl (Cable)",,"",1,"normal",40,12,,,
"Back & Biceps","23 Mar 2026, 17:55","23 Mar 2026, 19:43","7.5/10","Behind the Back Curl (Cable)",,"",2,"normal",40,12,,,
"Back & Biceps","23 Mar 2026, 17:55","23 Mar 2026, 19:43","7.5/10","Hammer Curl (Cable)",,"",0,"normal",35,12,,,
"Back & Biceps","23 Mar 2026, 17:55","23 Mar 2026, 19:43","7.5/10","Hammer Curl (Cable)",,"",1,"normal",40,12,,,
"Back & Biceps","23 Mar 2026, 17:55","23 Mar 2026, 19:43","7.5/10","Hammer Curl (Cable)",,"",2,"normal",45,9,,,
"Back & Biceps","23 Mar 2026, 17:55","23 Mar 2026, 19:43","7.5/10","Hammer Curl (Cable)",,"",3,"dropset",35,6,,,
"Back & Biceps","23 Mar 2026, 17:55","23 Mar 2026, 19:43","7.5/10","Hammer Curl (Cable)",,"",4,"dropset",25,4,,,
"Shouldies & Legs","21 Mar 2026, 17:46","21 Mar 2026, 19:18","","Stretching",,"Shouldies",0,"normal",,,,377,
"Shouldies & Legs","21 Mar 2026, 17:46","21 Mar 2026, 19:18","","Overhead Press (Barbell)",,"",0,"warmup",20,15,,,
"Shouldies & Legs","21 Mar 2026, 17:46","21 Mar 2026, 19:18","","Overhead Press (Barbell)",,"",1,"normal",30,12,,,
"Shouldies & Legs","21 Mar 2026, 17:46","21 Mar 2026, 19:18","","Overhead Press (Barbell)",,"",2,"normal",35,10,,,
"Shouldies & Legs","21 Mar 2026, 17:46","21 Mar 2026, 19:18","","Overhead Press (Barbell)",,"",3,"normal",35,10,,,
"Shouldies & Legs","21 Mar 2026, 17:46","21 Mar 2026, 19:18","","Single Arm Lateral Raise (Cable)",,"",0,"normal",15,24,,,
"Shouldies & Legs","21 Mar 2026, 17:46","21 Mar 2026, 19:18","","Single Arm Lateral Raise (Cable)",,"",1,"normal",15,24,,,
"Shouldies & Legs","21 Mar 2026, 17:46","21 Mar 2026, 19:18","","Single Arm Lateral Raise (Cable)",,"",2,"normal",15,24,,,
"Shouldies & Legs","21 Mar 2026, 17:46","21 Mar 2026, 19:18","","Face Pull",,"",0,"normal",30,15,,,
"Shouldies & Legs","21 Mar 2026, 17:46","21 Mar 2026, 19:18","","Face Pull",,"",1,"normal",30,12,,,
"Shouldies & Legs","21 Mar 2026, 17:46","21 Mar 2026, 19:18","","Face Pull",,"",2,"normal",30,12,,,
"Shouldies & Legs","21 Mar 2026, 17:46","21 Mar 2026, 19:18","","Stretching",,"Legs",0,"normal",,,,262,
"Shouldies & Legs","21 Mar 2026, 17:46","21 Mar 2026, 19:18","","Hip Thrust (Machine)",,"",0,"normal",25,12,,,
"Shouldies & Legs","21 Mar 2026, 17:46","21 Mar 2026, 19:18","","Hip Thrust (Machine)",,"",1,"normal",35,12,,,
"Shouldies & Legs","21 Mar 2026, 17:46","21 Mar 2026, 19:18","","Hip Thrust (Machine)",,"",2,"normal",45,15,,,
"Shouldies & Legs","21 Mar 2026, 17:46","21 Mar 2026, 19:18","","Leg Extension (Machine)",,"",0,"normal",50,12,,,
"Shouldies & Legs","21 Mar 2026, 17:46","21 Mar 2026, 19:18","","Leg Extension (Machine)",,"",1,"normal",50,12,,,
"Shouldies & Legs","21 Mar 2026, 17:46","21 Mar 2026, 19:18","","Leg Extension (Machine)",,"",2,"normal",60,12,,,
"Shouldies & Legs","21 Mar 2026, 17:46","21 Mar 2026, 19:18","","Standing Calf Raise (Smith)",,"",0,"normal",40,15,,,
"Shouldies & Legs","21 Mar 2026, 17:46","21 Mar 2026, 19:18","","Standing Calf Raise (Smith)",,"",1,"normal",40,15,,,
"Shouldies & Legs","21 Mar 2026, 17:46","21 Mar 2026, 19:18","","Standing Calf Raise (Smith)",,"",2,"normal",40,15,,,
"Chest & Back","20 Mar 2026, 17:52","20 Mar 2026, 19:45","8/10","Stretching",,"Chest & Back",0,"normal",,,,357,
"Chest & Back","20 Mar 2026, 17:52","20 Mar 2026, 19:45","8/10","Push Up",,"",0,"normal",,20,,,
"Chest & Back","20 Mar 2026, 17:52","20 Mar 2026, 19:45","8/10","Push Up (Weighted)",,"",0,"normal",5,20,,,
"Chest & Back","20 Mar 2026, 17:52","20 Mar 2026, 19:45","8/10","Push Up (Weighted)",,"",1,"normal",10,20,,,
"Chest & Back","20 Mar 2026, 17:52","20 Mar 2026, 19:45","8/10","Incline Bench Press (Dumbbell)",,"",0,"normal",40,12,,,
"Chest & Back","20 Mar 2026, 17:52","20 Mar 2026, 19:45","8/10","Incline Bench Press (Dumbbell)",,"",1,"normal",40,12,,,
"Chest & Back","20 Mar 2026, 17:52","20 Mar 2026, 19:45","8/10","Incline Bench Press (Dumbbell)",,"",2,"normal",40,10,,,
"Chest & Back","20 Mar 2026, 17:52","20 Mar 2026, 19:45","8/10","Cable Fly Crossovers",,"",0,"normal",50,12,,,
"Chest & Back","20 Mar 2026, 17:52","20 Mar 2026, 19:45","8/10","Cable Fly Crossovers",,"",1,"normal",50,10,,,
"Chest & Back","20 Mar 2026, 17:52","20 Mar 2026, 19:45","8/10","Cable Fly Crossovers",,"",2,"normal",50,8,,,
"Chest & Back","20 Mar 2026, 17:52","20 Mar 2026, 19:45","8/10","Cable Fly Crossovers",,"",3,"dropset",40,8,,,
"Chest & Back","20 Mar 2026, 17:52","20 Mar 2026, 19:45","8/10","Pull Up",,"",0,"normal",,12,,,
"Chest & Back","20 Mar 2026, 17:52","20 Mar 2026, 19:45","8/10","Pull Up",,"",1,"normal",,10,,,
"Chest & Back","20 Mar 2026, 17:52","20 Mar 2026, 19:45","8/10","Straight Arm Lat Pulldown (Cable)",,"",0,"normal",30,10,,,
"Chest & Back","20 Mar 2026, 17:52","20 Mar 2026, 19:45","8/10","Straight Arm Lat Pulldown (Cable)",,"",1,"normal",30,12,,,
"Chest & Back","20 Mar 2026, 17:52","20 Mar 2026, 19:45","8/10","Straight Arm Lat Pulldown (Cable)",,"",2,"normal",30,10,,,
"Chest & Back","20 Mar 2026, 17:52","20 Mar 2026, 19:45","8/10","Single Arm Lat Pulldown",,"Cable (far better strech)",0,"normal",20,24,,,
"Chest & Back","20 Mar 2026, 17:52","20 Mar 2026, 19:45","8/10","Single Arm Lat Pulldown",,"Cable (far better strech)",1,"normal",20,24,,,
"Chest & Back","20 Mar 2026, 17:52","20 Mar 2026, 19:45","8/10","Single Arm Lat Pulldown",,"Cable (far better strech)",2,"normal",30,24,,,
"Chest & Back","20 Mar 2026, 17:52","20 Mar 2026, 19:45","8/10","Seated Cable Row - Bar Grip",,"",0,"normal",70,12,,,
"Chest & Back","20 Mar 2026, 17:52","20 Mar 2026, 19:45","8/10","Seated Cable Row - Bar Grip",,"",1,"normal",80,12,,,
"Chest & Back","20 Mar 2026, 17:52","20 Mar 2026, 19:45","8/10","Seated Cable Row - Bar Grip",,"",2,"normal",85,12,,,
"Chest & Back","20 Mar 2026, 17:52","20 Mar 2026, 19:45","8/10","Hanging Leg Raise",,"",0,"normal",,15,,,
"Chest & Back","20 Mar 2026, 17:52","20 Mar 2026, 19:45","8/10","Hanging Leg Raise",,"",1,"normal",,15,,,
"Chest & Back","20 Mar 2026, 17:52","20 Mar 2026, 19:45","8/10","Cable Crunch",,"",0,"normal",25,12,,,
"Chest & Back","20 Mar 2026, 17:52","20 Mar 2026, 19:45","8/10","Crunch (Weighted)",,"",0,"normal",22.5,15,,,
"Arms","19 Mar 2026, 18:12","19 Mar 2026, 19:39","9/10 📈","Stretching",,"Arms",0,"normal",,,,443,
"Arms","19 Mar 2026, 18:12","19 Mar 2026, 19:39","9/10 📈","Chin Up",,"",0,"normal",,10,,,
"Arms","19 Mar 2026, 18:12","19 Mar 2026, 19:39","9/10 📈","Diamond Push Up",,"",0,"normal",,20,,,
"Arms","19 Mar 2026, 18:12","19 Mar 2026, 19:39","9/10 📈","Seated Incline Curl (Dumbbell)",,"",0,"normal",20,12,,,
"Arms","19 Mar 2026, 18:12","19 Mar 2026, 19:39","9/10 📈","Seated Incline Curl (Dumbbell)",,"",1,"dropset",10,6,,,
"Arms","19 Mar 2026, 18:12","19 Mar 2026, 19:39","9/10 📈","Seated Incline Curl (Dumbbell)",,"",2,"normal",20,8,,,
"Arms","19 Mar 2026, 18:12","19 Mar 2026, 19:39","9/10 📈","Seated Incline Curl (Dumbbell)",,"",3,"dropset",10,8,,,
"Arms","19 Mar 2026, 18:12","19 Mar 2026, 19:39","9/10 📈","Seated Incline Curl (Dumbbell)",,"",4,"normal",20,9,,,
"Arms","19 Mar 2026, 18:12","19 Mar 2026, 19:39","9/10 📈","Overhead Triceps Extension (Cable)",,"Bar",0,"normal",35,15,,,
"Arms","19 Mar 2026, 18:12","19 Mar 2026, 19:39","9/10 📈","Overhead Triceps Extension (Cable)",,"Bar",1,"normal",40,15,,,
"Arms","19 Mar 2026, 18:12","19 Mar 2026, 19:39","9/10 📈","Overhead Triceps Extension (Cable)",,"Bar",2,"normal",45,15,,,
"Arms","19 Mar 2026, 18:12","19 Mar 2026, 19:39","9/10 📈","Preacher Curl (Barbell)",,"1st - EZ, 2nd - Normal Barbell",0,"normal",25,15,,,
"Arms","19 Mar 2026, 18:12","19 Mar 2026, 19:39","9/10 📈","Preacher Curl (Barbell)",,"1st - EZ, 2nd - Normal Barbell",1,"normal",20,12,,,
"Arms","19 Mar 2026, 18:12","19 Mar 2026, 19:39","9/10 📈","Preacher Curl (Dumbbell)",,"",0,"normal",10,28,,,
"Arms","19 Mar 2026, 18:12","19 Mar 2026, 19:39","9/10 📈","Single Arm Triceps Pushdown (Cable)",,"Cbum variation",0,"normal",10,30,,,
"Arms","19 Mar 2026, 18:12","19 Mar 2026, 19:39","9/10 📈","Single Arm Triceps Pushdown (Cable)",,"Cbum variation",1,"normal",15,22,,,
"Arms","19 Mar 2026, 18:12","19 Mar 2026, 19:39","9/10 📈","Single Arm Triceps Pushdown (Cable)",,"Cbum variation",2,"normal",15,20,,,
"Arms","19 Mar 2026, 18:12","19 Mar 2026, 19:39","9/10 📈","Hammer Curl (Cable)",0,"",0,"normal",30,15,,,
"Arms","19 Mar 2026, 18:12","19 Mar 2026, 19:39","9/10 📈","Hammer Curl (Cable)",0,"",1,"normal",35,13,,,
"Arms","19 Mar 2026, 18:12","19 Mar 2026, 19:39","9/10 📈","Hammer Curl (Cable)",0,"",2,"normal",35,12,,,
"Arms","19 Mar 2026, 18:12","19 Mar 2026, 19:39","9/10 📈","Triceps Rope Pushdown",0,"",0,"normal",30,12,,,
"Arms","19 Mar 2026, 18:12","19 Mar 2026, 19:39","9/10 📈","Triceps Rope Pushdown",0,"",1,"normal",35,11,,,
"Arms","19 Mar 2026, 18:12","19 Mar 2026, 19:39","9/10 📈","Triceps Rope Pushdown",0,"",2,"normal",35,10,,,
"Arms","19 Mar 2026, 18:12","19 Mar 2026, 19:39","9/10 📈","Reverse Barbell Curl",,"Cable",0,"normal",25,15,,,
"Arms","19 Mar 2026, 18:12","19 Mar 2026, 19:39","9/10 📈","Reverse Barbell Curl",,"Cable",1,"normal",30,12,,,
"Arms","19 Mar 2026, 18:12","19 Mar 2026, 19:39","9/10 📈","Reverse Barbell Curl",,"Cable",2,"normal",35,12,,,
"Arms","19 Mar 2026, 18:12","19 Mar 2026, 19:39","9/10 📈","Behind the Back Bicep Wrist Curl (Barbell)",,"",0,"normal",35,18,,,
"Arms","19 Mar 2026, 18:12","19 Mar 2026, 19:39","9/10 📈","Behind the Back Bicep Wrist Curl (Barbell)",,"",1,"normal",40,15,,,
"Shouldies & Legs","18 Mar 2026, 18:17","18 Mar 2026, 19:30","📉","Stretching",,"Legs",0,"normal",,,,436,
"Shouldies & Legs","18 Mar 2026, 18:17","18 Mar 2026, 19:30","📉","Single Leg Extensions",,"",0,"warmup",20,20,,,
"Shouldies & Legs","18 Mar 2026, 18:17","18 Mar 2026, 19:30","📉","Leg Extension (Machine)",,"",0,"normal",50,12,,,
"Shouldies & Legs","18 Mar 2026, 18:17","18 Mar 2026, 19:30","📉","Leg Extension (Machine)",,"",1,"normal",50,12,,,
"Shouldies & Legs","18 Mar 2026, 18:17","18 Mar 2026, 19:30","📉","Leg Extension (Machine)",,"",2,"normal",55,12,,,
"Shouldies & Legs","18 Mar 2026, 18:17","18 Mar 2026, 19:30","📉","Seated Leg Curl (Machine)",,"",0,"normal",55,12,,,
"Shouldies & Legs","18 Mar 2026, 18:17","18 Mar 2026, 19:30","📉","Seated Leg Curl (Machine)",,"",1,"normal",60,10,,,
"Shouldies & Legs","18 Mar 2026, 18:17","18 Mar 2026, 19:30","📉","Seated Leg Curl (Machine)",,"",2,"normal",60,12,,,
"Shouldies & Legs","18 Mar 2026, 18:17","18 Mar 2026, 19:30","📉","Hip Abduction (Machine)",0,"",0,"normal",60,15,,,
"Shouldies & Legs","18 Mar 2026, 18:17","18 Mar 2026, 19:30","📉","Hip Abduction (Machine)",0,"",1,"normal",70,12,,,
"Shouldies & Legs","18 Mar 2026, 18:17","18 Mar 2026, 19:30","📉","Hip Adduction (Machine)",0,"",0,"normal",60,12,,,
"Shouldies & Legs","18 Mar 2026, 18:17","18 Mar 2026, 19:30","📉","Hip Adduction (Machine)",0,"",1,"normal",70,12,,,
"Shouldies & Legs","18 Mar 2026, 18:17","18 Mar 2026, 19:30","📉","Standing Calf Raise (Smith)",,"",0,"normal",40,15,,,
"Shouldies & Legs","18 Mar 2026, 18:17","18 Mar 2026, 19:30","📉","Standing Calf Raise (Smith)",,"",1,"normal",50,15,,,
"Shouldies & Legs","18 Mar 2026, 18:17","18 Mar 2026, 19:30","📉","Standing Calf Raise (Smith)",,"",2,"normal",50,15,,,
"Shouldies & Legs","18 Mar 2026, 18:17","18 Mar 2026, 19:30","📉","Stretching",,"Shouldies",0,"normal",,,,215,
"Shouldies & Legs","18 Mar 2026, 18:17","18 Mar 2026, 19:30","📉","Lateral Raise (Dumbbell)",,"Cbum variation",0,"warmup",10,12,,,
"Shouldies & Legs","18 Mar 2026, 18:17","18 Mar 2026, 19:30","📉","Lateral Raise (Dumbbell)",,"Cbum variation",1,"normal",20,12,,,
"Shouldies & Legs","18 Mar 2026, 18:17","18 Mar 2026, 19:30","📉","Lateral Raise (Dumbbell)",,"Cbum variation",2,"normal",20,12,,,
"Shouldies & Legs","18 Mar 2026, 18:17","18 Mar 2026, 19:30","📉","Lateral Raise (Dumbbell)",,"Cbum variation",3,"dropset",15,6,,,
"Shouldies & Legs","18 Mar 2026, 18:17","18 Mar 2026, 19:30","📉","Lateral Raise (Dumbbell)",,"Cbum variation",4,"normal",20,12,,,
"Chest & Triceps","17 Mar 2026, 17:51","17 Mar 2026, 19:33","8.5/10","Stretching",,"Chest",0,"normal",,,,435,
"Chest & Triceps","17 Mar 2026, 17:51","17 Mar 2026, 19:33","8.5/10","Push Up",,"📈",0,"normal",,50,,,
"Chest & Triceps","17 Mar 2026, 17:51","17 Mar 2026, 19:33","8.5/10","Incline Bench Press (Smith Machine)",,"📈",0,"normal",50,10,,,
"Chest & Triceps","17 Mar 2026, 17:51","17 Mar 2026, 19:33","8.5/10","Incline Bench Press (Smith Machine)",,"📈",1,"normal",50,12,,,
"Chest & Triceps","17 Mar 2026, 17:51","17 Mar 2026, 19:33","8.5/10","Incline Bench Press (Smith Machine)",,"📈",2,"normal",50,8,,,
"Chest & Triceps","17 Mar 2026, 17:51","17 Mar 2026, 19:33","8.5/10","Incline Bench Press (Smith Machine)",,"📈",3,"dropset",40,6,,,
"Chest & Triceps","17 Mar 2026, 17:51","17 Mar 2026, 19:33","8.5/10","Chest Fly (Machine)",,"",0,"normal",67.5,13,,,
"Chest & Triceps","17 Mar 2026, 17:51","17 Mar 2026, 19:33","8.5/10","Chest Fly (Machine)",,"",1,"normal",75,12,,,
"Chest & Triceps","17 Mar 2026, 17:51","17 Mar 2026, 19:33","8.5/10","Chest Fly (Machine)",,"",2,"normal",82.5,12,,,
"Chest & Triceps","17 Mar 2026, 17:51","17 Mar 2026, 19:33","8.5/10","Cable Fly Crossovers",,"",0,"normal",50,10,,,
"Chest & Triceps","17 Mar 2026, 17:51","17 Mar 2026, 19:33","8.5/10","Cable Fly Crossovers",,"",1,"dropset",40,8,,,
"Chest & Triceps","17 Mar 2026, 17:51","17 Mar 2026, 19:33","8.5/10","Cable Fly Crossovers",,"",2,"normal",50,14,,,
"Chest & Triceps","17 Mar 2026, 17:51","17 Mar 2026, 19:33","8.5/10","Cable Fly Crossovers",,"",3,"dropset",40,12,,,
"Chest & Triceps","17 Mar 2026, 17:51","17 Mar 2026, 19:33","8.5/10","Cable Fly Crossovers",,"",4,"normal",50,12,,,
"Chest & Triceps","17 Mar 2026, 17:51","17 Mar 2026, 19:33","8.5/10","Cable Fly Crossovers",,"",5,"dropset",40,12,,,
"Chest & Triceps","17 Mar 2026, 17:51","17 Mar 2026, 19:33","8.5/10","Low Cable Fly Crossovers",,"",0,"normal",30,12,,,
"Chest & Triceps","17 Mar 2026, 17:51","17 Mar 2026, 19:33","8.5/10","Low Cable Fly Crossovers",,"",1,"normal",30,9,,,
"Chest & Triceps","17 Mar 2026, 17:51","17 Mar 2026, 19:33","8.5/10","Low Cable Fly Crossovers",,"",2,"normal",30,11,,,
"Chest & Triceps","17 Mar 2026, 17:51","17 Mar 2026, 19:33","8.5/10","Overhead Triceps Extension (Cable)",,"Bar",0,"normal",30,15,,,
"Chest & Triceps","17 Mar 2026, 17:51","17 Mar 2026, 19:33","8.5/10","Overhead Triceps Extension (Cable)",,"Bar",1,"normal",35,12,,,
"Chest & Triceps","17 Mar 2026, 17:51","17 Mar 2026, 19:33","8.5/10","Overhead Triceps Extension (Cable)",,"Bar",2,"normal",40,15,,,
"Chest & Triceps","17 Mar 2026, 17:51","17 Mar 2026, 19:33","8.5/10","Triceps Rope Pushdown",,"",0,"normal",30,15,,,
"Chest & Triceps","17 Mar 2026, 17:51","17 Mar 2026, 19:33","8.5/10","Triceps Rope Pushdown",,"",1,"normal",35,12,,,
"Chest & Triceps","17 Mar 2026, 17:51","17 Mar 2026, 19:33","8.5/10","Triceps Rope Pushdown",,"",2,"normal",40,8,,,
"Chest & Triceps","17 Mar 2026, 17:51","17 Mar 2026, 19:33","8.5/10","Triceps Rope Pushdown",,"",3,"dropset",25,13,,,
"Chest & Triceps","17 Mar 2026, 17:51","17 Mar 2026, 19:33","8.5/10","Single Arm Triceps Pushdown (Cable)",,"Cbum variation",0,"normal",10,24,,,
"Chest & Triceps","17 Mar 2026, 17:51","17 Mar 2026, 19:33","8.5/10","Single Arm Triceps Pushdown (Cable)",,"Cbum variation",1,"normal",10,24,,,
"Chest & Triceps","17 Mar 2026, 17:51","17 Mar 2026, 19:33","8.5/10","Single Arm Triceps Pushdown (Cable)",,"Cbum variation",2,"normal",10,24,,,
"Back & Biceps","16 Mar 2026, 17:42","16 Mar 2026, 19:52","","Stretching",,"Back",0,"normal",,,,524,
"Back & Biceps","16 Mar 2026, 17:42","16 Mar 2026, 19:52","","Pull Up",,"",0,"normal",,14,,,
"Back & Biceps","16 Mar 2026, 17:42","16 Mar 2026, 19:52","","Pull Up",,"",1,"normal",,10,,,
"Back & Biceps","16 Mar 2026, 17:42","16 Mar 2026, 19:52","","Pull Up",,"",2,"normal",,10,,,
"Back & Biceps","16 Mar 2026, 17:42","16 Mar 2026, 19:52","","Seated Row (Machine)",,"",0,"normal",50,12,,,
"Back & Biceps","16 Mar 2026, 17:42","16 Mar 2026, 19:52","","Seated Row (Machine)",,"",1,"normal",50,12,,,
"Back & Biceps","16 Mar 2026, 17:42","16 Mar 2026, 19:52","","Seated Row (Machine)",,"",2,"normal",50,12,,,
"Back & Biceps","16 Mar 2026, 17:42","16 Mar 2026, 19:52","","Single Arm Lat Pulldown",,"",0,"normal",40,24,,,
"Back & Biceps","16 Mar 2026, 17:42","16 Mar 2026, 19:52","","Single Arm Lat Pulldown",,"",1,"normal",40,24,,,
"Back & Biceps","16 Mar 2026, 17:42","16 Mar 2026, 19:52","","Single Arm Lat Pulldown",,"",2,"normal",40,24,,,
"Back & Biceps","16 Mar 2026, 17:42","16 Mar 2026, 19:52","","Rear Delt Reverse Fly (Machine)",,"",0,"warmup",30,10,,,
"Back & Biceps","16 Mar 2026, 17:42","16 Mar 2026, 19:52","","Rear Delt Reverse Fly (Machine)",,"",1,"normal",45,10,,,
"Back & Biceps","16 Mar 2026, 17:42","16 Mar 2026, 19:52","","Rear Delt Reverse Fly (Machine)",,"",2,"normal",45,12,,,
"Back & Biceps","16 Mar 2026, 17:42","16 Mar 2026, 19:52","","Rear Delt Reverse Fly (Machine)",,"",3,"normal",45,12,,,
"Back & Biceps","16 Mar 2026, 17:42","16 Mar 2026, 19:52","","Shrug (Smith Machine)",,"",0,"normal",40,18,,,
"Back & Biceps","16 Mar 2026, 17:42","16 Mar 2026, 19:52","","Shrug (Smith Machine)",,"",1,"normal",50,17,,,
"Back & Biceps","16 Mar 2026, 17:42","16 Mar 2026, 19:52","","Shrug (Smith Machine)",,"",2,"normal",50,18,,,
"Back & Biceps","16 Mar 2026, 17:42","16 Mar 2026, 19:52","","Seated Cable Row - Bar Wide Grip",,"",0,"normal",60,12,,,
"Back & Biceps","16 Mar 2026, 17:42","16 Mar 2026, 19:52","","Seated Cable Row - Bar Wide Grip",,"",1,"normal",65,12,,,
"Back & Biceps","16 Mar 2026, 17:42","16 Mar 2026, 19:52","","Seated Cable Row - Bar Wide Grip",,"",2,"normal",80,12,,,
"Back & Biceps","16 Mar 2026, 17:42","16 Mar 2026, 19:52","","Lat Pulldown - Close Grip (Cable)",,"",0,"normal",58.5,8,,,
"Back & Biceps","16 Mar 2026, 17:42","16 Mar 2026, 19:52","","Lat Pulldown - Close Grip (Cable)",,"",1,"normal",58.5,8,,,
"Back & Biceps","16 Mar 2026, 17:42","16 Mar 2026, 19:52","","Preacher Curl (Barbell)",,"",0,"normal",20,12,,,
"Back & Biceps","16 Mar 2026, 17:42","16 Mar 2026, 19:52","","Preacher Curl (Barbell)",,"",1,"normal",25,12,,,
"Back & Biceps","16 Mar 2026, 17:42","16 Mar 2026, 19:52","","Preacher Curl (Barbell)",,"",2,"normal",25,12,,,
"Back & Biceps","16 Mar 2026, 17:42","16 Mar 2026, 19:52","","Behind the Back Curl (Cable)",,"",0,"normal",30,12,,,
"Back & Biceps","16 Mar 2026, 17:42","16 Mar 2026, 19:52","","Behind the Back Curl (Cable)",,"",1,"normal",30,12,,,
"Back & Biceps","16 Mar 2026, 17:42","16 Mar 2026, 19:52","","Behind the Back Curl (Cable)",,"",2,"normal",40,10,,,
"Misc.","14 Mar 2026, 15:27","14 Mar 2026, 16:56","","Stretching",,"Shouldies",0,"normal",,,,424,
"Misc.","14 Mar 2026, 15:27","14 Mar 2026, 16:56","","Shoulder Press (Dumbbell)",,"",0,"warmup",20,12,,,
"Misc.","14 Mar 2026, 15:27","14 Mar 2026, 16:56","","Shoulder Press (Dumbbell)",,"",1,"normal",40,10,,,
"Misc.","14 Mar 2026, 15:27","14 Mar 2026, 16:56","","Shoulder Press (Dumbbell)",,"",2,"normal",40,11,,,
"Misc.","14 Mar 2026, 15:27","14 Mar 2026, 16:56","","Shoulder Press (Dumbbell)",,"",3,"normal",40,9,,,
"Misc.","14 Mar 2026, 15:27","14 Mar 2026, 16:56","","Single Arm Lateral Raise (Cable)",,"",0,"normal",10,24,,,
"Misc.","14 Mar 2026, 15:27","14 Mar 2026, 16:56","","Single Arm Lateral Raise (Cable)",,"",1,"normal",15,22,,,
"Misc.","14 Mar 2026, 15:27","14 Mar 2026, 16:56","","Single Arm Lateral Raise (Cable)",,"",2,"normal",15,24,,,
"Misc.","14 Mar 2026, 15:27","14 Mar 2026, 16:56","","Warm Up",,"Legs",0,"normal",,,,410,
"Misc.","14 Mar 2026, 15:27","14 Mar 2026, 16:56","","Deadlift (Barbell)",,"",0,"normal",60,9,,,
"Misc.","14 Mar 2026, 15:27","14 Mar 2026, 16:56","","Deadlift (Barbell)",,"",1,"normal",80,12,,,
"Misc.","14 Mar 2026, 15:27","14 Mar 2026, 16:56","","Deadlift (Barbell)",,"",2,"normal",80,12,,,
"Misc.","14 Mar 2026, 15:27","14 Mar 2026, 16:56","","Leg Extension (Machine)",,"",0,"normal",55,12,,,
"Misc.","14 Mar 2026, 15:27","14 Mar 2026, 16:56","","Leg Extension (Machine)",,"",1,"normal",60,12,,,
"Misc.","14 Mar 2026, 15:27","14 Mar 2026, 16:56","","Leg Extension (Machine)",,"",2,"normal",65,12,,,
"Misc.","14 Mar 2026, 15:27","14 Mar 2026, 16:56","","Seated Leg Curl (Machine)",,"",0,"normal",55,12,,,
"Misc.","14 Mar 2026, 15:27","14 Mar 2026, 16:56","","Seated Leg Curl (Machine)",,"",1,"normal",60,12,,,
"Chest & Back","13 Mar 2026, 17:49","13 Mar 2026, 19:26","","Stretching",,"Chest & Back",0,"normal",,,,593,
"Chest & Back","13 Mar 2026, 17:49","13 Mar 2026, 19:26","","Push Up",,"",0,"normal",,25,,,
"Chest & Back","13 Mar 2026, 17:49","13 Mar 2026, 19:26","","Push Up",,"",1,"normal",,40,,,
"Chest & Back","13 Mar 2026, 17:49","13 Mar 2026, 19:26","","Bench Press (Barbell)",,"",0,"normal",55,12,,,
"Chest & Back","13 Mar 2026, 17:49","13 Mar 2026, 19:26","","Bench Press (Barbell)",,"",1,"normal",60,11,,,
"Chest & Back","13 Mar 2026, 17:49","13 Mar 2026, 19:26","","Incline Bench Press (Dumbbell)",,"",0,"normal",35,12,,,
"Chest & Back","13 Mar 2026, 17:49","13 Mar 2026, 19:26","","Incline Bench Press (Dumbbell)",,"",1,"normal",40,12,,,
"Chest & Back","13 Mar 2026, 17:49","13 Mar 2026, 19:26","","Incline Bench Press (Dumbbell)",,"",2,"normal",40,12,,,
"Chest & Back","13 Mar 2026, 17:49","13 Mar 2026, 19:26","","Incline Chest Fly (Dumbbell)",,"",0,"normal",15,12,,,
"Chest & Back","13 Mar 2026, 17:49","13 Mar 2026, 19:26","","Incline Chest Fly (Dumbbell)",,"",1,"normal",15,12,,,
"Chest & Back","13 Mar 2026, 17:49","13 Mar 2026, 19:26","","Incline Chest Fly (Dumbbell)",,"",2,"normal",15,12,,,
"Chest & Back","13 Mar 2026, 17:49","13 Mar 2026, 19:26","","Pull Up",,"",0,"normal",,11,,,
"Chest & Back","13 Mar 2026, 17:49","13 Mar 2026, 19:26","","Pull Up",,"",1,"normal",,9,,,
"Chest & Back","13 Mar 2026, 17:49","13 Mar 2026, 19:26","","Chest Supported Incline Row (Dumbbell)",,"",0,"normal",40,12,,,
"Chest & Back","13 Mar 2026, 17:49","13 Mar 2026, 19:26","","Chest Supported Incline Row (Dumbbell)",,"",1,"normal",40,12,,,
"Chest & Back","13 Mar 2026, 17:49","13 Mar 2026, 19:26","","Chest Supported Incline Row (Dumbbell)",,"",2,"normal",40,12,,,
"Chest & Back","13 Mar 2026, 17:49","13 Mar 2026, 19:26","","Seated Row (Machine)",,"1st - Both Hands",0,"normal",50,12,,,
"Chest & Back","13 Mar 2026, 17:49","13 Mar 2026, 19:26","","Seated Row (Machine)",,"1st - Both Hands",1,"normal",50,12,,,
"Chest & Back","13 Mar 2026, 17:49","13 Mar 2026, 19:26","","Seated Cable Row - Bar Grip",,"",0,"normal",65,12,,,
"Chest & Back","13 Mar 2026, 17:49","13 Mar 2026, 19:26","","Seated Cable Row - Bar Grip",,"",1,"normal",75,12,,,
"Chest & Back","13 Mar 2026, 17:49","13 Mar 2026, 19:26","","Seated Cable Row - Bar Grip",,"",2,"normal",85,11,,,
"Arms","12 Mar 2026, 17:56","12 Mar 2026, 19:10","","Stretching",,"Misc",0,"normal",,,,96,
"Arms","12 Mar 2026, 17:56","12 Mar 2026, 19:10","","Preacher Curl (Barbell)",,"",0,"normal",25,15,,,
"Arms","12 Mar 2026, 17:56","12 Mar 2026, 19:10","","Preacher Curl (Barbell)",,"",1,"normal",25,15,,,
"Arms","12 Mar 2026, 17:56","12 Mar 2026, 19:10","","Preacher Curl (Barbell)",,"",2,"normal",25,15,,,
"Arms","12 Mar 2026, 17:56","12 Mar 2026, 19:10","","Hammer Curl (Dumbbell)",,"-Preacher",0,"normal",20,12,,,
"Arms","12 Mar 2026, 17:56","12 Mar 2026, 19:10","","Hammer Curl (Dumbbell)",,"-Preacher",1,"normal",20,12,,,
"Arms","12 Mar 2026, 17:56","12 Mar 2026, 19:10","","Seated Incline Curl (Dumbbell)",,"",0,"normal",20,9,,,
"Arms","12 Mar 2026, 17:56","12 Mar 2026, 19:10","","Seated Incline Curl (Dumbbell)",,"",1,"dropset",15,6,,,
"Arms","12 Mar 2026, 17:56","12 Mar 2026, 19:10","","Seated Incline Curl (Dumbbell)",,"",2,"normal",15,12,,,
"Arms","12 Mar 2026, 17:56","12 Mar 2026, 19:10","","Seated Incline Curl (Dumbbell)",,"",3,"normal",15,12,,,
"Arms","12 Mar 2026, 17:56","12 Mar 2026, 19:10","","Overhead Triceps Extension (Cable)",,"Bar",0,"normal",25,15,,,
"Arms","12 Mar 2026, 17:56","12 Mar 2026, 19:10","","Overhead Triceps Extension (Cable)",,"Bar",1,"normal",30,15,,,
"Arms","12 Mar 2026, 17:56","12 Mar 2026, 19:10","","Overhead Triceps Extension (Cable)",,"Bar",2,"normal",35,15,,,
"Arms","12 Mar 2026, 17:56","12 Mar 2026, 19:10","","Single Arm Triceps Pushdown (Cable)",,"",0,"normal",15,24,,,
"Arms","12 Mar 2026, 17:56","12 Mar 2026, 19:10","","Single Arm Triceps Pushdown (Cable)",,"",1,"normal",15,24,,,
"Arms","12 Mar 2026, 17:56","12 Mar 2026, 19:10","","Single Arm Triceps Pushdown (Cable)",,"",2,"normal",15,22,,,
"Arms","12 Mar 2026, 17:56","12 Mar 2026, 19:10","","Triceps Rope Pushdown",,"",0,"normal",30,12,,,
"Arms","12 Mar 2026, 17:56","12 Mar 2026, 19:10","","Triceps Rope Pushdown",,"",1,"normal",35,12,,,
"Arms","12 Mar 2026, 17:56","12 Mar 2026, 19:10","","Triceps Rope Pushdown",,"",2,"normal",30,12,,,
"Legs & Shouldies","11 Mar 2026, 18:01","11 Mar 2026, 19:39","","Stretching",,"Legs",0,"normal",,,,458,
"Legs & Shouldies","11 Mar 2026, 18:01","11 Mar 2026, 19:39","","Bulgarian Split Squat",,"",0,"normal",20,12,,,
"Legs & Shouldies","11 Mar 2026, 18:01","11 Mar 2026, 19:39","","Bulgarian Split Squat",,"",1,"normal",20,12,,,
"Legs & Shouldies","11 Mar 2026, 18:01","11 Mar 2026, 19:39","","Bulgarian Split Squat",,"",2,"normal",20,12,,,
"Legs & Shouldies","11 Mar 2026, 18:01","11 Mar 2026, 19:39","","Leg Extension (Machine)",,"",0,"normal",65,12,,,
"Legs & Shouldies","11 Mar 2026, 18:01","11 Mar 2026, 19:39","","Leg Extension (Machine)",,"",1,"normal",65,12,,,
"Legs & Shouldies","11 Mar 2026, 18:01","11 Mar 2026, 19:39","","Leg Extension (Machine)",,"",2,"normal",65,12,,,
"Legs & Shouldies","11 Mar 2026, 18:01","11 Mar 2026, 19:39","","Seated Leg Curl (Machine)",,"",0,"normal",55,12,,,
"Legs & Shouldies","11 Mar 2026, 18:01","11 Mar 2026, 19:39","","Seated Leg Curl (Machine)",,"",1,"normal",60,12,,,
"Legs & Shouldies","11 Mar 2026, 18:01","11 Mar 2026, 19:39","","Seated Leg Curl (Machine)",,"",2,"normal",65,10,,,
"Legs & Shouldies","11 Mar 2026, 18:01","11 Mar 2026, 19:39","","Standing Calf Raise (Smith)",,"",0,"normal",40,15,,,
"Legs & Shouldies","11 Mar 2026, 18:01","11 Mar 2026, 19:39","","Standing Calf Raise (Smith)",,"",1,"normal",45,15,,,
"Legs & Shouldies","11 Mar 2026, 18:01","11 Mar 2026, 19:39","","Standing Calf Raise (Smith)",,"",2,"normal",55,15,,,
"Legs & Shouldies","11 Mar 2026, 18:01","11 Mar 2026, 19:39","","Stretching",,"Shouldies",0,"normal",,,,317,
"Legs & Shouldies","11 Mar 2026, 18:01","11 Mar 2026, 19:39","","Lateral Raise (Dumbbell)",,"Cbum variation 📈",0,"normal",15,15,,,
"Legs & Shouldies","11 Mar 2026, 18:01","11 Mar 2026, 19:39","","Lateral Raise (Dumbbell)",,"Cbum variation 📈",1,"normal",20,12,,,
"Legs & Shouldies","11 Mar 2026, 18:01","11 Mar 2026, 19:39","","Lateral Raise (Dumbbell)",,"Cbum variation 📈",2,"normal",20,12,,,
"Legs & Shouldies","11 Mar 2026, 18:01","11 Mar 2026, 19:39","","Shoulder Press (Machine Plates)",,"",0,"warmup",20,12,,,
"Legs & Shouldies","11 Mar 2026, 18:01","11 Mar 2026, 19:39","","Shoulder Press (Machine Plates)",,"",1,"normal",40,12,,,
"Legs & Shouldies","11 Mar 2026, 18:01","11 Mar 2026, 19:39","","Shoulder Press (Machine Plates)",,"",2,"normal",45,12,,,
"Legs & Shouldies","11 Mar 2026, 18:01","11 Mar 2026, 19:39","","Shoulder Press (Machine Plates)",,"",3,"normal",50,9,,,
"Legs & Shouldies","11 Mar 2026, 18:01","11 Mar 2026, 19:39","","Shrug (Smith Machine)",,"",0,"normal",40,18,,,
"Legs & Shouldies","11 Mar 2026, 18:01","11 Mar 2026, 19:39","","Shrug (Smith Machine)",,"",1,"normal",50,18,,,
"Legs & Shouldies","11 Mar 2026, 18:01","11 Mar 2026, 19:39","","Shrug (Smith Machine)",,"",2,"normal",55,18,,,
"Chest + Triceps","10 Mar 2026, 17:57","10 Mar 2026, 19:34","W","Stretching",,"Chest",0,"normal",,,,379,
"Chest + Triceps","10 Mar 2026, 17:57","10 Mar 2026, 19:34","W","Push Up",,"",0,"normal",,25,,,
"Chest + Triceps","10 Mar 2026, 17:57","10 Mar 2026, 19:34","W","Push Up",,"",1,"normal",,25,,,
"Chest + Triceps","10 Mar 2026, 17:57","10 Mar 2026, 19:34","W","Diamond Push Up",,"",0,"normal",,20,,,
"Chest + Triceps","10 Mar 2026, 17:57","10 Mar 2026, 19:34","W","Incline Bench Press (Smith Machine)",,"📈",0,"normal",40,12,,,
"Chest + Triceps","10 Mar 2026, 17:57","10 Mar 2026, 19:34","W","Incline Bench Press (Smith Machine)",,"📈",1,"normal",45,12,,,
"Chest + Triceps","10 Mar 2026, 17:57","10 Mar 2026, 19:34","W","Incline Bench Press (Smith Machine)",,"📈",2,"normal",50,11,,,
"Chest + Triceps","10 Mar 2026, 17:57","10 Mar 2026, 19:34","W","Chest Fly (Machine)",,"📈",0,"normal",67.5,12,,,
"Chest + Triceps","10 Mar 2026, 17:57","10 Mar 2026, 19:34","W","Chest Fly (Machine)",,"📈",1,"normal",75,12,,,
"Chest + Triceps","10 Mar 2026, 17:57","10 Mar 2026, 19:34","W","Chest Fly (Machine)",,"📈",2,"normal",82.5,12,,,
"Chest + Triceps","10 Mar 2026, 17:57","10 Mar 2026, 19:34","W","Cable Fly Crossovers",,"📈",0,"normal",50,12,,,
"Chest + Triceps","10 Mar 2026, 17:57","10 Mar 2026, 19:34","W","Cable Fly Crossovers",,"📈",1,"normal",50,12,,,
"Chest + Triceps","10 Mar 2026, 17:57","10 Mar 2026, 19:34","W","Cable Fly Crossovers",,"📈",2,"normal",50,12,,,
"Chest + Triceps","10 Mar 2026, 17:57","10 Mar 2026, 19:34","W","Low Cable Fly Crossovers",,"",0,"normal",20,15,,,
"Chest + Triceps","10 Mar 2026, 17:57","10 Mar 2026, 19:34","W","Low Cable Fly Crossovers",,"",1,"normal",30,8,,,
"Chest + Triceps","10 Mar 2026, 17:57","10 Mar 2026, 19:34","W","Low Cable Fly Crossovers",,"",2,"dropset",20,7,,,
"Chest + Triceps","10 Mar 2026, 17:57","10 Mar 2026, 19:34","W","Low Cable Fly Crossovers",,"",3,"normal",30,12,,,
"Chest + Triceps","10 Mar 2026, 17:57","10 Mar 2026, 19:34","W","Overhead Triceps Extension (Cable)",,"",0,"normal",25,12,,,
"Chest + Triceps","10 Mar 2026, 17:57","10 Mar 2026, 19:34","W","Overhead Triceps Extension (Cable)",,"",1,"normal",30,12,,,
"Chest + Triceps","10 Mar 2026, 17:57","10 Mar 2026, 19:34","W","Overhead Triceps Extension (Cable)",,"",2,"normal",35,12,,,
"Chest + Triceps","10 Mar 2026, 17:57","10 Mar 2026, 19:34","W","Triceps Rope Pushdown",,"",0,"normal",30,12,,,
"Chest + Triceps","10 Mar 2026, 17:57","10 Mar 2026, 19:34","W","Triceps Rope Pushdown",,"",1,"normal",35,12,,,
"Chest + Triceps","10 Mar 2026, 17:57","10 Mar 2026, 19:34","W","Triceps Rope Pushdown",,"",2,"normal",35,12,,,
"Chest + Triceps","10 Mar 2026, 17:57","10 Mar 2026, 19:34","W","Single Arm Triceps Pushdown (Cable)",,"",0,"normal",15,24,,,
"Chest + Triceps","10 Mar 2026, 17:57","10 Mar 2026, 19:34","W","Single Arm Triceps Pushdown (Cable)",,"",1,"normal",15,22,,,
"Chest + Triceps","10 Mar 2026, 17:57","10 Mar 2026, 19:34","W","Single Arm Triceps Pushdown (Cable)",,"",2,"normal",10,30,,,
"Back + Biceps","9 Mar 2026, 17:56","9 Mar 2026, 19:26","","Stretching",,"Back",0,"normal",,,,404,
"Back + Biceps","9 Mar 2026, 17:56","9 Mar 2026, 19:26","","Pull Up",,"",0,"normal",,12,,,
"Back + Biceps","9 Mar 2026, 17:56","9 Mar 2026, 19:26","","Pull Up",,"",1,"normal",,9,,,
"Back + Biceps","9 Mar 2026, 17:56","9 Mar 2026, 19:26","","Pull Up",,"",2,"normal",,8,,,
"Back + Biceps","9 Mar 2026, 17:56","9 Mar 2026, 19:26","","Seated Cable Row - Bar Grip",,"",0,"normal",65,12,,,
"Back + Biceps","9 Mar 2026, 17:56","9 Mar 2026, 19:26","","Seated Cable Row - Bar Grip",,"",1,"normal",75,12,,,
"Back + Biceps","9 Mar 2026, 17:56","9 Mar 2026, 19:26","","Seated Cable Row - Bar Grip",,"",2,"normal",80,12,,,
"Back + Biceps","9 Mar 2026, 17:56","9 Mar 2026, 19:26","","Seated Row (Machine)",,"",0,"normal",50,12,,,
"Back + Biceps","9 Mar 2026, 17:56","9 Mar 2026, 19:26","","Seated Row (Machine)",,"",1,"normal",50,12,,,
"Back + Biceps","9 Mar 2026, 17:56","9 Mar 2026, 19:26","","Seated Row (Machine)",,"",2,"normal",50,12,,,
"Back + Biceps","9 Mar 2026, 17:56","9 Mar 2026, 19:26","","Chest Supported Incline Row (Dumbbell)",,"📉",0,"normal",40,12,,,
"Back + Biceps","9 Mar 2026, 17:56","9 Mar 2026, 19:26","","Chest Supported Incline Row (Dumbbell)",,"📉",1,"normal",40,12,,,
"Back + Biceps","9 Mar 2026, 17:56","9 Mar 2026, 19:26","","Chest Supported Incline Row (Dumbbell)",,"📉",2,"normal",40,9,,,
"Back + Biceps","9 Mar 2026, 17:56","9 Mar 2026, 19:26","","Preacher Curl (Barbell)",,"",0,"normal",20,12,,,
"Back + Biceps","9 Mar 2026, 17:56","9 Mar 2026, 19:26","","Preacher Curl (Barbell)",,"",1,"normal",20,12,,,
"Back + Biceps","9 Mar 2026, 17:56","9 Mar 2026, 19:26","","Preacher Curl (Barbell)",,"",2,"normal",20,12,,,
"Back + Biceps","9 Mar 2026, 17:56","9 Mar 2026, 19:26","","Behind the Back Curl (Cable)",,"",0,"normal",30,12,,,
"Back + Biceps","9 Mar 2026, 17:56","9 Mar 2026, 19:26","","Behind the Back Curl (Cable)",,"",1,"normal",40,10,,,
"Back + Biceps","9 Mar 2026, 17:56","9 Mar 2026, 19:26","","Behind the Back Curl (Cable)",,"",2,"normal",30,12,,,
"Back + Biceps","9 Mar 2026, 17:56","9 Mar 2026, 19:26","","Hammer Curl (Cable)",,"",0,"normal",35,12,,,
"Back + Biceps","9 Mar 2026, 17:56","9 Mar 2026, 19:26","","Hammer Curl (Cable)",,"",1,"normal",35,12,,,
"Back + Biceps","9 Mar 2026, 17:56","9 Mar 2026, 19:26","","Behind the Back Bicep Wrist Curl (Barbell)",,"",0,"normal",30,20,,,
"Back + Biceps","9 Mar 2026, 17:56","9 Mar 2026, 19:26","","Behind the Back Bicep Wrist Curl (Barbell)",,"",1,"normal",35,15,,,
"Back + Biceps","9 Mar 2026, 17:56","9 Mar 2026, 19:26","","Behind the Back Bicep Wrist Curl (Barbell)",,"",2,"normal",35,15,,,
"Back + Biceps","9 Mar 2026, 17:56","9 Mar 2026, 19:26","","Reverse Barbell Curl",,"Barbell 📉",0,"normal",15,12,,,
"Back + Biceps","9 Mar 2026, 17:56","9 Mar 2026, 19:26","","Reverse Barbell Curl",,"Barbell 📉",1,"normal",15,12,,,
"Full Body","6 Mar 2026, 10:07","6 Mar 2026, 11:07","Except legs obv 😋","Stretching",,"Misc",0,"normal",,,,143,
"Full Body","6 Mar 2026, 10:07","6 Mar 2026, 11:07","Except legs obv 😋","Shoulder Press (Dumbbell)",,"",0,"warmup",12,15,,,
"Full Body","6 Mar 2026, 10:07","6 Mar 2026, 11:07","Except legs obv 😋","Shoulder Press (Dumbbell)",,"",1,"normal",36,12,,,
"Full Body","6 Mar 2026, 10:07","6 Mar 2026, 11:07","Except legs obv 😋","Shoulder Press (Dumbbell)",,"",2,"normal",40,12,,,
"Full Body","6 Mar 2026, 10:07","6 Mar 2026, 11:07","Except legs obv 😋","Lat Pulldown (Cable)",,"",0,"normal",55,12,,,
"Full Body","6 Mar 2026, 10:07","6 Mar 2026, 11:07","Except legs obv 😋","Lat Pulldown (Cable)",,"",1,"normal",55,12,,,
"Full Body","6 Mar 2026, 10:07","6 Mar 2026, 11:07","Except legs obv 😋","Incline Bench Press (Dumbbell)",,"",0,"normal",36,12,,,
"Full Body","6 Mar 2026, 10:07","6 Mar 2026, 11:07","Except legs obv 😋","Incline Bench Press (Dumbbell)",,"",1,"normal",40,12,,,
"Full Body","6 Mar 2026, 10:07","6 Mar 2026, 11:07","Except legs obv 😋","Chest Press (Machine)",,"",0,"normal",55,10,,,
"Full Body","6 Mar 2026, 10:07","6 Mar 2026, 11:07","Except legs obv 😋","Chest Press (Machine)",,"",1,"normal",50,12,,,
"Full Body","6 Mar 2026, 10:07","6 Mar 2026, 11:07","Except legs obv 😋","Seated Incline Curl (Dumbbell)",,"",0,"normal",16,12,,,
"Full Body","6 Mar 2026, 10:07","6 Mar 2026, 11:07","Except legs obv 😋","Seated Incline Curl (Dumbbell)",,"",1,"normal",16,12,,,
"Full Body","6 Mar 2026, 10:07","6 Mar 2026, 11:07","Except legs obv 😋","Seated Incline Curl (Dumbbell)",,"",2,"normal",20,10,,,
"Full Body","6 Mar 2026, 10:07","6 Mar 2026, 11:07","Except legs obv 😋","Triceps Rope Pushdown",,"",0,"normal",20,12,,,
"Full Body","6 Mar 2026, 10:07","6 Mar 2026, 11:07","Except legs obv 😋","Triceps Rope Pushdown",,"",1,"normal",20,10,,,
"Full Body","6 Mar 2026, 10:07","6 Mar 2026, 11:07","Except legs obv 😋","Lateral Raise (Dumbbell)",,"",0,"normal",12,12,,,
"Full Body","6 Mar 2026, 10:07","6 Mar 2026, 11:07","Except legs obv 😋","Lateral Raise (Dumbbell)",,"",1,"normal",20,12,,,
"Full Body","6 Mar 2026, 10:07","6 Mar 2026, 11:07","Except legs obv 😋","Lateral Raise (Dumbbell)",,"",2,"normal",20,12,,,
"Full Body","6 Mar 2026, 10:07","6 Mar 2026, 11:07","Except legs obv 😋","Overhead Triceps Extension (Cable)",0,"",0,"normal",15,12,,,
"Full Body","6 Mar 2026, 10:07","6 Mar 2026, 11:07","Except legs obv 😋","Overhead Triceps Extension (Cable)",0,"",1,"normal",15,12,,,
"Full Body","6 Mar 2026, 10:07","6 Mar 2026, 11:07","Except legs obv 😋","Hammer Curl (Cable)",0,"",0,"normal",15,12,,,
"Full Body","6 Mar 2026, 10:07","6 Mar 2026, 11:07","Except legs obv 😋","Hammer Curl (Cable)",0,"",1,"normal",15,12,,,
"Chest, Shouldies & Triceps","3 Mar 2026, 17:42","3 Mar 2026, 19:33","","Stretching",,"Chest + Shouldiess",0,"normal",,,,450,
"Chest, Shouldies & Triceps","3 Mar 2026, 17:42","3 Mar 2026, 19:33","","Push Up",,"",0,"normal",,25,,,
"Chest, Shouldies & Triceps","3 Mar 2026, 17:42","3 Mar 2026, 19:33","","Push Up",,"",1,"normal",,20,,,
"Chest, Shouldies & Triceps","3 Mar 2026, 17:42","3 Mar 2026, 19:33","","Diamond Push Up",,"",0,"normal",,15,,,
"Chest, Shouldies & Triceps","3 Mar 2026, 17:42","3 Mar 2026, 19:33","","Bench Press (Smith Machine)",,"",0,"normal",40,12,,,
"Chest, Shouldies & Triceps","3 Mar 2026, 17:42","3 Mar 2026, 19:33","","Bench Press (Smith Machine)",,"",1,"normal",50,12,,,
"Chest, Shouldies & Triceps","3 Mar 2026, 17:42","3 Mar 2026, 19:33","","Bench Press (Smith Machine)",,"",2,"normal",55,8,,,
"Chest, Shouldies & Triceps","3 Mar 2026, 17:42","3 Mar 2026, 19:33","","Chest Fly (Machine)",,"",0,"normal",52.5,12,,,
"Chest, Shouldies & Triceps","3 Mar 2026, 17:42","3 Mar 2026, 19:33","","Chest Fly (Machine)",,"",1,"normal",67.5,12,,,
"Chest, Shouldies & Triceps","3 Mar 2026, 17:42","3 Mar 2026, 19:33","","Chest Fly (Machine)",,"",2,"normal",60,12,,,
"Chest, Shouldies & Triceps","3 Mar 2026, 17:42","3 Mar 2026, 19:33","","Cable Fly Crossovers",,"",0,"normal",50,9,,,
"Chest, Shouldies & Triceps","3 Mar 2026, 17:42","3 Mar 2026, 19:33","","Cable Fly Crossovers",,"",1,"dropset",40,7,,,
"Chest, Shouldies & Triceps","3 Mar 2026, 17:42","3 Mar 2026, 19:33","","Cable Fly Crossovers",,"",2,"normal",50,12,,,
"Chest, Shouldies & Triceps","3 Mar 2026, 17:42","3 Mar 2026, 19:33","","Cable Fly Crossovers",,"",3,"normal",40,12,,,
"Chest, Shouldies & Triceps","3 Mar 2026, 17:42","3 Mar 2026, 19:33","","Incline Bench Press (Dumbbell)",,"",0,"normal",35,12,,,
"Chest, Shouldies & Triceps","3 Mar 2026, 17:42","3 Mar 2026, 19:33","","Incline Bench Press (Dumbbell)",,"",1,"normal",40,10,,,
"Chest, Shouldies & Triceps","3 Mar 2026, 17:42","3 Mar 2026, 19:33","","Incline Bench Press (Dumbbell)",,"",2,"normal",40,10,,,
"Chest, Shouldies & Triceps","3 Mar 2026, 17:42","3 Mar 2026, 19:33","","Shoulder Press (Dumbbell)",,"Shouldies 📉 after chest",0,"warmup",15,12,,,
"Chest, Shouldies & Triceps","3 Mar 2026, 17:42","3 Mar 2026, 19:33","","Shoulder Press (Dumbbell)",,"Shouldies 📉 after chest",1,"normal",35,7,,,
"Chest, Shouldies & Triceps","3 Mar 2026, 17:42","3 Mar 2026, 19:33","","Shoulder Press (Dumbbell)",,"Shouldies 📉 after chest",2,"normal",30,12,,,
"Chest, Shouldies & Triceps","3 Mar 2026, 17:42","3 Mar 2026, 19:33","","Shoulder Press (Dumbbell)",,"Shouldies 📉 after chest",3,"normal",30,12,,,
"Chest, Shouldies & Triceps","3 Mar 2026, 17:42","3 Mar 2026, 19:33","","Single Arm Lateral Raise (Cable)",,"",0,"normal",10,24,,,
"Chest, Shouldies & Triceps","3 Mar 2026, 17:42","3 Mar 2026, 19:33","","Single Arm Lateral Raise (Cable)",,"",1,"normal",10,24,,,
"Chest, Shouldies & Triceps","3 Mar 2026, 17:42","3 Mar 2026, 19:33","","Single Arm Lateral Raise (Cable)",,"",2,"normal",10,24,,,
"Chest, Shouldies & Triceps","3 Mar 2026, 17:42","3 Mar 2026, 19:33","","Triceps Rope Pushdown",,"",0,"normal",25,12,,,
"Chest, Shouldies & Triceps","3 Mar 2026, 17:42","3 Mar 2026, 19:33","","Triceps Rope Pushdown",,"",1,"normal",30,12,,,
"Chest, Shouldies & Triceps","3 Mar 2026, 17:42","3 Mar 2026, 19:33","","Triceps Rope Pushdown",,"",2,"normal",35,10,,,
"Chest, Shouldies & Triceps","3 Mar 2026, 17:42","3 Mar 2026, 19:33","","Overhead Triceps Extension (Cable)",,"",0,"normal",20,12,,,
"Chest, Shouldies & Triceps","3 Mar 2026, 17:42","3 Mar 2026, 19:33","","Overhead Triceps Extension (Cable)",,"",1,"normal",25,12,,,
"Chest, Shouldies & Triceps","3 Mar 2026, 17:42","3 Mar 2026, 19:33","","Overhead Triceps Extension (Cable)",,"",2,"normal",30,12,,,
"Chest, Shouldies & Triceps","3 Mar 2026, 17:42","3 Mar 2026, 19:33","","Single Arm Triceps Pushdown (Cable)",,"Last - cbum variation",0,"normal",15,20,,,
"Chest, Shouldies & Triceps","3 Mar 2026, 17:42","3 Mar 2026, 19:33","","Single Arm Triceps Pushdown (Cable)",,"Last - cbum variation",1,"normal",10,24,,,
"Chest, Shouldies & Triceps","3 Mar 2026, 17:42","3 Mar 2026, 19:33","","Single Arm Triceps Pushdown (Cable)",,"Last - cbum variation",2,"normal",10,24,,,
"Back + Biceps","2 Mar 2026, 17:40","2 Mar 2026, 19:36","","Stretching",,"Back",0,"normal",,,,400,
"Back + Biceps","2 Mar 2026, 17:40","2 Mar 2026, 19:36","","Hanging Leg Raise",,"",0,"normal",,15,,,
"Back + Biceps","2 Mar 2026, 17:40","2 Mar 2026, 19:36","","Hanging Leg Raise",,"",1,"normal",,15,,,
"Back + Biceps","2 Mar 2026, 17:40","2 Mar 2026, 19:36","","Hanging Leg Raise",,"",2,"normal",,15,,,
"Back + Biceps","2 Mar 2026, 17:40","2 Mar 2026, 19:36","","Pull Up",,"",0,"normal",,12,,,
"Back + Biceps","2 Mar 2026, 17:40","2 Mar 2026, 19:36","","Pull Up",,"",1,"normal",,8,,,
"Back + Biceps","2 Mar 2026, 17:40","2 Mar 2026, 19:36","","Pull Up",,"",2,"normal",,8,,,
"Back + Biceps","2 Mar 2026, 17:40","2 Mar 2026, 19:36","","Seated Row (Machine)",,"",0,"normal",40,12,,,
"Back + Biceps","2 Mar 2026, 17:40","2 Mar 2026, 19:36","","Seated Row (Machine)",,"",1,"normal",50,12,,,
"Back + Biceps","2 Mar 2026, 17:40","2 Mar 2026, 19:36","","Seated Row (Machine)",,"",2,"normal",50,12,,,
"Back + Biceps","2 Mar 2026, 17:40","2 Mar 2026, 19:36","","Reverse Grip Lat Pulldown (Cable)",,"",0,"normal",52,12,,,
"Back + Biceps","2 Mar 2026, 17:40","2 Mar 2026, 19:36","","Reverse Grip Lat Pulldown (Cable)",,"",1,"normal",52,12,,,
"Back + Biceps","2 Mar 2026, 17:40","2 Mar 2026, 19:36","","Seated Cable Row - Bar Grip",,"",0,"normal",65,12,,,
"Back + Biceps","2 Mar 2026, 17:40","2 Mar 2026, 19:36","","Seated Cable Row - Bar Grip",,"",1,"normal",75,12,,,
"Back + Biceps","2 Mar 2026, 17:40","2 Mar 2026, 19:36","","Seated Cable Row - Bar Grip",,"",2,"normal",85,10,,,
"Back + Biceps","2 Mar 2026, 17:40","2 Mar 2026, 19:36","","Chest Supported Incline Row (Dumbbell)",,"",0,"normal",35,12,,,
"Back + Biceps","2 Mar 2026, 17:40","2 Mar 2026, 19:36","","Chest Supported Incline Row (Dumbbell)",,"",1,"normal",40,12,,,
"Back + Biceps","2 Mar 2026, 17:40","2 Mar 2026, 19:36","","Chest Supported Incline Row (Dumbbell)",,"",2,"normal",45,12,,,
"Back + Biceps","2 Mar 2026, 17:40","2 Mar 2026, 19:36","","Back Extension (Hyperextension)",,"",0,"normal",,12,,,
"Back + Biceps","2 Mar 2026, 17:40","2 Mar 2026, 19:36","","Back Extension (Hyperextension)",,"",1,"normal",,12,,,
"Back + Biceps","2 Mar 2026, 17:40","2 Mar 2026, 19:36","","Seated Incline Curl (Dumbbell)",,"",0,"normal",15,12,,,
"Back + Biceps","2 Mar 2026, 17:40","2 Mar 2026, 19:36","","Seated Incline Curl (Dumbbell)",,"",1,"normal",20,6,,,
"Back + Biceps","2 Mar 2026, 17:40","2 Mar 2026, 19:36","","Seated Incline Curl (Dumbbell)",,"",2,"dropset",15,4,,,
"Back + Biceps","2 Mar 2026, 17:40","2 Mar 2026, 19:36","","Seated Incline Curl (Dumbbell)",,"",3,"normal",15,10,,,
"Back + Biceps","2 Mar 2026, 17:40","2 Mar 2026, 19:36","","Preacher Curl (Barbell)",,"",0,"normal",20,12,,,
"Back + Biceps","2 Mar 2026, 17:40","2 Mar 2026, 19:36","","Preacher Curl (Barbell)",,"",1,"normal",20,10,,,
"Back + Biceps","2 Mar 2026, 17:40","2 Mar 2026, 19:36","","Hammer Curl (Cable)",,"",0,"normal",35,12,,,
"Back + Biceps","2 Mar 2026, 17:40","2 Mar 2026, 19:36","","Hammer Curl (Cable)",,"",1,"normal",40,12,,,
"Back + Biceps","2 Mar 2026, 17:40","2 Mar 2026, 19:36","","Hammer Curl (Cable)",,"",2,"normal",40,12,,,
"Shouldies & Legs","28 Feb 2026, 17:32","28 Feb 2026, 19:19","","Stretching",,"Legs",0,"normal",,,,419,
"Shouldies & Legs","28 Feb 2026, 17:32","28 Feb 2026, 19:19","","Lunge (Dumbbell)",,"Walking",0,"normal",20,12,,,
"Shouldies & Legs","28 Feb 2026, 17:32","28 Feb 2026, 19:19","","Lunge (Dumbbell)",,"Walking",1,"normal",25,12,,,
"Shouldies & Legs","28 Feb 2026, 17:32","28 Feb 2026, 19:19","","Single Leg Extensions",,"",0,"normal",30,24,,,
"Shouldies & Legs","28 Feb 2026, 17:32","28 Feb 2026, 19:19","","Single Leg Extensions",,"",1,"normal",35,24,,,
"Shouldies & Legs","28 Feb 2026, 17:32","28 Feb 2026, 19:19","","Single Leg Extensions",,"",2,"normal",40,24,,,
"Shouldies & Legs","28 Feb 2026, 17:32","28 Feb 2026, 19:19","","Seated Leg Curl (Machine)",,"",0,"normal",55,12,,,
"Shouldies & Legs","28 Feb 2026, 17:32","28 Feb 2026, 19:19","","Seated Leg Curl (Machine)",,"",1,"normal",60,12,,,
"Shouldies & Legs","28 Feb 2026, 17:32","28 Feb 2026, 19:19","","Seated Leg Curl (Machine)",,"",2,"normal",65,12,,,
"Shouldies & Legs","28 Feb 2026, 17:32","28 Feb 2026, 19:19","","Leg Press (Machine)",,"",0,"normal",120,12,,,
"Shouldies & Legs","28 Feb 2026, 17:32","28 Feb 2026, 19:19","","Leg Press (Machine)",,"",1,"normal",130,15,,,
"Shouldies & Legs","28 Feb 2026, 17:32","28 Feb 2026, 19:19","","Leg Press (Machine)",,"",2,"normal",130,12,,,
"Shouldies & Legs","28 Feb 2026, 17:32","28 Feb 2026, 19:19","","Standing Calf Raise (Smith)",,"",0,"normal",40,15,,,
"Shouldies & Legs","28 Feb 2026, 17:32","28 Feb 2026, 19:19","","Standing Calf Raise (Smith)",,"",1,"normal",45,15,,,
"Shouldies & Legs","28 Feb 2026, 17:32","28 Feb 2026, 19:19","","Standing Calf Raise (Smith)",,"",2,"normal",50,15,,,
"Shouldies & Legs","28 Feb 2026, 17:32","28 Feb 2026, 19:19","","Shoulder Press (Machine Plates)",,"",0,"warmup",20,12,,,
"Shouldies & Legs","28 Feb 2026, 17:32","28 Feb 2026, 19:19","","Shoulder Press (Machine Plates)",,"",1,"normal",40,12,,,
"Shouldies & Legs","28 Feb 2026, 17:32","28 Feb 2026, 19:19","","Shoulder Press (Machine Plates)",,"",2,"normal",45,12,,,
"Shouldies & Legs","28 Feb 2026, 17:32","28 Feb 2026, 19:19","","Shoulder Press (Machine Plates)",,"",3,"normal",50,12,,,
"Shouldies & Legs","28 Feb 2026, 17:32","28 Feb 2026, 19:19","","Single Arm Lateral Raise (Cable)",,"",0,"normal",10,24,,,
"Shouldies & Legs","28 Feb 2026, 17:32","28 Feb 2026, 19:19","","Single Arm Lateral Raise (Cable)",,"",1,"normal",10,24,,,
"Shouldies & Legs","28 Feb 2026, 17:32","28 Feb 2026, 19:19","","Single Arm Lateral Raise (Cable)",,"",2,"normal",10,24,,,
"Shouldies & Legs","28 Feb 2026, 17:32","28 Feb 2026, 19:19","","Shrug (Smith Machine)",,"-Behind the Back",0,"normal",40,15,,,
"Shouldies & Legs","28 Feb 2026, 17:32","28 Feb 2026, 19:19","","Shrug (Smith Machine)",,"-Behind the Back",1,"normal",40,15,,,
"Shouldies & Legs","28 Feb 2026, 17:32","28 Feb 2026, 19:19","","Shrug (Smith Machine)",,"-Behind the Back",2,"normal",45,15,,,
"Chest & Back + Forearms","27 Feb 2026, 17:48","27 Feb 2026, 19:33","","Stretching",,"",0,"normal",,,,242,
"Chest & Back + Forearms","27 Feb 2026, 17:48","27 Feb 2026, 19:33","","Push Up",,"",0,"normal",,25,,,
"Chest & Back + Forearms","27 Feb 2026, 17:48","27 Feb 2026, 19:33","","Push Up",,"",1,"normal",,20,,,
"Chest & Back + Forearms","27 Feb 2026, 17:48","27 Feb 2026, 19:33","","Incline Bench Press (Dumbbell)",,"",0,"normal",35,12,,,
"Chest & Back + Forearms","27 Feb 2026, 17:48","27 Feb 2026, 19:33","","Incline Bench Press (Dumbbell)",,"",1,"normal",40,12,,,
"Chest & Back + Forearms","27 Feb 2026, 17:48","27 Feb 2026, 19:33","","Incline Bench Press (Dumbbell)",,"",2,"normal",40,12,,,
"Chest & Back + Forearms","27 Feb 2026, 17:48","27 Feb 2026, 19:33","","Cable Fly Crossovers",,"",0,"normal",40,15,,,
"Chest & Back + Forearms","27 Feb 2026, 17:48","27 Feb 2026, 19:33","","Cable Fly Crossovers",,"",1,"normal",40,14,,,
"Chest & Back + Forearms","27 Feb 2026, 17:48","27 Feb 2026, 19:33","","Cable Fly Crossovers",,"",2,"normal",40,13,,,
"Chest & Back + Forearms","27 Feb 2026, 17:48","27 Feb 2026, 19:33","","Low Cable Fly Crossovers",,"",0,"normal",20,14,,,
"Chest & Back + Forearms","27 Feb 2026, 17:48","27 Feb 2026, 19:33","","Low Cable Fly Crossovers",,"",1,"normal",20,12,,,
"Chest & Back + Forearms","27 Feb 2026, 17:48","27 Feb 2026, 19:33","","Low Cable Fly Crossovers",,"",2,"normal",20,12,,,
"Chest & Back + Forearms","27 Feb 2026, 17:48","27 Feb 2026, 19:33","","Pull Up",,"",0,"normal",,10,,,
"Chest & Back + Forearms","27 Feb 2026, 17:48","27 Feb 2026, 19:33","","Lat Pulldown (Cable)",,"",0,"normal",58.5,10,,,
"Chest & Back + Forearms","27 Feb 2026, 17:48","27 Feb 2026, 19:33","","Lat Pulldown (Cable)",,"",1,"normal",58.5,9,,,
"Chest & Back + Forearms","27 Feb 2026, 17:48","27 Feb 2026, 19:33","","Seated Cable Row - Bar Grip",,"6 reps - upper back, 6 reps - lats",0,"normal",65,12,,,
"Chest & Back + Forearms","27 Feb 2026, 17:48","27 Feb 2026, 19:33","","Seated Cable Row - Bar Grip",,"6 reps - upper back, 6 reps - lats",1,"normal",75,12,,,
"Chest & Back + Forearms","27 Feb 2026, 17:48","27 Feb 2026, 19:33","","Seated Cable Row - Bar Grip",,"6 reps - upper back, 6 reps - lats",2,"normal",80,12,,,
"Chest & Back + Forearms","27 Feb 2026, 17:48","27 Feb 2026, 19:33","","Chest Supported Incline Row (Dumbbell)",,"",0,"normal",35,12,,,
"Chest & Back + Forearms","27 Feb 2026, 17:48","27 Feb 2026, 19:33","","Chest Supported Incline Row (Dumbbell)",,"",1,"normal",35,12,,,
"Chest & Back + Forearms","27 Feb 2026, 17:48","27 Feb 2026, 19:33","","Chest Supported Incline Row (Dumbbell)",,"",2,"normal",40,12,,,
"Chest & Back + Forearms","27 Feb 2026, 17:48","27 Feb 2026, 19:33","","Single Arm Lat Pulldown",,"",0,"normal",40,24,,,
"Chest & Back + Forearms","27 Feb 2026, 17:48","27 Feb 2026, 19:33","","Single Arm Lat Pulldown",,"",1,"normal",40,24,,,
"Chest & Back + Forearms","27 Feb 2026, 17:48","27 Feb 2026, 19:33","","Reverse Barbell Curl",,"Barbell",0,"normal",20,10,,,
"Chest & Back + Forearms","27 Feb 2026, 17:48","27 Feb 2026, 19:33","","Reverse Barbell Curl",,"Barbell",1,"normal",20,8,,,
"Chest & Back + Forearms","27 Feb 2026, 17:48","27 Feb 2026, 19:33","","Reverse Barbell Curl",,"Barbell",2,"dropset",15,6,,,
"Chest & Back + Forearms","27 Feb 2026, 17:48","27 Feb 2026, 19:33","","Reverse Barbell Curl",,"Barbell",3,"normal",15,14,,,
"Chest & Back + Forearms","27 Feb 2026, 17:48","27 Feb 2026, 19:33","","Seated Palms Up Wrist Curl",,"",0,"normal",20,20,,,
"Chest & Back + Forearms","27 Feb 2026, 17:48","27 Feb 2026, 19:33","","Seated Palms Up Wrist Curl",,"",1,"normal",25,18,,,
"Chest & Back + Forearms","27 Feb 2026, 17:48","27 Feb 2026, 19:33","","Behind the Back Bicep Wrist Curl (Barbell)",,"",0,"normal",25,16,,,
"Chest & Back + Forearms","27 Feb 2026, 17:48","27 Feb 2026, 19:33","","Behind the Back Bicep Wrist Curl (Barbell)",,"",1,"normal",32.5,12,,,
"Chest & Back + Forearms","27 Feb 2026, 17:48","27 Feb 2026, 19:33","","Behind the Back Bicep Wrist Curl (Barbell)",,"",2,"normal",32.5,11,,,
"Core & Arms","26 Feb 2026, 17:57","26 Feb 2026, 19:44","","Stretching",,"",0,"normal",,,,541,
"Core & Arms","26 Feb 2026, 17:57","26 Feb 2026, 19:44","","Dead Hang",,"",0,"normal",,,,38,
"Core & Arms","26 Feb 2026, 17:57","26 Feb 2026, 19:44","","Hanging Leg Raise",,"",0,"normal",,15,,,
"Core & Arms","26 Feb 2026, 17:57","26 Feb 2026, 19:44","","Hanging Leg Raise",,"",1,"normal",,15,,,
"Core & Arms","26 Feb 2026, 17:57","26 Feb 2026, 19:44","","Hanging Leg Raise",,"",2,"normal",,15,,,
"Core & Arms","26 Feb 2026, 17:57","26 Feb 2026, 19:44","","Russian Twist (Bodyweight)",,"Hanging",0,"normal",,24,,,
"Core & Arms","26 Feb 2026, 17:57","26 Feb 2026, 19:44","","Russian Twist (Bodyweight)",,"Hanging",1,"normal",,20,,,
"Core & Arms","26 Feb 2026, 17:57","26 Feb 2026, 19:44","","Crunch",,"",0,"normal",,30,,,
"Core & Arms","26 Feb 2026, 17:57","26 Feb 2026, 19:44","","Crunch",,"",1,"normal",,30,,,
"Core & Arms","26 Feb 2026, 17:57","26 Feb 2026, 19:44","","Crunch",,"",2,"normal",,30,,,
"Core & Arms","26 Feb 2026, 17:57","26 Feb 2026, 19:44","","Plank",,"",0,"normal",,,,91,
"Core & Arms","26 Feb 2026, 17:57","26 Feb 2026, 19:44","","Heel Taps",,"",0,"normal",,30,,,
"Core & Arms","26 Feb 2026, 17:57","26 Feb 2026, 19:44","","Heel Taps",,"",1,"normal",,24,,,
"Core & Arms","26 Feb 2026, 17:57","26 Feb 2026, 19:44","","Heel Taps",,"",2,"normal",,24,,,
"Core & Arms","26 Feb 2026, 17:57","26 Feb 2026, 19:44","","Crunch (Weighted)",,"",0,"normal",17.5,12,,,
"Core & Arms","26 Feb 2026, 17:57","26 Feb 2026, 19:44","","Crunch (Weighted)",,"",1,"normal",17.5,12,,,
"Core & Arms","26 Feb 2026, 17:57","26 Feb 2026, 19:44","","Preacher Curl (Barbell)",,"",0,"normal",25,12,,,
"Core & Arms","26 Feb 2026, 17:57","26 Feb 2026, 19:44","","Preacher Curl (Barbell)",,"",1,"normal",25,15,,,
"Core & Arms","26 Feb 2026, 17:57","26 Feb 2026, 19:44","","Preacher Curl (Barbell)",,"",2,"normal",25,11,,,
"Core & Arms","26 Feb 2026, 17:57","26 Feb 2026, 19:44","","Hammer Curl (Cable)",0,"",0,"normal",30,12,,,
"Core & Arms","26 Feb 2026, 17:57","26 Feb 2026, 19:44","","Hammer Curl (Cable)",0,"",1,"normal",35,12,,,
"Core & Arms","26 Feb 2026, 17:57","26 Feb 2026, 19:44","","Hammer Curl (Cable)",0,"",2,"normal",40,12,,,
"Core & Arms","26 Feb 2026, 17:57","26 Feb 2026, 19:44","","Overhead Triceps Extension (Cable)",0,"",0,"normal",20,12,,,
"Core & Arms","26 Feb 2026, 17:57","26 Feb 2026, 19:44","","Overhead Triceps Extension (Cable)",0,"",1,"normal",25,12,,,
"Core & Arms","26 Feb 2026, 17:57","26 Feb 2026, 19:44","","Overhead Triceps Extension (Cable)",0,"",2,"normal",30,12,,,
"Core & Arms","26 Feb 2026, 17:57","26 Feb 2026, 19:44","","Behind the Back Curl (Cable)",,"",0,"normal",40,10,,,
"Core & Arms","26 Feb 2026, 17:57","26 Feb 2026, 19:44","","Behind the Back Curl (Cable)",,"",1,"normal",40,11,,,
"Core & Arms","26 Feb 2026, 17:57","26 Feb 2026, 19:44","","Behind the Back Curl (Cable)",,"",2,"normal",40,12,,,
"Core & Arms","26 Feb 2026, 17:57","26 Feb 2026, 19:44","","Triceps Pushdown",,"",0,"normal",35,12,,,
"Core & Arms","26 Feb 2026, 17:57","26 Feb 2026, 19:44","","Triceps Pushdown",,"",1,"normal",40,12,,,
"Core & Arms","26 Feb 2026, 17:57","26 Feb 2026, 19:44","","Single Arm Triceps Pushdown (Cable)",,"",0,"normal",10,24,,,
"Core & Arms","26 Feb 2026, 17:57","26 Feb 2026, 19:44","","Single Arm Triceps Pushdown (Cable)",,"",1,"normal",15,24,,,
"Shouldies & Legs","25 Feb 2026, 17:44","25 Feb 2026, 19:39","","Stretching",,"Shouldies",0,"normal",,,,370,
"Shouldies & Legs","25 Feb 2026, 17:44","25 Feb 2026, 19:39","","Seated Overhead Press (Barbell)",,"",0,"warmup",20,15,,,
"Shouldies & Legs","25 Feb 2026, 17:44","25 Feb 2026, 19:39","","Seated Overhead Press (Barbell)",,"",1,"normal",30,14,,,
"Shouldies & Legs","25 Feb 2026, 17:44","25 Feb 2026, 19:39","","Seated Overhead Press (Barbell)",,"",2,"normal",35,12,,,
"Shouldies & Legs","25 Feb 2026, 17:44","25 Feb 2026, 19:39","","Seated Overhead Press (Barbell)",,"",3,"normal",40,10,,,
"Shouldies & Legs","25 Feb 2026, 17:44","25 Feb 2026, 19:39","","Lateral Raise (Dumbbell)",,"First Two - (Cbum) hammer -> lateral\nLast - Normal",0,"warmup",10,12,,,
"Shouldies & Legs","25 Feb 2026, 17:44","25 Feb 2026, 19:39","","Lateral Raise (Dumbbell)",,"First Two - (Cbum) hammer -> lateral\nLast - Normal",1,"normal",15,12,,,
"Shouldies & Legs","25 Feb 2026, 17:44","25 Feb 2026, 19:39","","Lateral Raise (Dumbbell)",,"First Two - (Cbum) hammer -> lateral\nLast - Normal",2,"normal",15,12,,,
"Shouldies & Legs","25 Feb 2026, 17:44","25 Feb 2026, 19:39","","Lateral Raise (Dumbbell)",,"First Two - (Cbum) hammer -> lateral\nLast - Normal",3,"normal",20,12,,,
"Shouldies & Legs","25 Feb 2026, 17:44","25 Feb 2026, 19:39","","Rear Delt Reverse Fly (Machine)",,"",0,"normal",45,12,,,
"Shouldies & Legs","25 Feb 2026, 17:44","25 Feb 2026, 19:39","","Rear Delt Reverse Fly (Machine)",,"",1,"normal",45,12,,,
"Shouldies & Legs","25 Feb 2026, 17:44","25 Feb 2026, 19:39","","Rear Delt Reverse Fly (Machine)",,"",2,"normal",52.5,12,,,
"Shouldies & Legs","25 Feb 2026, 17:44","25 Feb 2026, 19:39","","Stretching",,"Legs",0,"normal",,,,346,
"Shouldies & Legs","25 Feb 2026, 17:44","25 Feb 2026, 19:39","","Lunge (Dumbbell)",,"",0,"normal",20,12,,,
"Shouldies & Legs","25 Feb 2026, 17:44","25 Feb 2026, 19:39","","Lunge (Dumbbell)",,"",1,"normal",20,12,,,
"Shouldies & Legs","25 Feb 2026, 17:44","25 Feb 2026, 19:39","","Lunge (Dumbbell)",,"",2,"normal",20,12,,,
"Shouldies & Legs","25 Feb 2026, 17:44","25 Feb 2026, 19:39","","Single Leg Extensions",,"",0,"normal",30,24,,,
"Shouldies & Legs","25 Feb 2026, 17:44","25 Feb 2026, 19:39","","Single Leg Extensions",,"",1,"normal",35,24,,,
"Shouldies & Legs","25 Feb 2026, 17:44","25 Feb 2026, 19:39","","Single Leg Extensions",,"",2,"normal",40,24,,,
"Shouldies & Legs","25 Feb 2026, 17:44","25 Feb 2026, 19:39","","Seated Leg Curl (Machine)",,"",0,"normal",50,12,,,
"Shouldies & Legs","25 Feb 2026, 17:44","25 Feb 2026, 19:39","","Seated Leg Curl (Machine)",,"",1,"normal",55,12,,,
"Shouldies & Legs","25 Feb 2026, 17:44","25 Feb 2026, 19:39","","Seated Leg Curl (Machine)",,"",2,"normal",60,12,,,
"Shouldies & Legs","25 Feb 2026, 17:44","25 Feb 2026, 19:39","","Hip Abduction (Machine)",0,"",0,"normal",70,15,,,
"Shouldies & Legs","25 Feb 2026, 17:44","25 Feb 2026, 19:39","","Hip Abduction (Machine)",0,"",1,"normal",80,12,,,
"Shouldies & Legs","25 Feb 2026, 17:44","25 Feb 2026, 19:39","","Hip Abduction (Machine)",0,"",2,"normal",80,12,,,
"Shouldies & Legs","25 Feb 2026, 17:44","25 Feb 2026, 19:39","","Hip Adduction (Machine)",0,"",0,"normal",70,12,,,
"Shouldies & Legs","25 Feb 2026, 17:44","25 Feb 2026, 19:39","","Hip Adduction (Machine)",0,"",1,"normal",70,12,,,
"Shouldies & Legs","25 Feb 2026, 17:44","25 Feb 2026, 19:39","","Hip Adduction (Machine)",0,"",2,"normal",80,12,,,
"Shouldies & Legs","25 Feb 2026, 17:44","25 Feb 2026, 19:39","","Leg Press (Machine)",,"",0,"normal",110,12,,,
"Shouldies & Legs","25 Feb 2026, 17:44","25 Feb 2026, 19:39","","Leg Press (Machine)",,"",1,"normal",130,15,,,
"Shouldies & Legs","25 Feb 2026, 17:44","25 Feb 2026, 19:39","","Leg Press (Machine)",,"",2,"normal",150,12,,,
"Shouldies & Legs","25 Feb 2026, 17:44","25 Feb 2026, 19:39","","Standing Calf Raise (Smith)",,"",0,"normal",35,15,,,
"Shouldies & Legs","25 Feb 2026, 17:44","25 Feb 2026, 19:39","","Standing Calf Raise (Smith)",,"",1,"normal",40,15,,,
"Shouldies & Legs","25 Feb 2026, 17:44","25 Feb 2026, 19:39","","Standing Calf Raise (Smith)",,"",2,"normal",45,15,,,
"Chest + Triceps","24 Feb 2026, 17:56","24 Feb 2026, 19:20","","Stretching",,"Chest",0,"normal",,,,489,
"Chest + Triceps","24 Feb 2026, 17:56","24 Feb 2026, 19:20","","Push Up",,"",0,"normal",,25,,,
"Chest + Triceps","24 Feb 2026, 17:56","24 Feb 2026, 19:20","","Push Up",,"",1,"normal",,25,,,
"Chest + Triceps","24 Feb 2026, 17:56","24 Feb 2026, 19:20","","Diamond Push Up",,"",0,"normal",,20,,,
"Chest + Triceps","24 Feb 2026, 17:56","24 Feb 2026, 19:20","","Incline Bench Press (Smith Machine)",,"",0,"normal",30,13,,,
"Chest + Triceps","24 Feb 2026, 17:56","24 Feb 2026, 19:20","","Incline Bench Press (Smith Machine)",,"",1,"normal",35,12,,,
"Chest + Triceps","24 Feb 2026, 17:56","24 Feb 2026, 19:20","","Incline Bench Press (Smith Machine)",,"",2,"normal",40,12,,,
"Chest + Triceps","24 Feb 2026, 17:56","24 Feb 2026, 19:20","","Chest Fly (Machine)",,"",0,"normal",60,11,,,
"Chest + Triceps","24 Feb 2026, 17:56","24 Feb 2026, 19:20","","Chest Fly (Machine)",,"",1,"normal",60,11,,,
"Chest + Triceps","24 Feb 2026, 17:56","24 Feb 2026, 19:20","","Chest Fly (Machine)",,"",2,"normal",60,12,,,
"Chest + Triceps","24 Feb 2026, 17:56","24 Feb 2026, 19:20","","Cable Fly Crossovers",,"",0,"normal",50,10,,,
"Chest + Triceps","24 Feb 2026, 17:56","24 Feb 2026, 19:20","","Cable Fly Crossovers",,"",1,"normal",50,7,,,
"Chest + Triceps","24 Feb 2026, 17:56","24 Feb 2026, 19:20","","Cable Fly Crossovers",,"",2,"dropset",30,9,,,
"Chest + Triceps","24 Feb 2026, 17:56","24 Feb 2026, 19:20","","Cable Fly Crossovers",,"",3,"normal",50,7,,,
"Chest + Triceps","24 Feb 2026, 17:56","24 Feb 2026, 19:20","","Cable Fly Crossovers",,"",4,"dropset",40,6,,,
"Chest + Triceps","24 Feb 2026, 17:56","24 Feb 2026, 19:20","","Bench Press (Dumbbell)",,"",0,"normal",35,12,,,
"Chest + Triceps","24 Feb 2026, 17:56","24 Feb 2026, 19:20","","Bench Press (Dumbbell)",,"",1,"normal",35,11,,,
"Chest + Triceps","24 Feb 2026, 17:56","24 Feb 2026, 19:20","","Bench Press (Dumbbell)",,"",2,"normal",35,12,,,
"Chest + Triceps","24 Feb 2026, 17:56","24 Feb 2026, 19:20","","Triceps Rope Pushdown",,"",0,"normal",25,15,,,
"Chest + Triceps","24 Feb 2026, 17:56","24 Feb 2026, 19:20","","Triceps Rope Pushdown",,"",1,"normal",30,15,,,
"Chest + Triceps","24 Feb 2026, 17:56","24 Feb 2026, 19:20","","Triceps Rope Pushdown",,"",2,"normal",35,10,,,
"Chest + Triceps","24 Feb 2026, 17:56","24 Feb 2026, 19:20","","Overhead Triceps Extension (Cable)",,"Rope",0,"normal",20,15,,,
"Chest + Triceps","24 Feb 2026, 17:56","24 Feb 2026, 19:20","","Overhead Triceps Extension (Cable)",,"Rope",1,"normal",25,12,,,
"Chest + Triceps","24 Feb 2026, 17:56","24 Feb 2026, 19:20","","Overhead Triceps Extension (Cable)",,"Rope",2,"normal",30,10,,,
"Chest + Triceps","24 Feb 2026, 17:56","24 Feb 2026, 19:20","","Single Arm Triceps Pushdown (Cable)",,"",0,"normal",10,24,,,
"Chest + Triceps","24 Feb 2026, 17:56","24 Feb 2026, 19:20","","Single Arm Triceps Pushdown (Cable)",,"",1,"normal",10,30,,,
"Chest + Triceps","24 Feb 2026, 17:56","24 Feb 2026, 19:20","","Single Arm Triceps Pushdown (Cable)",,"",2,"normal",10,30,,,
"Back & Biceps + Forearms","23 Feb 2026, 17:51","23 Feb 2026, 19:32","","Stretching",,"Back",0,"normal",,,,380,
"Back & Biceps + Forearms","23 Feb 2026, 17:51","23 Feb 2026, 19:32","","Pull Up",,"",0,"normal",,10,,,
"Back & Biceps + Forearms","23 Feb 2026, 17:51","23 Feb 2026, 19:32","","Pull Up",,"",1,"normal",,10,,,
"Back & Biceps + Forearms","23 Feb 2026, 17:51","23 Feb 2026, 19:32","","Pull Up",,"",2,"normal",,7,,,
"Back & Biceps + Forearms","23 Feb 2026, 17:51","23 Feb 2026, 19:32","","Seated Row (Machine)",,"",0,"normal",35,12,,,
"Back & Biceps + Forearms","23 Feb 2026, 17:51","23 Feb 2026, 19:32","","Seated Row (Machine)",,"",1,"normal",40,12,,,
"Back & Biceps + Forearms","23 Feb 2026, 17:51","23 Feb 2026, 19:32","","Seated Row (Machine)",,"",2,"normal",45,12,,,
"Back & Biceps + Forearms","23 Feb 2026, 17:51","23 Feb 2026, 19:32","","Seated Cable Row - Bar Grip",,"",0,"normal",65,12,,,
"Back & Biceps + Forearms","23 Feb 2026, 17:51","23 Feb 2026, 19:32","","Seated Cable Row - Bar Grip",,"",1,"normal",70,12,,,
"Back & Biceps + Forearms","23 Feb 2026, 17:51","23 Feb 2026, 19:32","","Seated Cable Row - Bar Grip",,"",2,"normal",80,12,,,
"Back & Biceps + Forearms","23 Feb 2026, 17:51","23 Feb 2026, 19:32","","Back Extension (Hyperextension)",,"",0,"normal",,12,,,
"Back & Biceps + Forearms","23 Feb 2026, 17:51","23 Feb 2026, 19:32","","Back Extension (Hyperextension)",,"",1,"normal",,15,,,
"Back & Biceps + Forearms","23 Feb 2026, 17:51","23 Feb 2026, 19:32","","Back Extension (Hyperextension)",,"",2,"normal",,12,,,
"Back & Biceps + Forearms","23 Feb 2026, 17:51","23 Feb 2026, 19:32","","Preacher Curl (Barbell)",,"",0,"normal",25,12,,,
"Back & Biceps + Forearms","23 Feb 2026, 17:51","23 Feb 2026, 19:32","","Preacher Curl (Barbell)",,"",1,"normal",25,12,,,
"Back & Biceps + Forearms","23 Feb 2026, 17:51","23 Feb 2026, 19:32","","Preacher Curl (Barbell)",,"",2,"normal",25,11,,,
"Back & Biceps + Forearms","23 Feb 2026, 17:51","23 Feb 2026, 19:32","","Behind the Back Curl (Cable)",,"",0,"normal",30,12,,,
"Back & Biceps + Forearms","23 Feb 2026, 17:51","23 Feb 2026, 19:32","","Behind the Back Curl (Cable)",,"",1,"normal",40,12,,,
"Back & Biceps + Forearms","23 Feb 2026, 17:51","23 Feb 2026, 19:32","","Behind the Back Curl (Cable)",,"",2,"normal",40,12,,,
"Back & Biceps + Forearms","23 Feb 2026, 17:51","23 Feb 2026, 19:32","","Hammer Curl (Cable)",,"",0,"normal",30,12,,,
"Back & Biceps + Forearms","23 Feb 2026, 17:51","23 Feb 2026, 19:32","","Hammer Curl (Cable)",,"",1,"normal",35,12,,,
"Back & Biceps + Forearms","23 Feb 2026, 17:51","23 Feb 2026, 19:32","","Hammer Curl (Cable)",,"",2,"normal",35,12,,,
"Back & Biceps + Forearms","23 Feb 2026, 17:51","23 Feb 2026, 19:32","","Reverse Barbell Curl",0,"Barbell",0,"normal",15,12,,,
"Back & Biceps + Forearms","23 Feb 2026, 17:51","23 Feb 2026, 19:32","","Reverse Barbell Curl",0,"Barbell",1,"normal",15,12,,,
"Back & Biceps + Forearms","23 Feb 2026, 17:51","23 Feb 2026, 19:32","","Reverse Barbell Curl",0,"Barbell",2,"normal",15,12,,,
"Back & Biceps + Forearms","23 Feb 2026, 17:51","23 Feb 2026, 19:32","","Behind the Back Bicep Wrist Curl (Barbell)",0,"fire superset",0,"normal",30,15,,,
"Back & Biceps + Forearms","23 Feb 2026, 17:51","23 Feb 2026, 19:32","","Behind the Back Bicep Wrist Curl (Barbell)",0,"fire superset",1,"normal",30,16,,,
"Back & Biceps + Forearms","23 Feb 2026, 17:51","23 Feb 2026, 19:32","","Behind the Back Bicep Wrist Curl (Barbell)",0,"fire superset",2,"normal",30,15,,,
"Shouldies & Legs","21 Feb 2026, 17:23","21 Feb 2026, 19:04","","Stretching",,"Shouldies",0,"normal",,,,400,
"Shouldies & Legs","21 Feb 2026, 17:23","21 Feb 2026, 19:04","","Shoulder Press (Dumbbell)",,"",0,"warmup",20,12,,,
"Shouldies & Legs","21 Feb 2026, 17:23","21 Feb 2026, 19:04","","Shoulder Press (Dumbbell)",,"",1,"normal",35,15,,,
"Shouldies & Legs","21 Feb 2026, 17:23","21 Feb 2026, 19:04","","Shoulder Press (Dumbbell)",,"",2,"normal",40,11,,,
"Shouldies & Legs","21 Feb 2026, 17:23","21 Feb 2026, 19:04","","Shoulder Press (Dumbbell)",,"",3,"normal",40,10,,,
"Shouldies & Legs","21 Feb 2026, 17:23","21 Feb 2026, 19:04","","Single Arm Lateral Raise (Cable)",,"",0,"normal",10,24,,,
"Shouldies & Legs","21 Feb 2026, 17:23","21 Feb 2026, 19:04","","Single Arm Lateral Raise (Cable)",,"",1,"normal",10,24,,,
"Shouldies & Legs","21 Feb 2026, 17:23","21 Feb 2026, 19:04","","Single Arm Lateral Raise (Cable)",,"",2,"normal",10,24,,,
"Shouldies & Legs","21 Feb 2026, 17:23","21 Feb 2026, 19:04","","Shrug (Barbell)",,"",0,"normal",65,16,,,
"Shouldies & Legs","21 Feb 2026, 17:23","21 Feb 2026, 19:04","","Shrug (Barbell)",,"",1,"normal",70,15,,,
"Shouldies & Legs","21 Feb 2026, 17:23","21 Feb 2026, 19:04","","Shrug (Barbell)",,"",2,"normal",70,15,,,
"Shouldies & Legs","21 Feb 2026, 17:23","21 Feb 2026, 19:04","","Stretching",,"Legs",0,"normal",,,,387,
"Shouldies & Legs","21 Feb 2026, 17:23","21 Feb 2026, 19:04","","Hip Thrust (Barbell)",,"",0,"normal",25,12,,,
"Shouldies & Legs","21 Feb 2026, 17:23","21 Feb 2026, 19:04","","Hip Thrust (Barbell)",,"",1,"normal",30,12,,,
"Shouldies & Legs","21 Feb 2026, 17:23","21 Feb 2026, 19:04","","Hip Thrust (Barbell)",,"",2,"normal",30,12,,,
"Shouldies & Legs","21 Feb 2026, 17:23","21 Feb 2026, 19:04","","Single Leg Extensions",,"",0,"normal",30,24,,,
"Shouldies & Legs","21 Feb 2026, 17:23","21 Feb 2026, 19:04","","Single Leg Extensions",,"",1,"normal",35,20,,,
"Shouldies & Legs","21 Feb 2026, 17:23","21 Feb 2026, 19:04","","Single Leg Extensions",,"",2,"normal",45,24,,,
"Shouldies & Legs","21 Feb 2026, 17:23","21 Feb 2026, 19:04","","Seated Leg Curl (Machine)",,"",0,"normal",50,12,,,
"Shouldies & Legs","21 Feb 2026, 17:23","21 Feb 2026, 19:04","","Seated Leg Curl (Machine)",,"",1,"normal",55,12,,,
"Shouldies & Legs","21 Feb 2026, 17:23","21 Feb 2026, 19:04","","Seated Leg Curl (Machine)",,"",2,"normal",60,12,,,
"Shouldies & Legs","21 Feb 2026, 17:23","21 Feb 2026, 19:04","","Leg Press (Machine)",,"",0,"normal",120,15,,,
"Shouldies & Legs","21 Feb 2026, 17:23","21 Feb 2026, 19:04","","Leg Press (Machine)",,"",1,"normal",130,15,,,
"Shouldies & Legs","21 Feb 2026, 17:23","21 Feb 2026, 19:04","","Leg Press (Machine)",,"",2,"normal",140,12,,,
"Chest & Back","20 Feb 2026, 17:57","20 Feb 2026, 19:29","","Stretching",,"",0,"normal",,,,393,
"Chest & Back","20 Feb 2026, 17:57","20 Feb 2026, 19:29","","Decline Push Up",,"",0,"normal",,20,,,
"Chest & Back","20 Feb 2026, 17:57","20 Feb 2026, 19:29","","Push Up",,"",0,"normal",,20,,,
"Chest & Back","20 Feb 2026, 17:57","20 Feb 2026, 19:29","","Pull Up",,"",0,"normal",,10,,,
"Chest & Back","20 Feb 2026, 17:57","20 Feb 2026, 19:29","","Pull Up",,"",1,"normal",,10,,,
"Chest & Back","20 Feb 2026, 17:57","20 Feb 2026, 19:29","","Spinning",,"",0,"normal",,,,223,
"Chest & Back","20 Feb 2026, 17:57","20 Feb 2026, 19:29","","Incline Bench Press (Dumbbell)",,"",0,"normal",35,12,,,
"Chest & Back","20 Feb 2026, 17:57","20 Feb 2026, 19:29","","Incline Bench Press (Dumbbell)",,"",1,"normal",40,10,,,
"Chest & Back","20 Feb 2026, 17:57","20 Feb 2026, 19:29","","Incline Bench Press (Dumbbell)",,"",2,"normal",45,9,,,
"Chest & Back","20 Feb 2026, 17:57","20 Feb 2026, 19:29","","Chest Fly (Machine)",,"",0,"normal",52.5,12,,,
"Chest & Back","20 Feb 2026, 17:57","20 Feb 2026, 19:29","","Chest Fly (Machine)",,"",1,"normal",60,12,,,
"Chest & Back","20 Feb 2026, 17:57","20 Feb 2026, 19:29","","Chest Fly (Machine)",,"",2,"normal",67.5,12,,,
"Chest & Back","20 Feb 2026, 17:57","20 Feb 2026, 19:29","","Cable Fly Crossovers",,"",0,"normal",50,12,,,
"Chest & Back","20 Feb 2026, 17:57","20 Feb 2026, 19:29","","Cable Fly Crossovers",,"",1,"normal",50,10,,,
"Chest & Back","20 Feb 2026, 17:57","20 Feb 2026, 19:29","","Cable Fly Crossovers",,"",2,"normal",50,8,,,
"Chest & Back","20 Feb 2026, 17:57","20 Feb 2026, 19:29","","Seated Cable Row - Bar Grip",,"",0,"normal",65,12,,,
"Chest & Back","20 Feb 2026, 17:57","20 Feb 2026, 19:29","","Seated Cable Row - Bar Grip",,"",1,"normal",70,12,,,
"Chest & Back","20 Feb 2026, 17:57","20 Feb 2026, 19:29","","Seated Cable Row - Bar Grip",,"",2,"normal",80,10,,,
"Chest & Back","20 Feb 2026, 17:57","20 Feb 2026, 19:29","","Lat Pulldown - Close Grip (Cable)",,"",0,"normal",58.5,8,,,
"Chest & Back","20 Feb 2026, 17:57","20 Feb 2026, 19:29","","Lat Pulldown - Close Grip (Cable)",,"",1,"normal",52,9,,,
"Chest & Back","20 Feb 2026, 17:57","20 Feb 2026, 19:29","","Chest Supported Incline Row (Dumbbell)",,"",0,"normal",35,12,,,
"Chest & Back","20 Feb 2026, 17:57","20 Feb 2026, 19:29","","Chest Supported Incline Row (Dumbbell)",,"",1,"normal",40,12,,,
"Chest & Back","20 Feb 2026, 17:57","20 Feb 2026, 19:29","","Chest Supported Incline Row (Dumbbell)",,"",2,"normal",45,12,,,
"Core & Arms","19 Feb 2026, 17:51","19 Feb 2026, 19:37","","Chin Up",,"",0,"normal",,11,,,
"Core & Arms","19 Feb 2026, 17:51","19 Feb 2026, 19:37","","Chin Up",,"",1,"normal",,8,,,
"Core & Arms","19 Feb 2026, 17:51","19 Feb 2026, 19:37","","Cross Body Hammer Curl",,"",0,"normal",15,12,,,
"Core & Arms","19 Feb 2026, 17:51","19 Feb 2026, 19:37","","Hammer Curl (Dumbbell)",,"",0,"normal",20,12,,,
"Core & Arms","19 Feb 2026, 17:51","19 Feb 2026, 19:37","","Hammer Curl (Dumbbell)",,"",1,"normal",20,12,,,
"Core & Arms","19 Feb 2026, 17:51","19 Feb 2026, 19:37","","Seated Incline Curl (Dumbbell)",,"",0,"normal",15,10,,,
"Core & Arms","19 Feb 2026, 17:51","19 Feb 2026, 19:37","","Seated Incline Curl (Dumbbell)",,"",1,"normal",20,8,,,
"Core & Arms","19 Feb 2026, 17:51","19 Feb 2026, 19:37","","Seated Incline Curl (Dumbbell)",,"",2,"normal",20,10,,,
"Core & Arms","19 Feb 2026, 17:51","19 Feb 2026, 19:37","","Preacher Curl (Barbell)",,"",0,"normal",25,12,,,
"Core & Arms","19 Feb 2026, 17:51","19 Feb 2026, 19:37","","Preacher Curl (Barbell)",,"",1,"normal",25,10,,,
"Core & Arms","19 Feb 2026, 17:51","19 Feb 2026, 19:37","","Preacher Curl (Barbell)",,"",2,"normal",25,10,,,
"Core & Arms","19 Feb 2026, 17:51","19 Feb 2026, 19:37","","Hanging Knee Raise",,"",0,"normal",,12,,,
"Core & Arms","19 Feb 2026, 17:51","19 Feb 2026, 19:37","","Hanging Leg Raise",,"",0,"normal",,12,,,
"Core & Arms","19 Feb 2026, 17:51","19 Feb 2026, 19:37","","Hanging Leg Raise",,"",1,"normal",,12,,,
"Core & Arms","19 Feb 2026, 17:51","19 Feb 2026, 19:37","","Hanging Leg Raise",,"",2,"normal",,12,,,
"Core & Arms","19 Feb 2026, 17:51","19 Feb 2026, 19:37","","Russian Twist (Bodyweight)",,"Hanging",0,"normal",,24,,,
"Core & Arms","19 Feb 2026, 17:51","19 Feb 2026, 19:37","","Crunch",,"",0,"normal",,25,,,
"Core & Arms","19 Feb 2026, 17:51","19 Feb 2026, 19:37","","Crunch",,"",1,"normal",,25,,,
"Core & Arms","19 Feb 2026, 17:51","19 Feb 2026, 19:37","","Crunch",,"",2,"normal",,25,,,
"Core & Arms","19 Feb 2026, 17:51","19 Feb 2026, 19:37","","Plank",,"",0,"normal",,,,60,
"Core & Arms","19 Feb 2026, 17:51","19 Feb 2026, 19:37","","Plank",,"",1,"normal",,,,60,
"Core & Arms","19 Feb 2026, 17:51","19 Feb 2026, 19:37","","Heel Taps",,"",0,"normal",,30,,,
"Core & Arms","19 Feb 2026, 17:51","19 Feb 2026, 19:37","","Crunch (Weighted)",,"",0,"normal",15,12,,,
"Core & Arms","19 Feb 2026, 17:51","19 Feb 2026, 19:37","","Crunch (Weighted)",,"",1,"normal",15,12,,,
"Core & Arms","19 Feb 2026, 17:51","19 Feb 2026, 19:37","","Crunch (Weighted)",,"",2,"normal",15,12,,,
"Core & Arms","19 Feb 2026, 17:51","19 Feb 2026, 19:37","","Crunch (Weighted)",,"",3,"normal",17.5,12,,,
"Core & Arms","19 Feb 2026, 17:51","19 Feb 2026, 19:37","","Crunch (Weighted)",,"",4,"normal",17.5,12,,,
"Core & Arms","19 Feb 2026, 17:51","19 Feb 2026, 19:37","","Crunch (Weighted)",,"",5,"normal",17.5,12,,,
"Core & Arms","19 Feb 2026, 17:51","19 Feb 2026, 19:37","","Triceps Rope Pushdown",,"",0,"normal",25,12,,,
"Core & Arms","19 Feb 2026, 17:51","19 Feb 2026, 19:37","","Triceps Rope Pushdown",,"",1,"normal",30,12,,,
"Core & Arms","19 Feb 2026, 17:51","19 Feb 2026, 19:37","","Triceps Rope Pushdown",,"",2,"normal",30,12,,,
"Core & Arms","19 Feb 2026, 17:51","19 Feb 2026, 19:37","","Overhead Triceps Extension (Cable)",,"Rope",0,"normal",20,15,,,
"Core & Arms","19 Feb 2026, 17:51","19 Feb 2026, 19:37","","Overhead Triceps Extension (Cable)",,"Rope",1,"normal",25,12,,,
"Core & Arms","19 Feb 2026, 17:51","19 Feb 2026, 19:37","","Overhead Triceps Extension (Cable)",,"Rope",2,"normal",30,12,,,
"Shouldies & Legs","18 Feb 2026, 17:37","18 Feb 2026, 19:27","","Shoulder Press (Machine Plates)",,"35-wide ; 40,45-mid",0,"warmup",20,12,,,
"Shouldies & Legs","18 Feb 2026, 17:37","18 Feb 2026, 19:27","","Shoulder Press (Machine Plates)",,"35-wide ; 40,45-mid",1,"normal",35,12,,,
"Shouldies & Legs","18 Feb 2026, 17:37","18 Feb 2026, 19:27","","Shoulder Press (Machine Plates)",,"35-wide ; 40,45-mid",2,"normal",40,12,,,
"Shouldies & Legs","18 Feb 2026, 17:37","18 Feb 2026, 19:27","","Shoulder Press (Machine Plates)",,"35-wide ; 40,45-mid",3,"normal",45,12,,,
"Shouldies & Legs","18 Feb 2026, 17:37","18 Feb 2026, 19:27","","Single Arm Lateral Raise (Cable)",,"",0,"normal",10,24,,,
"Shouldies & Legs","18 Feb 2026, 17:37","18 Feb 2026, 19:27","","Single Arm Lateral Raise (Cable)",,"",1,"normal",10,24,,,
"Shouldies & Legs","18 Feb 2026, 17:37","18 Feb 2026, 19:27","","Single Arm Lateral Raise (Cable)",,"",2,"normal",10,24,,,
"Shouldies & Legs","18 Feb 2026, 17:37","18 Feb 2026, 19:27","","Shrug (Barbell)",,"",0,"normal",60,16,,,
"Shouldies & Legs","18 Feb 2026, 17:37","18 Feb 2026, 19:27","","Shrug (Barbell)",,"",1,"normal",70,15,,,
"Shouldies & Legs","18 Feb 2026, 17:37","18 Feb 2026, 19:27","","Shrug (Barbell)",,"",2,"normal",70,15,,,
"Shouldies & Legs","18 Feb 2026, 17:37","18 Feb 2026, 19:27","","Rear Delt Reverse Fly (Machine)",,"",0,"normal",45,12,,,
"Shouldies & Legs","18 Feb 2026, 17:37","18 Feb 2026, 19:27","","Rear Delt Reverse Fly (Machine)",,"",1,"normal",52.5,10,,,
"Shouldies & Legs","18 Feb 2026, 17:37","18 Feb 2026, 19:27","","Rear Delt Reverse Fly (Machine)",,"",2,"normal",52.5,10,,,
"Shouldies & Legs","18 Feb 2026, 17:37","18 Feb 2026, 19:27","","Stretching",,"Legs",0,"normal",,,,635,
"Shouldies & Legs","18 Feb 2026, 17:37","18 Feb 2026, 19:27","","Bulgarian Split Squat",,"",0,"normal",20,12,,,
"Shouldies & Legs","18 Feb 2026, 17:37","18 Feb 2026, 19:27","","Bulgarian Split Squat",,"",1,"normal",20,12,,,
"Shouldies & Legs","18 Feb 2026, 17:37","18 Feb 2026, 19:27","","Bulgarian Split Squat",,"",2,"normal",20,12,,,
"Shouldies & Legs","18 Feb 2026, 17:37","18 Feb 2026, 19:27","","Seated Leg Curl (Machine)",,"",0,"normal",50,12,,,
"Shouldies & Legs","18 Feb 2026, 17:37","18 Feb 2026, 19:27","","Seated Leg Curl (Machine)",,"",1,"normal",55,12,,,
"Shouldies & Legs","18 Feb 2026, 17:37","18 Feb 2026, 19:27","","Seated Leg Curl (Machine)",,"",2,"normal",60,12,,,
"Shouldies & Legs","18 Feb 2026, 17:37","18 Feb 2026, 19:27","","Single Leg Extensions",,"",0,"normal",35,24,,,
"Shouldies & Legs","18 Feb 2026, 17:37","18 Feb 2026, 19:27","","Single Leg Extensions",,"",1,"normal",40,24,,,
"Shouldies & Legs","18 Feb 2026, 17:37","18 Feb 2026, 19:27","","Leg Extension (Machine)",,"",0,"normal",70,12,,,
"Shouldies & Legs","18 Feb 2026, 17:37","18 Feb 2026, 19:27","","Leg Press (Machine)",,"",0,"normal",110,15,,,
"Shouldies & Legs","18 Feb 2026, 17:37","18 Feb 2026, 19:27","","Leg Press (Machine)",,"",1,"normal",130,15,,,
"Shouldies & Legs","18 Feb 2026, 17:37","18 Feb 2026, 19:27","","Leg Press (Machine)",,"",2,"normal",130,12,,,
"Shouldies & Legs","18 Feb 2026, 17:37","18 Feb 2026, 19:27","","Standing Calf Raise (Smith)",,"",0,"normal",35,15,,,
"Shouldies & Legs","18 Feb 2026, 17:37","18 Feb 2026, 19:27","","Standing Calf Raise (Smith)",,"",1,"normal",35,15,,,
"Shouldies & Legs","18 Feb 2026, 17:37","18 Feb 2026, 19:27","","Standing Calf Raise (Smith)",,"",2,"normal",40,15,,,
"Chest & Triceps","17 Feb 2026, 18:32","17 Feb 2026, 19:53","","Push Up",,"",0,"normal",,25,,,
"Chest & Triceps","17 Feb 2026, 18:32","17 Feb 2026, 19:53","","Push Up",,"",1,"normal",,25,,,
"Chest & Triceps","17 Feb 2026, 18:32","17 Feb 2026, 19:53","","Diamond Push Up",,"",0,"normal",,15,,,
"Chest & Triceps","17 Feb 2026, 18:32","17 Feb 2026, 19:53","","Chest Fly (Machine)",,"",0,"normal",45,12,,,
"Chest & Triceps","17 Feb 2026, 18:32","17 Feb 2026, 19:53","","Chest Fly (Machine)",,"",1,"normal",52.5,12,,,
"Chest & Triceps","17 Feb 2026, 18:32","17 Feb 2026, 19:53","","Chest Fly (Machine)",,"",2,"normal",52.5,12,,,
"Chest & Triceps","17 Feb 2026, 18:32","17 Feb 2026, 19:53","","Incline Bench Press (Dumbbell)",,"",0,"normal",30,10,,,
"Chest & Triceps","17 Feb 2026, 18:32","17 Feb 2026, 19:53","","Incline Bench Press (Dumbbell)",,"",1,"normal",30,12,,,
"Chest & Triceps","17 Feb 2026, 18:32","17 Feb 2026, 19:53","","Incline Bench Press (Dumbbell)",,"",2,"normal",35,10,,,
"Chest & Triceps","17 Feb 2026, 18:32","17 Feb 2026, 19:53","","Bench Press (Barbell)",,"finally 60",0,"normal",50,12,,,
"Chest & Triceps","17 Feb 2026, 18:32","17 Feb 2026, 19:53","","Bench Press (Barbell)",,"finally 60",1,"normal",60,9,,,
"Chest & Triceps","17 Feb 2026, 18:32","17 Feb 2026, 19:53","","Cable Fly Crossovers",,"",0,"normal",40,12,,,
"Chest & Triceps","17 Feb 2026, 18:32","17 Feb 2026, 19:53","","Cable Fly Crossovers",,"",1,"normal",40,12,,,
"Chest & Triceps","17 Feb 2026, 18:32","17 Feb 2026, 19:53","","Cable Fly Crossovers",,"",2,"normal",40,12,,,
"Chest & Triceps","17 Feb 2026, 18:32","17 Feb 2026, 19:53","","Triceps Pushdown",,"V bar",0,"normal",35,15,,,
"Chest & Triceps","17 Feb 2026, 18:32","17 Feb 2026, 19:53","","Triceps Pushdown",,"V bar",1,"normal",40,12,,,
"Chest & Triceps","17 Feb 2026, 18:32","17 Feb 2026, 19:53","","Triceps Pushdown",,"V bar",2,"normal",40,12,,,
"Chest & Triceps","17 Feb 2026, 18:32","17 Feb 2026, 19:53","","Overhead Triceps Extension (Cable)",,"V bar",0,"normal",20,14,,,
"Chest & Triceps","17 Feb 2026, 18:32","17 Feb 2026, 19:53","","Overhead Triceps Extension (Cable)",,"V bar",1,"normal",30,14,,,
"Chest & Triceps","17 Feb 2026, 18:32","17 Feb 2026, 19:53","","Overhead Triceps Extension (Cable)",,"V bar",2,"normal",35,12,,,
"Chest & Triceps","17 Feb 2026, 18:32","17 Feb 2026, 19:53","","Bench Dip",,"",0,"normal",,25,,,
"Chest & Triceps","17 Feb 2026, 18:32","17 Feb 2026, 19:53","","Bench Dip",,"",1,"normal",,25,,,
"Chest & Triceps","17 Feb 2026, 18:32","17 Feb 2026, 19:53","","Bench Dip",,"",2,"normal",,30,,,
"Back & Biceps","16 Feb 2026, 18:06","16 Feb 2026, 19:48","","Pull Up",,"",0,"normal",,10,,,
"Back & Biceps","16 Feb 2026, 18:06","16 Feb 2026, 19:48","","Pull Up",,"",1,"normal",,8,,,
"Back & Biceps","16 Feb 2026, 18:06","16 Feb 2026, 19:48","","Lat Pulldown (Cable)",,"",0,"normal",58.5,10,,,
"Back & Biceps","16 Feb 2026, 18:06","16 Feb 2026, 19:48","","Lat Pulldown (Cable)",,"",1,"normal",58.5,10,,,
"Back & Biceps","16 Feb 2026, 18:06","16 Feb 2026, 19:48","","Reverse Grip Lat Pulldown (Cable)",,"",0,"normal",52,10,,,
"Back & Biceps","16 Feb 2026, 18:06","16 Feb 2026, 19:48","","Reverse Grip Lat Pulldown (Cable)",,"",1,"normal",52,10,,,
"Back & Biceps","16 Feb 2026, 18:06","16 Feb 2026, 19:48","","Reverse Grip Lat Pulldown (Cable)",,"",2,"normal",52,10,,,
"Back & Biceps","16 Feb 2026, 18:06","16 Feb 2026, 19:48","","Seated Cable Row - Bar Grip",,"",0,"normal",60,12,,,
"Back & Biceps","16 Feb 2026, 18:06","16 Feb 2026, 19:48","","Seated Cable Row - Bar Grip",,"",1,"normal",70,10,,,
"Back & Biceps","16 Feb 2026, 18:06","16 Feb 2026, 19:48","","Seated Cable Row - Bar Grip",,"",2,"normal",75,10,,,
"Back & Biceps","16 Feb 2026, 18:06","16 Feb 2026, 19:48","","Chest Supported Incline Row (Dumbbell)",,"",0,"normal",35,12,,,
"Back & Biceps","16 Feb 2026, 18:06","16 Feb 2026, 19:48","","Chest Supported Incline Row (Dumbbell)",,"",1,"normal",35,12,,,
"Back & Biceps","16 Feb 2026, 18:06","16 Feb 2026, 19:48","","Chest Supported Incline Row (Dumbbell)",,"",2,"normal",40,12,,,
"Back & Biceps","16 Feb 2026, 18:06","16 Feb 2026, 19:48","","Back Extension (Weighted Hyperextension)",,"",0,"normal",10,12,,,
"Back & Biceps","16 Feb 2026, 18:06","16 Feb 2026, 19:48","","Back Extension (Weighted Hyperextension)",,"",1,"normal",10,12,,,
"Back & Biceps","16 Feb 2026, 18:06","16 Feb 2026, 19:48","","Back Extension (Hyperextension)",,"",0,"normal",,10,,,
"Back & Biceps","16 Feb 2026, 18:06","16 Feb 2026, 19:48","","Preacher Curl (Barbell)",,"",0,"normal",25,12,,,
"Back & Biceps","16 Feb 2026, 18:06","16 Feb 2026, 19:48","","Preacher Curl (Barbell)",,"",1,"normal",25,12,,,
"Back & Biceps","16 Feb 2026, 18:06","16 Feb 2026, 19:48","","Preacher Curl (Barbell)",,"",2,"normal",25,12,,,
"Back & Biceps","16 Feb 2026, 18:06","16 Feb 2026, 19:48","","Behind the Back Curl (Cable)",,"",0,"normal",30,12,,,
"Back & Biceps","16 Feb 2026, 18:06","16 Feb 2026, 19:48","","Behind the Back Curl (Cable)",,"",1,"normal",40,12,,,
"Back & Biceps","16 Feb 2026, 18:06","16 Feb 2026, 19:48","","Behind the Back Curl (Cable)",,"",2,"normal",40,12,,,
"Back & Biceps","16 Feb 2026, 18:06","16 Feb 2026, 19:48","","Hammer Curl (Cable)",,"",0,"normal",30,12,,,
"Back & Biceps","16 Feb 2026, 18:06","16 Feb 2026, 19:48","","Hammer Curl (Cable)",,"",1,"normal",35,10,,,
"Back & Biceps","16 Feb 2026, 18:06","16 Feb 2026, 19:48","","Hammer Curl (Cable)",,"",2,"normal",30,12,,,
"Legs","14 Feb 2026, 18:05","14 Feb 2026, 19:25","","Stretching",,"Legs",0,"normal",,,,283,
"Legs","14 Feb 2026, 18:05","14 Feb 2026, 19:25","","Hip Thrust (Barbell)",,"",0,"normal",30,12,,,
"Legs","14 Feb 2026, 18:05","14 Feb 2026, 19:25","","Hip Thrust (Barbell)",,"",1,"normal",40,12,,,
"Legs","14 Feb 2026, 18:05","14 Feb 2026, 19:25","","Hip Thrust (Barbell)",,"",2,"normal",40,12,,,
"Legs","14 Feb 2026, 18:05","14 Feb 2026, 19:25","","Single Leg Extensions",,"",0,"normal",35,24,,,
"Legs","14 Feb 2026, 18:05","14 Feb 2026, 19:25","","Single Leg Extensions",,"",1,"normal",35,24,,,
"Legs","14 Feb 2026, 18:05","14 Feb 2026, 19:25","","Single Leg Extensions",,"",2,"normal",35,24,,,
"Legs","14 Feb 2026, 18:05","14 Feb 2026, 19:25","","Seated Leg Curl (Machine)",,"",0,"normal",55,12,,,
"Legs","14 Feb 2026, 18:05","14 Feb 2026, 19:25","","Seated Leg Curl (Machine)",,"",1,"normal",60,12,,,
"Legs","14 Feb 2026, 18:05","14 Feb 2026, 19:25","","Seated Leg Curl (Machine)",,"",2,"normal",60,12,,,
"Legs","14 Feb 2026, 18:05","14 Feb 2026, 19:25","","Leg Press (Machine)",,"Valentine’s special - 150",0,"normal",110,15,,,
"Legs","14 Feb 2026, 18:05","14 Feb 2026, 19:25","","Leg Press (Machine)",,"Valentine’s special - 150",1,"normal",130,15,,,
"Legs","14 Feb 2026, 18:05","14 Feb 2026, 19:25","","Leg Press (Machine)",,"Valentine’s special - 150",2,"normal",150,12,,,
"Legs","14 Feb 2026, 18:05","14 Feb 2026, 19:25","","Standing Calf Raise (Smith)",,"",0,"normal",40,15,,,
"Legs","14 Feb 2026, 18:05","14 Feb 2026, 19:25","","Standing Calf Raise (Smith)",,"",1,"normal",45,15,,,
"Legs","14 Feb 2026, 18:05","14 Feb 2026, 19:25","","Standing Calf Raise (Smith)",,"",2,"normal",45,15,,,
"Shouldies","14 Feb 2026, 17:21","14 Feb 2026, 18:05","","Shoulder Press (Dumbbell)",,"",0,"warmup",20,12,,,
"Shouldies","14 Feb 2026, 17:21","14 Feb 2026, 18:05","","Shoulder Press (Dumbbell)",,"",1,"normal",35,12,,,
"Shouldies","14 Feb 2026, 17:21","14 Feb 2026, 18:05","","Shoulder Press (Dumbbell)",,"",2,"normal",35,10,,,
"Shouldies","14 Feb 2026, 17:21","14 Feb 2026, 18:05","","Single Arm Lateral Raise (Cable)",,"",0,"normal",10,24,,,
"Shouldies","14 Feb 2026, 17:21","14 Feb 2026, 18:05","","Single Arm Lateral Raise (Cable)",,"",1,"normal",10,24,,,
"Shouldies","14 Feb 2026, 17:21","14 Feb 2026, 18:05","","Single Arm Lateral Raise (Cable)",,"",2,"normal",10,24,,,
"Shouldies","14 Feb 2026, 17:21","14 Feb 2026, 18:05","","Rear Delt Reverse Fly (Machine)",,"",0,"normal",45,12,,,
"Shouldies","14 Feb 2026, 17:21","14 Feb 2026, 18:05","","Rear Delt Reverse Fly (Machine)",,"",1,"normal",52.2,12,,,
"Shouldies","14 Feb 2026, 17:21","14 Feb 2026, 18:05","","Shrug (Barbell)",,"",0,"normal",50,12,,,
"Shouldies","14 Feb 2026, 17:21","14 Feb 2026, 18:05","","Shrug (Barbell)",,"",1,"normal",60,18,,,
"Shouldies","14 Feb 2026, 17:21","14 Feb 2026, 18:05","","Shrug (Barbell)",,"",2,"normal",70,18,,,
"Arms","13 Feb 2026, 17:47","13 Feb 2026, 19:24","","Jump Rope",,"500",0,"normal",,,,642,
"Arms","13 Feb 2026, 17:47","13 Feb 2026, 19:24","","Diamond Push Up",,"",0,"normal",,20,,,
"Arms","13 Feb 2026, 17:47","13 Feb 2026, 19:24","","Triceps Rope Pushdown",,"",0,"normal",25,15,,,
"Arms","13 Feb 2026, 17:47","13 Feb 2026, 19:24","","Triceps Rope Pushdown",,"",1,"normal",25,15,,,
"Arms","13 Feb 2026, 17:47","13 Feb 2026, 19:24","","Triceps Rope Pushdown",,"",2,"normal",25,15,,,
"Arms","13 Feb 2026, 17:47","13 Feb 2026, 19:24","","Single Arm Triceps Pushdown (Cable)",,"",0,"normal",10,30,,,
"Arms","13 Feb 2026, 17:47","13 Feb 2026, 19:24","","Single Arm Triceps Pushdown (Cable)",,"",1,"normal",10,30,,,
"Arms","13 Feb 2026, 17:47","13 Feb 2026, 19:24","","Single Arm Triceps Pushdown (Cable)",,"",2,"normal",10,30,,,
"Arms","13 Feb 2026, 17:47","13 Feb 2026, 19:24","","Overhead Triceps Extension (Cable)",,"",0,"normal",20,15,,,
"Arms","13 Feb 2026, 17:47","13 Feb 2026, 19:24","","Overhead Triceps Extension (Cable)",,"",1,"normal",20,15,,,
"Arms","13 Feb 2026, 17:47","13 Feb 2026, 19:24","","Overhead Triceps Extension (Cable)",,"",2,"normal",25,12,,,
"Arms","13 Feb 2026, 17:47","13 Feb 2026, 19:24","","Preacher Curl (Barbell)",,"",0,"normal",20,15,,,
"Arms","13 Feb 2026, 17:47","13 Feb 2026, 19:24","","Preacher Curl (Barbell)",,"",1,"normal",25,15,,,
"Arms","13 Feb 2026, 17:47","13 Feb 2026, 19:24","","Preacher Curl (Barbell)",,"",2,"normal",25,12,,,
"Arms","13 Feb 2026, 17:47","13 Feb 2026, 19:24","","Hammer Curl (Dumbbell)",,"",0,"normal",20,12,,,
"Arms","13 Feb 2026, 17:47","13 Feb 2026, 19:24","","Hammer Curl (Dumbbell)",,"",1,"normal",20,12,,,
"Arms","13 Feb 2026, 17:47","13 Feb 2026, 19:24","","Hammer Curl (Dumbbell)",,"",2,"normal",25,12,,,
"Arms","13 Feb 2026, 17:47","13 Feb 2026, 19:24","","Seated Incline Curl (Dumbbell)",,"",0,"normal",15,12,,,
"Arms","13 Feb 2026, 17:47","13 Feb 2026, 19:24","","Seated Incline Curl (Dumbbell)",,"",1,"normal",20,12,,,
"Arms","13 Feb 2026, 17:47","13 Feb 2026, 19:24","","Seated Incline Curl (Dumbbell)",,"",2,"normal",20,12,,,
"Arms","13 Feb 2026, 17:47","13 Feb 2026, 19:24","","Bicep Curl (Cable)",,"",0,"normal",30,15,,,
"Arms","13 Feb 2026, 17:47","13 Feb 2026, 19:24","","Bicep Curl (Cable)",,"",1,"normal",30,12,,,
"Arms","13 Feb 2026, 17:47","13 Feb 2026, 19:24","","Bicep Curl (Cable)",,"",2,"normal",25,12,,,
"Arms","13 Feb 2026, 17:47","13 Feb 2026, 19:24","","Behind the Back Bicep Wrist Curl (Barbell)",,"",0,"normal",30,18,,,
"Arms","13 Feb 2026, 17:47","13 Feb 2026, 19:24","","Behind the Back Bicep Wrist Curl (Barbell)",,"",1,"normal",30,18,,,
"Arms","13 Feb 2026, 17:47","13 Feb 2026, 19:24","","Behind the Back Bicep Wrist Curl (Barbell)",,"",2,"normal",30,18,,,
"Abs Back Chest","12 Feb 2026, 17:47","12 Feb 2026, 19:43","","Hanging Knee Raise",,"",0,"normal",,15,,,
"Abs Back Chest","12 Feb 2026, 17:47","12 Feb 2026, 19:43","","Hanging Knee Raise",,"",1,"normal",,15,,,
"Abs Back Chest","12 Feb 2026, 17:47","12 Feb 2026, 19:43","","Hanging Knee Raise",,"",2,"normal",,15,,,
"Abs Back Chest","12 Feb 2026, 17:47","12 Feb 2026, 19:43","","Russian Twist (Bodyweight)",,"Hanging",0,"normal",,24,,,
"Abs Back Chest","12 Feb 2026, 17:47","12 Feb 2026, 19:43","","Russian Twist (Bodyweight)",,"Hanging",1,"normal",,24,,,
"Abs Back Chest","12 Feb 2026, 17:47","12 Feb 2026, 19:43","","Russian Twist (Bodyweight)",,"Hanging",2,"normal",,20,,,
"Abs Back Chest","12 Feb 2026, 17:47","12 Feb 2026, 19:43","","Pull Up",,"",0,"normal",,12,,,
"Abs Back Chest","12 Feb 2026, 17:47","12 Feb 2026, 19:43","","Pull Up",,"",1,"normal",,8,,,
"Abs Back Chest","12 Feb 2026, 17:47","12 Feb 2026, 19:43","","Push Up",,"",0,"normal",,40,,,
"Abs Back Chest","12 Feb 2026, 17:47","12 Feb 2026, 19:43","","Crunch",,"",0,"normal",,30,,,
"Abs Back Chest","12 Feb 2026, 17:47","12 Feb 2026, 19:43","","Crunch",,"",1,"normal",,25,,,
"Abs Back Chest","12 Feb 2026, 17:47","12 Feb 2026, 19:43","","Plank",,"",0,"normal",,,,69,
"Abs Back Chest","12 Feb 2026, 17:47","12 Feb 2026, 19:43","","Heel Taps",,"",0,"normal",,24,,,
"Abs Back Chest","12 Feb 2026, 17:47","12 Feb 2026, 19:43","","Heel Taps",,"",1,"normal",,24,,,
"Abs Back Chest","12 Feb 2026, 17:47","12 Feb 2026, 19:43","","Heel Taps",,"",2,"normal",,24,,,
"Abs Back Chest","12 Feb 2026, 17:47","12 Feb 2026, 19:43","","Crunch (Weighted)",,"",0,"normal",17.5,12,,,
"Abs Back Chest","12 Feb 2026, 17:47","12 Feb 2026, 19:43","","Crunch (Weighted)",,"",1,"normal",17.5,12,,,
"Abs Back Chest","12 Feb 2026, 17:47","12 Feb 2026, 19:43","","Crunch (Weighted)",,"",2,"normal",20,12,,,
"Abs Back Chest","12 Feb 2026, 17:47","12 Feb 2026, 19:43","","Crunch (Weighted)",,"",3,"normal",20,12,,,
"Abs Back Chest","12 Feb 2026, 17:47","12 Feb 2026, 19:43","","Crunch (Weighted)",,"",4,"normal",22.5,12,,,
"Abs Back Chest","12 Feb 2026, 17:47","12 Feb 2026, 19:43","","Crunch (Weighted)",,"",5,"normal",22.5,12,,,
"Abs Back Chest","12 Feb 2026, 17:47","12 Feb 2026, 19:43","","Lat Pulldown - Close Grip (Cable)",,"",0,"normal",52,12,,,
"Abs Back Chest","12 Feb 2026, 17:47","12 Feb 2026, 19:43","","Lat Pulldown - Close Grip (Cable)",,"",1,"normal",52,12,,,
"Abs Back Chest","12 Feb 2026, 17:47","12 Feb 2026, 19:43","","Lat Pulldown - Close Grip (Cable)",,"",2,"normal",52,10,,,
"Abs Back Chest","12 Feb 2026, 17:47","12 Feb 2026, 19:43","","Chest Supported Incline Row (Dumbbell)",,"",0,"normal",35,12,,,
"Abs Back Chest","12 Feb 2026, 17:47","12 Feb 2026, 19:43","","Chest Supported Incline Row (Dumbbell)",,"",1,"normal",35,12,,,
"Abs Back Chest","12 Feb 2026, 17:47","12 Feb 2026, 19:43","","Chest Supported Incline Row (Dumbbell)",,"",2,"normal",35,12,,,
"Abs Back Chest","12 Feb 2026, 17:47","12 Feb 2026, 19:43","","Chest Fly (Machine)",,"",0,"normal",52.5,12,,,
"Abs Back Chest","12 Feb 2026, 17:47","12 Feb 2026, 19:43","","Chest Fly (Machine)",,"",1,"normal",52.5,14,,,
"Abs Back Chest","12 Feb 2026, 17:47","12 Feb 2026, 19:43","","Cable Fly Crossovers",,"",0,"normal",40,14,,,
"Abs Back Chest","12 Feb 2026, 17:47","12 Feb 2026, 19:43","","Cable Fly Crossovers",,"",1,"normal",40,12,,,
"Abs Back Chest","12 Feb 2026, 17:47","12 Feb 2026, 19:43","","Low Cable Fly Crossovers",,"",0,"normal",20,12,,,
"Abs Back Chest","12 Feb 2026, 17:47","12 Feb 2026, 19:43","","Low Cable Fly Crossovers",,"",1,"normal",20,12,,,
"Abs Back Chest","12 Feb 2026, 17:47","12 Feb 2026, 19:43","","Low Cable Fly Crossovers",,"",2,"normal",20,12,,,
"Shouldies and Legs","11 Feb 2026, 17:45","11 Feb 2026, 19:35","","Shoulder Press (Dumbbell)",,"",0,"warmup",20,15,,,
"Shouldies and Legs","11 Feb 2026, 17:45","11 Feb 2026, 19:35","","Shoulder Press (Dumbbell)",,"",1,"normal",35,10,,,
"Shouldies and Legs","11 Feb 2026, 17:45","11 Feb 2026, 19:35","","Shoulder Press (Dumbbell)",,"",2,"normal",35,8,,,
"Shouldies and Legs","11 Feb 2026, 17:45","11 Feb 2026, 19:35","","Single Arm Lateral Raise (Cable)",,"",0,"normal",10,24,,,
"Shouldies and Legs","11 Feb 2026, 17:45","11 Feb 2026, 19:35","","Single Arm Lateral Raise (Cable)",,"",1,"normal",10,24,,,
"Shouldies and Legs","11 Feb 2026, 17:45","11 Feb 2026, 19:35","","Single Arm Lateral Raise (Cable)",,"",2,"normal",10,24,,,
"Shouldies and Legs","11 Feb 2026, 17:45","11 Feb 2026, 19:35","","Stretching",,"Legs",0,"normal",,,,323,
"Shouldies and Legs","11 Feb 2026, 17:45","11 Feb 2026, 19:35","","Lunge (Dumbbell)",,"Walking",0,"normal",20,12,,,
"Shouldies and Legs","11 Feb 2026, 17:45","11 Feb 2026, 19:35","","Lunge (Dumbbell)",,"Walking",1,"normal",20,12,,,
"Shouldies and Legs","11 Feb 2026, 17:45","11 Feb 2026, 19:35","","Lunge (Dumbbell)",,"Walking",2,"normal",20,12,,,
"Shouldies and Legs","11 Feb 2026, 17:45","11 Feb 2026, 19:35","","Single Leg Extensions",,"",0,"normal",30,24,,,
"Shouldies and Legs","11 Feb 2026, 17:45","11 Feb 2026, 19:35","","Single Leg Extensions",,"",1,"normal",35,24,,,
"Shouldies and Legs","11 Feb 2026, 17:45","11 Feb 2026, 19:35","","Single Leg Extensions",,"",2,"normal",40,20,,,
"Shouldies and Legs","11 Feb 2026, 17:45","11 Feb 2026, 19:35","","Seated Leg Curl (Machine)",,"",0,"normal",55,12,,,
"Shouldies and Legs","11 Feb 2026, 17:45","11 Feb 2026, 19:35","","Seated Leg Curl (Machine)",,"",1,"normal",60,12,,,
"Shouldies and Legs","11 Feb 2026, 17:45","11 Feb 2026, 19:35","","Seated Leg Curl (Machine)",,"",2,"normal",65,11,,,
"Shouldies and Legs","11 Feb 2026, 17:45","11 Feb 2026, 19:35","","Hip Abduction (Machine)",,"",0,"normal",70,15,,,
"Shouldies and Legs","11 Feb 2026, 17:45","11 Feb 2026, 19:35","","Hip Abduction (Machine)",,"",1,"normal",80,12,,,
"Shouldies and Legs","11 Feb 2026, 17:45","11 Feb 2026, 19:35","","Hip Abduction (Machine)",,"",2,"normal",90,12,,,
"Shouldies and Legs","11 Feb 2026, 17:45","11 Feb 2026, 19:35","","Hip Adduction (Machine)",,"",0,"normal",60,12,,,
"Shouldies and Legs","11 Feb 2026, 17:45","11 Feb 2026, 19:35","","Hip Adduction (Machine)",,"",1,"normal",70,12,,,
"Shouldies and Legs","11 Feb 2026, 17:45","11 Feb 2026, 19:35","","Hip Adduction (Machine)",,"",2,"normal",80,12,,,
"Shouldies and Legs","11 Feb 2026, 17:45","11 Feb 2026, 19:35","","Leg Press (Machine)",,"",0,"normal",100,15,,,
"Shouldies and Legs","11 Feb 2026, 17:45","11 Feb 2026, 19:35","","Leg Press (Machine)",,"",1,"normal",120,15,,,
"Shouldies and Legs","11 Feb 2026, 17:45","11 Feb 2026, 19:35","","Leg Press (Machine)",,"",2,"normal",140,15,,,
"Shouldies and Legs","11 Feb 2026, 17:45","11 Feb 2026, 19:35","","Standing Calf Raise (Smith)",,"",0,"normal",35,15,,,
"Shouldies and Legs","11 Feb 2026, 17:45","11 Feb 2026, 19:35","","Standing Calf Raise (Smith)",,"",1,"normal",45,15,,,
"Shouldies and Legs","11 Feb 2026, 17:45","11 Feb 2026, 19:35","","Standing Calf Raise (Smith)",,"",2,"normal",50,15,,,
"Push","10 Feb 2026, 18:49","10 Feb 2026, 20:06","","Push Up",,"",0,"normal",,25,,,
"Push","10 Feb 2026, 18:49","10 Feb 2026, 20:06","","Push Up",,"",1,"normal",,25,,,
"Push","10 Feb 2026, 18:49","10 Feb 2026, 20:06","","Diamond Push Up",,"",0,"normal",,20,,,
"Push","10 Feb 2026, 18:49","10 Feb 2026, 20:06","","Chest Fly (Machine)",,"",0,"normal",45,12,,,
"Push","10 Feb 2026, 18:49","10 Feb 2026, 20:06","","Chest Fly (Machine)",,"",1,"normal",52.5,14,,,
"Push","10 Feb 2026, 18:49","10 Feb 2026, 20:06","","Chest Fly (Machine)",,"",2,"normal",52.5,14,,,
"Push","10 Feb 2026, 18:49","10 Feb 2026, 20:06","","Cable Fly Crossovers",,"",0,"normal",40,14,,,
"Push","10 Feb 2026, 18:49","10 Feb 2026, 20:06","","Cable Fly Crossovers",,"",1,"normal",40,14,,,
"Push","10 Feb 2026, 18:49","10 Feb 2026, 20:06","","Cable Fly Crossovers",,"",2,"normal",40,14,,,
"Push","10 Feb 2026, 18:49","10 Feb 2026, 20:06","","Low Cable Fly Crossovers",,"",0,"normal",20,15,,,
"Push","10 Feb 2026, 18:49","10 Feb 2026, 20:06","","Low Cable Fly Crossovers",,"",1,"normal",30,9,,,
"Push","10 Feb 2026, 18:49","10 Feb 2026, 20:06","","Low Cable Fly Crossovers",,"",2,"normal",30,10,,,
"Push","10 Feb 2026, 18:49","10 Feb 2026, 20:06","","Bench Press (Barbell)",,"",0,"normal",55,10,,,
"Push","10 Feb 2026, 18:49","10 Feb 2026, 20:06","","Bench Press (Barbell)",,"",1,"normal",55,9,,,
"Push","10 Feb 2026, 18:49","10 Feb 2026, 20:06","","Bench Press (Barbell)",,"",2,"normal",55,10,,,
"Push","10 Feb 2026, 18:49","10 Feb 2026, 20:06","","Triceps Pushdown",,"",0,"normal",35,14,,,
"Push","10 Feb 2026, 18:49","10 Feb 2026, 20:06","","Triceps Pushdown",,"",1,"normal",40,12,,,
"Push","10 Feb 2026, 18:49","10 Feb 2026, 20:06","","Triceps Pushdown",,"",2,"normal",40,11,,,
"Push","10 Feb 2026, 18:49","10 Feb 2026, 20:06","","Triceps Extension (Dumbbell)",,"",0,"normal",15,15,,,
"Push","10 Feb 2026, 18:49","10 Feb 2026, 20:06","","Triceps Extension (Dumbbell)",,"",1,"normal",17.5,15,,,
"Push","10 Feb 2026, 18:49","10 Feb 2026, 20:06","","Triceps Extension (Dumbbell)",,"",2,"normal",17.5,15,,,
"Push","10 Feb 2026, 18:49","10 Feb 2026, 20:06","","Bench Dip",,"",0,"normal",,45,,,
"Pull","9 Feb 2026, 18:00","9 Feb 2026, 19:29","","Pull Up",,"",0,"normal",,10,,,
"Pull","9 Feb 2026, 18:00","9 Feb 2026, 19:29","","Pull Up",,"",1,"normal",,6,,,
"Pull","9 Feb 2026, 18:00","9 Feb 2026, 19:29","","Pull Up",,"",2,"normal",,8,,,
"Pull","9 Feb 2026, 18:00","9 Feb 2026, 19:29","","Lat Pulldown - Close Grip (Cable)",,"",0,"normal",52,12,,,
"Pull","9 Feb 2026, 18:00","9 Feb 2026, 19:29","","Lat Pulldown - Close Grip (Cable)",,"",1,"normal",52,10,,,
"Pull","9 Feb 2026, 18:00","9 Feb 2026, 19:29","","Lat Pulldown - Close Grip (Cable)",,"",2,"normal",52,8,,,
"Pull","9 Feb 2026, 18:00","9 Feb 2026, 19:29","","Reverse Grip Lat Pulldown (Cable)",,"",0,"normal",52,8,,,
"Pull","9 Feb 2026, 18:00","9 Feb 2026, 19:29","","Reverse Grip Lat Pulldown (Cable)",,"",1,"normal",52,9,,,
"Pull","9 Feb 2026, 18:00","9 Feb 2026, 19:29","","Seated Cable Row - Bar Wide Grip",,"",0,"normal",60,12,,,
"Pull","9 Feb 2026, 18:00","9 Feb 2026, 19:29","","Seated Cable Row - Bar Wide Grip",,"",1,"normal",65,12,,,
"Pull","9 Feb 2026, 18:00","9 Feb 2026, 19:29","","Seated Cable Row - Bar Wide Grip",,"",2,"normal",70,12,,,
"Pull","9 Feb 2026, 18:00","9 Feb 2026, 19:29","","Chest Supported Incline Row (Dumbbell)",,"",0,"normal",35,12,,,
"Pull","9 Feb 2026, 18:00","9 Feb 2026, 19:29","","Chest Supported Incline Row (Dumbbell)",,"",1,"normal",35,10,,,
"Pull","9 Feb 2026, 18:00","9 Feb 2026, 19:29","","Chest Supported Incline Row (Dumbbell)",,"",2,"normal",35,12,,,
"Pull","9 Feb 2026, 18:00","9 Feb 2026, 19:29","","Single Arm Lat Pulldown",,"",0,"normal",45,24,,,
"Pull","9 Feb 2026, 18:00","9 Feb 2026, 19:29","","Single Arm Lat Pulldown",,"",1,"normal",45,20,,,
"Pull","9 Feb 2026, 18:00","9 Feb 2026, 19:29","","Behind the Back Curl (Cable)",,"",0,"normal",30,14,,,
"Pull","9 Feb 2026, 18:00","9 Feb 2026, 19:29","","Behind the Back Curl (Cable)",,"",1,"normal",40,12,,,
"Pull","9 Feb 2026, 18:00","9 Feb 2026, 19:29","","Behind the Back Curl (Cable)",,"",2,"normal",40,12,,,
"Pull","9 Feb 2026, 18:00","9 Feb 2026, 19:29","","Preacher Curl (Barbell)",,"",0,"normal",20,14,,,
"Pull","9 Feb 2026, 18:00","9 Feb 2026, 19:29","","Preacher Curl (Barbell)",,"",1,"normal",20,12,,,
"Pull","9 Feb 2026, 18:00","9 Feb 2026, 19:29","","Preacher Curl (Barbell)",,"",2,"normal",20,10,,,
"Chest & Shouldiess","7 Feb 2026, 17:32","7 Feb 2026, 19:14","","Push Up",,"",0,"normal",,25,,,
"Chest & Shouldiess","7 Feb 2026, 17:32","7 Feb 2026, 19:14","","Push Up",,"",1,"normal",,20,,,
"Chest & Shouldiess","7 Feb 2026, 17:32","7 Feb 2026, 19:14","","Diamond Push Up",,"",0,"normal",,15,,,
"Chest & Shouldiess","7 Feb 2026, 17:32","7 Feb 2026, 19:14","","Chest Fly (Machine)",,"",0,"normal",45,12,,,
"Chest & Shouldiess","7 Feb 2026, 17:32","7 Feb 2026, 19:14","","Chest Fly (Machine)",,"",1,"normal",52.5,14,,,
"Chest & Shouldiess","7 Feb 2026, 17:32","7 Feb 2026, 19:14","","Chest Fly (Machine)",,"",2,"normal",52.5,14,,,
"Chest & Shouldiess","7 Feb 2026, 17:32","7 Feb 2026, 19:14","","Cable Fly Crossovers",,"",0,"normal",40,12,,,
"Chest & Shouldiess","7 Feb 2026, 17:32","7 Feb 2026, 19:14","","Cable Fly Crossovers",,"",1,"normal",40,14,,,
"Chest & Shouldiess","7 Feb 2026, 17:32","7 Feb 2026, 19:14","","Cable Fly Crossovers",,"",2,"normal",40,14,,,
"Chest & Shouldiess","7 Feb 2026, 17:32","7 Feb 2026, 19:14","","Low Cable Fly Crossovers",,"",0,"normal",30,9,,,
"Chest & Shouldiess","7 Feb 2026, 17:32","7 Feb 2026, 19:14","","Low Cable Fly Crossovers",,"",1,"normal",30,10,,,
"Chest & Shouldiess","7 Feb 2026, 17:32","7 Feb 2026, 19:14","","Low Cable Fly Crossovers",,"",2,"normal",20,14,,,
"Chest & Shouldiess","7 Feb 2026, 17:32","7 Feb 2026, 19:14","","Seated Overhead Press (Barbell)",,"Smith",0,"warmup",20,14,,,
"Chest & Shouldiess","7 Feb 2026, 17:32","7 Feb 2026, 19:14","","Seated Overhead Press (Barbell)",,"Smith",1,"normal",30,12,,,
"Chest & Shouldiess","7 Feb 2026, 17:32","7 Feb 2026, 19:14","","Seated Overhead Press (Barbell)",,"Smith",2,"normal",30,8,,,
"Chest & Shouldiess","7 Feb 2026, 17:32","7 Feb 2026, 19:14","","Seated Overhead Press (Barbell)",,"Smith",3,"normal",30,8,,,
"Chest & Shouldiess","7 Feb 2026, 17:32","7 Feb 2026, 19:14","","Single Arm Lateral Raise (Cable)",,"",0,"normal",10,20,,,
"Chest & Shouldiess","7 Feb 2026, 17:32","7 Feb 2026, 19:14","","Single Arm Lateral Raise (Cable)",,"",1,"normal",10,24,,,
"Chest & Shouldiess","7 Feb 2026, 17:32","7 Feb 2026, 19:14","","Single Arm Lateral Raise (Cable)",,"",2,"normal",10,24,,,
"Chest & Shouldiess","7 Feb 2026, 17:32","7 Feb 2026, 19:14","","Rear Delt Reverse Fly (Machine)",,"",0,"normal",45,12,,,
"Chest & Shouldiess","7 Feb 2026, 17:32","7 Feb 2026, 19:14","","Rear Delt Reverse Fly (Machine)",,"",1,"normal",45,12,,,
"Chest & Shouldiess","7 Feb 2026, 17:32","7 Feb 2026, 19:14","","Rear Delt Reverse Fly (Machine)",,"",2,"normal",52.5,11,,,
"Chest & Shouldiess","7 Feb 2026, 17:32","7 Feb 2026, 19:14","","Shrug (Barbell)",,"",0,"normal",50,15,,,
"Chest & Shouldiess","7 Feb 2026, 17:32","7 Feb 2026, 19:14","","Shrug (Barbell)",,"",1,"normal",55,18,,,
"Chest & Shouldiess","7 Feb 2026, 17:32","7 Feb 2026, 19:14","","Shrug (Barbell)",,"",2,"normal",65,18,,,
"Chest & Shouldiess","7 Feb 2026, 17:32","7 Feb 2026, 19:14","","Behind the Back Bicep Wrist Curl (Barbell)",,"",0,"normal",25,25,,,
"Chest & Shouldiess","7 Feb 2026, 17:32","7 Feb 2026, 19:14","","Behind the Back Bicep Wrist Curl (Barbell)",,"",1,"normal",30,18,,,
"Chest & Shouldiess","7 Feb 2026, 17:32","7 Feb 2026, 19:14","","Behind the Back Bicep Wrist Curl (Barbell)",,"",2,"normal",30,15,,,
"Chest & Shouldiess","7 Feb 2026, 17:32","7 Feb 2026, 19:14","","Seated Wrist Extension (Barbell)",,"Dumbell",0,"normal",7.5,30,,,
"Chest & Shouldiess","7 Feb 2026, 17:32","7 Feb 2026, 19:14","","Seated Wrist Extension (Barbell)",,"Dumbell",1,"normal",7.5,30,,,
"Chest & Shouldiess","7 Feb 2026, 17:32","7 Feb 2026, 19:14","","Seated Wrist Extension (Barbell)",,"Dumbell",2,"normal",7.5,40,,,
"Abs (home)","7 Feb 2026, 09:49","7 Feb 2026, 10:16","","Hanging Knee Raise",,"",0,"normal",,15,,,
"Abs (home)","7 Feb 2026, 09:49","7 Feb 2026, 10:16","","Hanging Knee Raise",,"",1,"normal",,15,,,
"Abs (home)","7 Feb 2026, 09:49","7 Feb 2026, 10:16","","Hanging Knee Raise",,"",2,"normal",,15,,,
"Abs (home)","7 Feb 2026, 09:49","7 Feb 2026, 10:16","","Russian Twist (Bodyweight)",,"Hanging",0,"normal",,20,,,
"Abs (home)","7 Feb 2026, 09:49","7 Feb 2026, 10:16","","Russian Twist (Bodyweight)",,"Hanging",1,"normal",,24,,,
"Abs (home)","7 Feb 2026, 09:49","7 Feb 2026, 10:16","","Russian Twist (Bodyweight)",,"Hanging",2,"normal",,20,,,
"Arms","6 Feb 2026, 17:48","6 Feb 2026, 19:07","","Stretching",,"",0,"normal",,,,248,
"Arms","6 Feb 2026, 17:48","6 Feb 2026, 19:07","","Diamond Push Up",,"",0,"normal",,25,,,
"Arms","6 Feb 2026, 17:48","6 Feb 2026, 19:07","","Single Arm Triceps Pushdown (Cable)",,"",0,"normal",10,30,,,
"Arms","6 Feb 2026, 17:48","6 Feb 2026, 19:07","","Single Arm Triceps Pushdown (Cable)",,"",1,"normal",10,30,,,
"Arms","6 Feb 2026, 17:48","6 Feb 2026, 19:07","","Single Arm Triceps Pushdown (Cable)",,"",2,"normal",10,24,,,
"Arms","6 Feb 2026, 17:48","6 Feb 2026, 19:07","","Overhead Triceps Extension (Cable)",,"",0,"normal",20,15,,,
"Arms","6 Feb 2026, 17:48","6 Feb 2026, 19:07","","Overhead Triceps Extension (Cable)",,"",1,"normal",20,12,,,
"Arms","6 Feb 2026, 17:48","6 Feb 2026, 19:07","","Overhead Triceps Extension (Cable)",,"",2,"normal",20,12,,,
"Arms","6 Feb 2026, 17:48","6 Feb 2026, 19:07","","Triceps Pushdown",,"V bar",0,"normal",35,12,,,
"Arms","6 Feb 2026, 17:48","6 Feb 2026, 19:07","","Triceps Pushdown",,"V bar",1,"normal",40,12,,,
"Arms","6 Feb 2026, 17:48","6 Feb 2026, 19:07","","Triceps Pushdown",,"V bar",2,"normal",45,9,,,
"Arms","6 Feb 2026, 17:48","6 Feb 2026, 19:07","","Triceps Pushdown",,"V bar",3,"dropset",35,4,,,
"Arms","6 Feb 2026, 17:48","6 Feb 2026, 19:07","","Hammer Curl (Dumbbell)",,"Preacher",0,"normal",20,12,,,
"Arms","6 Feb 2026, 17:48","6 Feb 2026, 19:07","","Hammer Curl (Dumbbell)",,"Preacher",1,"normal",20,12,,,
"Arms","6 Feb 2026, 17:48","6 Feb 2026, 19:07","","Hammer Curl (Dumbbell)",,"Preacher",2,"normal",25,11,,,
"Arms","6 Feb 2026, 17:48","6 Feb 2026, 19:07","","Behind the Back Curl (Cable)",,"",0,"normal",30,14,,,
"Arms","6 Feb 2026, 17:48","6 Feb 2026, 19:07","","Behind the Back Curl (Cable)",,"",1,"normal",30,14,,,
"Arms","6 Feb 2026, 17:48","6 Feb 2026, 19:07","","Behind the Back Curl (Cable)",,"",2,"normal",40,12,,,
"Arms","6 Feb 2026, 17:48","6 Feb 2026, 19:07","","Preacher Curl (Barbell)",,"",0,"normal",20,12,,,
"Arms","6 Feb 2026, 17:48","6 Feb 2026, 19:07","","Preacher Curl (Barbell)",,"",1,"normal",20,12,,,
"Arms","6 Feb 2026, 17:48","6 Feb 2026, 19:07","","Preacher Curl (Barbell)",,"",2,"normal",20,12,,,
"Abs and Shoulders","5 Feb 2026, 17:44","5 Feb 2026, 18:55","","Crunch",,"",0,"normal",,30,,,
"Abs and Shoulders","5 Feb 2026, 17:44","5 Feb 2026, 18:55","","Crunch",,"",1,"normal",,25,,,
"Abs and Shoulders","5 Feb 2026, 17:44","5 Feb 2026, 18:55","","Plank",,"",0,"normal",,,,61,
"Abs and Shoulders","5 Feb 2026, 17:44","5 Feb 2026, 18:55","","Plank",,"",1,"normal",,,,60,
"Abs and Shoulders","5 Feb 2026, 17:44","5 Feb 2026, 18:55","","Heel Taps",,"",0,"normal",,24,,,
"Abs and Shoulders","5 Feb 2026, 17:44","5 Feb 2026, 18:55","","Heel Taps",,"",1,"normal",,24,,,
"Abs and Shoulders","5 Feb 2026, 17:44","5 Feb 2026, 18:55","","Heel Taps",,"",2,"normal",,24,,,
"Abs and Shoulders","5 Feb 2026, 17:44","5 Feb 2026, 18:55","","Lying Leg Raise",,"",0,"normal",,15,,,
"Abs and Shoulders","5 Feb 2026, 17:44","5 Feb 2026, 18:55","","Lying Leg Raise",,"",1,"normal",,15,,,
"Abs and Shoulders","5 Feb 2026, 17:44","5 Feb 2026, 18:55","","Lying Leg Raise",,"",2,"normal",,15,,,
"Abs and Shoulders","5 Feb 2026, 17:44","5 Feb 2026, 18:55","","Crunch (Weighted)",,"",0,"normal",17.5,12,,,
"Abs and Shoulders","5 Feb 2026, 17:44","5 Feb 2026, 18:55","","Crunch (Weighted)",,"",1,"normal",17.5,12,,,
"Abs and Shoulders","5 Feb 2026, 17:44","5 Feb 2026, 18:55","","Crunch (Weighted)",,"",2,"normal",17.5,12,,,
"Abs and Shoulders","5 Feb 2026, 17:44","5 Feb 2026, 18:55","","Crunch (Weighted)",,"",3,"normal",20,12,,,
"Abs and Shoulders","5 Feb 2026, 17:44","5 Feb 2026, 18:55","","Crunch (Weighted)",,"",4,"normal",20,12,,,
"Abs and Shoulders","5 Feb 2026, 17:44","5 Feb 2026, 18:55","","Crunch (Weighted)",,"",5,"normal",20,12,,,
"Abs and Shoulders","5 Feb 2026, 17:44","5 Feb 2026, 18:55","","Crunch (Weighted)",,"",6,"normal",22.5,12,,,
"Abs and Shoulders","5 Feb 2026, 17:44","5 Feb 2026, 18:55","","Crunch (Weighted)",,"",7,"normal",22.5,12,,,
"Abs and Shoulders","5 Feb 2026, 17:44","5 Feb 2026, 18:55","","Crunch (Weighted)",,"",8,"normal",22.5,12,,,
"Abs and Shoulders","5 Feb 2026, 17:44","5 Feb 2026, 18:55","","Shoulder Press (Dumbbell)",,"",0,"warmup",20,15,,,
"Abs and Shoulders","5 Feb 2026, 17:44","5 Feb 2026, 18:55","","Shoulder Press (Dumbbell)",,"",1,"normal",35,12,,,
"Abs and Shoulders","5 Feb 2026, 17:44","5 Feb 2026, 18:55","","Shoulder Press (Dumbbell)",,"",2,"normal",35,12,,,
"Abs and Shoulders","5 Feb 2026, 17:44","5 Feb 2026, 18:55","","Lateral Raise (Dumbbell)",,"",0,"normal",15,12,,,
"Abs and Shoulders","5 Feb 2026, 17:44","5 Feb 2026, 18:55","","Lateral Raise (Dumbbell)",,"",1,"normal",15,12,,,
"Abs and Shoulders","5 Feb 2026, 17:44","5 Feb 2026, 18:55","","Lateral Raise (Dumbbell)",,"",2,"normal",15,12,,,
"Legs","4 Feb 2026, 18:20","4 Feb 2026, 19:17","Low intensity wk","Stretching",,"",0,"normal",,,,297,
"Legs","4 Feb 2026, 18:20","4 Feb 2026, 19:17","Low intensity wk","Spinning",,"",0,"normal",,,,319,
"Legs","4 Feb 2026, 18:20","4 Feb 2026, 19:17","Low intensity wk","Single Leg Extensions",,"",0,"normal",25,24,,,
"Legs","4 Feb 2026, 18:20","4 Feb 2026, 19:17","Low intensity wk","Single Leg Extensions",,"",1,"normal",30,24,,,
"Legs","4 Feb 2026, 18:20","4 Feb 2026, 19:17","Low intensity wk","Single Leg Extensions",,"",2,"normal",35,22,,,
"Legs","4 Feb 2026, 18:20","4 Feb 2026, 19:17","Low intensity wk","Seated Leg Curl (Machine)",,"",0,"normal",50,12,,,
"Legs","4 Feb 2026, 18:20","4 Feb 2026, 19:17","Low intensity wk","Seated Leg Curl (Machine)",,"",1,"normal",55,12,,,
"Legs","4 Feb 2026, 18:20","4 Feb 2026, 19:17","Low intensity wk","Seated Leg Curl (Machine)",,"",2,"normal",60,8,,,
"Legs","4 Feb 2026, 18:20","4 Feb 2026, 19:17","Low intensity wk","Hip Abduction (Machine)",,"",0,"normal",70,15,,,
"Legs","4 Feb 2026, 18:20","4 Feb 2026, 19:17","Low intensity wk","Hip Abduction (Machine)",,"",1,"normal",80,12,,,
"Legs","4 Feb 2026, 18:20","4 Feb 2026, 19:17","Low intensity wk","Hip Abduction (Machine)",,"",2,"normal",80,14,,,
"Legs","4 Feb 2026, 18:20","4 Feb 2026, 19:17","Low intensity wk","Hip Adduction (Machine)",,"",0,"normal",60,12,,,
"Legs","4 Feb 2026, 18:20","4 Feb 2026, 19:17","Low intensity wk","Hip Adduction (Machine)",,"",1,"normal",80,12,,,
"Legs","4 Feb 2026, 18:20","4 Feb 2026, 19:17","Low intensity wk","Hip Adduction (Machine)",,"",2,"normal",90,12,,,
"Push","3 Feb 2026, 17:51","3 Feb 2026, 19:34","","Push Up",,"",0,"normal",,15,,,
"Push","3 Feb 2026, 17:51","3 Feb 2026, 19:34","","Push Up",,"",1,"normal",,15,,,
"Push","3 Feb 2026, 17:51","3 Feb 2026, 19:34","","Diamond Push Up",,"",0,"normal",,15,,,
"Push","3 Feb 2026, 17:51","3 Feb 2026, 19:34","","Chest Fly (Machine)",,"",0,"normal",45,14,,,
"Push","3 Feb 2026, 17:51","3 Feb 2026, 19:34","","Chest Fly (Machine)",,"",1,"normal",52.5,14,,,
"Push","3 Feb 2026, 17:51","3 Feb 2026, 19:34","","Chest Fly (Machine)",,"",2,"normal",52.5,12,,,
"Push","3 Feb 2026, 17:51","3 Feb 2026, 19:34","","Bench Press (Dumbbell)",,"",0,"normal",35,10,,,
"Push","3 Feb 2026, 17:51","3 Feb 2026, 19:34","","Bench Press (Dumbbell)",,"",1,"normal",35,10,,,
"Push","3 Feb 2026, 17:51","3 Feb 2026, 19:34","","Bench Press (Dumbbell)",,"",2,"normal",35,9,,,
"Push","3 Feb 2026, 17:51","3 Feb 2026, 19:34","","Cable Fly Crossovers",,"",0,"normal",40,14,,,
"Push","3 Feb 2026, 17:51","3 Feb 2026, 19:34","","Cable Fly Crossovers",,"",1,"normal",40,12,,,
"Push","3 Feb 2026, 17:51","3 Feb 2026, 19:34","","Cable Fly Crossovers",,"",2,"normal",40,12,,,
"Push","3 Feb 2026, 17:51","3 Feb 2026, 19:34","","Low Cable Fly Crossovers",,"",0,"normal",20,14,,,
"Push","3 Feb 2026, 17:51","3 Feb 2026, 19:34","","Low Cable Fly Crossovers",,"",1,"normal",30,12,,,
"Push","3 Feb 2026, 17:51","3 Feb 2026, 19:34","","Low Cable Fly Crossovers",,"",2,"normal",30,12,,,
"Push","3 Feb 2026, 17:51","3 Feb 2026, 19:34","","Shoulder Press (Dumbbell)",,"",0,"warmup",20,15,,,
"Push","3 Feb 2026, 17:51","3 Feb 2026, 19:34","","Shoulder Press (Dumbbell)",,"",1,"normal",30,11,,,
"Push","3 Feb 2026, 17:51","3 Feb 2026, 19:34","","Shoulder Press (Dumbbell)",,"",2,"normal",30,10,,,
"Push","3 Feb 2026, 17:51","3 Feb 2026, 19:34","","Single Arm Triceps Pushdown (Cable)",,"",0,"normal",10,24,,,
"Push","3 Feb 2026, 17:51","3 Feb 2026, 19:34","","Single Arm Triceps Pushdown (Cable)",,"",1,"normal",10,24,,,
"Push","3 Feb 2026, 17:51","3 Feb 2026, 19:34","","Single Arm Triceps Pushdown (Cable)",,"",2,"normal",10,26,,,
"Push","3 Feb 2026, 17:51","3 Feb 2026, 19:34","","Triceps Rope Pushdown",,"",0,"normal",25,15,,,
"Push","3 Feb 2026, 17:51","3 Feb 2026, 19:34","","Triceps Rope Pushdown",,"",1,"normal",25,12,,,
"Push","3 Feb 2026, 17:51","3 Feb 2026, 19:34","","Triceps Rope Pushdown",,"",2,"normal",25,14,,,
"Push","3 Feb 2026, 17:51","3 Feb 2026, 19:34","","Overhead Triceps Extension (Cable)",,"",0,"normal",20,12,,,
"Push","3 Feb 2026, 17:51","3 Feb 2026, 19:34","","Overhead Triceps Extension (Cable)",,"",1,"normal",20,12,,,
"Push","3 Feb 2026, 17:51","3 Feb 2026, 19:34","","Overhead Triceps Extension (Cable)",,"",2,"normal",20,15,,,
"Pull","2 Feb 2026, 18:26","2 Feb 2026, 19:41","","Pull Up",,"",0,"normal",,10,,,
"Pull","2 Feb 2026, 18:26","2 Feb 2026, 19:41","","Pull Up",,"",1,"normal",,8,,,
"Pull","2 Feb 2026, 18:26","2 Feb 2026, 19:41","","Lat Pulldown (Cable)",,"",0,"normal",58.5,10,,,
"Pull","2 Feb 2026, 18:26","2 Feb 2026, 19:41","","Lat Pulldown - Close Grip (Cable)",,"",0,"normal",52,11,,,
"Pull","2 Feb 2026, 18:26","2 Feb 2026, 19:41","","Lat Pulldown - Close Grip (Cable)",,"",1,"normal",52,8,,,
"Pull","2 Feb 2026, 18:26","2 Feb 2026, 19:41","","Lat Pulldown - Close Grip (Cable)",,"",2,"normal",52,8,,,
"Pull","2 Feb 2026, 18:26","2 Feb 2026, 19:41","","Seated Row (Machine)",,"",0,"normal",40,10,,,
"Pull","2 Feb 2026, 18:26","2 Feb 2026, 19:41","","Seated Row (Machine)",,"",1,"normal",40,10,,,
"Pull","2 Feb 2026, 18:26","2 Feb 2026, 19:41","","Seated Row (Machine)",,"",2,"normal",40,10,,,
"Pull","2 Feb 2026, 18:26","2 Feb 2026, 19:41","","Chest Supported Incline Row (Dumbbell)",,"",0,"normal",35,10,,,
"Pull","2 Feb 2026, 18:26","2 Feb 2026, 19:41","","Chest Supported Incline Row (Dumbbell)",,"",1,"normal",40,10,,,
"Pull","2 Feb 2026, 18:26","2 Feb 2026, 19:41","","Chest Supported Incline Row (Dumbbell)",,"",2,"normal",40,12,,,
"Pull","2 Feb 2026, 18:26","2 Feb 2026, 19:41","","Hammer Curl (Dumbbell)",,"",0,"normal",20,10,,,
"Pull","2 Feb 2026, 18:26","2 Feb 2026, 19:41","","Hammer Curl (Dumbbell)",,"",1,"normal",20,12,,,
"Pull","2 Feb 2026, 18:26","2 Feb 2026, 19:41","","Hammer Curl (Dumbbell)",,"",2,"normal",20,12,,,
"Pull","2 Feb 2026, 18:26","2 Feb 2026, 19:41","","Preacher Curl (Barbell)",,"",0,"normal",20,12,,,
"Pull","2 Feb 2026, 18:26","2 Feb 2026, 19:41","","Preacher Curl (Barbell)",,"",1,"normal",20,12,,,
"Pull","2 Feb 2026, 18:26","2 Feb 2026, 19:41","","Preacher Curl (Barbell)",,"",2,"normal",20,8,,,
"Pull","2 Feb 2026, 18:26","2 Feb 2026, 19:41","","Seated Incline Curl (Dumbbell)",,"",0,"normal",15,10,,,
"Pull","2 Feb 2026, 18:26","2 Feb 2026, 19:41","","Seated Incline Curl (Dumbbell)",,"",1,"normal",15,12,,,
"Pull","2 Feb 2026, 18:26","2 Feb 2026, 19:41","","Seated Incline Curl (Dumbbell)",,"",2,"normal",15,10,,,
"Legs","31 Jan 2026, 17:42","31 Jan 2026, 19:23","","Stretching",,"",0,"normal",,,,398,
"Legs","31 Jan 2026, 17:42","31 Jan 2026, 19:23","","Bulgarian Split Squat",,"",0,"normal",15,12,,,
"Legs","31 Jan 2026, 17:42","31 Jan 2026, 19:23","","Bulgarian Split Squat",,"",1,"normal",20,12,,,
"Legs","31 Jan 2026, 17:42","31 Jan 2026, 19:23","","Bulgarian Split Squat",,"",2,"normal",20,12,,,
"Legs","31 Jan 2026, 17:42","31 Jan 2026, 19:23","","Hip Thrust (Barbell)",,"",0,"normal",25,12,,,
"Legs","31 Jan 2026, 17:42","31 Jan 2026, 19:23","","Hip Thrust (Barbell)",,"",1,"normal",30,12,,,
"Legs","31 Jan 2026, 17:42","31 Jan 2026, 19:23","","Hip Thrust (Barbell)",,"",2,"normal",35,12,,,
"Legs","31 Jan 2026, 17:42","31 Jan 2026, 19:23","","Single Leg Extensions",,"",0,"normal",25,24,,,
"Legs","31 Jan 2026, 17:42","31 Jan 2026, 19:23","","Single Leg Extensions",,"",1,"normal",30,24,,,
"Legs","31 Jan 2026, 17:42","31 Jan 2026, 19:23","","Single Leg Extensions",,"",2,"normal",30,24,,,
"Legs","31 Jan 2026, 17:42","31 Jan 2026, 19:23","","Seated Leg Curl (Machine)",,"",0,"normal",50,12,,,
"Legs","31 Jan 2026, 17:42","31 Jan 2026, 19:23","","Seated Leg Curl (Machine)",,"",1,"normal",55,12,,,
"Legs","31 Jan 2026, 17:42","31 Jan 2026, 19:23","","Seated Leg Curl (Machine)",,"",2,"normal",60,12,,,
"Legs","31 Jan 2026, 17:42","31 Jan 2026, 19:23","","Hip Abduction (Machine)",0,"",0,"normal",70,15,,,
"Legs","31 Jan 2026, 17:42","31 Jan 2026, 19:23","","Hip Abduction (Machine)",0,"",1,"normal",80,15,,,
"Legs","31 Jan 2026, 17:42","31 Jan 2026, 19:23","","Hip Abduction (Machine)",0,"",2,"normal",80,15,,,
"Legs","31 Jan 2026, 17:42","31 Jan 2026, 19:23","","Hip Adduction (Machine)",0,"",0,"normal",70,12,,,
"Legs","31 Jan 2026, 17:42","31 Jan 2026, 19:23","","Hip Adduction (Machine)",0,"",1,"normal",80,12,,,
"Legs","31 Jan 2026, 17:42","31 Jan 2026, 19:23","","Hip Adduction (Machine)",0,"",2,"normal",90,12,,,
"Legs","31 Jan 2026, 17:42","31 Jan 2026, 19:23","","Single Leg Standing Calf Raise (Dumbbell)",,"",0,"normal",10,24,,,
"Legs","31 Jan 2026, 17:42","31 Jan 2026, 19:23","","Single Leg Standing Calf Raise (Dumbbell)",,"",1,"normal",10,30,,,
"Legs","31 Jan 2026, 17:42","31 Jan 2026, 19:23","","Single Leg Standing Calf Raise (Dumbbell)",,"",2,"normal",10,26,,,
"Shoulders Arms","30 Jan 2026, 17:35","30 Jan 2026, 19:41","","Stretching",,"",0,"normal",,,,537,
"Shoulders Arms","30 Jan 2026, 17:35","30 Jan 2026, 19:41","","Shoulder Press (Dumbbell)",,"",0,"normal",20,15,,,
"Shoulders Arms","30 Jan 2026, 17:35","30 Jan 2026, 19:41","","Shoulder Press (Dumbbell)",,"",1,"normal",35,10,,,
"Shoulders Arms","30 Jan 2026, 17:35","30 Jan 2026, 19:41","","Shoulder Press (Dumbbell)",,"",2,"normal",35,10,,,
"Shoulders Arms","30 Jan 2026, 17:35","30 Jan 2026, 19:41","","Shoulder Press (Dumbbell)",,"",3,"normal",35,12,,,
"Shoulders Arms","30 Jan 2026, 17:35","30 Jan 2026, 19:41","","Single Arm Lateral Raise (Cable)",,"",0,"normal",20,12,,,
"Shoulders Arms","30 Jan 2026, 17:35","30 Jan 2026, 19:41","","Single Arm Lateral Raise (Cable)",,"",1,"normal",20,12,,,
"Shoulders Arms","30 Jan 2026, 17:35","30 Jan 2026, 19:41","","Single Arm Lateral Raise (Cable)",,"",2,"normal",20,12,,,
"Shoulders Arms","30 Jan 2026, 17:35","30 Jan 2026, 19:41","","Face Pull",,"",0,"normal",25,15,,,
"Shoulders Arms","30 Jan 2026, 17:35","30 Jan 2026, 19:41","","Face Pull",,"",1,"normal",30,15,,,
"Shoulders Arms","30 Jan 2026, 17:35","30 Jan 2026, 19:41","","Face Pull",,"",2,"normal",30,15,,,
"Shoulders Arms","30 Jan 2026, 17:35","30 Jan 2026, 19:41","","Shrug (Dumbbell)",,"",0,"normal",45,15,,,
"Shoulders Arms","30 Jan 2026, 17:35","30 Jan 2026, 19:41","","Shrug (Dumbbell)",,"",1,"normal",45,15,,,
"Shoulders Arms","30 Jan 2026, 17:35","30 Jan 2026, 19:41","","Shrug (Dumbbell)",,"",2,"normal",50,15,,,
"Shoulders Arms","30 Jan 2026, 17:35","30 Jan 2026, 19:41","","Hammer Curl (Dumbbell)",,"preacher bench",0,"normal",15,12,,,
"Shoulders Arms","30 Jan 2026, 17:35","30 Jan 2026, 19:41","","Hammer Curl (Dumbbell)",,"preacher bench",1,"normal",20,12,,,
"Shoulders Arms","30 Jan 2026, 17:35","30 Jan 2026, 19:41","","Hammer Curl (Dumbbell)",,"preacher bench",2,"normal",20,12,,,
"Shoulders Arms","30 Jan 2026, 17:35","30 Jan 2026, 19:41","","Seated Incline Curl (Dumbbell)",,"",0,"normal",15,11,,,
"Shoulders Arms","30 Jan 2026, 17:35","30 Jan 2026, 19:41","","Seated Incline Curl (Dumbbell)",,"",1,"normal",15,10,,,
"Shoulders Arms","30 Jan 2026, 17:35","30 Jan 2026, 19:41","","Seated Incline Curl (Dumbbell)",,"",2,"normal",15,10,,,
"Shoulders Arms","30 Jan 2026, 17:35","30 Jan 2026, 19:41","","Preacher Curl (Barbell)",,"",0,"normal",20,12,,,
"Shoulders Arms","30 Jan 2026, 17:35","30 Jan 2026, 19:41","","Preacher Curl (Barbell)",,"",1,"normal",20,14,,,
"Shoulders Arms","30 Jan 2026, 17:35","30 Jan 2026, 19:41","","Preacher Curl (Barbell)",,"",2,"normal",20,12,,,
"Shoulders Arms","30 Jan 2026, 17:35","30 Jan 2026, 19:41","","Concentration Curl",,"",0,"normal",7.5,24,,,
"Shoulders Arms","30 Jan 2026, 17:35","30 Jan 2026, 19:41","","Concentration Curl",,"",1,"normal",10,20,,,
"Shoulders Arms","30 Jan 2026, 17:35","30 Jan 2026, 19:41","","Concentration Curl",,"",2,"normal",10,20,,,
"Shoulders Arms","30 Jan 2026, 17:35","30 Jan 2026, 19:41","","Triceps Pushdown",,"",0,"normal",30,15,,,
"Shoulders Arms","30 Jan 2026, 17:35","30 Jan 2026, 19:41","","Triceps Pushdown",,"",1,"normal",35,12,,,
"Shoulders Arms","30 Jan 2026, 17:35","30 Jan 2026, 19:41","","Triceps Pushdown",,"",2,"normal",40,13,,,
"Shoulders Arms","30 Jan 2026, 17:35","30 Jan 2026, 19:41","","Overhead Triceps Extension (Cable)",,"",0,"normal",20,13,,,
"Shoulders Arms","30 Jan 2026, 17:35","30 Jan 2026, 19:41","","Overhead Triceps Extension (Cable)",,"",1,"normal",20,12,,,
"Shoulders Arms","30 Jan 2026, 17:35","30 Jan 2026, 19:41","","Overhead Triceps Extension (Cable)",,"",2,"normal",20,15,,,
"Shoulders Arms","30 Jan 2026, 17:35","30 Jan 2026, 19:41","","Single Arm Triceps Pushdown (Cable)",,"last 2 sets - cbum/horizontal",0,"normal",10,24,,,
"Shoulders Arms","30 Jan 2026, 17:35","30 Jan 2026, 19:41","","Single Arm Triceps Pushdown (Cable)",,"last 2 sets - cbum/horizontal",1,"normal",10,24,,,
"Shoulders Arms","30 Jan 2026, 17:35","30 Jan 2026, 19:41","","Single Arm Triceps Pushdown (Cable)",,"last 2 sets - cbum/horizontal",2,"normal",10,24,,,
"Shoulders Arms","30 Jan 2026, 17:35","30 Jan 2026, 19:41","","Reverse Barbell Curl",,"Cable",0,"normal",25,12,,,
"Shoulders Arms","30 Jan 2026, 17:35","30 Jan 2026, 19:41","","Reverse Barbell Curl",,"Cable",1,"normal",25,15,,,
"Shoulders Arms","30 Jan 2026, 17:35","30 Jan 2026, 19:41","","Reverse Barbell Curl",,"Cable",2,"normal",30,12,,,
"Abs Back","29 Jan 2026, 17:50","29 Jan 2026, 19:54","","Pull Up",,"",0,"normal",,10,,,
"Abs Back","29 Jan 2026, 17:50","29 Jan 2026, 19:54","","Pull Up",,"",1,"normal",,7,,,
"Abs Back","29 Jan 2026, 17:50","29 Jan 2026, 19:54","","Pull Up",,"",2,"normal",,6,,,
"Abs Back","29 Jan 2026, 17:50","29 Jan 2026, 19:54","","Hanging Knee Raise",,"",0,"normal",,12,,,
"Abs Back","29 Jan 2026, 17:50","29 Jan 2026, 19:54","","Hanging Knee Raise",,"",1,"normal",,12,,,
"Abs Back","29 Jan 2026, 17:50","29 Jan 2026, 19:54","","Hanging Knee Raise",,"",2,"normal",,12,,,
"Abs Back","29 Jan 2026, 17:50","29 Jan 2026, 19:54","","Hanging Knee Raise",,"",3,"normal",,12,,,
"Abs Back","29 Jan 2026, 17:50","29 Jan 2026, 19:54","","Hanging Knee Raise",,"",4,"normal",,12,,,
"Abs Back","29 Jan 2026, 17:50","29 Jan 2026, 19:54","","Plank",,"",0,"normal",,,,60,
"Abs Back","29 Jan 2026, 17:50","29 Jan 2026, 19:54","","Plank",,"",1,"normal",,,,60,
"Abs Back","29 Jan 2026, 17:50","29 Jan 2026, 19:54","","Heel Taps",,"",0,"normal",,24,,,
"Abs Back","29 Jan 2026, 17:50","29 Jan 2026, 19:54","","Heel Taps",,"",1,"normal",,24,,,
"Abs Back","29 Jan 2026, 17:50","29 Jan 2026, 19:54","","Heel Taps",,"",2,"normal",,24,,,
"Abs Back","29 Jan 2026, 17:50","29 Jan 2026, 19:54","","Crunch",,"",0,"normal",,25,,,
"Abs Back","29 Jan 2026, 17:50","29 Jan 2026, 19:54","","Crunch",,"",1,"normal",,25,,,
"Abs Back","29 Jan 2026, 17:50","29 Jan 2026, 19:54","","Crunch",,"",2,"normal",,25,,,
"Abs Back","29 Jan 2026, 17:50","29 Jan 2026, 19:54","","Russian Twist (Weighted)",,"",0,"normal",10,24,,,
"Abs Back","29 Jan 2026, 17:50","29 Jan 2026, 19:54","","Russian Twist (Weighted)",,"",1,"normal",10,24,,,
"Abs Back","29 Jan 2026, 17:50","29 Jan 2026, 19:54","","Russian Twist (Weighted)",,"",2,"normal",10,24,,,
"Abs Back","29 Jan 2026, 17:50","29 Jan 2026, 19:54","","Crunch (Weighted)",,"",0,"normal",15,12,,,
"Abs Back","29 Jan 2026, 17:50","29 Jan 2026, 19:54","","Crunch (Weighted)",,"",1,"normal",15,12,,,
"Abs Back","29 Jan 2026, 17:50","29 Jan 2026, 19:54","","Crunch (Weighted)",,"",2,"normal",17.5,12,,,
"Abs Back","29 Jan 2026, 17:50","29 Jan 2026, 19:54","","Crunch (Weighted)",,"",3,"normal",17.5,12,,,
"Abs Back","29 Jan 2026, 17:50","29 Jan 2026, 19:54","","Crunch (Weighted)",,"",4,"normal",20,12,,,
"Abs Back","29 Jan 2026, 17:50","29 Jan 2026, 19:54","","Crunch (Weighted)",,"",5,"normal",20,12,,,
"Abs Back","29 Jan 2026, 17:50","29 Jan 2026, 19:54","","Seated Cable Row - Bar Wide Grip",,"",0,"normal",60,12,,,
"Abs Back","29 Jan 2026, 17:50","29 Jan 2026, 19:54","","Seated Cable Row - Bar Wide Grip",,"",1,"normal",65,12,,,
"Abs Back","29 Jan 2026, 17:50","29 Jan 2026, 19:54","","Seated Cable Row - Bar Wide Grip",,"",2,"normal",70,12,,,
"Abs Back","29 Jan 2026, 17:50","29 Jan 2026, 19:54","","Reverse Grip Lat Pulldown (Cable)",,"",0,"normal",45.5,12,,,
"Abs Back","29 Jan 2026, 17:50","29 Jan 2026, 19:54","","Reverse Grip Lat Pulldown (Cable)",,"",1,"normal",52,12,,,
"Abs Back","29 Jan 2026, 17:50","29 Jan 2026, 19:54","","Reverse Grip Lat Pulldown (Cable)",,"",2,"normal",52,10,,,
"Abs Back","29 Jan 2026, 17:50","29 Jan 2026, 19:54","","Lat Pulldown - Close Grip (Cable)",,"",0,"normal",52,10,,,
"Abs Back","29 Jan 2026, 17:50","29 Jan 2026, 19:54","","Lat Pulldown - Close Grip (Cable)",,"",1,"normal",52,9,,,
"Abs Back","29 Jan 2026, 17:50","29 Jan 2026, 19:54","","Lat Pulldown - Close Grip (Cable)",,"",2,"normal",52,8,,,
"Abs Back","29 Jan 2026, 17:50","29 Jan 2026, 19:54","","Chest Supported Incline Row (Dumbbell)",,"",0,"normal",35,12,,,
"Abs Back","29 Jan 2026, 17:50","29 Jan 2026, 19:54","","Chest Supported Incline Row (Dumbbell)",,"",1,"normal",35,10,,,
"Abs Back","29 Jan 2026, 17:50","29 Jan 2026, 19:54","","Chest Supported Incline Row (Dumbbell)",,"",2,"normal",35,12,,,
"Legs","28 Jan 2026, 18:39","28 Jan 2026, 19:39","","Stretching",,"",0,"normal",,,,197,
"Legs","28 Jan 2026, 18:39","28 Jan 2026, 19:39","","Single Leg Extensions",,"",0,"normal",25,24,,,
"Legs","28 Jan 2026, 18:39","28 Jan 2026, 19:39","","Single Leg Extensions",,"",1,"normal",30,16,,,
"Legs","28 Jan 2026, 18:39","28 Jan 2026, 19:39","","Single Leg Extensions",,"",2,"normal",30,24,,,
"Legs","28 Jan 2026, 18:39","28 Jan 2026, 19:39","","Seated Leg Curl (Machine)",,"",0,"normal",50,12,,,
"Legs","28 Jan 2026, 18:39","28 Jan 2026, 19:39","","Seated Leg Curl (Machine)",,"",1,"normal",55,12,,,
"Legs","28 Jan 2026, 18:39","28 Jan 2026, 19:39","","Seated Leg Curl (Machine)",,"",2,"normal",60,11,,,
"Legs","28 Jan 2026, 18:39","28 Jan 2026, 19:39","","Hip Abduction (Machine)",0,"",0,"normal",70,15,,,
"Legs","28 Jan 2026, 18:39","28 Jan 2026, 19:39","","Hip Abduction (Machine)",0,"",1,"normal",80,15,,,
"Legs","28 Jan 2026, 18:39","28 Jan 2026, 19:39","","Hip Abduction (Machine)",0,"",2,"normal",80,15,,,
"Legs","28 Jan 2026, 18:39","28 Jan 2026, 19:39","","Hip Adduction (Machine)",0,"",0,"normal",70,12,,,
"Legs","28 Jan 2026, 18:39","28 Jan 2026, 19:39","","Hip Adduction (Machine)",0,"",1,"normal",80,12,,,
"Legs","28 Jan 2026, 18:39","28 Jan 2026, 19:39","","Hip Adduction (Machine)",0,"",2,"normal",80,12,,,
"Legs","28 Jan 2026, 18:39","28 Jan 2026, 19:39","","Leg Press (Machine)",,"",0,"normal",110,13,,,
"Legs","28 Jan 2026, 18:39","28 Jan 2026, 19:39","","Leg Press (Machine)",,"",1,"normal",110,12,,,
"Legs","28 Jan 2026, 18:39","28 Jan 2026, 19:39","","Leg Press (Machine)",,"",2,"normal",110,15,,,
"Push","27 Jan 2026, 17:25","27 Jan 2026, 19:15","","Push Up",,"",0,"normal",,15,,,
"Push","27 Jan 2026, 17:25","27 Jan 2026, 19:15","","Push Up",,"",1,"normal",,15,,,
"Push","27 Jan 2026, 17:25","27 Jan 2026, 19:15","","Diamond Push Up",,"",0,"normal",,15,,,
"Push","27 Jan 2026, 17:25","27 Jan 2026, 19:15","","Chest Fly (Machine)",,"",0,"normal",45,12,,,
"Push","27 Jan 2026, 17:25","27 Jan 2026, 19:15","","Chest Fly (Machine)",,"",1,"normal",52.5,12,,,
"Push","27 Jan 2026, 17:25","27 Jan 2026, 19:15","","Chest Fly (Machine)",,"",2,"normal",52.5,12,,,
"Push","27 Jan 2026, 17:25","27 Jan 2026, 19:15","","Bench Press (Barbell)",,"",0,"normal",45,14,,,
"Push","27 Jan 2026, 17:25","27 Jan 2026, 19:15","","Bench Press (Barbell)",,"",1,"normal",50,12,,,
"Push","27 Jan 2026, 17:25","27 Jan 2026, 19:15","","Bench Press (Barbell)",,"",2,"normal",55,10,,,
"Push","27 Jan 2026, 17:25","27 Jan 2026, 19:15","","Incline Bench Press (Dumbbell)",,"",0,"normal",35,8,,,
"Push","27 Jan 2026, 17:25","27 Jan 2026, 19:15","","Incline Bench Press (Dumbbell)",,"",1,"normal",35,7,,,
"Push","27 Jan 2026, 17:25","27 Jan 2026, 19:15","","Incline Bench Press (Dumbbell)",,"",2,"normal",30,10,,,
"Push","27 Jan 2026, 17:25","27 Jan 2026, 19:15","","Cable Fly Crossovers",,"",0,"normal",40,15,,,
"Push","27 Jan 2026, 17:25","27 Jan 2026, 19:15","","Cable Fly Crossovers",,"",1,"normal",40,14,,,
"Push","27 Jan 2026, 17:25","27 Jan 2026, 19:15","","Cable Fly Crossovers",,"",2,"normal",40,11,,,
"Push","27 Jan 2026, 17:25","27 Jan 2026, 19:15","","Cable Fly Crossovers",,"",3,"normal",30,6,,,
"Push","27 Jan 2026, 17:25","27 Jan 2026, 19:15","","Shoulder Press (Dumbbell)",,"",0,"normal",30,8,,,
"Push","27 Jan 2026, 17:25","27 Jan 2026, 19:15","","Shoulder Press (Dumbbell)",,"",1,"normal",30,8,,,
"Push","27 Jan 2026, 17:25","27 Jan 2026, 19:15","","Lateral Raise (Dumbbell)",,"",0,"normal",15,12,,,
"Push","27 Jan 2026, 17:25","27 Jan 2026, 19:15","","Lateral Raise (Dumbbell)",,"",1,"normal",15,12,,,
"Push","27 Jan 2026, 17:25","27 Jan 2026, 19:15","","Triceps Rope Pushdown",,"",0,"normal",25,14,,,
"Push","27 Jan 2026, 17:25","27 Jan 2026, 19:15","","Triceps Rope Pushdown",,"",1,"normal",25,12,,,
"Push","27 Jan 2026, 17:25","27 Jan 2026, 19:15","","Triceps Rope Pushdown",,"",2,"normal",25,10,,,
"Push","27 Jan 2026, 17:25","27 Jan 2026, 19:15","","Overhead Triceps Extension (Cable)",,"",0,"normal",15,15,,,
"Push","27 Jan 2026, 17:25","27 Jan 2026, 19:15","","Overhead Triceps Extension (Cable)",,"",1,"normal",20,12,,,
"Push","27 Jan 2026, 17:25","27 Jan 2026, 19:15","","Overhead Triceps Extension (Cable)",,"",2,"normal",20,12,,,
"Push","27 Jan 2026, 17:25","27 Jan 2026, 19:15","","Single Arm Triceps Pushdown (Cable)",,"",0,"normal",10,24,,,
"Push","27 Jan 2026, 17:25","27 Jan 2026, 19:15","","Single Arm Triceps Pushdown (Cable)",,"",1,"normal",10,24,,,
"Push","27 Jan 2026, 17:25","27 Jan 2026, 19:15","","Single Arm Triceps Pushdown (Cable)",,"",2,"normal",10,24,,,
"home wk","26 Jan 2026, 19:12","26 Jan 2026, 20:17","","Stretching",,"",0,"normal",,,,168,
"home wk","26 Jan 2026, 19:12","26 Jan 2026, 20:17","","Pull Up",,"",0,"normal",,12,,,
"home wk","26 Jan 2026, 19:12","26 Jan 2026, 20:17","","Pull Up",,"",1,"normal",,8,,,
"home wk","26 Jan 2026, 19:12","26 Jan 2026, 20:17","","Pull Up",,"",2,"normal",,7,,,
"home wk","26 Jan 2026, 19:12","26 Jan 2026, 20:17","","Crunch",,"",0,"normal",,25,,,
"home wk","26 Jan 2026, 19:12","26 Jan 2026, 20:17","","Crunch",,"",1,"normal",,25,,,
"home wk","26 Jan 2026, 19:12","26 Jan 2026, 20:17","","Crunch",,"",2,"normal",,25,,,
"home wk","26 Jan 2026, 19:12","26 Jan 2026, 20:17","","Crunch",,"",3,"normal",,25,,,
"home wk","26 Jan 2026, 19:12","26 Jan 2026, 20:17","","Plank",,"",0,"normal",,,,60,
"home wk","26 Jan 2026, 19:12","26 Jan 2026, 20:17","","Plank",,"",1,"normal",,,,61,
"home wk","26 Jan 2026, 19:12","26 Jan 2026, 20:17","","Russian Twist (Weighted)",,"",0,"normal",5,24,,,
"home wk","26 Jan 2026, 19:12","26 Jan 2026, 20:17","","Russian Twist (Weighted)",,"",1,"normal",5,30,,,
"home wk","26 Jan 2026, 19:12","26 Jan 2026, 20:17","","Russian Twist (Weighted)",,"",2,"normal",5,30,,,
"home wk","26 Jan 2026, 19:12","26 Jan 2026, 20:17","","Push Up",,"",0,"normal",,43,,,
"home wk","26 Jan 2026, 19:12","26 Jan 2026, 20:17","","Hammer Curl (Dumbbell)",,"",0,"normal",10,15,,,
"home wk","26 Jan 2026, 19:12","26 Jan 2026, 20:17","","Hammer Curl (Dumbbell)",,"",1,"normal",10,20,,,
"home wk","26 Jan 2026, 19:12","26 Jan 2026, 20:17","","Hammer Curl (Dumbbell)",,"",2,"normal",10,20,,,
"home wk","26 Jan 2026, 19:12","26 Jan 2026, 20:17","","Concentration Curl",,"",0,"normal",5,30,,,
"home wk","26 Jan 2026, 19:12","26 Jan 2026, 20:17","","Concentration Curl",,"",1,"normal",5,30,,,
"Legs","24 Jan 2026, 17:50","24 Jan 2026, 19:07","","Lunge (Dumbbell)",,"Walking",0,"normal",20,12,,,
"Legs","24 Jan 2026, 17:50","24 Jan 2026, 19:07","","Lunge (Dumbbell)",,"Walking",1,"normal",20,12,,,
"Legs","24 Jan 2026, 17:50","24 Jan 2026, 19:07","","Lunge (Dumbbell)",,"Walking",2,"normal",20,12,,,
"Legs","24 Jan 2026, 17:50","24 Jan 2026, 19:07","","Hip Thrust (Barbell)",,"",0,"normal",30,12,,,
"Legs","24 Jan 2026, 17:50","24 Jan 2026, 19:07","","Hip Thrust (Barbell)",,"",1,"normal",30,15,,,
"Legs","24 Jan 2026, 17:50","24 Jan 2026, 19:07","","Hip Thrust (Barbell)",,"",2,"normal",35,12,,,
"Legs","24 Jan 2026, 17:50","24 Jan 2026, 19:07","","Leg Extension (Machine)",,"",0,"normal",50,12,,,
"Legs","24 Jan 2026, 17:50","24 Jan 2026, 19:07","","Single Leg Extensions",,"",0,"normal",25,24,,,
"Legs","24 Jan 2026, 17:50","24 Jan 2026, 19:07","","Single Leg Extensions",,"",1,"normal",25,24,,,
"Legs","24 Jan 2026, 17:50","24 Jan 2026, 19:07","","Seated Leg Curl (Machine)",,"",0,"normal",55,12,,,
"Legs","24 Jan 2026, 17:50","24 Jan 2026, 19:07","","Seated Leg Curl (Machine)",,"",1,"normal",60,12,,,
"Legs","24 Jan 2026, 17:50","24 Jan 2026, 19:07","","Seated Leg Curl (Machine)",,"",2,"normal",60,10,,,
"Legs","24 Jan 2026, 17:50","24 Jan 2026, 19:07","","Hip Abduction (Machine)",,"",0,"normal",70,15,,,
"Legs","24 Jan 2026, 17:50","24 Jan 2026, 19:07","","Hip Abduction (Machine)",,"",1,"normal",80,15,,,
"Legs","24 Jan 2026, 17:50","24 Jan 2026, 19:07","","Hip Adduction (Machine)",,"",0,"normal",70,12,,,
"Legs","24 Jan 2026, 17:50","24 Jan 2026, 19:07","","Hip Adduction (Machine)",,"",1,"normal",80,12,,,
"Legs","24 Jan 2026, 17:50","24 Jan 2026, 19:07","","Leg Press (Machine)",,"",0,"normal",110,12,,,
"Legs","24 Jan 2026, 17:50","24 Jan 2026, 19:07","","Leg Press (Machine)",,"",1,"normal",110,12,,,
"Legs","24 Jan 2026, 17:50","24 Jan 2026, 19:07","","Leg Press (Machine)",,"",2,"normal",110,12,,,
"Legs","24 Jan 2026, 17:50","24 Jan 2026, 19:07","","Single Leg Standing Calf Raise (Dumbbell)",,"",0,"normal",10,30,,,
"Legs","24 Jan 2026, 17:50","24 Jan 2026, 19:07","","Single Leg Standing Calf Raise (Dumbbell)",,"",1,"normal",10,24,,,
"Legs","24 Jan 2026, 17:50","24 Jan 2026, 19:07","","Single Leg Standing Calf Raise (Dumbbell)",,"",2,"normal",10,24,,,
"Arms","23 Jan 2026, 17:16","23 Jan 2026, 18:20","","Chin Up",,"",0,"normal",,10,,,
"Arms","23 Jan 2026, 17:16","23 Jan 2026, 18:20","","Chin Up",,"",1,"normal",,8,,,
"Arms","23 Jan 2026, 17:16","23 Jan 2026, 18:20","","Chin Up",,"",2,"normal",,6,,,
"Arms","23 Jan 2026, 17:16","23 Jan 2026, 18:20","","Diamond Push Up",,"",0,"normal",,15,,,
"Arms","23 Jan 2026, 17:16","23 Jan 2026, 18:20","","Diamond Push Up",,"",1,"normal",,15,,,
"Arms","23 Jan 2026, 17:16","23 Jan 2026, 18:20","","Diamond Push Up",,"",2,"normal",,15,,,
"Arms","23 Jan 2026, 17:16","23 Jan 2026, 18:20","","Behind the Back Curl (Cable)",,"",0,"normal",30,15,,,
"Arms","23 Jan 2026, 17:16","23 Jan 2026, 18:20","","Behind the Back Curl (Cable)",,"",1,"normal",30,12,,,
"Arms","23 Jan 2026, 17:16","23 Jan 2026, 18:20","","Behind the Back Curl (Cable)",,"",2,"normal",40,12,,,
"Arms","23 Jan 2026, 17:16","23 Jan 2026, 18:20","","Triceps Pushdown",,"",0,"normal",30,15,,,
"Arms","23 Jan 2026, 17:16","23 Jan 2026, 18:20","","Triceps Pushdown",,"",1,"normal",35,12,,,
"Arms","23 Jan 2026, 17:16","23 Jan 2026, 18:20","","Triceps Pushdown",,"",2,"normal",40,12,,,
"Arms","23 Jan 2026, 17:16","23 Jan 2026, 18:20","","Preacher Curl (Barbell)",,"",0,"normal",20,12,,,
"Arms","23 Jan 2026, 17:16","23 Jan 2026, 18:20","","Preacher Curl (Barbell)",,"",1,"normal",20,15,,,
"Arms","23 Jan 2026, 17:16","23 Jan 2026, 18:20","","Preacher Curl (Barbell)",,"",2,"normal",20,12,,,
"Arms","23 Jan 2026, 17:16","23 Jan 2026, 18:20","","Overhead Triceps Extension (Cable)",,"V bar",0,"normal",15,20,,,
"Arms","23 Jan 2026, 17:16","23 Jan 2026, 18:20","","Overhead Triceps Extension (Cable)",,"V bar",1,"normal",25,15,,,
"Arms","23 Jan 2026, 17:16","23 Jan 2026, 18:20","","Overhead Triceps Extension (Cable)",,"V bar",2,"normal",25,15,,,
"Arms","23 Jan 2026, 17:16","23 Jan 2026, 18:20","","Hammer Curl (Dumbbell)",,"Incline",0,"normal",15,12,,,
"Arms","23 Jan 2026, 17:16","23 Jan 2026, 18:20","","Hammer Curl (Dumbbell)",,"Incline",1,"normal",20,12,,,
"Arms","23 Jan 2026, 17:16","23 Jan 2026, 18:20","","Hammer Curl (Dumbbell)",,"Incline",2,"normal",20,12,,,
"Arms","23 Jan 2026, 17:16","23 Jan 2026, 18:20","","Bench Dip",,"",0,"normal",,25,,,
"Arms","23 Jan 2026, 17:16","23 Jan 2026, 18:20","","Bench Dip",,"",1,"normal",,25,,,
"Arms","23 Jan 2026, 17:16","23 Jan 2026, 18:20","","Bench Dip",,"",2,"normal",,25,,,
"Abs Shoulders","22 Jan 2026, 17:42","22 Jan 2026, 19:13","","Stretching",,"",0,"normal",,,,89,
"Abs Shoulders","22 Jan 2026, 17:42","22 Jan 2026, 19:13","","Crunch",,"",0,"normal",,25,,,
"Abs Shoulders","22 Jan 2026, 17:42","22 Jan 2026, 19:13","","Crunch",,"",1,"normal",,25,,,
"Abs Shoulders","22 Jan 2026, 17:42","22 Jan 2026, 19:13","","Crunch",,"",2,"normal",,25,,,
"Abs Shoulders","22 Jan 2026, 17:42","22 Jan 2026, 19:13","","Plank",,"",0,"normal",,,,62,
"Abs Shoulders","22 Jan 2026, 17:42","22 Jan 2026, 19:13","","Plank",,"",1,"normal",,,,60,
"Abs Shoulders","22 Jan 2026, 17:42","22 Jan 2026, 19:13","","Toe Touch",,"",0,"normal",,24,,,
"Abs Shoulders","22 Jan 2026, 17:42","22 Jan 2026, 19:13","","Toe Touch",,"",1,"normal",,24,,,
"Abs Shoulders","22 Jan 2026, 17:42","22 Jan 2026, 19:13","","Crunch (Weighted)",,"",0,"normal",15,15,,,
"Abs Shoulders","22 Jan 2026, 17:42","22 Jan 2026, 19:13","","Crunch (Weighted)",,"",1,"normal",15,15,,,
"Abs Shoulders","22 Jan 2026, 17:42","22 Jan 2026, 19:13","","Crunch (Weighted)",,"",2,"normal",15,15,,,
"Abs Shoulders","22 Jan 2026, 17:42","22 Jan 2026, 19:13","","Crunch (Weighted)",,"",3,"normal",15,15,,,
"Abs Shoulders","22 Jan 2026, 17:42","22 Jan 2026, 19:13","","Crunch (Weighted)",,"",4,"normal",15,15,,,
"Abs Shoulders","22 Jan 2026, 17:42","22 Jan 2026, 19:13","","Crunch (Weighted)",,"",5,"normal",15,15,,,
"Abs Shoulders","22 Jan 2026, 17:42","22 Jan 2026, 19:13","","Pull Up",,"",0,"normal",,10,,,
"Abs Shoulders","22 Jan 2026, 17:42","22 Jan 2026, 19:13","","Shoulder Press (Dumbbell)",,"",0,"normal",25,15,,,
"Abs Shoulders","22 Jan 2026, 17:42","22 Jan 2026, 19:13","","Shoulder Press (Dumbbell)",,"",1,"normal",30,15,,,
"Abs Shoulders","22 Jan 2026, 17:42","22 Jan 2026, 19:13","","Shoulder Press (Dumbbell)",,"",2,"normal",35,11,,,
"Abs Shoulders","22 Jan 2026, 17:42","22 Jan 2026, 19:13","","Shoulder Press (Dumbbell)",,"",3,"normal",35,9,,,
"Abs Shoulders","22 Jan 2026, 17:42","22 Jan 2026, 19:13","","Lateral Raise (Dumbbell)",,"",0,"normal",15,10,,,
"Abs Shoulders","22 Jan 2026, 17:42","22 Jan 2026, 19:13","","Lateral Raise (Dumbbell)",,"",1,"normal",15,12,,,
"Abs Shoulders","22 Jan 2026, 17:42","22 Jan 2026, 19:13","","Lateral Raise (Dumbbell)",,"",2,"normal",15,12,,,
"Abs Shoulders","22 Jan 2026, 17:42","22 Jan 2026, 19:13","","Face Pull",,"",0,"normal",25,12,,,
"Abs Shoulders","22 Jan 2026, 17:42","22 Jan 2026, 19:13","","Face Pull",,"",1,"normal",30,15,,,
"Abs Shoulders","22 Jan 2026, 17:42","22 Jan 2026, 19:13","","Face Pull",,"",2,"normal",30,15,,,
"Abs Shoulders","22 Jan 2026, 17:42","22 Jan 2026, 19:13","","Shrug (Dumbbell)",,"",0,"normal",45,18,,,
"Abs Shoulders","22 Jan 2026, 17:42","22 Jan 2026, 19:13","","Shrug (Dumbbell)",,"",1,"normal",45,15,,,
"Abs Shoulders","22 Jan 2026, 17:42","22 Jan 2026, 19:13","","Shrug (Dumbbell)",,"",2,"normal",50,15,,,
"Legs Forearms","21 Jan 2026, 17:50","21 Jan 2026, 19:24","","Stretching",,"",0,"normal",,,,210,
"Legs Forearms","21 Jan 2026, 17:50","21 Jan 2026, 19:24","","Bulgarian Split Squat",,"",0,"normal",15,10,,,
"Legs Forearms","21 Jan 2026, 17:50","21 Jan 2026, 19:24","","Bulgarian Split Squat",,"",1,"normal",15,12,,,
"Legs Forearms","21 Jan 2026, 17:50","21 Jan 2026, 19:24","","Bulgarian Split Squat",,"",2,"normal",20,12,,,
"Legs Forearms","21 Jan 2026, 17:50","21 Jan 2026, 19:24","","Leg Extension (Machine)",,"",0,"normal",55,12,,,
"Legs Forearms","21 Jan 2026, 17:50","21 Jan 2026, 19:24","","Leg Extension (Machine)",,"",1,"normal",60,12,,,
"Legs Forearms","21 Jan 2026, 17:50","21 Jan 2026, 19:24","","Leg Extension (Machine)",,"",2,"normal",65,8,,,
"Legs Forearms","21 Jan 2026, 17:50","21 Jan 2026, 19:24","","Seated Leg Curl (Machine)",,"",0,"normal",60,10,,,
"Legs Forearms","21 Jan 2026, 17:50","21 Jan 2026, 19:24","","Seated Leg Curl (Machine)",,"",1,"normal",65,10,,,
"Legs Forearms","21 Jan 2026, 17:50","21 Jan 2026, 19:24","","Seated Leg Curl (Machine)",,"",2,"normal",60,9,,,
"Legs Forearms","21 Jan 2026, 17:50","21 Jan 2026, 19:24","","Hip Abduction (Machine)",,"",0,"normal",60,12,,,
"Legs Forearms","21 Jan 2026, 17:50","21 Jan 2026, 19:24","","Hip Abduction (Machine)",,"",1,"normal",70,15,,,
"Legs Forearms","21 Jan 2026, 17:50","21 Jan 2026, 19:24","","Hip Abduction (Machine)",,"",2,"normal",80,15,,,
"Legs Forearms","21 Jan 2026, 17:50","21 Jan 2026, 19:24","","Hip Adduction (Machine)",,"",0,"normal",60,12,,,
"Legs Forearms","21 Jan 2026, 17:50","21 Jan 2026, 19:24","","Hip Adduction (Machine)",,"",1,"normal",70,12,,,
"Legs Forearms","21 Jan 2026, 17:50","21 Jan 2026, 19:24","","Hip Adduction (Machine)",,"",2,"normal",80,12,,,
"Legs Forearms","21 Jan 2026, 17:50","21 Jan 2026, 19:24","","Leg Press (Machine)",,"",0,"normal",100,12,,,
"Legs Forearms","21 Jan 2026, 17:50","21 Jan 2026, 19:24","","Leg Press (Machine)",,"",1,"normal",100,12,,,
"Legs Forearms","21 Jan 2026, 17:50","21 Jan 2026, 19:24","","Leg Press (Machine)",,"",2,"normal",120,12,,,
"Legs Forearms","21 Jan 2026, 17:50","21 Jan 2026, 19:24","","Standing Calf Raise (Smith)",,"",0,"normal",30,15,,,
"Legs Forearms","21 Jan 2026, 17:50","21 Jan 2026, 19:24","","Standing Calf Raise (Smith)",,"",1,"normal",35,15,,,
"Legs Forearms","21 Jan 2026, 17:50","21 Jan 2026, 19:24","","Standing Calf Raise (Smith)",,"",2,"normal",35,15,,,
"Legs Forearms","21 Jan 2026, 17:50","21 Jan 2026, 19:24","","Reverse Barbell Curl",,"",0,"normal",25,15,,,
"Legs Forearms","21 Jan 2026, 17:50","21 Jan 2026, 19:24","","Reverse Barbell Curl",,"",1,"normal",25,15,,,
"Legs Forearms","21 Jan 2026, 17:50","21 Jan 2026, 19:24","","Reverse Barbell Curl",,"",2,"normal",25,15,,,
"Chest Triceps","20 Jan 2026, 17:44","20 Jan 2026, 19:08","","Push Up",,"",0,"normal",,15,,,
"Chest Triceps","20 Jan 2026, 17:44","20 Jan 2026, 19:08","","Push Up",,"",1,"normal",,15,,,
"Chest Triceps","20 Jan 2026, 17:44","20 Jan 2026, 19:08","","Diamond Push Up",,"",0,"normal",,15,,,
"Chest Triceps","20 Jan 2026, 17:44","20 Jan 2026, 19:08","","Chest Fly (Machine)",,"",0,"normal",45,12,,,
"Chest Triceps","20 Jan 2026, 17:44","20 Jan 2026, 19:08","","Chest Fly (Machine)",,"",1,"normal",45,12,,,
"Chest Triceps","20 Jan 2026, 17:44","20 Jan 2026, 19:08","","Chest Fly (Machine)",,"",2,"normal",52.5,15,,,
"Chest Triceps","20 Jan 2026, 17:44","20 Jan 2026, 19:08","","Bench Press (Dumbbell)",,"",0,"normal",35,10,,,
"Chest Triceps","20 Jan 2026, 17:44","20 Jan 2026, 19:08","","Bench Press (Dumbbell)",,"",1,"normal",35,11,,,
"Chest Triceps","20 Jan 2026, 17:44","20 Jan 2026, 19:08","","Bench Press (Dumbbell)",,"",2,"normal",35,12,,,
"Chest Triceps","20 Jan 2026, 17:44","20 Jan 2026, 19:08","","Cable Fly Crossovers",,"",0,"normal",30,15,,,
"Chest Triceps","20 Jan 2026, 17:44","20 Jan 2026, 19:08","","Cable Fly Crossovers",,"",1,"normal",40,15,,,
"Chest Triceps","20 Jan 2026, 17:44","20 Jan 2026, 19:08","","Cable Fly Crossovers",,"",2,"normal",40,15,,,
"Chest Triceps","20 Jan 2026, 17:44","20 Jan 2026, 19:08","","Incline Bench Press (Smith Machine)",,"",0,"normal",30,12,,,
"Chest Triceps","20 Jan 2026, 17:44","20 Jan 2026, 19:08","","Incline Bench Press (Smith Machine)",,"",1,"normal",35,10,,,
"Chest Triceps","20 Jan 2026, 17:44","20 Jan 2026, 19:08","","Incline Bench Press (Smith Machine)",,"",2,"normal",35,10,,,
"Chest Triceps","20 Jan 2026, 17:44","20 Jan 2026, 19:08","","Triceps Rope Pushdown",,"",0,"normal",25,15,,,
"Chest Triceps","20 Jan 2026, 17:44","20 Jan 2026, 19:08","","Triceps Rope Pushdown",,"",1,"normal",30,10,,,
"Chest Triceps","20 Jan 2026, 17:44","20 Jan 2026, 19:08","","Triceps Rope Pushdown",,"",2,"normal",30,10,,,
"Chest Triceps","20 Jan 2026, 17:44","20 Jan 2026, 19:08","","Overhead Triceps Extension (Cable)",,"",0,"normal",20,15,,,
"Chest Triceps","20 Jan 2026, 17:44","20 Jan 2026, 19:08","","Overhead Triceps Extension (Cable)",,"",1,"normal",20,15,,,
"Chest Triceps","20 Jan 2026, 17:44","20 Jan 2026, 19:08","","Overhead Triceps Extension (Cable)",,"",2,"normal",20,15,,,
"Back Biceps Abs","19 Jan 2026, 17:26","19 Jan 2026, 19:27","","Stretching",,"",0,"normal",,,,360,
"Back Biceps Abs","19 Jan 2026, 17:26","19 Jan 2026, 19:27","","Crunch",,"",0,"normal",,20,,,
"Back Biceps Abs","19 Jan 2026, 17:26","19 Jan 2026, 19:27","","Crunch",,"",1,"normal",,20,,,
"Back Biceps Abs","19 Jan 2026, 17:26","19 Jan 2026, 19:27","","Crunch",,"",2,"normal",,20,,,
"Back Biceps Abs","19 Jan 2026, 17:26","19 Jan 2026, 19:27","","Hanging Knee Raise",,"",0,"normal",,12,,,
"Back Biceps Abs","19 Jan 2026, 17:26","19 Jan 2026, 19:27","","Hanging Knee Raise",,"",1,"normal",,12,,,
"Back Biceps Abs","19 Jan 2026, 17:26","19 Jan 2026, 19:27","","Hanging Knee Raise",,"",2,"normal",,12,,,
"Back Biceps Abs","19 Jan 2026, 17:26","19 Jan 2026, 19:27","","Pull Up",,"",0,"normal",,10,,,
"Back Biceps Abs","19 Jan 2026, 17:26","19 Jan 2026, 19:27","","Pull Up",,"",1,"normal",,7,,,
"Back Biceps Abs","19 Jan 2026, 17:26","19 Jan 2026, 19:27","","Pull Up",,"",2,"normal",,7,,,
"Back Biceps Abs","19 Jan 2026, 17:26","19 Jan 2026, 19:27","","Rear Delt Reverse Fly (Machine)",,"",0,"normal",45,12,,,
"Back Biceps Abs","19 Jan 2026, 17:26","19 Jan 2026, 19:27","","Rear Delt Reverse Fly (Machine)",,"",1,"normal",52.5,10,,,
"Back Biceps Abs","19 Jan 2026, 17:26","19 Jan 2026, 19:27","","Rear Delt Reverse Fly (Machine)",,"",2,"normal",52.5,10,,,
"Back Biceps Abs","19 Jan 2026, 17:26","19 Jan 2026, 19:27","","Chest Supported Incline Row (Dumbbell)",,"",0,"normal",30,12,,,
"Back Biceps Abs","19 Jan 2026, 17:26","19 Jan 2026, 19:27","","Chest Supported Incline Row (Dumbbell)",,"",1,"normal",35,12,,,
"Back Biceps Abs","19 Jan 2026, 17:26","19 Jan 2026, 19:27","","Chest Supported Incline Row (Dumbbell)",,"",2,"normal",35,12,,,
"Back Biceps Abs","19 Jan 2026, 17:26","19 Jan 2026, 19:27","","Reverse Grip Lat Pulldown (Cable)",,"",0,"normal",45.5,12,,,
"Back Biceps Abs","19 Jan 2026, 17:26","19 Jan 2026, 19:27","","Reverse Grip Lat Pulldown (Cable)",,"",1,"normal",45.5,10,,,
"Back Biceps Abs","19 Jan 2026, 17:26","19 Jan 2026, 19:27","","Reverse Grip Lat Pulldown (Cable)",,"",2,"normal",52,8,,,
"Back Biceps Abs","19 Jan 2026, 17:26","19 Jan 2026, 19:27","","Seated Row (Machine)",,"Single arm",0,"normal",40,10,,,
"Back Biceps Abs","19 Jan 2026, 17:26","19 Jan 2026, 19:27","","Seated Row (Machine)",,"Single arm",1,"normal",40,10,,,
"Back Biceps Abs","19 Jan 2026, 17:26","19 Jan 2026, 19:27","","Seated Row (Machine)",,"Single arm",2,"normal",40,10,,,
"Back Biceps Abs","19 Jan 2026, 17:26","19 Jan 2026, 19:27","","Seated Cable Row - V Grip (Cable)",,"",0,"normal",60,12,,,
"Back Biceps Abs","19 Jan 2026, 17:26","19 Jan 2026, 19:27","","Seated Cable Row - V Grip (Cable)",,"",1,"normal",65,12,,,
"Back Biceps Abs","19 Jan 2026, 17:26","19 Jan 2026, 19:27","","Seated Cable Row - V Grip (Cable)",,"",2,"normal",70,12,,,
"Back Biceps Abs","19 Jan 2026, 17:26","19 Jan 2026, 19:27","","Single Arm Lat Pulldown",,"",0,"normal",40,24,,,
"Back Biceps Abs","19 Jan 2026, 17:26","19 Jan 2026, 19:27","","Single Arm Lat Pulldown",,"",1,"normal",40,22,,,
"Back Biceps Abs","19 Jan 2026, 17:26","19 Jan 2026, 19:27","","Single Arm Lat Pulldown",,"",2,"normal",40,22,,,
"Back Biceps Abs","19 Jan 2026, 17:26","19 Jan 2026, 19:27","","Hammer Curl (Cable)",,"",0,"normal",30,12,,,
"Back Biceps Abs","19 Jan 2026, 17:26","19 Jan 2026, 19:27","","Hammer Curl (Cable)",,"",1,"normal",30,12,,,
"Back Biceps Abs","19 Jan 2026, 17:26","19 Jan 2026, 19:27","","Hammer Curl (Cable)",,"",2,"normal",30,12,,,
"Back Biceps Abs","19 Jan 2026, 17:26","19 Jan 2026, 19:27","","Behind the Back Curl (Cable)",,"",0,"normal",30,12,,,
"Back Biceps Abs","19 Jan 2026, 17:26","19 Jan 2026, 19:27","","Behind the Back Curl (Cable)",,"",1,"normal",30,11,,,
"Back Biceps Abs","19 Jan 2026, 17:26","19 Jan 2026, 19:27","","Behind the Back Curl (Cable)",,"",2,"normal",30,11,,,
"Back Biceps Abs","19 Jan 2026, 17:26","19 Jan 2026, 19:27","","Preacher Curl (Barbell)",,"",0,"normal",15,12,,,
"Back Biceps Abs","19 Jan 2026, 17:26","19 Jan 2026, 19:27","","Preacher Curl (Barbell)",,"",1,"normal",15,12,,,
"Back Biceps Abs","19 Jan 2026, 17:26","19 Jan 2026, 19:27","","Preacher Curl (Barbell)",,"",2,"normal",20,8,,,
"Legs Forearms Cardio","17 Jan 2026, 17:08","17 Jan 2026, 18:50","","Stretching",,"",0,"normal",,,,623,
"Legs Forearms Cardio","17 Jan 2026, 17:08","17 Jan 2026, 18:50","","Lunge (Dumbbell)",,"",0,"normal",20,12,,,
"Legs Forearms Cardio","17 Jan 2026, 17:08","17 Jan 2026, 18:50","","Lunge (Dumbbell)",,"",1,"normal",20,12,,,
"Legs Forearms Cardio","17 Jan 2026, 17:08","17 Jan 2026, 18:50","","Lunge (Dumbbell)",,"",2,"normal",20,12,,,
"Legs Forearms Cardio","17 Jan 2026, 17:08","17 Jan 2026, 18:50","","Leg Extension (Machine)",,"",0,"normal",50,12,,,
"Legs Forearms Cardio","17 Jan 2026, 17:08","17 Jan 2026, 18:50","","Leg Extension (Machine)",,"",1,"normal",55,12,,,
"Legs Forearms Cardio","17 Jan 2026, 17:08","17 Jan 2026, 18:50","","Leg Extension (Machine)",,"",2,"normal",60,12,,,
"Legs Forearms Cardio","17 Jan 2026, 17:08","17 Jan 2026, 18:50","","Seated Leg Curl (Machine)",,"",0,"normal",50,12,,,
"Legs Forearms Cardio","17 Jan 2026, 17:08","17 Jan 2026, 18:50","","Seated Leg Curl (Machine)",,"",1,"normal",55,12,,,
"Legs Forearms Cardio","17 Jan 2026, 17:08","17 Jan 2026, 18:50","","Seated Leg Curl (Machine)",,"",2,"normal",60,12,,,
"Legs Forearms Cardio","17 Jan 2026, 17:08","17 Jan 2026, 18:50","","Hip Abduction (Machine)",,"",0,"normal",60,12,,,
"Legs Forearms Cardio","17 Jan 2026, 17:08","17 Jan 2026, 18:50","","Hip Abduction (Machine)",,"",1,"normal",70,15,,,
"Legs Forearms Cardio","17 Jan 2026, 17:08","17 Jan 2026, 18:50","","Hip Abduction (Machine)",,"",2,"normal",60,15,,,
"Legs Forearms Cardio","17 Jan 2026, 17:08","17 Jan 2026, 18:50","","Hip Adduction (Machine)",,"",0,"normal",60,12,,,
"Legs Forearms Cardio","17 Jan 2026, 17:08","17 Jan 2026, 18:50","","Hip Adduction (Machine)",,"",1,"normal",70,12,,,
"Legs Forearms Cardio","17 Jan 2026, 17:08","17 Jan 2026, 18:50","","Hip Adduction (Machine)",,"",2,"normal",60,12,,,
"Legs Forearms Cardio","17 Jan 2026, 17:08","17 Jan 2026, 18:50","","Standing Calf Raise (Smith)",,"",0,"normal",30,15,,,
"Legs Forearms Cardio","17 Jan 2026, 17:08","17 Jan 2026, 18:50","","Standing Calf Raise (Smith)",,"",1,"normal",35,15,,,
"Legs Forearms Cardio","17 Jan 2026, 17:08","17 Jan 2026, 18:50","","Standing Calf Raise (Smith)",,"",2,"normal",35,15,,,
"Legs Forearms Cardio","17 Jan 2026, 17:08","17 Jan 2026, 18:50","","Hip Thrust (Barbell)",,"",0,"normal",30,15,,,
"Legs Forearms Cardio","17 Jan 2026, 17:08","17 Jan 2026, 18:50","","Hip Thrust (Barbell)",,"",1,"normal",30,15,,,
"Legs Forearms Cardio","17 Jan 2026, 17:08","17 Jan 2026, 18:50","","Hip Thrust (Barbell)",,"",2,"normal",30,15,,,
"Legs Forearms Cardio","17 Jan 2026, 17:08","17 Jan 2026, 18:50","","Reverse Barbell Curl",,"",0,"normal",25,15,,,
"Legs Forearms Cardio","17 Jan 2026, 17:08","17 Jan 2026, 18:50","","Reverse Barbell Curl",,"",1,"normal",25,15,,,
"Legs Forearms Cardio","17 Jan 2026, 17:08","17 Jan 2026, 18:50","","Reverse Barbell Curl",,"",2,"normal",25,15,,,
"Legs Forearms Cardio","17 Jan 2026, 17:08","17 Jan 2026, 18:50","","Behind the Back Bicep Wrist Curl (Barbell)",,"",0,"normal",25,20,,,
"Legs Forearms Cardio","17 Jan 2026, 17:08","17 Jan 2026, 18:50","","Behind the Back Bicep Wrist Curl (Barbell)",,"",1,"normal",25,20,,,
"Legs Forearms Cardio","17 Jan 2026, 17:08","17 Jan 2026, 18:50","","Behind the Back Bicep Wrist Curl (Barbell)",,"",2,"normal",25,20,,,
"Legs Forearms Cardio","17 Jan 2026, 17:08","17 Jan 2026, 18:50","","Treadmill",,"",0,"normal",,,0.8,600,
"Arms + Cardio","16 Jan 2026, 17:15","16 Jan 2026, 19:21","","Chin Up",,"",0,"normal",,10,,,
"Arms + Cardio","16 Jan 2026, 17:15","16 Jan 2026, 19:21","","Chin Up",,"",1,"normal",,9,,,
"Arms + Cardio","16 Jan 2026, 17:15","16 Jan 2026, 19:21","","Chin Up",,"",2,"normal",,7,,,
"Arms + Cardio","16 Jan 2026, 17:15","16 Jan 2026, 19:21","","Diamond Push Up",,"",0,"normal",,15,,,
"Arms + Cardio","16 Jan 2026, 17:15","16 Jan 2026, 19:21","","Diamond Push Up",,"",1,"normal",,15,,,
"Arms + Cardio","16 Jan 2026, 17:15","16 Jan 2026, 19:21","","Diamond Push Up",,"",2,"normal",,15,,,
"Arms + Cardio","16 Jan 2026, 17:15","16 Jan 2026, 19:21","","Hammer Curl (Cable)",,"",0,"normal",30,15,,,
"Arms + Cardio","16 Jan 2026, 17:15","16 Jan 2026, 19:21","","Hammer Curl (Cable)",,"",1,"normal",35,12,,,
"Arms + Cardio","16 Jan 2026, 17:15","16 Jan 2026, 19:21","","Hammer Curl (Cable)",,"",2,"normal",35,10,,,
"Arms + Cardio","16 Jan 2026, 17:15","16 Jan 2026, 19:21","","Triceps Pushdown",,"",0,"normal",30,15,,,
"Arms + Cardio","16 Jan 2026, 17:15","16 Jan 2026, 19:21","","Triceps Pushdown",,"",1,"normal",35,12,,,
"Arms + Cardio","16 Jan 2026, 17:15","16 Jan 2026, 19:21","","Triceps Pushdown",,"",2,"normal",35,12,,,
"Arms + Cardio","16 Jan 2026, 17:15","16 Jan 2026, 19:21","","Preacher Curl (Barbell)",,"",0,"normal",15,15,,,
"Arms + Cardio","16 Jan 2026, 17:15","16 Jan 2026, 19:21","","Preacher Curl (Barbell)",,"",1,"normal",20,12,,,
"Arms + Cardio","16 Jan 2026, 17:15","16 Jan 2026, 19:21","","Preacher Curl (Barbell)",,"",2,"normal",20,12,,,
"Arms + Cardio","16 Jan 2026, 17:15","16 Jan 2026, 19:21","","Triceps Extension (Dumbbell)",,"",0,"normal",15,16,,,
"Arms + Cardio","16 Jan 2026, 17:15","16 Jan 2026, 19:21","","Triceps Extension (Dumbbell)",,"",1,"normal",17.5,16,,,
"Arms + Cardio","16 Jan 2026, 17:15","16 Jan 2026, 19:21","","Triceps Extension (Dumbbell)",,"",2,"normal",20,13,,,
"Arms + Cardio","16 Jan 2026, 17:15","16 Jan 2026, 19:21","","Behind the Back Curl (Cable)",,"",0,"normal",30,12,,,
"Arms + Cardio","16 Jan 2026, 17:15","16 Jan 2026, 19:21","","Behind the Back Curl (Cable)",,"",1,"normal",30,12,,,
"Arms + Cardio","16 Jan 2026, 17:15","16 Jan 2026, 19:21","","Behind the Back Curl (Cable)",,"",2,"normal",30,12,,,
"Arms + Cardio","16 Jan 2026, 17:15","16 Jan 2026, 19:21","","Bicep Curl (Cable)",,"",0,"normal",35,12,,,
"Arms + Cardio","16 Jan 2026, 17:15","16 Jan 2026, 19:21","","Bicep Curl (Cable)",,"",1,"normal",40,10,,,
"Arms + Cardio","16 Jan 2026, 17:15","16 Jan 2026, 19:21","","Bicep Curl (Cable)",,"",2,"normal",35,8,,,
"Arms + Cardio","16 Jan 2026, 17:15","16 Jan 2026, 19:21","","Bench Dip",,"",0,"normal",,25,,,
"Arms + Cardio","16 Jan 2026, 17:15","16 Jan 2026, 19:21","","Bench Dip",,"",1,"normal",,25,,,
"Arms + Cardio","16 Jan 2026, 17:15","16 Jan 2026, 19:21","","Bench Dip",,"",2,"normal",,25,,,
"Arms + Cardio","16 Jan 2026, 17:15","16 Jan 2026, 19:21","","Treadmill",,"4 mins incline",0,"normal",,,1,600,
"Arms + Cardio","16 Jan 2026, 17:15","16 Jan 2026, 19:21","","Reverse Barbell Curl",,"",0,"normal",25,15,,,
"Arms + Cardio","16 Jan 2026, 17:15","16 Jan 2026, 19:21","","Reverse Barbell Curl",,"",1,"normal",25,15,,,
"Arms + Cardio","16 Jan 2026, 17:15","16 Jan 2026, 19:21","","Reverse Barbell Curl",,"",2,"normal",25,15,,,
"Arms + Cardio","16 Jan 2026, 17:15","16 Jan 2026, 19:21","","Seated Palms Up Wrist Curl",,"",0,"normal",20,20,,,
"Arms + Cardio","16 Jan 2026, 17:15","16 Jan 2026, 19:21","","Seated Palms Up Wrist Curl",,"",1,"normal",20,15,,,
"Arms + Cardio","16 Jan 2026, 17:15","16 Jan 2026, 19:21","","Seated Palms Up Wrist Curl",,"",2,"normal",20,16,,,
"Shoulders + Abs","15 Jan 2026, 17:09","15 Jan 2026, 19:08","","Shoulder Press (Dumbbell)",,"",0,"normal",20,15,,,
"Shoulders + Abs","15 Jan 2026, 17:09","15 Jan 2026, 19:08","","Shoulder Press (Dumbbell)",,"",1,"normal",30,12,,,
"Shoulders + Abs","15 Jan 2026, 17:09","15 Jan 2026, 19:08","","Shoulder Press (Dumbbell)",,"",2,"normal",35,10,,,
"Shoulders + Abs","15 Jan 2026, 17:09","15 Jan 2026, 19:08","","Shoulder Press (Dumbbell)",,"",3,"normal",35,10,,,
"Shoulders + Abs","15 Jan 2026, 17:09","15 Jan 2026, 19:08","","Single Arm Lateral Raise (Cable)",,"",0,"normal",20,12,,,
"Shoulders + Abs","15 Jan 2026, 17:09","15 Jan 2026, 19:08","","Single Arm Lateral Raise (Cable)",,"",1,"normal",20,12,,,
"Shoulders + Abs","15 Jan 2026, 17:09","15 Jan 2026, 19:08","","Single Arm Lateral Raise (Cable)",,"",2,"normal",20,12,,,
"Shoulders + Abs","15 Jan 2026, 17:09","15 Jan 2026, 19:08","","Face Pull",,"",0,"normal",25,15,,,
"Shoulders + Abs","15 Jan 2026, 17:09","15 Jan 2026, 19:08","","Face Pull",,"",1,"normal",30,15,,,
"Shoulders + Abs","15 Jan 2026, 17:09","15 Jan 2026, 19:08","","Face Pull",,"",2,"normal",30,12,,,
"Shoulders + Abs","15 Jan 2026, 17:09","15 Jan 2026, 19:08","","Shrug (Barbell)",,"",0,"normal",40,18,,,
"Shoulders + Abs","15 Jan 2026, 17:09","15 Jan 2026, 19:08","","Shrug (Barbell)",,"",1,"normal",50,18,,,
"Shoulders + Abs","15 Jan 2026, 17:09","15 Jan 2026, 19:08","","Shrug (Barbell)",,"",2,"normal",60,18,,,
"Shoulders + Abs","15 Jan 2026, 17:09","15 Jan 2026, 19:08","","Crunch",,"",0,"normal",,20,,,
"Shoulders + Abs","15 Jan 2026, 17:09","15 Jan 2026, 19:08","","Crunch",,"",1,"normal",,15,,,
"Shoulders + Abs","15 Jan 2026, 17:09","15 Jan 2026, 19:08","","Crunch",,"",2,"normal",,15,,,
"Shoulders + Abs","15 Jan 2026, 17:09","15 Jan 2026, 19:08","","Plank",,"",0,"normal",,,,60,
"Shoulders + Abs","15 Jan 2026, 17:09","15 Jan 2026, 19:08","","Plank",,"",1,"normal",,,,62,
"Shoulders + Abs","15 Jan 2026, 17:09","15 Jan 2026, 19:08","","Toe Touch",,"",0,"normal",,24,,,
"Shoulders + Abs","15 Jan 2026, 17:09","15 Jan 2026, 19:08","","Toe Touch",,"",1,"normal",,24,,,
"Shoulders + Abs","15 Jan 2026, 17:09","15 Jan 2026, 19:08","","Lying Leg Raise",,"",0,"normal",,15,,,
"Shoulders + Abs","15 Jan 2026, 17:09","15 Jan 2026, 19:08","","Lying Leg Raise",,"",1,"normal",,15,,,
"Shoulders + Abs","15 Jan 2026, 17:09","15 Jan 2026, 19:08","","Lying Leg Raise",,"",2,"normal",,15,,,
"Shoulders + Abs","15 Jan 2026, 17:09","15 Jan 2026, 19:08","","Russian Twist (Weighted)",,"",0,"normal",10,24,,,
"Shoulders + Abs","15 Jan 2026, 17:09","15 Jan 2026, 19:08","","Russian Twist (Weighted)",,"",1,"normal",10,24,,,
"Shoulders + Abs","15 Jan 2026, 17:09","15 Jan 2026, 19:08","","Russian Twist (Weighted)",,"",2,"normal",10,24,,,
"Shoulders + Abs","15 Jan 2026, 17:09","15 Jan 2026, 19:08","","Crunch (Weighted)",,"",0,"normal",15,12,,,
"Shoulders + Abs","15 Jan 2026, 17:09","15 Jan 2026, 19:08","","Crunch (Weighted)",,"",1,"normal",15,12,,,
"Shoulders + Abs","15 Jan 2026, 17:09","15 Jan 2026, 19:08","","Crunch (Weighted)",,"",2,"normal",15,12,,,
"Shoulders + Abs","15 Jan 2026, 17:09","15 Jan 2026, 19:08","","Crunch (Weighted)",,"",3,"normal",15,15,,,
"Shoulders + Abs","15 Jan 2026, 17:09","15 Jan 2026, 19:08","","Crunch (Weighted)",,"",4,"normal",15,15,,,
"Shoulders + Abs","15 Jan 2026, 17:09","15 Jan 2026, 19:08","","Crunch (Weighted)",,"",5,"normal",15,15,,,
"Shoulders + Abs","15 Jan 2026, 17:09","15 Jan 2026, 19:08","","Crunch (Weighted)",,"",6,"normal",15,15,,,
"Shoulders + Abs","15 Jan 2026, 17:09","15 Jan 2026, 19:08","","Crunch (Weighted)",,"",7,"normal",15,15,,,
"Shoulders + Abs","15 Jan 2026, 17:09","15 Jan 2026, 19:08","","Crunch (Weighted)",,"",8,"normal",15,15,,,
"Shoulders + Abs","15 Jan 2026, 17:09","15 Jan 2026, 19:08","","Back Extension (Hyperextension)",,"",0,"normal",,14,,,
"Shoulders + Abs","15 Jan 2026, 17:09","15 Jan 2026, 19:08","","Back Extension (Hyperextension)",,"",1,"normal",,18,,,
"Shoulders + Abs","15 Jan 2026, 17:09","15 Jan 2026, 19:08","","Back Extension (Weighted Hyperextension)",,"",0,"normal",7.5,15,,,
"Shoulders + Abs","15 Jan 2026, 17:09","15 Jan 2026, 19:08","","Back Extension (Weighted Hyperextension)",,"",1,"normal",7.5,15,,,
"Legs + Forearms","14 Jan 2026, 17:12","14 Jan 2026, 18:59","","Stretching",,"",0,"normal",,,,486,
"Legs + Forearms","14 Jan 2026, 17:12","14 Jan 2026, 18:59","","Lunge",,"",0,"normal",,24,,,
"Legs + Forearms","14 Jan 2026, 17:12","14 Jan 2026, 18:59","","Bulgarian Split Squat",,"",0,"normal",15,12,,,
"Legs + Forearms","14 Jan 2026, 17:12","14 Jan 2026, 18:59","","Bulgarian Split Squat",,"",1,"normal",20,12,,,
"Legs + Forearms","14 Jan 2026, 17:12","14 Jan 2026, 18:59","","Bulgarian Split Squat",,"",2,"normal",20,12,,,
"Legs + Forearms","14 Jan 2026, 17:12","14 Jan 2026, 18:59","","Leg Extension (Machine)",,"",0,"normal",50,12,,,
"Legs + Forearms","14 Jan 2026, 17:12","14 Jan 2026, 18:59","","Leg Extension (Machine)",,"",1,"normal",55,12,,,
"Legs + Forearms","14 Jan 2026, 17:12","14 Jan 2026, 18:59","","Leg Extension (Machine)",,"",2,"normal",60,12,,,
"Legs + Forearms","14 Jan 2026, 17:12","14 Jan 2026, 18:59","","Seated Leg Curl (Machine)",,"",0,"normal",50,12,,,
"Legs + Forearms","14 Jan 2026, 17:12","14 Jan 2026, 18:59","","Seated Leg Curl (Machine)",,"",1,"normal",55,12,,,
"Legs + Forearms","14 Jan 2026, 17:12","14 Jan 2026, 18:59","","Seated Leg Curl (Machine)",,"",2,"normal",60,10,,,
"Legs + Forearms","14 Jan 2026, 17:12","14 Jan 2026, 18:59","","Hip Abduction (Machine)",,"",0,"normal",60,15,,,
"Legs + Forearms","14 Jan 2026, 17:12","14 Jan 2026, 18:59","","Hip Abduction (Machine)",,"",1,"normal",70,15,,,
"Legs + Forearms","14 Jan 2026, 17:12","14 Jan 2026, 18:59","","Hip Abduction (Machine)",,"",2,"normal",80,12,,,
"Legs + Forearms","14 Jan 2026, 17:12","14 Jan 2026, 18:59","","Hip Adduction (Machine)",,"",0,"normal",60,12,,,
"Legs + Forearms","14 Jan 2026, 17:12","14 Jan 2026, 18:59","","Hip Adduction (Machine)",,"",1,"normal",70,12,,,
"Legs + Forearms","14 Jan 2026, 17:12","14 Jan 2026, 18:59","","Hip Adduction (Machine)",,"",2,"normal",80,12,,,
"Legs + Forearms","14 Jan 2026, 17:12","14 Jan 2026, 18:59","","Leg Press (Machine)",,"",0,"normal",100,12,,,
"Legs + Forearms","14 Jan 2026, 17:12","14 Jan 2026, 18:59","","Leg Press (Machine)",,"",1,"normal",120,12,,,
"Legs + Forearms","14 Jan 2026, 17:12","14 Jan 2026, 18:59","","Leg Press (Machine)",,"",2,"normal",120,12,,,
"Legs + Forearms","14 Jan 2026, 17:12","14 Jan 2026, 18:59","","Standing Calf Raise",,"",0,"normal",,20,,,
"Legs + Forearms","14 Jan 2026, 17:12","14 Jan 2026, 18:59","","Standing Calf Raise (Smith)",,"",0,"normal",30,15,,,
"Legs + Forearms","14 Jan 2026, 17:12","14 Jan 2026, 18:59","","Standing Calf Raise (Smith)",,"",1,"normal",35,15,,,
"Legs + Forearms","14 Jan 2026, 17:12","14 Jan 2026, 18:59","","Reverse Barbell Curl",,"Cable",0,"normal",25,15,,,
"Legs + Forearms","14 Jan 2026, 17:12","14 Jan 2026, 18:59","","Reverse Barbell Curl",,"Cable",1,"normal",25,15,,,
"Legs + Forearms","14 Jan 2026, 17:12","14 Jan 2026, 18:59","","Reverse Barbell Curl",,"Cable",2,"normal",25,15,,,
"Legs + Forearms","14 Jan 2026, 17:12","14 Jan 2026, 18:59","","Behind the Back Bicep Wrist Curl (Barbell)",,"",0,"normal",20,25,,,
"Legs + Forearms","14 Jan 2026, 17:12","14 Jan 2026, 18:59","","Behind the Back Bicep Wrist Curl (Barbell)",,"",1,"normal",20,25,,,
"Legs + Forearms","14 Jan 2026, 17:12","14 Jan 2026, 18:59","","Behind the Back Bicep Wrist Curl (Barbell)",,"",2,"normal",20,25,,,
"Chest + Triceps","13 Jan 2026, 17:16","13 Jan 2026, 18:39","","Push Up",,"",0,"normal",,15,,,
"Chest + Triceps","13 Jan 2026, 17:16","13 Jan 2026, 18:39","","Push Up",,"",1,"normal",,15,,,
"Chest + Triceps","13 Jan 2026, 17:16","13 Jan 2026, 18:39","","Diamond Push Up",,"",0,"normal",,15,,,
"Chest + Triceps","13 Jan 2026, 17:16","13 Jan 2026, 18:39","","Chest Fly (Machine)",,"",0,"normal",45,12,,,
"Chest + Triceps","13 Jan 2026, 17:16","13 Jan 2026, 18:39","","Chest Fly (Machine)",,"",1,"normal",52.5,15,,,
"Chest + Triceps","13 Jan 2026, 17:16","13 Jan 2026, 18:39","","Chest Fly (Machine)",,"",2,"normal",52.5,12,,,
"Chest + Triceps","13 Jan 2026, 17:16","13 Jan 2026, 18:39","","Bench Press (Barbell)",,"",0,"normal",45,12,,,
"Chest + Triceps","13 Jan 2026, 17:16","13 Jan 2026, 18:39","","Bench Press (Barbell)",,"",1,"normal",50,12,,,
"Chest + Triceps","13 Jan 2026, 17:16","13 Jan 2026, 18:39","","Bench Press (Barbell)",,"",2,"normal",55,8,,,
"Chest + Triceps","13 Jan 2026, 17:16","13 Jan 2026, 18:39","","Incline Bench Press (Dumbbell)",,"",0,"normal",35,8,,,
"Chest + Triceps","13 Jan 2026, 17:16","13 Jan 2026, 18:39","","Incline Bench Press (Dumbbell)",,"",1,"normal",35,8,,,
"Chest + Triceps","13 Jan 2026, 17:16","13 Jan 2026, 18:39","","Incline Bench Press (Dumbbell)",,"",2,"normal",35,7,,,
"Chest + Triceps","13 Jan 2026, 17:16","13 Jan 2026, 18:39","","Cable Fly Crossovers",,"",0,"normal",40,14,,,
"Chest + Triceps","13 Jan 2026, 17:16","13 Jan 2026, 18:39","","Cable Fly Crossovers",,"",1,"normal",40,12,,,
"Chest + Triceps","13 Jan 2026, 17:16","13 Jan 2026, 18:39","","Cable Fly Crossovers",,"",2,"normal",40,12,,,
"Chest + Triceps","13 Jan 2026, 17:16","13 Jan 2026, 18:39","","Triceps Pushdown",,"V",0,"normal",25,15,,,
"Chest + Triceps","13 Jan 2026, 17:16","13 Jan 2026, 18:39","","Triceps Pushdown",,"V",1,"normal",30,12,,,
"Chest + Triceps","13 Jan 2026, 17:16","13 Jan 2026, 18:39","","Triceps Pushdown",,"V",2,"normal",30,12,,,
"Chest + Triceps","13 Jan 2026, 17:16","13 Jan 2026, 18:39","","Overhead Triceps Extension (Cable)",,"",0,"normal",20,13,,,
"Chest + Triceps","13 Jan 2026, 17:16","13 Jan 2026, 18:39","","Overhead Triceps Extension (Cable)",,"",1,"normal",20,14,,,
"Chest + Triceps","13 Jan 2026, 17:16","13 Jan 2026, 18:39","","Overhead Triceps Extension (Cable)",,"",2,"normal",20,14,,,
"Chest + Triceps","13 Jan 2026, 17:16","13 Jan 2026, 18:39","","Bench Dip",,"",0,"normal",,25,,,
"Chest + Triceps","13 Jan 2026, 17:16","13 Jan 2026, 18:39","","Bench Dip",,"",1,"normal",,25,,,
"Chest + Triceps","13 Jan 2026, 17:16","13 Jan 2026, 18:39","","Bench Dip",,"",2,"normal",,25,,,
"Back + Biceps","12 Jan 2026, 18:29","12 Jan 2026, 19:55","","Pull Up",,"",0,"normal",,10,,,
"Back + Biceps","12 Jan 2026, 18:29","12 Jan 2026, 19:55","","Pull Up",,"",1,"normal",,8,,,
"Back + Biceps","12 Jan 2026, 18:29","12 Jan 2026, 19:55","","Pull Up",,"",2,"normal",,6,,,
"Back + Biceps","12 Jan 2026, 18:29","12 Jan 2026, 19:55","","Seated Cable Row - Bar Grip",,"",0,"normal",60,12,,,
"Back + Biceps","12 Jan 2026, 18:29","12 Jan 2026, 19:55","","Seated Cable Row - Bar Grip",,"",1,"normal",65,11,,,
"Back + Biceps","12 Jan 2026, 18:29","12 Jan 2026, 19:55","","Seated Cable Row - Bar Grip",,"",2,"normal",70,12,,,
"Back + Biceps","12 Jan 2026, 18:29","12 Jan 2026, 19:55","","Lat Pulldown - Close Grip (Cable)",,"",0,"normal",45.5,12,,,
"Back + Biceps","12 Jan 2026, 18:29","12 Jan 2026, 19:55","","Lat Pulldown - Close Grip (Cable)",,"",1,"normal",52,8,,,
"Back + Biceps","12 Jan 2026, 18:29","12 Jan 2026, 19:55","","Lat Pulldown - Close Grip (Cable)",,"",2,"normal",52,8,,,
"Back + Biceps","12 Jan 2026, 18:29","12 Jan 2026, 19:55","","Chest Supported Incline Row (Dumbbell)",,"",0,"normal",35,10,,,
"Back + Biceps","12 Jan 2026, 18:29","12 Jan 2026, 19:55","","Chest Supported Incline Row (Dumbbell)",,"",1,"normal",35,10,,,
"Back + Biceps","12 Jan 2026, 18:29","12 Jan 2026, 19:55","","Chest Supported Incline Row (Dumbbell)",,"",2,"normal",35,10,,,
"Back + Biceps","12 Jan 2026, 18:29","12 Jan 2026, 19:55","","Lat Pulldown (Machine)",,"",0,"normal",80,10,,,
"Back + Biceps","12 Jan 2026, 18:29","12 Jan 2026, 19:55","","Lat Pulldown (Machine)",,"",1,"normal",80,10,,,
"Back + Biceps","12 Jan 2026, 18:29","12 Jan 2026, 19:55","","Lat Pulldown (Machine)",,"",2,"normal",80,10,,,
"Back + Biceps","12 Jan 2026, 18:29","12 Jan 2026, 19:55","","Bicep Curl (Dumbbell)",,".",0,"normal",15,12,,,
"Back + Biceps","12 Jan 2026, 18:29","12 Jan 2026, 19:55","","Hammer Curl (Dumbbell)",,"",0,"normal",20,10,,,
"Back + Biceps","12 Jan 2026, 18:29","12 Jan 2026, 19:55","","Hammer Curl (Dumbbell)",,"",1,"normal",20,10,,,
"Back + Biceps","12 Jan 2026, 18:29","12 Jan 2026, 19:55","","Seated Incline Curl (Dumbbell)",,"",0,"normal",15,8,,,
"Back + Biceps","12 Jan 2026, 18:29","12 Jan 2026, 19:55","","Seated Incline Curl (Dumbbell)",,"",1,"normal",15,10,,,
"Back + Biceps","12 Jan 2026, 18:29","12 Jan 2026, 19:55","","Seated Incline Curl (Dumbbell)",,"",2,"normal",15,10,,,
"Back + Biceps","12 Jan 2026, 18:29","12 Jan 2026, 19:55","","Concentration Curl",,"",0,"normal",10,16,,,
"Back + Biceps","12 Jan 2026, 18:29","12 Jan 2026, 19:55","","Concentration Curl",,"",1,"normal",10,18,,,
"Back + Biceps","12 Jan 2026, 18:29","12 Jan 2026, 19:55","","Preacher Curl (Barbell)",,"",0,"normal",15,12,,,
"Back + Biceps","12 Jan 2026, 18:29","12 Jan 2026, 19:55","","Preacher Curl (Barbell)",,"",1,"normal",20,8,,,
"Back + Biceps","12 Jan 2026, 18:29","12 Jan 2026, 19:55","","Preacher Curl (Barbell)",,"",2,"normal",20,8,,,
"Legs + Forearms","10 Jan 2026, 17:23","10 Jan 2026, 19:37","","Stretching",,"",0,"normal",,,,327,
"Legs + Forearms","10 Jan 2026, 17:23","10 Jan 2026, 19:37","","Cycling",,"",0,"normal",,,1,140,
"Legs + Forearms","10 Jan 2026, 17:23","10 Jan 2026, 19:37","","Lunge (Dumbbell)",,"",0,"normal",15,12,,,
"Legs + Forearms","10 Jan 2026, 17:23","10 Jan 2026, 19:37","","Lunge (Dumbbell)",,"",1,"normal",20,12,,,
"Legs + Forearms","10 Jan 2026, 17:23","10 Jan 2026, 19:37","","Lunge (Dumbbell)",,"",2,"normal",25,12,,,
"Legs + Forearms","10 Jan 2026, 17:23","10 Jan 2026, 19:37","","Romanian Deadlift (Barbell)",,"",0,"normal",30,12,,,
"Legs + Forearms","10 Jan 2026, 17:23","10 Jan 2026, 19:37","","Romanian Deadlift (Barbell)",,"",1,"normal",30,12,,,
"Legs + Forearms","10 Jan 2026, 17:23","10 Jan 2026, 19:37","","Hip Thrust (Barbell)",,"",0,"normal",20,15,,,
"Legs + Forearms","10 Jan 2026, 17:23","10 Jan 2026, 19:37","","Hip Thrust (Barbell)",,"",1,"normal",30,15,,,
"Legs + Forearms","10 Jan 2026, 17:23","10 Jan 2026, 19:37","","Hip Thrust (Barbell)",,"",2,"normal",30,15,,,
"Legs + Forearms","10 Jan 2026, 17:23","10 Jan 2026, 19:37","","Leg Extension (Machine)",,"",0,"normal",50,12,,,
"Legs + Forearms","10 Jan 2026, 17:23","10 Jan 2026, 19:37","","Leg Extension (Machine)",,"",1,"normal",55,12,,,
"Legs + Forearms","10 Jan 2026, 17:23","10 Jan 2026, 19:37","","Leg Extension (Machine)",,"",2,"normal",50,12,,,
"Legs + Forearms","10 Jan 2026, 17:23","10 Jan 2026, 19:37","","Seated Leg Curl (Machine)",,"",0,"normal",45,12,,,
"Legs + Forearms","10 Jan 2026, 17:23","10 Jan 2026, 19:37","","Seated Leg Curl (Machine)",,"",1,"normal",50,12,,,
"Legs + Forearms","10 Jan 2026, 17:23","10 Jan 2026, 19:37","","Seated Leg Curl (Machine)",,"",2,"normal",55,12,,,
"Legs + Forearms","10 Jan 2026, 17:23","10 Jan 2026, 19:37","","Hip Abduction (Machine)",,"",0,"normal",60,15,,,
"Legs + Forearms","10 Jan 2026, 17:23","10 Jan 2026, 19:37","","Hip Abduction (Machine)",,"",1,"normal",70,15,,,
"Legs + Forearms","10 Jan 2026, 17:23","10 Jan 2026, 19:37","","Hip Abduction (Machine)",,"",2,"normal",90,12,,,
"Legs + Forearms","10 Jan 2026, 17:23","10 Jan 2026, 19:37","","Hip Adduction (Machine)",,"",0,"normal",60,12,,,
"Legs + Forearms","10 Jan 2026, 17:23","10 Jan 2026, 19:37","","Hip Adduction (Machine)",,"",1,"normal",70,12,,,
"Legs + Forearms","10 Jan 2026, 17:23","10 Jan 2026, 19:37","","Hip Adduction (Machine)",,"",2,"normal",80,12,,,
"Legs + Forearms","10 Jan 2026, 17:23","10 Jan 2026, 19:37","","Leg Press (Machine)",,"",0,"normal",100,12,,,
"Legs + Forearms","10 Jan 2026, 17:23","10 Jan 2026, 19:37","","Leg Press (Machine)",,"",1,"normal",120,12,,,
"Legs + Forearms","10 Jan 2026, 17:23","10 Jan 2026, 19:37","","Leg Press (Machine)",,"",2,"normal",130,12,,,
"Legs + Forearms","10 Jan 2026, 17:23","10 Jan 2026, 19:37","","Standing Calf Raise (Smith)",,"",0,"normal",30,15,,,
"Legs + Forearms","10 Jan 2026, 17:23","10 Jan 2026, 19:37","","Standing Calf Raise (Smith)",,"",1,"normal",35,15,,,
"Legs + Forearms","10 Jan 2026, 17:23","10 Jan 2026, 19:37","","Standing Calf Raise (Smith)",,"",2,"normal",35,15,,,
"Legs + Forearms","10 Jan 2026, 17:23","10 Jan 2026, 19:37","","Seated Palms Up Wrist Curl",,"Machine",0,"normal",15,20,,,
"Legs + Forearms","10 Jan 2026, 17:23","10 Jan 2026, 19:37","","Seated Palms Up Wrist Curl",,"Machine",1,"normal",15,20,,,
"Legs + Forearms","10 Jan 2026, 17:23","10 Jan 2026, 19:37","","Seated Palms Up Wrist Curl",,"Machine",2,"normal",15,20,,,
"Legs + Forearms","10 Jan 2026, 17:23","10 Jan 2026, 19:37","","Reverse Barbell Curl",,"Machine",0,"normal",10,20,,,
"Legs + Forearms","10 Jan 2026, 17:23","10 Jan 2026, 19:37","","Reverse Barbell Curl",,"Machine",1,"normal",10,20,,,
"Legs + Forearms","10 Jan 2026, 17:23","10 Jan 2026, 19:37","","Reverse Barbell Curl",,"Machine",2,"normal",10,20,,,
"Arms","9 Jan 2026, 17:12","9 Jan 2026, 19:24","","Pull Up",,"",0,"normal",,8,,,
"Arms","9 Jan 2026, 17:12","9 Jan 2026, 19:24","","Pull Up",,"",1,"normal",,8,,,
"Arms","9 Jan 2026, 17:12","9 Jan 2026, 19:24","","Pull Up",,"",2,"normal",,6,,,
"Arms","9 Jan 2026, 17:12","9 Jan 2026, 19:24","","Diamond Push Up",,"",0,"normal",,15,,,
"Arms","9 Jan 2026, 17:12","9 Jan 2026, 19:24","","Diamond Push Up",,"",1,"normal",,15,,,
"Arms","9 Jan 2026, 17:12","9 Jan 2026, 19:24","","Hammer Curl (Cable)",,"",0,"normal",30,15,,,
"Arms","9 Jan 2026, 17:12","9 Jan 2026, 19:24","","Hammer Curl (Cable)",,"",1,"normal",35,14,,,
"Arms","9 Jan 2026, 17:12","9 Jan 2026, 19:24","","Hammer Curl (Cable)",,"",2,"normal",35,14,,,
"Arms","9 Jan 2026, 17:12","9 Jan 2026, 19:24","","Behind the Back Curl (Cable)",,".",0,"normal",30,10,,,
"Arms","9 Jan 2026, 17:12","9 Jan 2026, 19:24","","Behind the Back Curl (Cable)",,".",1,"normal",30,12,,,
"Arms","9 Jan 2026, 17:12","9 Jan 2026, 19:24","","Behind the Back Curl (Cable)",,".",2,"normal",30,12,,,
"Arms","9 Jan 2026, 17:12","9 Jan 2026, 19:24","","Preacher Curl (Barbell)",,"",0,"normal",15,15,,,
"Arms","9 Jan 2026, 17:12","9 Jan 2026, 19:24","","Preacher Curl (Barbell)",,"",1,"normal",15,15,,,
"Arms","9 Jan 2026, 17:12","9 Jan 2026, 19:24","","Preacher Curl (Barbell)",,"",2,"normal",15,15,,,
"Arms","9 Jan 2026, 17:12","9 Jan 2026, 19:24","","Preacher Curl (Barbell)",,"",3,"normal",15,15,,,
"Arms","9 Jan 2026, 17:12","9 Jan 2026, 19:24","","Triceps Rope Pushdown",,"",0,"normal",30,12,,,
"Arms","9 Jan 2026, 17:12","9 Jan 2026, 19:24","","Triceps Rope Pushdown",,"",1,"normal",25,18,,,
"Arms","9 Jan 2026, 17:12","9 Jan 2026, 19:24","","Triceps Rope Pushdown",,"",2,"normal",30,12,,,
"Arms","9 Jan 2026, 17:12","9 Jan 2026, 19:24","","Overhead Triceps Extension (Cable)",,"",0,"normal",20,14,,,
"Arms","9 Jan 2026, 17:12","9 Jan 2026, 19:24","","Overhead Triceps Extension (Cable)",,"",1,"normal",20,14,,,
"Arms","9 Jan 2026, 17:12","9 Jan 2026, 19:24","","Overhead Triceps Extension (Cable)",,"",2,"normal",20,13,,,
"Arms","9 Jan 2026, 17:12","9 Jan 2026, 19:24","","Bench Dip",,"",0,"normal",,20,,,
"Arms","9 Jan 2026, 17:12","9 Jan 2026, 19:24","","Bench Dip",,"",1,"normal",,25,,,
"Arms","9 Jan 2026, 17:12","9 Jan 2026, 19:24","","Bench Dip",,"",2,"normal",,25,,,
"Arms","9 Jan 2026, 17:12","9 Jan 2026, 19:24","","Bench Dip",,"",3,"normal",,20,,,
"Arms","9 Jan 2026, 17:12","9 Jan 2026, 19:24","","Triceps Extension (Dumbbell)",,"",0,"normal",12.5,17,,,
"Arms","9 Jan 2026, 17:12","9 Jan 2026, 19:24","","Triceps Extension (Dumbbell)",,"",1,"normal",15,15,,,
"Arms","9 Jan 2026, 17:12","9 Jan 2026, 19:24","","Triceps Extension (Dumbbell)",,"",2,"normal",17.5,16,,,
"Arms","9 Jan 2026, 17:12","9 Jan 2026, 19:24","","Concentration Curl",,"",0,"normal",7.5,24,,,
"Arms","9 Jan 2026, 17:12","9 Jan 2026, 19:24","","Concentration Curl",,"",1,"normal",10,24,,,
"Arms","9 Jan 2026, 17:12","9 Jan 2026, 19:24","","Concentration Curl",,"",2,"normal",10,24,,,
"Arms","9 Jan 2026, 17:12","9 Jan 2026, 19:24","","Reverse Barbell Curl",,"",0,"normal",25,14,,,
"Arms","9 Jan 2026, 17:12","9 Jan 2026, 19:24","","Reverse Barbell Curl",,"",1,"normal",30,12,,,
"Arms","9 Jan 2026, 17:12","9 Jan 2026, 19:24","","Reverse Barbell Curl",,"",2,"normal",30,12,,,
"Arms","9 Jan 2026, 17:12","9 Jan 2026, 19:24","","Seated Palms Up Wrist Curl",,"",0,"normal",15,20,,,
"Arms","9 Jan 2026, 17:12","9 Jan 2026, 19:24","","Seated Palms Up Wrist Curl",,"",1,"normal",15,18,,,
"Arms","9 Jan 2026, 17:12","9 Jan 2026, 19:24","","Seated Palms Up Wrist Curl",,"",2,"normal",15,16,,,
"Abs + Shoulders","8 Jan 2026, 17:55","8 Jan 2026, 19:46","","Crunch",,"",0,"normal",,15,,,
"Abs + Shoulders","8 Jan 2026, 17:55","8 Jan 2026, 19:46","","Crunch",,"",1,"normal",,15,,,
"Abs + Shoulders","8 Jan 2026, 17:55","8 Jan 2026, 19:46","","Crunch",,"",2,"normal",,20,,,
"Abs + Shoulders","8 Jan 2026, 17:55","8 Jan 2026, 19:46","","Plank",,"",0,"normal",,,,73,
"Abs + Shoulders","8 Jan 2026, 17:55","8 Jan 2026, 19:46","","Plank",,"",1,"normal",,,,72,
"Abs + Shoulders","8 Jan 2026, 17:55","8 Jan 2026, 19:46","","Toe Touch",,"",0,"normal",,24,,,
"Abs + Shoulders","8 Jan 2026, 17:55","8 Jan 2026, 19:46","","Toe Touch",,"",1,"normal",,24,,,
"Abs + Shoulders","8 Jan 2026, 17:55","8 Jan 2026, 19:46","","Toe Touch",,"",2,"normal",,24,,,
"Abs + Shoulders","8 Jan 2026, 17:55","8 Jan 2026, 19:46","","Lying Leg Raise",,"",0,"normal",,15,,,
"Abs + Shoulders","8 Jan 2026, 17:55","8 Jan 2026, 19:46","","Lying Leg Raise",,"",1,"normal",,15,,,
"Abs + Shoulders","8 Jan 2026, 17:55","8 Jan 2026, 19:46","","Lying Leg Raise",,"",2,"normal",,12,,,
"Abs + Shoulders","8 Jan 2026, 17:55","8 Jan 2026, 19:46","","Russian Twist (Weighted)",,"",0,"normal",10,24,,,
"Abs + Shoulders","8 Jan 2026, 17:55","8 Jan 2026, 19:46","","Russian Twist (Weighted)",,"",1,"normal",10,24,,,
"Abs + Shoulders","8 Jan 2026, 17:55","8 Jan 2026, 19:46","","Russian Twist (Weighted)",,"",2,"normal",10,24,,,
"Abs + Shoulders","8 Jan 2026, 17:55","8 Jan 2026, 19:46","","Crunch (Weighted)",,"",0,"normal",15,12,,,
"Abs + Shoulders","8 Jan 2026, 17:55","8 Jan 2026, 19:46","","Crunch (Weighted)",,"",1,"normal",15,12,,,
"Abs + Shoulders","8 Jan 2026, 17:55","8 Jan 2026, 19:46","","Crunch (Weighted)",,"",2,"normal",15,12,,,
"Abs + Shoulders","8 Jan 2026, 17:55","8 Jan 2026, 19:46","","Crunch (Weighted)",,"",3,"normal",15,12,,,
"Abs + Shoulders","8 Jan 2026, 17:55","8 Jan 2026, 19:46","","Crunch (Weighted)",,"",4,"normal",15,12,,,
"Abs + Shoulders","8 Jan 2026, 17:55","8 Jan 2026, 19:46","","Crunch (Weighted)",,"",5,"normal",15,12,,,
"Abs + Shoulders","8 Jan 2026, 17:55","8 Jan 2026, 19:46","","Crunch (Weighted)",,"",6,"normal",15,12,,,
"Abs + Shoulders","8 Jan 2026, 17:55","8 Jan 2026, 19:46","","Crunch (Weighted)",,"",7,"normal",15,12,,,
"Abs + Shoulders","8 Jan 2026, 17:55","8 Jan 2026, 19:46","","Crunch (Weighted)",,"",8,"normal",15,12,,,
"Abs + Shoulders","8 Jan 2026, 17:55","8 Jan 2026, 19:46","","Shoulder Press (Dumbbell)",,"",0,"normal",30,12,,,
"Abs + Shoulders","8 Jan 2026, 17:55","8 Jan 2026, 19:46","","Shoulder Press (Dumbbell)",,"",1,"normal",30,12,,,
"Abs + Shoulders","8 Jan 2026, 17:55","8 Jan 2026, 19:46","","Shoulder Press (Dumbbell)",,"",2,"normal",30,12,,,
"Abs + Shoulders","8 Jan 2026, 17:55","8 Jan 2026, 19:46","","Single Arm Lateral Raise (Cable)",,"",0,"normal",20,12,,,
"Abs + Shoulders","8 Jan 2026, 17:55","8 Jan 2026, 19:46","","Single Arm Lateral Raise (Cable)",,"",1,"normal",20,12,,,
"Abs + Shoulders","8 Jan 2026, 17:55","8 Jan 2026, 19:46","","Single Arm Lateral Raise (Cable)",,"",2,"normal",20,12,,,
"Abs + Shoulders","8 Jan 2026, 17:55","8 Jan 2026, 19:46","","Shrug (Barbell)",,"",0,"normal",40,18,,,
"Abs + Shoulders","8 Jan 2026, 17:55","8 Jan 2026, 19:46","","Shrug (Barbell)",,"",1,"normal",55,16,,,
"Abs + Shoulders","8 Jan 2026, 17:55","8 Jan 2026, 19:46","","Shrug (Barbell)",,"",2,"normal",55,16,,,
"Legs + Forearms","7 Jan 2026, 17:39","7 Jan 2026, 19:36","","Stretching",,"",0,"normal",,,,334,
"Legs + Forearms","7 Jan 2026, 17:39","7 Jan 2026, 19:36","","Bulgarian Split Squat",,"",0,"normal",15,15,,,
"Legs + Forearms","7 Jan 2026, 17:39","7 Jan 2026, 19:36","","Bulgarian Split Squat",,"",1,"normal",20,12,,,
"Legs + Forearms","7 Jan 2026, 17:39","7 Jan 2026, 19:36","","Bulgarian Split Squat",,"",2,"normal",20,12,,,
"Legs + Forearms","7 Jan 2026, 17:39","7 Jan 2026, 19:36","","Leg Extension (Machine)",,"",0,"normal",40,12,,,
"Legs + Forearms","7 Jan 2026, 17:39","7 Jan 2026, 19:36","","Leg Extension (Machine)",,"",1,"normal",45,12,,,
"Legs + Forearms","7 Jan 2026, 17:39","7 Jan 2026, 19:36","","Leg Extension (Machine)",,"",2,"normal",50,12,,,
"Legs + Forearms","7 Jan 2026, 17:39","7 Jan 2026, 19:36","","Seated Leg Curl (Machine)",,"",0,"normal",45,12,,,
"Legs + Forearms","7 Jan 2026, 17:39","7 Jan 2026, 19:36","","Seated Leg Curl (Machine)",,"",1,"normal",50,12,,,
"Legs + Forearms","7 Jan 2026, 17:39","7 Jan 2026, 19:36","","Seated Leg Curl (Machine)",,"",2,"normal",55,12,,,
"Legs + Forearms","7 Jan 2026, 17:39","7 Jan 2026, 19:36","","Hip Abduction (Machine)",,"",0,"normal",60,15,,,
"Legs + Forearms","7 Jan 2026, 17:39","7 Jan 2026, 19:36","","Hip Abduction (Machine)",,"",1,"normal",70,15,,,
"Legs + Forearms","7 Jan 2026, 17:39","7 Jan 2026, 19:36","","Hip Abduction (Machine)",,"",2,"normal",70,15,,,
"Legs + Forearms","7 Jan 2026, 17:39","7 Jan 2026, 19:36","","Hip Adduction (Machine)",,"",0,"normal",60,12,,,
"Legs + Forearms","7 Jan 2026, 17:39","7 Jan 2026, 19:36","","Hip Adduction (Machine)",,"",1,"normal",70,12,,,
"Legs + Forearms","7 Jan 2026, 17:39","7 Jan 2026, 19:36","","Hip Adduction (Machine)",,"",2,"normal",70,12,,,
"Legs + Forearms","7 Jan 2026, 17:39","7 Jan 2026, 19:36","","Leg Press (Machine)",,".",0,"normal",110,12,,,
"Legs + Forearms","7 Jan 2026, 17:39","7 Jan 2026, 19:36","","Leg Press (Machine)",,".",1,"normal",110,12,,,
"Legs + Forearms","7 Jan 2026, 17:39","7 Jan 2026, 19:36","","Leg Press (Machine)",,".",2,"normal",130,12,,,
"Legs + Forearms","7 Jan 2026, 17:39","7 Jan 2026, 19:36","","Standing Calf Raise (Smith)",,"",0,"normal",30,15,,,
"Legs + Forearms","7 Jan 2026, 17:39","7 Jan 2026, 19:36","","Standing Calf Raise (Smith)",,"",1,"normal",30,15,,,
"Legs + Forearms","7 Jan 2026, 17:39","7 Jan 2026, 19:36","","Standing Calf Raise (Smith)",,"",2,"normal",30,15,,,
"Legs + Forearms","7 Jan 2026, 17:39","7 Jan 2026, 19:36","","Reverse Barbell Curl",,"cable",0,"normal",20,20,,,
"Legs + Forearms","7 Jan 2026, 17:39","7 Jan 2026, 19:36","","Reverse Barbell Curl",,"cable",1,"normal",25,15,,,
"Legs + Forearms","7 Jan 2026, 17:39","7 Jan 2026, 19:36","","Reverse Barbell Curl",,"cable",2,"normal",25,12,,,
"Legs + Forearms","7 Jan 2026, 17:39","7 Jan 2026, 19:36","","Seated Palms Up Wrist Curl",,"",0,"normal",20,20,,,
"Legs + Forearms","7 Jan 2026, 17:39","7 Jan 2026, 19:36","","Seated Palms Up Wrist Curl",,"",1,"normal",20,18,,,
"Legs + Forearms","7 Jan 2026, 17:39","7 Jan 2026, 19:36","","Seated Palms Up Wrist Curl",,"",2,"normal",15,15,,,
"Push","6 Jan 2026, 17:45","6 Jan 2026, 19:29","","Push Up",,"",0,"normal",,20,,,
"Push","6 Jan 2026, 17:45","6 Jan 2026, 19:29","","Push Up",,"",1,"normal",,15,,,
"Push","6 Jan 2026, 17:45","6 Jan 2026, 19:29","","Diamond Push Up",,"",0,"normal",,15,,,
"Push","6 Jan 2026, 17:45","6 Jan 2026, 19:29","","Bench Press (Dumbbell)",,"",0,"normal",30,12,,,
"Push","6 Jan 2026, 17:45","6 Jan 2026, 19:29","","Bench Press (Dumbbell)",,"",1,"normal",35,10,,,
"Push","6 Jan 2026, 17:45","6 Jan 2026, 19:29","","Bench Press (Dumbbell)",,"",2,"normal",35,10,,,
"Push","6 Jan 2026, 17:45","6 Jan 2026, 19:29","","Cable Fly Crossovers",,"",0,"normal",30,18,,,
"Push","6 Jan 2026, 17:45","6 Jan 2026, 19:29","","Cable Fly Crossovers",,"",1,"normal",40,12,,,
"Push","6 Jan 2026, 17:45","6 Jan 2026, 19:29","","Cable Fly Crossovers",,"",2,"normal",40,12,,,
"Push","6 Jan 2026, 17:45","6 Jan 2026, 19:29","","Incline Bench Press (Barbell)",,"",0,"normal",35,12,,,
"Push","6 Jan 2026, 17:45","6 Jan 2026, 19:29","","Incline Bench Press (Barbell)",,"",1,"normal",40,10,,,
"Push","6 Jan 2026, 17:45","6 Jan 2026, 19:29","","Incline Bench Press (Barbell)",,"",2,"normal",40,8,,,
"Push","6 Jan 2026, 17:45","6 Jan 2026, 19:29","","Chest Fly (Machine)",,"",0,"normal",45,12,,,
"Push","6 Jan 2026, 17:45","6 Jan 2026, 19:29","","Chest Fly (Machine)",,"",1,"normal",52.5,11,,,
"Push","6 Jan 2026, 17:45","6 Jan 2026, 19:29","","Chest Fly (Machine)",,"",2,"normal",52.5,12,,,
"Push","6 Jan 2026, 17:45","6 Jan 2026, 19:29","","Shoulder Press (Dumbbell)",,"",0,"normal",30,8,,,
"Push","6 Jan 2026, 17:45","6 Jan 2026, 19:29","","Shoulder Press (Dumbbell)",,"",1,"normal",30,8,,,
"Push","6 Jan 2026, 17:45","6 Jan 2026, 19:29","","Shoulder Press (Dumbbell)",,"",2,"normal",30,7,,,
"Push","6 Jan 2026, 17:45","6 Jan 2026, 19:29","","Lateral Raise (Dumbbell)",,"",0,"normal",15,12,,,
"Push","6 Jan 2026, 17:45","6 Jan 2026, 19:29","","Lateral Raise (Dumbbell)",,"",1,"normal",15,12,,,
"Push","6 Jan 2026, 17:45","6 Jan 2026, 19:29","","Triceps Rope Pushdown",,"",0,"normal",25,15,,,
"Push","6 Jan 2026, 17:45","6 Jan 2026, 19:29","","Triceps Rope Pushdown",,"",1,"normal",25,14,,,
"Push","6 Jan 2026, 17:45","6 Jan 2026, 19:29","","Triceps Rope Pushdown",,"",2,"normal",25,14,,,
"Push","6 Jan 2026, 17:45","6 Jan 2026, 19:29","","Overhead Triceps Extension (Cable)",,"",0,"normal",15,14,,,
"Push","6 Jan 2026, 17:45","6 Jan 2026, 19:29","","Overhead Triceps Extension (Cable)",,"",1,"normal",15,14,,,
"Push","6 Jan 2026, 17:45","6 Jan 2026, 19:29","","Overhead Triceps Extension (Cable)",,"",2,"normal",15,14,,,
"Push","6 Jan 2026, 17:45","6 Jan 2026, 19:29","","Bench Dip",,"",0,"normal",,20,,,
"Push","6 Jan 2026, 17:45","6 Jan 2026, 19:29","","Bench Dip",,"",1,"normal",,20,,,
"Push","6 Jan 2026, 17:45","6 Jan 2026, 19:29","","Bench Dip",,"",2,"normal",,20,,,
"Back + Biceps + Forearms","5 Jan 2026, 17:20","5 Jan 2026, 19:26","","Stretching",,"",0,"normal",,,,606,
"Back + Biceps + Forearms","5 Jan 2026, 17:20","5 Jan 2026, 19:26","","Pull Up",,"",0,"normal",,10,,,
"Back + Biceps + Forearms","5 Jan 2026, 17:20","5 Jan 2026, 19:26","","Pull Up",,"",1,"normal",,8,,,
"Back + Biceps + Forearms","5 Jan 2026, 17:20","5 Jan 2026, 19:26","","Pull Up",,"",2,"normal",,7,,,
"Back + Biceps + Forearms","5 Jan 2026, 17:20","5 Jan 2026, 19:26","","Seated Cable Row - Bar Grip",,"",0,"normal",60,14,,,
"Back + Biceps + Forearms","5 Jan 2026, 17:20","5 Jan 2026, 19:26","","Seated Cable Row - Bar Grip",,"",1,"normal",65,12,,,
"Back + Biceps + Forearms","5 Jan 2026, 17:20","5 Jan 2026, 19:26","","Seated Cable Row - Bar Grip",,"",2,"normal",70,12,,,
"Back + Biceps + Forearms","5 Jan 2026, 17:20","5 Jan 2026, 19:26","","Lat Pulldown (Machine)",,"",0,"normal",80,12,,,
"Back + Biceps + Forearms","5 Jan 2026, 17:20","5 Jan 2026, 19:26","","Lat Pulldown (Machine)",,"",1,"normal",80,12,,,
"Back + Biceps + Forearms","5 Jan 2026, 17:20","5 Jan 2026, 19:26","","Lat Pulldown (Machine)",,"",2,"normal",80,12,,,
"Back + Biceps + Forearms","5 Jan 2026, 17:20","5 Jan 2026, 19:26","","Reverse Grip Lat Pulldown (Cable)",,"",0,"normal",45.5,12,,,
"Back + Biceps + Forearms","5 Jan 2026, 17:20","5 Jan 2026, 19:26","","Reverse Grip Lat Pulldown (Cable)",,"",1,"normal",45.5,10,,,
"Back + Biceps + Forearms","5 Jan 2026, 17:20","5 Jan 2026, 19:26","","Reverse Grip Lat Pulldown (Cable)",,"",2,"normal",45.5,12,,,
"Back + Biceps + Forearms","5 Jan 2026, 17:20","5 Jan 2026, 19:26","","Lat Pulldown - Close Grip (Cable)",,"",0,"normal",45.5,12,,,
"Back + Biceps + Forearms","5 Jan 2026, 17:20","5 Jan 2026, 19:26","","Lat Pulldown - Close Grip (Cable)",,"",1,"normal",45.5,10,,,
"Back + Biceps + Forearms","5 Jan 2026, 17:20","5 Jan 2026, 19:26","","Lat Pulldown - Close Grip (Cable)",,"",2,"normal",45.5,8,,,
"Back + Biceps + Forearms","5 Jan 2026, 17:20","5 Jan 2026, 19:26","","Seated Row (Machine)",,"",0,"normal",35,11,,,
"Back + Biceps + Forearms","5 Jan 2026, 17:20","5 Jan 2026, 19:26","","Seated Row (Machine)",,"",1,"normal",40,8,,,
"Back + Biceps + Forearms","5 Jan 2026, 17:20","5 Jan 2026, 19:26","","Seated Row (Machine)",,"",2,"normal",40,9,,,
"Back + Biceps + Forearms","5 Jan 2026, 17:20","5 Jan 2026, 19:26","","Hammer Curl (Cable)",,"",0,"normal",30,12,,,
"Back + Biceps + Forearms","5 Jan 2026, 17:20","5 Jan 2026, 19:26","","Hammer Curl (Cable)",,"",1,"normal",30,12,,,
"Back + Biceps + Forearms","5 Jan 2026, 17:20","5 Jan 2026, 19:26","","Hammer Curl (Cable)",,"",2,"normal",30,12,,,
"Back + Biceps + Forearms","5 Jan 2026, 17:20","5 Jan 2026, 19:26","","Bicep Curl (Cable)",,"",0,"normal",40,10,,,
"Back + Biceps + Forearms","5 Jan 2026, 17:20","5 Jan 2026, 19:26","","Bicep Curl (Cable)",,"",1,"normal",40,10,,,
"Back + Biceps + Forearms","5 Jan 2026, 17:20","5 Jan 2026, 19:26","","Bicep Curl (Cable)",,"",2,"normal",35,10,,,
"Back + Biceps + Forearms","5 Jan 2026, 17:20","5 Jan 2026, 19:26","","Preacher Curl (Barbell)",,"",0,"normal",15,12,,,
"Back + Biceps + Forearms","5 Jan 2026, 17:20","5 Jan 2026, 19:26","","Preacher Curl (Barbell)",,"",1,"normal",15,12,,,
"Back + Biceps + Forearms","5 Jan 2026, 17:20","5 Jan 2026, 19:26","","Preacher Curl (Barbell)",,"",2,"normal",15,12,,,
"Back + Biceps + Forearms","5 Jan 2026, 17:20","5 Jan 2026, 19:26","","Reverse Barbell Curl",,"Barb",0,"normal",15,12,,,
"Back + Biceps + Forearms","5 Jan 2026, 17:20","5 Jan 2026, 19:26","","Reverse Barbell Curl",,"Barb",1,"normal",15,12,,,
"Back + Biceps + Forearms","5 Jan 2026, 17:20","5 Jan 2026, 19:26","","Reverse Barbell Curl",,"Barb",2,"normal",15,12,,,
"Back + Biceps + Forearms","5 Jan 2026, 17:20","5 Jan 2026, 19:26","","Behind the Back Bicep Wrist Curl (Barbell)",,"",0,"normal",20,20,,,
"Back + Biceps + Forearms","5 Jan 2026, 17:20","5 Jan 2026, 19:26","","Behind the Back Bicep Wrist Curl (Barbell)",,"",1,"normal",20,12,,,
"Back + Biceps + Forearms","5 Jan 2026, 17:20","5 Jan 2026, 19:26","","Behind the Back Bicep Wrist Curl (Barbell)",,"",2,"normal",20,12,,,
"Legs","3 Jan 2026, 17:41","3 Jan 2026, 19:22","","Stretching",,"",0,"normal",,,,496,
"Legs","3 Jan 2026, 17:41","3 Jan 2026, 19:22","","Goblet Squat",,"",0,"normal",10,15,,,
"Legs","3 Jan 2026, 17:41","3 Jan 2026, 19:22","","Goblet Squat",,"",1,"normal",15,8,,,
"Legs","3 Jan 2026, 17:41","3 Jan 2026, 19:22","","Bulgarian Split Squat",,"",0,"normal",20,12,,,
"Legs","3 Jan 2026, 17:41","3 Jan 2026, 19:22","","Bulgarian Split Squat",,"",1,"normal",20,10,,,
"Legs","3 Jan 2026, 17:41","3 Jan 2026, 19:22","","Bulgarian Split Squat",,"",2,"normal",20,10,,,
"Legs","3 Jan 2026, 17:41","3 Jan 2026, 19:22","","Seated Leg Curl (Machine)",,"",0,"normal",50,12,,,
"Legs","3 Jan 2026, 17:41","3 Jan 2026, 19:22","","Seated Leg Curl (Machine)",,"",1,"normal",55,12,,,
"Legs","3 Jan 2026, 17:41","3 Jan 2026, 19:22","","Seated Leg Curl (Machine)",,"",2,"normal",60,12,,,
"Legs","3 Jan 2026, 17:41","3 Jan 2026, 19:22","","Leg Extension (Machine)",,"",0,"normal",45,12,,,
"Legs","3 Jan 2026, 17:41","3 Jan 2026, 19:22","","Leg Extension (Machine)",,"",1,"normal",50,12,,,
"Legs","3 Jan 2026, 17:41","3 Jan 2026, 19:22","","Leg Extension (Machine)",,"",2,"normal",55,12,,,
"Legs","3 Jan 2026, 17:41","3 Jan 2026, 19:22","","Hip Abduction (Machine)",,"",0,"normal",70,15,,,
"Legs","3 Jan 2026, 17:41","3 Jan 2026, 19:22","","Hip Abduction (Machine)",,"",1,"normal",70,15,,,
"Legs","3 Jan 2026, 17:41","3 Jan 2026, 19:22","","Hip Adduction (Machine)",,"",0,"normal",70,12,,,
"Legs","3 Jan 2026, 17:41","3 Jan 2026, 19:22","","Hip Adduction (Machine)",,"",1,"normal",70,12,,,
"Legs","3 Jan 2026, 17:41","3 Jan 2026, 19:22","","Leg Press (Machine)",,"outer thighs (close)",0,"normal",70,15,,,
"Legs","3 Jan 2026, 17:41","3 Jan 2026, 19:22","","Leg Press (Machine)",,"outer thighs (close)",1,"normal",80,14,,,
"Legs","3 Jan 2026, 17:41","3 Jan 2026, 19:22","","Leg Press (Machine)",,"outer thighs (close)",2,"normal",80,14,,,
"Legs","3 Jan 2026, 17:41","3 Jan 2026, 19:22","","Standing Calf Raise (Smith)",,"",0,"normal",30,15,,,
"Legs","3 Jan 2026, 17:41","3 Jan 2026, 19:22","","Standing Calf Raise (Smith)",,"",1,"normal",30,15,,,
"Legs","3 Jan 2026, 17:41","3 Jan 2026, 19:22","","Standing Calf Raise (Smith)",,"",2,"normal",30,15,,,
"Arms","2 Jan 2026, 17:40","2 Jan 2026, 19:18","","Hammer Curl (Cable)",,"",0,"normal",25,18,,,
"Arms","2 Jan 2026, 17:40","2 Jan 2026, 19:18","","Hammer Curl (Cable)",,"",1,"normal",30,12,,,
"Arms","2 Jan 2026, 17:40","2 Jan 2026, 19:18","","Hammer Curl (Cable)",,"",2,"normal",30,14,,,
"Arms","2 Jan 2026, 17:40","2 Jan 2026, 19:18","","Triceps Rope Pushdown",,"",0,"normal",25,15,,,
"Arms","2 Jan 2026, 17:40","2 Jan 2026, 19:18","","Triceps Rope Pushdown",,"",1,"normal",30,11,,,
"Arms","2 Jan 2026, 17:40","2 Jan 2026, 19:18","","Triceps Rope Pushdown",,"",2,"normal",30,11,,,
"Arms","2 Jan 2026, 17:40","2 Jan 2026, 19:18","","Bicep Curl (Cable)",,"normal grip",0,"normal",40,12,,,
"Arms","2 Jan 2026, 17:40","2 Jan 2026, 19:18","","Bicep Curl (Cable)",,"normal grip",1,"normal",45,10,,,
"Arms","2 Jan 2026, 17:40","2 Jan 2026, 19:18","","Bicep Curl (Cable)",,"normal grip",2,"normal",45,9,,,
"Arms","2 Jan 2026, 17:40","2 Jan 2026, 19:18","","Overhead Triceps Extension (Cable)",,"",0,"normal",20,15,,,
"Arms","2 Jan 2026, 17:40","2 Jan 2026, 19:18","","Overhead Triceps Extension (Cable)",,"",1,"normal",20,14,,,
"Arms","2 Jan 2026, 17:40","2 Jan 2026, 19:18","","Overhead Triceps Extension (Cable)",,"",2,"normal",20,15,,,
"Arms","2 Jan 2026, 17:40","2 Jan 2026, 19:18","","Reverse Barbell Curl",,"Cable",0,"normal",20,12,,,
"Arms","2 Jan 2026, 17:40","2 Jan 2026, 19:18","","Reverse Barbell Curl",,"Cable",1,"normal",20,17,,,
"Arms","2 Jan 2026, 17:40","2 Jan 2026, 19:18","","Reverse Barbell Curl",,"Cable",2,"normal",20,15,,,
"Arms","2 Jan 2026, 17:40","2 Jan 2026, 19:18","","Behind the Back Curl (Cable)",,"Both hands",0,"normal",30,12,,,
"Arms","2 Jan 2026, 17:40","2 Jan 2026, 19:18","","Behind the Back Curl (Cable)",,"Both hands",1,"normal",30,8,,,
"Arms","2 Jan 2026, 17:40","2 Jan 2026, 19:18","","Behind the Back Curl (Cable)",,"Both hands",2,"normal",30,12,,,
"Arms","2 Jan 2026, 17:40","2 Jan 2026, 19:18","","Preacher Curl (Barbell)",,"",0,"normal",15,15,,,
"Arms","2 Jan 2026, 17:40","2 Jan 2026, 19:18","","Preacher Curl (Barbell)",,"",1,"normal",15,15,,,
"Arms","2 Jan 2026, 17:40","2 Jan 2026, 19:18","","Preacher Curl (Barbell)",,"",2,"normal",15,15,,,
"Arms","2 Jan 2026, 17:40","2 Jan 2026, 19:18","","Bench Dip",,"",0,"normal",,20,,,
"Arms","2 Jan 2026, 17:40","2 Jan 2026, 19:18","","Bench Dip",,"",1,"normal",,20,,,
"Arms","2 Jan 2026, 17:40","2 Jan 2026, 19:18","","Bench Dip",,"",2,"normal",,20,,,
"Arms","2 Jan 2026, 17:40","2 Jan 2026, 19:18","","Behind the Back Bicep Wrist Curl (Barbell)",,"",0,"normal",20,25,,,
"Arms","2 Jan 2026, 17:40","2 Jan 2026, 19:18","","Behind the Back Bicep Wrist Curl (Barbell)",,"",1,"normal",20,25,,,
"Arms","2 Jan 2026, 17:40","2 Jan 2026, 19:18","","Behind the Back Bicep Wrist Curl (Barbell)",,"",2,"normal",20,20,,,
"Abs + Shoulders","1 Jan 2026, 17:23","1 Jan 2026, 19:23","","Plank",,"",0,"normal",,,,61,
"Abs + Shoulders","1 Jan 2026, 17:23","1 Jan 2026, 19:23","","Plank",,"",1,"normal",,,,60,
"Abs + Shoulders","1 Jan 2026, 17:23","1 Jan 2026, 19:23","","Crunch",,"",0,"normal",,20,,,
"Abs + Shoulders","1 Jan 2026, 17:23","1 Jan 2026, 19:23","","Crunch",,"",1,"normal",,20,,,
"Abs + Shoulders","1 Jan 2026, 17:23","1 Jan 2026, 19:23","","Crunch",,"",2,"normal",,20,,,
"Abs + Shoulders","1 Jan 2026, 17:23","1 Jan 2026, 19:23","","Heel Taps",,"",0,"normal",,12,,,
"Abs + Shoulders","1 Jan 2026, 17:23","1 Jan 2026, 19:23","","Heel Taps",,"",1,"normal",,12,,,
"Abs + Shoulders","1 Jan 2026, 17:23","1 Jan 2026, 19:23","","Heel Taps",,"",2,"normal",,12,,,
"Abs + Shoulders","1 Jan 2026, 17:23","1 Jan 2026, 19:23","","Russian Twist (Weighted)",,"",0,"normal",10,24,,,
"Abs + Shoulders","1 Jan 2026, 17:23","1 Jan 2026, 19:23","","Russian Twist (Weighted)",,"",1,"normal",10,30,,,
"Abs + Shoulders","1 Jan 2026, 17:23","1 Jan 2026, 19:23","","Russian Twist (Weighted)",,"",2,"normal",10,30,,,
"Abs + Shoulders","1 Jan 2026, 17:23","1 Jan 2026, 19:23","","Crunch (Weighted)",,"",0,"normal",15,12,,,
"Abs + Shoulders","1 Jan 2026, 17:23","1 Jan 2026, 19:23","","Crunch (Weighted)",,"",1,"normal",15,12,,,
"Abs + Shoulders","1 Jan 2026, 17:23","1 Jan 2026, 19:23","","Crunch (Weighted)",,"",2,"normal",15,12,,,
"Abs + Shoulders","1 Jan 2026, 17:23","1 Jan 2026, 19:23","","Crunch (Weighted)",,"",3,"normal",15,12,,,
"Abs + Shoulders","1 Jan 2026, 17:23","1 Jan 2026, 19:23","","Crunch (Weighted)",,"",4,"normal",15,12,,,
"Abs + Shoulders","1 Jan 2026, 17:23","1 Jan 2026, 19:23","","Crunch (Weighted)",,"",5,"normal",15,12,,,
"Abs + Shoulders","1 Jan 2026, 17:23","1 Jan 2026, 19:23","","Crunch (Weighted)",,"",6,"normal",15,12,,,
"Abs + Shoulders","1 Jan 2026, 17:23","1 Jan 2026, 19:23","","Crunch (Weighted)",,"",7,"normal",15,12,,,
"Abs + Shoulders","1 Jan 2026, 17:23","1 Jan 2026, 19:23","","Crunch (Weighted)",,"",8,"normal",15,12,,,
"Abs + Shoulders","1 Jan 2026, 17:23","1 Jan 2026, 19:23","","Shoulder Press (Dumbbell)",,"",0,"normal",30,12,,,
"Abs + Shoulders","1 Jan 2026, 17:23","1 Jan 2026, 19:23","","Shoulder Press (Dumbbell)",,"",1,"normal",30,12,,,
"Abs + Shoulders","1 Jan 2026, 17:23","1 Jan 2026, 19:23","","Shoulder Press (Dumbbell)",,"",2,"normal",30,12,,,
"Abs + Shoulders","1 Jan 2026, 17:23","1 Jan 2026, 19:23","","Lateral Raise (Dumbbell)",,"",0,"normal",15,12,,,
"Abs + Shoulders","1 Jan 2026, 17:23","1 Jan 2026, 19:23","","Lateral Raise (Dumbbell)",,"",1,"normal",15,12,,,
"Abs + Shoulders","1 Jan 2026, 17:23","1 Jan 2026, 19:23","","Lateral Raise (Dumbbell)",,"",2,"normal",15,12,,,
"Abs + Shoulders","1 Jan 2026, 17:23","1 Jan 2026, 19:23","","Face Pull",,"",0,"normal",25,15,,,
"Abs + Shoulders","1 Jan 2026, 17:23","1 Jan 2026, 19:23","","Face Pull",,"",1,"normal",25,15,,,
"Abs + Shoulders","1 Jan 2026, 17:23","1 Jan 2026, 19:23","","Face Pull",,"",2,"normal",25,15,,,
"Abs + Shoulders","1 Jan 2026, 17:23","1 Jan 2026, 19:23","","Shrug (Barbell)",,"",0,"normal",40,18,,,
"Abs + Shoulders","1 Jan 2026, 17:23","1 Jan 2026, 19:23","","Shrug (Barbell)",,"",1,"normal",50,15,,,
"Abs + Shoulders","1 Jan 2026, 17:23","1 Jan 2026, 19:23","","Shrug (Barbell)",,"",2,"normal",50,18,,,
"Legs","31 Dec 2025, 13:31","31 Dec 2025, 15:17","","Jump Rope",,"250",0,"normal",,,,321,
"Legs","31 Dec 2025, 13:31","31 Dec 2025, 15:17","","Hip Thrust (Barbell)",,"",0,"normal",,15,,,
"Legs","31 Dec 2025, 13:31","31 Dec 2025, 15:17","","Hip Thrust (Barbell)",,"",1,"normal",10,15,,,
"Legs","31 Dec 2025, 13:31","31 Dec 2025, 15:17","","Hip Thrust (Barbell)",,"",2,"normal",20,15,,,
"Legs","31 Dec 2025, 13:31","31 Dec 2025, 15:17","","Hip Thrust (Barbell)",,"",3,"normal",30,12,,,
"Legs","31 Dec 2025, 13:31","31 Dec 2025, 15:17","","Leg Press (Machine)",,"",0,"normal",110,10,,,
"Legs","31 Dec 2025, 13:31","31 Dec 2025, 15:17","","Leg Press (Machine)",,"",1,"normal",110,12,,,
"Legs","31 Dec 2025, 13:31","31 Dec 2025, 15:17","","Leg Press (Machine)",,"",2,"normal",110,12,,,
"Legs","31 Dec 2025, 13:31","31 Dec 2025, 15:17","","Seated Leg Curl (Machine)",,"",0,"normal",45,12,,,
"Legs","31 Dec 2025, 13:31","31 Dec 2025, 15:17","","Seated Leg Curl (Machine)",,"",1,"normal",50,12,,,
"Legs","31 Dec 2025, 13:31","31 Dec 2025, 15:17","","Seated Leg Curl (Machine)",,"",2,"normal",55,12,,,
"Legs","31 Dec 2025, 13:31","31 Dec 2025, 15:17","","Leg Extension (Machine)",,"",0,"normal",45,12,,,
"Legs","31 Dec 2025, 13:31","31 Dec 2025, 15:17","","Leg Extension (Machine)",,"",1,"normal",50,12,,,
"Legs","31 Dec 2025, 13:31","31 Dec 2025, 15:17","","Leg Extension (Machine)",,"",2,"normal",55,12,,,
"Legs","31 Dec 2025, 13:31","31 Dec 2025, 15:17","","Hip Abduction (Machine)",,"",0,"normal",60,15,,,
"Legs","31 Dec 2025, 13:31","31 Dec 2025, 15:17","","Hip Abduction (Machine)",,"",1,"normal",70,15,,,
"Legs","31 Dec 2025, 13:31","31 Dec 2025, 15:17","","Hip Adduction (Machine)",,"",0,"normal",60,12,,,
"Legs","31 Dec 2025, 13:31","31 Dec 2025, 15:17","","Hip Adduction (Machine)",,"",1,"normal",70,15,,,
"Legs","31 Dec 2025, 13:31","31 Dec 2025, 15:17","","Standing Calf Raise",,"",0,"normal",,20,,,
"Legs","31 Dec 2025, 13:31","31 Dec 2025, 15:17","","Standing Calf Raise (Smith)",,"",0,"normal",30,12,,,
"Legs","31 Dec 2025, 13:31","31 Dec 2025, 15:17","","Standing Calf Raise (Smith)",,"",1,"normal",30,15,,,
"Chest + Triceps","30 Dec 2025, 17:52","30 Dec 2025, 19:24","","Push Up",,"",0,"normal",,20,,,
"Chest + Triceps","30 Dec 2025, 17:52","30 Dec 2025, 19:24","","Push Up",,"",1,"normal",,15,,,
"Chest + Triceps","30 Dec 2025, 17:52","30 Dec 2025, 19:24","","Push Up",,"",2,"normal",,15,,,
"Chest + Triceps","30 Dec 2025, 17:52","30 Dec 2025, 19:24","","Bench Press (Barbell)",,"",0,"normal",45,8,,,
"Chest + Triceps","30 Dec 2025, 17:52","30 Dec 2025, 19:24","","Bench Press (Barbell)",,"",1,"normal",50,10,,,
"Chest + Triceps","30 Dec 2025, 17:52","30 Dec 2025, 19:24","","Bench Press (Barbell)",,"",2,"normal",50,8,,,
"Chest + Triceps","30 Dec 2025, 17:52","30 Dec 2025, 19:24","","Incline Bench Press (Dumbbell)",,"",0,"normal",25,10,,,
"Chest + Triceps","30 Dec 2025, 17:52","30 Dec 2025, 19:24","","Incline Bench Press (Dumbbell)",,"",1,"normal",30,9,,,
"Chest + Triceps","30 Dec 2025, 17:52","30 Dec 2025, 19:24","","Incline Bench Press (Dumbbell)",,"",2,"normal",30,10,,,
"Chest + Triceps","30 Dec 2025, 17:52","30 Dec 2025, 19:24","","Cable Fly Crossovers",,"",0,"normal",30,15,,,
"Chest + Triceps","30 Dec 2025, 17:52","30 Dec 2025, 19:24","","Cable Fly Crossovers",,"",1,"normal",30,16,,,
"Chest + Triceps","30 Dec 2025, 17:52","30 Dec 2025, 19:24","","Cable Fly Crossovers",,"",2,"normal",40,11,,,
"Chest + Triceps","30 Dec 2025, 17:52","30 Dec 2025, 19:24","","Chest Fly (Machine)",,"",0,"normal",45,14,,,
"Chest + Triceps","30 Dec 2025, 17:52","30 Dec 2025, 19:24","","Chest Fly (Machine)",,"",1,"normal",45,12,,,
"Chest + Triceps","30 Dec 2025, 17:52","30 Dec 2025, 19:24","","Chest Fly (Machine)",,"",2,"normal",45,12,,,
"Chest + Triceps","30 Dec 2025, 17:52","30 Dec 2025, 19:24","","Dumbbell Squeeze Press",,"",0,"normal",15,15,,,
"Chest + Triceps","30 Dec 2025, 17:52","30 Dec 2025, 19:24","","Dumbbell Squeeze Press",,"",1,"normal",20,12,,,
"Chest + Triceps","30 Dec 2025, 17:52","30 Dec 2025, 19:24","","Dumbbell Squeeze Press",,"",2,"normal",20,10,,,
"Chest + Triceps","30 Dec 2025, 17:52","30 Dec 2025, 19:24","","Triceps Rope Pushdown",,"",0,"normal",25,12,,,
"Chest + Triceps","30 Dec 2025, 17:52","30 Dec 2025, 19:24","","Triceps Rope Pushdown",,"",1,"normal",25,12,,,
"Chest + Triceps","30 Dec 2025, 17:52","30 Dec 2025, 19:24","","Triceps Rope Pushdown",,"",2,"normal",25,12,,,
"Chest + Triceps","30 Dec 2025, 17:52","30 Dec 2025, 19:24","","Overhead Triceps Extension (Cable)",,"",0,"normal",15,14,,,
"Chest + Triceps","30 Dec 2025, 17:52","30 Dec 2025, 19:24","","Overhead Triceps Extension (Cable)",,"",1,"normal",15,15,,,
"Chest + Triceps","30 Dec 2025, 17:52","30 Dec 2025, 19:24","","Overhead Triceps Extension (Cable)",,"",2,"normal",15,13,,,
"Chest + Triceps","30 Dec 2025, 17:52","30 Dec 2025, 19:24","","Bench Dip",,"",0,"normal",,12,,,
"Chest + Triceps","30 Dec 2025, 17:52","30 Dec 2025, 19:24","","Bench Dip",,"",1,"normal",,20,,,
"Back + Biceps + Forearms","29 Dec 2025, 17:45","29 Dec 2025, 19:38","","Pull Up",,"",0,"normal",,9,,,
"Back + Biceps + Forearms","29 Dec 2025, 17:45","29 Dec 2025, 19:38","","Pull Up",,"",1,"normal",,7,,,
"Back + Biceps + Forearms","29 Dec 2025, 17:45","29 Dec 2025, 19:38","","Pull Up",,"",2,"normal",,7,,,
"Back + Biceps + Forearms","29 Dec 2025, 17:45","29 Dec 2025, 19:38","","Lat Pulldown - Close Grip (Cable)",,"",0,"normal",39,15,,,
"Back + Biceps + Forearms","29 Dec 2025, 17:45","29 Dec 2025, 19:38","","Lat Pulldown - Close Grip (Cable)",,"",1,"normal",45.5,12,,,
"Back + Biceps + Forearms","29 Dec 2025, 17:45","29 Dec 2025, 19:38","","Lat Pulldown - Close Grip (Cable)",,"",2,"normal",45.5,12,,,
"Back + Biceps + Forearms","29 Dec 2025, 17:45","29 Dec 2025, 19:38","","Seated Cable Row - Bar Grip",,"",0,"normal",60,12,,,
"Back + Biceps + Forearms","29 Dec 2025, 17:45","29 Dec 2025, 19:38","","Seated Cable Row - Bar Grip",,"",1,"normal",65,12,,,
"Back + Biceps + Forearms","29 Dec 2025, 17:45","29 Dec 2025, 19:38","","Seated Cable Row - Bar Grip",,"",2,"normal",70,12,,,
"Back + Biceps + Forearms","29 Dec 2025, 17:45","29 Dec 2025, 19:38","","Lat Pulldown (Machine)",,"",0,"normal",80,12,,,
"Back + Biceps + Forearms","29 Dec 2025, 17:45","29 Dec 2025, 19:38","","Lat Pulldown (Machine)",,"",1,"normal",80,12,,,
"Back + Biceps + Forearms","29 Dec 2025, 17:45","29 Dec 2025, 19:38","","Lat Pulldown (Machine)",,"",2,"normal",80,11,,,
"Back + Biceps + Forearms","29 Dec 2025, 17:45","29 Dec 2025, 19:38","","Back Extension (Hyperextension)",,"",0,"normal",,12,,,
"Back + Biceps + Forearms","29 Dec 2025, 17:45","29 Dec 2025, 19:38","","Back Extension (Hyperextension)",,"",1,"normal",,12,,,
"Back + Biceps + Forearms","29 Dec 2025, 17:45","29 Dec 2025, 19:38","","Back Extension (Hyperextension)",,"",2,"normal",,15,,,
"Back + Biceps + Forearms","29 Dec 2025, 17:45","29 Dec 2025, 19:38","","Reverse Grip Lat Pulldown (Cable)",,"",0,"normal",45.5,9,,,
"Back + Biceps + Forearms","29 Dec 2025, 17:45","29 Dec 2025, 19:38","","Reverse Grip Lat Pulldown (Cable)",,"",1,"normal",45.5,8,,,
"Back + Biceps + Forearms","29 Dec 2025, 17:45","29 Dec 2025, 19:38","","Hammer Curl (Dumbbell)",,"",0,"normal",15,12,,,
"Back + Biceps + Forearms","29 Dec 2025, 17:45","29 Dec 2025, 19:38","","Hammer Curl (Dumbbell)",,"",1,"normal",20,10,,,
"Back + Biceps + Forearms","29 Dec 2025, 17:45","29 Dec 2025, 19:38","","Hammer Curl (Dumbbell)",,"",2,"normal",20,10,,,
"Back + Biceps + Forearms","29 Dec 2025, 17:45","29 Dec 2025, 19:38","","Seated Incline Curl (Dumbbell)",,"",0,"normal",15,12,,,
"Back + Biceps + Forearms","29 Dec 2025, 17:45","29 Dec 2025, 19:38","","Seated Incline Curl (Dumbbell)",,"",1,"normal",15,10,,,
"Back + Biceps + Forearms","29 Dec 2025, 17:45","29 Dec 2025, 19:38","","Seated Incline Curl (Dumbbell)",,"",2,"normal",15,10,,,
"Back + Biceps + Forearms","29 Dec 2025, 17:45","29 Dec 2025, 19:38","","Preacher Curl (Barbell)",,"",0,"normal",15,14,,,
"Back + Biceps + Forearms","29 Dec 2025, 17:45","29 Dec 2025, 19:38","","Preacher Curl (Barbell)",,"",1,"normal",15,14,,,
"Back + Biceps + Forearms","29 Dec 2025, 17:45","29 Dec 2025, 19:38","","Preacher Curl (Barbell)",,"",2,"normal",15,14,,,
"Back + Biceps + Forearms","29 Dec 2025, 17:45","29 Dec 2025, 19:38","","Reverse Barbell Curl",0,"",0,"normal",15,10,,,
"Back + Biceps + Forearms","29 Dec 2025, 17:45","29 Dec 2025, 19:38","","Reverse Barbell Curl",0,"",1,"normal",15,10,,,
"Back + Biceps + Forearms","29 Dec 2025, 17:45","29 Dec 2025, 19:38","","Reverse Barbell Curl",0,"",2,"normal",15,10,,,
"Back + Biceps + Forearms","29 Dec 2025, 17:45","29 Dec 2025, 19:38","","Behind the Back Bicep Wrist Curl (Barbell)",0,"",0,"normal",20,15,,,
"Back + Biceps + Forearms","29 Dec 2025, 17:45","29 Dec 2025, 19:38","","Behind the Back Bicep Wrist Curl (Barbell)",0,"",1,"normal",20,11,,,
"Back + Biceps + Forearms","29 Dec 2025, 17:45","29 Dec 2025, 19:38","","Behind the Back Bicep Wrist Curl (Barbell)",0,"",2,"normal",20,10,,,
"Shoulders + Stretching","27 Dec 2025, 17:42","27 Dec 2025, 19:03","","Push Up",,"",0,"normal",,40,,,
"Shoulders + Stretching","27 Dec 2025, 17:42","27 Dec 2025, 19:03","","Shoulder Press (Dumbbell)",,"",0,"normal",30,12,,,
"Shoulders + Stretching","27 Dec 2025, 17:42","27 Dec 2025, 19:03","","Shoulder Press (Dumbbell)",,"",1,"normal",30,10,,,
"Shoulders + Stretching","27 Dec 2025, 17:42","27 Dec 2025, 19:03","","Shoulder Press (Dumbbell)",,"",2,"normal",30,13,,,
"Shoulders + Stretching","27 Dec 2025, 17:42","27 Dec 2025, 19:03","","Single Arm Lateral Raise (Cable)",,"",0,"normal",20,10,,,
"Shoulders + Stretching","27 Dec 2025, 17:42","27 Dec 2025, 19:03","","Single Arm Lateral Raise (Cable)",,"",1,"normal",20,10,,,
"Shoulders + Stretching","27 Dec 2025, 17:42","27 Dec 2025, 19:03","","Single Arm Lateral Raise (Cable)",,"",2,"normal",20,11,,,
"Shoulders + Stretching","27 Dec 2025, 17:42","27 Dec 2025, 19:03","","Face Pull",,"",0,"normal",25,15,,,
"Shoulders + Stretching","27 Dec 2025, 17:42","27 Dec 2025, 19:03","","Face Pull",,"",1,"normal",25,15,,,
"Shoulders + Stretching","27 Dec 2025, 17:42","27 Dec 2025, 19:03","","Face Pull",,"",2,"normal",25,15,,,
"Shoulders + Stretching","27 Dec 2025, 17:42","27 Dec 2025, 19:03","","Plate Front Raise",,"",0,"normal",10,12,,,
"Shoulders + Stretching","27 Dec 2025, 17:42","27 Dec 2025, 19:03","","Plate Front Raise",,"",1,"normal",10,15,,,
"Shoulders + Stretching","27 Dec 2025, 17:42","27 Dec 2025, 19:03","","Plate Front Raise",,"",2,"normal",10,15,,,
"Shoulders + Stretching","27 Dec 2025, 17:42","27 Dec 2025, 19:03","","Shrug (Dumbbell)",,"",0,"normal",40,15,,,
"Shoulders + Stretching","27 Dec 2025, 17:42","27 Dec 2025, 19:03","","Shrug (Dumbbell)",,"",1,"normal",45,12,,,
"Shoulders + Stretching","27 Dec 2025, 17:42","27 Dec 2025, 19:03","","Shrug (Dumbbell)",,"",2,"normal",45,12,,,
"Shoulders + Stretching","27 Dec 2025, 17:42","27 Dec 2025, 19:03","","Stretching",,"",0,"normal",,,,750,
"Arms","26 Dec 2025, 18:21","26 Dec 2025, 19:42","","Hammer Curl (Dumbbell)",,"",0,"normal",15,17,,,
"Arms","26 Dec 2025, 18:21","26 Dec 2025, 19:42","","Hammer Curl (Dumbbell)",,"",1,"normal",15,17,,,
"Arms","26 Dec 2025, 18:21","26 Dec 2025, 19:42","","Hammer Curl (Dumbbell)",,"",2,"normal",20,10,,,
"Arms","26 Dec 2025, 18:21","26 Dec 2025, 19:42","","Preacher Curl (Barbell)",,"",0,"normal",15,17,,,
"Arms","26 Dec 2025, 18:21","26 Dec 2025, 19:42","","Preacher Curl (Barbell)",,"",1,"normal",15,15,,,
"Arms","26 Dec 2025, 18:21","26 Dec 2025, 19:42","","Preacher Curl (Barbell)",,"",2,"normal",15,15,,,
"Arms","26 Dec 2025, 18:21","26 Dec 2025, 19:42","","Behind the Back Curl (Cable)",,"",0,"normal",30,15,,,
"Arms","26 Dec 2025, 18:21","26 Dec 2025, 19:42","","Behind the Back Curl (Cable)",,"",1,"normal",30,13,,,
"Arms","26 Dec 2025, 18:21","26 Dec 2025, 19:42","","Behind the Back Curl (Cable)",,"",2,"normal",40,13,,,
"Arms","26 Dec 2025, 18:21","26 Dec 2025, 19:42","","Bicep Curl (Cable)",,"close grip",0,"normal",25,12,,,
"Arms","26 Dec 2025, 18:21","26 Dec 2025, 19:42","","Bicep Curl (Cable)",,"close grip",1,"normal",30,12,,,
"Arms","26 Dec 2025, 18:21","26 Dec 2025, 19:42","","Bicep Curl (Cable)",,"close grip",2,"normal",30,10,,,
"Arms","26 Dec 2025, 18:21","26 Dec 2025, 19:42","","Triceps Rope Pushdown",,"",0,"normal",25,15,,,
"Arms","26 Dec 2025, 18:21","26 Dec 2025, 19:42","","Triceps Rope Pushdown",,"",1,"normal",30,10,,,
"Arms","26 Dec 2025, 18:21","26 Dec 2025, 19:42","","Triceps Rope Pushdown",,"",2,"normal",25,12,,,
"Arms","26 Dec 2025, 18:21","26 Dec 2025, 19:42","","Overhead Triceps Extension (Cable)",,"",0,"normal",15,15,,,
"Arms","26 Dec 2025, 18:21","26 Dec 2025, 19:42","","Overhead Triceps Extension (Cable)",,"",1,"normal",15,15,,,
"Arms","26 Dec 2025, 18:21","26 Dec 2025, 19:42","","Overhead Triceps Extension (Cable)",,"",2,"normal",15,13,,,
"Arms","26 Dec 2025, 18:21","26 Dec 2025, 19:42","","Skullcrusher (Dumbbell)",,"",0,"normal",10,9,,,
"Arms","26 Dec 2025, 18:21","26 Dec 2025, 19:42","","Skullcrusher (Dumbbell)",,"",1,"normal",10,15,,,
"Arms","26 Dec 2025, 18:21","26 Dec 2025, 19:42","","Skullcrusher (Dumbbell)",,"",2,"normal",10,12,,,
".","25 Dec 2025, 19:03","25 Dec 2025, 19:51","","Crunch",,"",0,"normal",,25,,,
".","25 Dec 2025, 19:03","25 Dec 2025, 19:51","","Crunch",,"",1,"normal",,25,,,
".","25 Dec 2025, 19:03","25 Dec 2025, 19:51","","Crunch",,"",2,"normal",,25,,,
".","25 Dec 2025, 19:03","25 Dec 2025, 19:51","","Crunch",,"",3,"normal",,25,,,
".","25 Dec 2025, 19:03","25 Dec 2025, 19:51","","Lying Leg Raise",,"",0,"normal",,15,,,
".","25 Dec 2025, 19:03","25 Dec 2025, 19:51","","Lying Leg Raise",,"",1,"normal",,15,,,
".","25 Dec 2025, 19:03","25 Dec 2025, 19:51","","Lying Leg Raise",,"",2,"normal",,15,,,
".","25 Dec 2025, 19:03","25 Dec 2025, 19:51","","Push Up",,"",0,"normal",,20,,,
".","25 Dec 2025, 19:03","25 Dec 2025, 19:51","","Push Up",,"",1,"normal",,18,,,
"Legs","24 Dec 2025, 18:11","24 Dec 2025, 19:25","","Bulgarian Split Squat",,"",0,"normal",15,12,,,
"Legs","24 Dec 2025, 18:11","24 Dec 2025, 19:25","","Bulgarian Split Squat",,"",1,"normal",20,12,,,
"Legs","24 Dec 2025, 18:11","24 Dec 2025, 19:25","","Bulgarian Split Squat",,"",2,"normal",20,12,,,
"Legs","24 Dec 2025, 18:11","24 Dec 2025, 19:25","","Leg Extension (Machine)",,"",0,"normal",45,12,,,
"Legs","24 Dec 2025, 18:11","24 Dec 2025, 19:25","","Leg Extension (Machine)",,"",1,"normal",50,12,,,
"Legs","24 Dec 2025, 18:11","24 Dec 2025, 19:25","","Leg Extension (Machine)",,"",2,"normal",55,12,,,
"Legs","24 Dec 2025, 18:11","24 Dec 2025, 19:25","","Seated Leg Curl (Machine)",,"",0,"normal",45,12,,,
"Legs","24 Dec 2025, 18:11","24 Dec 2025, 19:25","","Seated Leg Curl (Machine)",,"",1,"normal",50,12,,,
"Legs","24 Dec 2025, 18:11","24 Dec 2025, 19:25","","Seated Leg Curl (Machine)",,"",2,"normal",55,12,,,
"Legs","24 Dec 2025, 18:11","24 Dec 2025, 19:25","","Hip Abduction (Machine)",,"",0,"normal",60,12,,,
"Legs","24 Dec 2025, 18:11","24 Dec 2025, 19:25","","Hip Abduction (Machine)",,"",1,"normal",80,12,,,
"Legs","24 Dec 2025, 18:11","24 Dec 2025, 19:25","","Hip Adduction (Machine)",,"",0,"normal",60,12,,,
"Legs","24 Dec 2025, 18:11","24 Dec 2025, 19:25","","Standing Calf Raise",,"",0,"normal",,15,,,
"Legs","24 Dec 2025, 18:11","24 Dec 2025, 19:25","","Standing Calf Raise",,"",1,"normal",,15,,,
"Legs","24 Dec 2025, 18:11","24 Dec 2025, 19:25","","Standing Calf Raise",,"",2,"normal",,15,,,
"Legs","24 Dec 2025, 18:11","24 Dec 2025, 19:25","","Leg Press (Machine)",,"",0,"normal",100,12,,,
"Legs","24 Dec 2025, 18:11","24 Dec 2025, 19:25","","Leg Press (Machine)",,"",1,"normal",115,12,,,
"Legs","24 Dec 2025, 18:11","24 Dec 2025, 19:25","","Leg Press (Machine)",,"",2,"normal",115,12,,,
"Chest Abs","23 Dec 2025, 18:05","23 Dec 2025, 19:36","","Push Up",,"",0,"normal",,25,,,
"Chest Abs","23 Dec 2025, 18:05","23 Dec 2025, 19:36","","Push Up",,"",1,"normal",,35,,,
"Chest Abs","23 Dec 2025, 18:05","23 Dec 2025, 19:36","","Incline Bench Press (Barbell)",,"",0,"normal",35,8,,,
"Chest Abs","23 Dec 2025, 18:05","23 Dec 2025, 19:36","","Incline Bench Press (Barbell)",,"",1,"normal",35,12,,,
"Chest Abs","23 Dec 2025, 18:05","23 Dec 2025, 19:36","","Incline Bench Press (Barbell)",,"",2,"normal",35,12,,,
"Chest Abs","23 Dec 2025, 18:05","23 Dec 2025, 19:36","","Bench Press (Dumbbell)",,"",0,"normal",30,9,,,
"Chest Abs","23 Dec 2025, 18:05","23 Dec 2025, 19:36","","Bench Press (Dumbbell)",,"",1,"normal",30,9,,,
"Chest Abs","23 Dec 2025, 18:05","23 Dec 2025, 19:36","","Bench Press (Dumbbell)",,"",2,"normal",30,11,,,
"Chest Abs","23 Dec 2025, 18:05","23 Dec 2025, 19:36","","Cable Fly Crossovers",,"",0,"normal",30,20,,,
"Chest Abs","23 Dec 2025, 18:05","23 Dec 2025, 19:36","","Cable Fly Crossovers",,"",1,"normal",40,14,,,
"Chest Abs","23 Dec 2025, 18:05","23 Dec 2025, 19:36","","Cable Fly Crossovers",,"",2,"normal",40,10,,,
"Chest Abs","23 Dec 2025, 18:05","23 Dec 2025, 19:36","","Chest Fly (Machine)",,"",0,"normal",60,10,,,
"Chest Abs","23 Dec 2025, 18:05","23 Dec 2025, 19:36","","Chest Fly (Machine)",,"",1,"normal",60,10,,,
"Chest Abs","23 Dec 2025, 18:05","23 Dec 2025, 19:36","","Chest Fly (Machine)",,"",2,"normal",37.5,15,,,
"Chest Abs","23 Dec 2025, 18:05","23 Dec 2025, 19:36","","Crunch (Weighted)",,"",0,"normal",15,15,,,
"Chest Abs","23 Dec 2025, 18:05","23 Dec 2025, 19:36","","Crunch (Weighted)",,"",1,"normal",15,15,,,
"Chest Abs","23 Dec 2025, 18:05","23 Dec 2025, 19:36","","Crunch (Weighted)",,"",2,"normal",15,15,,,
"Chest Abs","23 Dec 2025, 18:05","23 Dec 2025, 19:36","","Crunch (Weighted)",,"",3,"normal",17.5,15,,,
"Chest Abs","23 Dec 2025, 18:05","23 Dec 2025, 19:36","","Crunch (Weighted)",,"",4,"normal",17.5,15,,,
"Chest Abs","23 Dec 2025, 18:05","23 Dec 2025, 19:36","","Crunch (Weighted)",,"",5,"normal",17.5,15,,,
"Chest Abs","23 Dec 2025, 18:05","23 Dec 2025, 19:36","","Crunch (Weighted)",,"",6,"normal",20,15,,,
"Chest Abs","23 Dec 2025, 18:05","23 Dec 2025, 19:36","","Crunch (Weighted)",,"",7,"normal",20,12,,,
"Chest Abs","23 Dec 2025, 18:05","23 Dec 2025, 19:36","","Crunch (Weighted)",,"",8,"normal",20,12,,,
"Back + Biceps","22 Dec 2025, 18:23","22 Dec 2025, 19:47","","Pull Up",,"",0,"normal",,9,,,
"Back + Biceps","22 Dec 2025, 18:23","22 Dec 2025, 19:47","","Pull Up",,"",1,"normal",,6,,,
"Back + Biceps","22 Dec 2025, 18:23","22 Dec 2025, 19:47","","Pull Up",,"",2,"normal",,6,,,
"Back + Biceps","22 Dec 2025, 18:23","22 Dec 2025, 19:47","","Lat Pulldown - Close Grip (Cable)",,"",0,"normal",39,13,,,
"Back + Biceps","22 Dec 2025, 18:23","22 Dec 2025, 19:47","","Lat Pulldown - Close Grip (Cable)",,"",1,"normal",45.5,12,,,
"Back + Biceps","22 Dec 2025, 18:23","22 Dec 2025, 19:47","","Lat Pulldown - Close Grip (Cable)",,"",2,"normal",45.5,11,,,
"Back + Biceps","22 Dec 2025, 18:23","22 Dec 2025, 19:47","","Iso-Lateral Row (Machine)",,"",0,"normal",30,12,,,
"Back + Biceps","22 Dec 2025, 18:23","22 Dec 2025, 19:47","","Iso-Lateral Row (Machine)",,"",1,"normal",35,12,,,
"Back + Biceps","22 Dec 2025, 18:23","22 Dec 2025, 19:47","","Iso-Lateral Row (Machine)",,"",2,"normal",35,11,,,
"Back + Biceps","22 Dec 2025, 18:23","22 Dec 2025, 19:47","","Chest Supported Incline Row (Dumbbell)",,"",0,"normal",30,12,,,
"Back + Biceps","22 Dec 2025, 18:23","22 Dec 2025, 19:47","","Chest Supported Incline Row (Dumbbell)",,"",1,"normal",30,12,,,
"Back + Biceps","22 Dec 2025, 18:23","22 Dec 2025, 19:47","","Chest Supported Incline Row (Dumbbell)",,"",2,"normal",30,12,,,
"Back + Biceps","22 Dec 2025, 18:23","22 Dec 2025, 19:47","","Seated Cable Row - Bar Grip",,"",0,"normal",60,13,,,
"Back + Biceps","22 Dec 2025, 18:23","22 Dec 2025, 19:47","","Seated Cable Row - Bar Grip",,"",1,"normal",65,12,,,
"Back + Biceps","22 Dec 2025, 18:23","22 Dec 2025, 19:47","","Seated Cable Row - Bar Grip",,"",2,"normal",70,10,,,
"Back + Biceps","22 Dec 2025, 18:23","22 Dec 2025, 19:47","","Hammer Curl (Dumbbell)",,"",0,"normal",20,12,,,
"Back + Biceps","22 Dec 2025, 18:23","22 Dec 2025, 19:47","","Hammer Curl (Dumbbell)",,"",1,"normal",20,10,,,
"Back + Biceps","22 Dec 2025, 18:23","22 Dec 2025, 19:47","","Preacher Curl (Barbell)",,"",0,"normal",10,17,,,
"Back + Biceps","22 Dec 2025, 18:23","22 Dec 2025, 19:47","","Preacher Curl (Barbell)",,"",1,"normal",15,10,,,
"Back + Biceps","22 Dec 2025, 18:23","22 Dec 2025, 19:47","","Preacher Curl (Barbell)",,"",2,"normal",15,12,,,
"Back + Biceps","22 Dec 2025, 18:23","22 Dec 2025, 19:47","","Bicep Curl (Barbell)",,"",0,"normal",15,11,,,
"Back + Biceps","22 Dec 2025, 18:23","22 Dec 2025, 19:47","","Bicep Curl (Barbell)",,"",1,"normal",15,11,,,
"Back + Biceps","22 Dec 2025, 18:23","22 Dec 2025, 19:47","","Bicep Curl (Barbell)",,"",2,"normal",15,11,,,
"Back + Biceps","22 Dec 2025, 18:23","22 Dec 2025, 19:47","","Behind the Back Bicep Wrist Curl (Barbell)",,"",0,"normal",20,20,,,
"Back + Biceps","22 Dec 2025, 18:23","22 Dec 2025, 19:47","","Behind the Back Bicep Wrist Curl (Barbell)",,"",1,"normal",20,20,,,
"Back + Biceps","22 Dec 2025, 18:23","22 Dec 2025, 19:47","","Behind the Back Bicep Wrist Curl (Barbell)",,"",2,"normal",20,15,,,
"Back + Biceps","22 Dec 2025, 18:23","22 Dec 2025, 19:47","","Reverse Barbell Curl",,"",0,"normal",15,12,,,
"Legs","20 Dec 2025, 17:47","20 Dec 2025, 18:59","","Lunge (Dumbbell)",,"",0,"normal",20,12,,,
"Legs","20 Dec 2025, 17:47","20 Dec 2025, 18:59","","Lunge (Dumbbell)",,"",1,"normal",20,12,,,
"Legs","20 Dec 2025, 17:47","20 Dec 2025, 18:59","","Lunge (Dumbbell)",,"",2,"normal",20,12,,,
"Legs","20 Dec 2025, 17:47","20 Dec 2025, 18:59","","Leg Press (Machine)",,"",0,"normal",100,15,,,
"Legs","20 Dec 2025, 17:47","20 Dec 2025, 18:59","","Leg Press (Machine)",,"",1,"normal",110,15,,,
"Legs","20 Dec 2025, 17:47","20 Dec 2025, 18:59","","Leg Press (Machine)",,"",2,"normal",110,12,,,
"Legs","20 Dec 2025, 17:47","20 Dec 2025, 18:59","","Seated Leg Curl (Machine)",,"",0,"normal",45,12,,,
"Legs","20 Dec 2025, 17:47","20 Dec 2025, 18:59","","Seated Leg Curl (Machine)",,"",1,"normal",50,12,,,
"Legs","20 Dec 2025, 17:47","20 Dec 2025, 18:59","","Seated Leg Curl (Machine)",,"",2,"normal",55,11,,,
"Legs","20 Dec 2025, 17:47","20 Dec 2025, 18:59","","Hip Abduction (Machine)",,"",0,"normal",60,12,,,
"Legs","20 Dec 2025, 17:47","20 Dec 2025, 18:59","","Hip Abduction (Machine)",,"",1,"normal",70,15,,,
"Legs","20 Dec 2025, 17:47","20 Dec 2025, 18:59","","Hip Abduction (Machine)",,"",2,"normal",70,12,,,
"Legs","20 Dec 2025, 17:47","20 Dec 2025, 18:59","","Hip Adduction (Machine)",,"",0,"normal",60,12,,,
"Legs","20 Dec 2025, 17:47","20 Dec 2025, 18:59","","Hip Adduction (Machine)",,"",1,"normal",70,12,,,
"Legs","20 Dec 2025, 17:47","20 Dec 2025, 18:59","","Hip Adduction (Machine)",,"",2,"normal",80,12,,,
"Legs","20 Dec 2025, 17:47","20 Dec 2025, 18:59","","Standing Calf Raise",,"",0,"normal",,20,,,
"Legs","20 Dec 2025, 17:47","20 Dec 2025, 18:59","","Standing Calf Raise",,"",1,"normal",,20,,,
"Legs","20 Dec 2025, 17:47","20 Dec 2025, 18:59","","Standing Calf Raise",,"",2,"normal",,20,,,
"Legs","20 Dec 2025, 17:47","20 Dec 2025, 18:59","","Behind the Back Bicep Wrist Curl (Barbell)",,"",0,"normal",20,20,,,
"Legs","20 Dec 2025, 17:47","20 Dec 2025, 18:59","","Behind the Back Bicep Wrist Curl (Barbell)",,"",1,"normal",20,20,,,
"Legs","20 Dec 2025, 17:47","20 Dec 2025, 18:59","","Behind the Back Bicep Wrist Curl (Barbell)",,"",2,"normal",20,20,,,
"Arms","19 Dec 2025, 17:52","19 Dec 2025, 19:43","","Hammer Curl (Cable)",,"",0,"normal",25,15,,,
"Arms","19 Dec 2025, 17:52","19 Dec 2025, 19:43","","Hammer Curl (Cable)",,"",1,"normal",30,12,,,
"Arms","19 Dec 2025, 17:52","19 Dec 2025, 19:43","","Hammer Curl (Cable)",,"",2,"normal",30,12,,,
"Arms","19 Dec 2025, 17:52","19 Dec 2025, 19:43","","Behind the Back Curl (Cable)",,"",0,"normal",30,12,,,
"Arms","19 Dec 2025, 17:52","19 Dec 2025, 19:43","","Behind the Back Curl (Cable)",,"",1,"normal",30,12,,,
"Arms","19 Dec 2025, 17:52","19 Dec 2025, 19:43","","Behind the Back Curl (Cable)",,"",2,"normal",30,12,,,
"Arms","19 Dec 2025, 17:52","19 Dec 2025, 19:43","","Preacher Curl (Barbell)",,"",0,"normal",15,15,,,
"Arms","19 Dec 2025, 17:52","19 Dec 2025, 19:43","","Preacher Curl (Barbell)",,"",1,"normal",15,15,,,
"Arms","19 Dec 2025, 17:52","19 Dec 2025, 19:43","","Preacher Curl (Barbell)",,"",2,"normal",15,12,,,
"Arms","19 Dec 2025, 17:52","19 Dec 2025, 19:43","","Bicep Curl (Cable)",,"",0,"normal",35,12,,,
"Arms","19 Dec 2025, 17:52","19 Dec 2025, 19:43","","Bicep Curl (Cable)",,"",1,"normal",35,10,,,
"Arms","19 Dec 2025, 17:52","19 Dec 2025, 19:43","","Bicep Curl (Cable)",,"",2,"normal",35,10,,,
"Arms","19 Dec 2025, 17:52","19 Dec 2025, 19:43","","Triceps Rope Pushdown",,"",0,"normal",25,15,,,
"Arms","19 Dec 2025, 17:52","19 Dec 2025, 19:43","","Triceps Rope Pushdown",,"",1,"normal",25,15,,,
"Arms","19 Dec 2025, 17:52","19 Dec 2025, 19:43","","Triceps Rope Pushdown",,"",2,"normal",25,12,,,
"Arms","19 Dec 2025, 17:52","19 Dec 2025, 19:43","","Overhead Triceps Extension (Cable)",,"",0,"normal",15,15,,,
"Arms","19 Dec 2025, 17:52","19 Dec 2025, 19:43","","Overhead Triceps Extension (Cable)",,"",1,"normal",15,12,,,
"Arms","19 Dec 2025, 17:52","19 Dec 2025, 19:43","","Overhead Triceps Extension (Cable)",,"",2,"normal",15,12,,,
"Arms","19 Dec 2025, 17:52","19 Dec 2025, 19:43","","Skullcrusher (Dumbbell)",,"",0,"normal",10,15,,,
"Arms","19 Dec 2025, 17:52","19 Dec 2025, 19:43","","Skullcrusher (Dumbbell)",,"",1,"normal",10,17,,,
"Arms","19 Dec 2025, 17:52","19 Dec 2025, 19:43","","Skullcrusher (Dumbbell)",,"",2,"normal",15,9,,,
"Arms","19 Dec 2025, 17:52","19 Dec 2025, 19:43","","Reverse Barbell Curl",,"",0,"normal",15,12,,,
"Arms","19 Dec 2025, 17:52","19 Dec 2025, 19:43","","Reverse Barbell Curl",,"",1,"normal",15,12,,,
"Arms","19 Dec 2025, 17:52","19 Dec 2025, 19:43","","Reverse Barbell Curl",,"",2,"normal",15,15,,,
"Arms","19 Dec 2025, 17:52","19 Dec 2025, 19:43","","Behind the Back Bicep Wrist Curl (Barbell)",,"",0,"normal",15,20,,,
"Arms","19 Dec 2025, 17:52","19 Dec 2025, 19:43","","Behind the Back Bicep Wrist Curl (Barbell)",,"",1,"normal",20,20,,,
"Arms","19 Dec 2025, 17:52","19 Dec 2025, 19:43","","Behind the Back Bicep Wrist Curl (Barbell)",,"",2,"normal",20,20,,,
"Shoulder & Core","18 Dec 2025, 17:57","18 Dec 2025, 19:21","","Pull Up",,"",0,"normal",,8,,,
"Shoulder & Core","18 Dec 2025, 17:57","18 Dec 2025, 19:21","","Pull Up",,"",1,"normal",,6,,,
"Shoulder & Core","18 Dec 2025, 17:57","18 Dec 2025, 19:21","","Shoulder Press (Dumbbell)",,"",0,"normal",30,12,,,
"Shoulder & Core","18 Dec 2025, 17:57","18 Dec 2025, 19:21","","Shoulder Press (Dumbbell)",,"",1,"normal",30,12,,,
"Shoulder & Core","18 Dec 2025, 17:57","18 Dec 2025, 19:21","","Shoulder Press (Dumbbell)",,"",2,"normal",30,11,,,
"Shoulder & Core","18 Dec 2025, 17:57","18 Dec 2025, 19:21","","Lateral Raise (Dumbbell)",,"",0,"normal",15,12,,,
"Shoulder & Core","18 Dec 2025, 17:57","18 Dec 2025, 19:21","","Lateral Raise (Dumbbell)",,"",1,"normal",15,11,,,
"Shoulder & Core","18 Dec 2025, 17:57","18 Dec 2025, 19:21","","Lateral Raise (Dumbbell)",,"",2,"normal",15,11,,,
"Shoulder & Core","18 Dec 2025, 17:57","18 Dec 2025, 19:21","","Face Pull",,"",0,"normal",25,15,,,
"Shoulder & Core","18 Dec 2025, 17:57","18 Dec 2025, 19:21","","Face Pull",,"",1,"normal",25,15,,,
"Shoulder & Core","18 Dec 2025, 17:57","18 Dec 2025, 19:21","","Face Pull",,"",2,"normal",25,15,,,
"Shoulder & Core","18 Dec 2025, 17:57","18 Dec 2025, 19:21","","Seated Overhead Press (Barbell)",,"",0,"normal",20,14,,,
"Shoulder & Core","18 Dec 2025, 17:57","18 Dec 2025, 19:21","","Seated Overhead Press (Barbell)",,"",1,"normal",25,10,,,
"Shoulder & Core","18 Dec 2025, 17:57","18 Dec 2025, 19:21","","Seated Overhead Press (Barbell)",,"",2,"normal",25,9,,,
"Shoulder & Core","18 Dec 2025, 17:57","18 Dec 2025, 19:21","","Shrug (Barbell)",,"",0,"normal",45,18,,,
"Shoulder & Core","18 Dec 2025, 17:57","18 Dec 2025, 19:21","","Shrug (Barbell)",,"",1,"normal",50,15,,,
"Shoulder & Core","18 Dec 2025, 17:57","18 Dec 2025, 19:21","","Shrug (Barbell)",,"",2,"normal",50,15,,,
"Shoulder & Core","18 Dec 2025, 17:57","18 Dec 2025, 19:21","","Crunch (Weighted)",,"",0,"normal",12.5,15,,,
"Shoulder & Core","18 Dec 2025, 17:57","18 Dec 2025, 19:21","","Crunch (Weighted)",,"",1,"normal",12.5,15,,,
"Shoulder & Core","18 Dec 2025, 17:57","18 Dec 2025, 19:21","","Crunch (Weighted)",,"",2,"normal",12.5,15,,,
"Shoulder & Core","18 Dec 2025, 17:57","18 Dec 2025, 19:21","","Crunch (Weighted)",,"",3,"normal",17.5,12,,,
"Shoulder & Core","18 Dec 2025, 17:57","18 Dec 2025, 19:21","","Crunch (Weighted)",,"",4,"normal",17.5,12,,,
"Shoulder & Core","18 Dec 2025, 17:57","18 Dec 2025, 19:21","","Crunch (Weighted)",,"",5,"normal",17.5,12,,,
"Shoulder & Core","18 Dec 2025, 17:57","18 Dec 2025, 19:21","","Crunch (Weighted)",,"",6,"normal",17.5,12,,,
"Shoulder & Core","18 Dec 2025, 17:57","18 Dec 2025, 19:21","","Crunch (Weighted)",,"",7,"normal",17.5,12,,,
"Shoulder & Core","18 Dec 2025, 17:57","18 Dec 2025, 19:21","","Crunch (Weighted)",,"",8,"normal",17.5,12,,,
"Legs 1","17 Dec 2025, 18:24","17 Dec 2025, 19:38","","Bulgarian Split Squat",,"",0,"normal",15,12,,,
"Legs 1","17 Dec 2025, 18:24","17 Dec 2025, 19:38","","Bulgarian Split Squat",,"",1,"normal",20,12,,,
"Legs 1","17 Dec 2025, 18:24","17 Dec 2025, 19:38","","Bulgarian Split Squat",,"",2,"normal",20,12,,,
"Legs 1","17 Dec 2025, 18:24","17 Dec 2025, 19:38","","Leg Extension (Machine)",,"",0,"normal",40,12,,,
"Legs 1","17 Dec 2025, 18:24","17 Dec 2025, 19:38","","Leg Extension (Machine)",,"",1,"normal",45,12,,,
"Legs 1","17 Dec 2025, 18:24","17 Dec 2025, 19:38","","Leg Extension (Machine)",,"",2,"normal",50,12,,,
"Legs 1","17 Dec 2025, 18:24","17 Dec 2025, 19:38","","Seated Leg Curl (Machine)",,"",0,"normal",45,12,,,
"Legs 1","17 Dec 2025, 18:24","17 Dec 2025, 19:38","","Seated Leg Curl (Machine)",,"",1,"normal",50,12,,,
"Legs 1","17 Dec 2025, 18:24","17 Dec 2025, 19:38","","Seated Leg Curl (Machine)",,"",2,"normal",55,12,,,
"Legs 1","17 Dec 2025, 18:24","17 Dec 2025, 19:38","","Seated Leg Curl (Machine)",,"",3,"normal",60,12,,,
"Legs 1","17 Dec 2025, 18:24","17 Dec 2025, 19:38","","Hip Abduction (Machine)",,"",0,"normal",60,15,,,
"Legs 1","17 Dec 2025, 18:24","17 Dec 2025, 19:38","","Hip Abduction (Machine)",,"",1,"normal",70,15,,,
"Legs 1","17 Dec 2025, 18:24","17 Dec 2025, 19:38","","Hip Abduction (Machine)",,"",2,"normal",70,15,,,
"Legs 1","17 Dec 2025, 18:24","17 Dec 2025, 19:38","","Hip Adduction (Machine)",,"",0,"normal",60,12,,,
"Legs 1","17 Dec 2025, 18:24","17 Dec 2025, 19:38","","Hip Adduction (Machine)",,"",1,"normal",60,12,,,
"Legs 1","17 Dec 2025, 18:24","17 Dec 2025, 19:38","","Hip Adduction (Machine)",,"",2,"normal",70,12,,,
"Legs 1","17 Dec 2025, 18:24","17 Dec 2025, 19:38","","Standing Calf Raise",,"",0,"normal",,20,,,
"Legs 1","17 Dec 2025, 18:24","17 Dec 2025, 19:38","","Standing Calf Raise",,"",1,"normal",,20,,,
"Legs 1","17 Dec 2025, 18:24","17 Dec 2025, 19:38","","Standing Calf Raise",,"",2,"normal",,20,,,
"Push 2","16 Dec 2025, 18:08","16 Dec 2025, 19:42","","Push Up",,"",0,"normal",,20,,,
"Push 2","16 Dec 2025, 18:08","16 Dec 2025, 19:42","","Push Up",,"",1,"normal",,15,,,
"Push 2","16 Dec 2025, 18:08","16 Dec 2025, 19:42","","Push Up",,"",2,"normal",,15,,,
"Push 2","16 Dec 2025, 18:08","16 Dec 2025, 19:42","","Bench Press (Barbell)",,"",0,"normal",45,11,,,
"Push 2","16 Dec 2025, 18:08","16 Dec 2025, 19:42","","Bench Press (Barbell)",,"",1,"normal",45,12,,,
"Push 2","16 Dec 2025, 18:08","16 Dec 2025, 19:42","","Bench Press (Barbell)",,"",2,"normal",45,10,,,
"Push 2","16 Dec 2025, 18:08","16 Dec 2025, 19:42","","Incline Bench Press (Dumbbell)",,"",0,"normal",25,13,,,
"Push 2","16 Dec 2025, 18:08","16 Dec 2025, 19:42","","Incline Bench Press (Dumbbell)",,"",1,"normal",25,10,,,
"Push 2","16 Dec 2025, 18:08","16 Dec 2025, 19:42","","Incline Bench Press (Dumbbell)",,"",2,"normal",25,12,,,
"Push 2","16 Dec 2025, 18:08","16 Dec 2025, 19:42","","Chest Fly (Machine)",,"",0,"normal",60,11,,,
"Push 2","16 Dec 2025, 18:08","16 Dec 2025, 19:42","","Chest Fly (Machine)",,"",1,"normal",60,10,,,
"Push 2","16 Dec 2025, 18:08","16 Dec 2025, 19:42","","Chest Fly (Machine)",,"",2,"normal",60,10,,,
"Push 2","16 Dec 2025, 18:08","16 Dec 2025, 19:42","","Triceps Rope Pushdown",,"",0,"normal",25,12,,,
"Push 2","16 Dec 2025, 18:08","16 Dec 2025, 19:42","","Triceps Rope Pushdown",,"",1,"normal",25,12,,,
"Push 2","16 Dec 2025, 18:08","16 Dec 2025, 19:42","","Triceps Rope Pushdown",,"",2,"normal",25,12,,,
"Push 2","16 Dec 2025, 18:08","16 Dec 2025, 19:42","","Overhead Triceps Extension (Cable)",,"",0,"normal",15,15,,,
"Push 2","16 Dec 2025, 18:08","16 Dec 2025, 19:42","","Overhead Triceps Extension (Cable)",,"",1,"normal",15,12,,,
"Push 2","16 Dec 2025, 18:08","16 Dec 2025, 19:42","","Overhead Triceps Extension (Cable)",,"",2,"normal",15,12,,,
"Push 2","16 Dec 2025, 18:08","16 Dec 2025, 19:42","","Cable Fly Crossovers",,"",0,"normal",30,15,,,
"Push 2","16 Dec 2025, 18:08","16 Dec 2025, 19:42","","Cable Fly Crossovers",,"",1,"normal",30,15,,,
"Push 2","16 Dec 2025, 18:08","16 Dec 2025, 19:42","","Cable Fly Crossovers",,"",2,"normal",30,15,,,
"Push 2","16 Dec 2025, 18:08","16 Dec 2025, 19:42","","Bench Dip",,"",0,"normal",,20,,,
"Push 2","16 Dec 2025, 18:08","16 Dec 2025, 19:42","","Bench Dip",,"",1,"normal",,20,,,
"Push 2","16 Dec 2025, 18:08","16 Dec 2025, 19:42","","Bench Dip",,"",2,"normal",,20,,,
"Back + Biceps","15 Dec 2025, 18:17","15 Dec 2025, 19:55","","Pull Up (Band)",,"",0,"normal",,15,,,
"Back + Biceps","15 Dec 2025, 18:17","15 Dec 2025, 19:55","","Pull Up (Band)",,"",1,"normal",,15,,,
"Back + Biceps","15 Dec 2025, 18:17","15 Dec 2025, 19:55","","Pull Up (Band)",,"",2,"normal",,12,,,
"Back + Biceps","15 Dec 2025, 18:17","15 Dec 2025, 19:55","","Reverse Grip Lat Pulldown (Cable)",,"",0,"normal",39,15,,,
"Back + Biceps","15 Dec 2025, 18:17","15 Dec 2025, 19:55","","Reverse Grip Lat Pulldown (Cable)",,"",1,"normal",45.5,10,,,
"Back + Biceps","15 Dec 2025, 18:17","15 Dec 2025, 19:55","","Reverse Grip Lat Pulldown (Cable)",,"",2,"normal",45.5,10,,,
"Back + Biceps","15 Dec 2025, 18:17","15 Dec 2025, 19:55","","Iso-Lateral Row (Machine)",,"",0,"normal",30,12,,,
"Back + Biceps","15 Dec 2025, 18:17","15 Dec 2025, 19:55","","Iso-Lateral Row (Machine)",,"",1,"normal",35,12,,,
"Back + Biceps","15 Dec 2025, 18:17","15 Dec 2025, 19:55","","Iso-Lateral Row (Machine)",,"",2,"normal",35,12,,,
"Back + Biceps","15 Dec 2025, 18:17","15 Dec 2025, 19:55","","Chest Supported Incline Row (Dumbbell)",,"",0,"normal",30,12,,,
"Back + Biceps","15 Dec 2025, 18:17","15 Dec 2025, 19:55","","Chest Supported Incline Row (Dumbbell)",,"",1,"normal",30,12,,,
"Back + Biceps","15 Dec 2025, 18:17","15 Dec 2025, 19:55","","Chest Supported Incline Row (Dumbbell)",,"",2,"normal",30,12,,,
"Back + Biceps","15 Dec 2025, 18:17","15 Dec 2025, 19:55","","Lat Pulldown (Machine)",,"",0,"normal",75,10,,,
"Back + Biceps","15 Dec 2025, 18:17","15 Dec 2025, 19:55","","Lat Pulldown (Machine)",,"",1,"normal",75,10,,,
"Back + Biceps","15 Dec 2025, 18:17","15 Dec 2025, 19:55","","Lat Pulldown (Machine)",,"",2,"normal",75,10,,,
"Back + Biceps","15 Dec 2025, 18:17","15 Dec 2025, 19:55","","Hammer Curl (Dumbbell)",,"",0,"normal",20,10,,,
"Back + Biceps","15 Dec 2025, 18:17","15 Dec 2025, 19:55","","Hammer Curl (Dumbbell)",,"",1,"normal",20,12,,,
"Back + Biceps","15 Dec 2025, 18:17","15 Dec 2025, 19:55","","Hammer Curl (Dumbbell)",,"",2,"normal",20,10,,,
"Back + Biceps","15 Dec 2025, 18:17","15 Dec 2025, 19:55","","Preacher Curl (Barbell)",,"",0,"normal",15,10,,,
"Back + Biceps","15 Dec 2025, 18:17","15 Dec 2025, 19:55","","Preacher Curl (Barbell)",,"",1,"normal",15,10,,,
"Back + Biceps","15 Dec 2025, 18:17","15 Dec 2025, 19:55","","Preacher Curl (Barbell)",,"",2,"normal",15,10,,,
"Back + Biceps","15 Dec 2025, 18:17","15 Dec 2025, 19:55","","Behind the Back Curl (Cable)",,"",0,"normal",30,10,,,
"Back + Biceps","15 Dec 2025, 18:17","15 Dec 2025, 19:55","","Behind the Back Curl (Cable)",,"",1,"normal",30,10,,,
"Back + Biceps","15 Dec 2025, 18:17","15 Dec 2025, 19:55","","Behind the Back Curl (Cable)",,"",2,"normal",30,10,,,
"Legs + Stretching","13 Dec 2025, 18:07","13 Dec 2025, 19:27","","Bulgarian Split Squat",,"",0,"normal",15,12,,,
"Legs + Stretching","13 Dec 2025, 18:07","13 Dec 2025, 19:27","","Bulgarian Split Squat",,"",1,"normal",20,12,,,
"Legs + Stretching","13 Dec 2025, 18:07","13 Dec 2025, 19:27","","Bulgarian Split Squat",,"",2,"normal",20,12,,,
"Legs + Stretching","13 Dec 2025, 18:07","13 Dec 2025, 19:27","","Leg Press (Machine)",,"",0,"normal",110,18,,,
"Legs + Stretching","13 Dec 2025, 18:07","13 Dec 2025, 19:27","","Leg Press (Machine)",,"",1,"normal",110,12,,,
"Legs + Stretching","13 Dec 2025, 18:07","13 Dec 2025, 19:27","","Leg Press (Machine)",,"",2,"normal",110,12,,,
"Legs + Stretching","13 Dec 2025, 18:07","13 Dec 2025, 19:27","","Seated Leg Curl (Machine)",,"",0,"normal",45,12,,,
"Legs + Stretching","13 Dec 2025, 18:07","13 Dec 2025, 19:27","","Seated Leg Curl (Machine)",,"",1,"normal",50,12,,,
"Legs + Stretching","13 Dec 2025, 18:07","13 Dec 2025, 19:27","","Seated Leg Curl (Machine)",,"",2,"normal",55,12,,,
"Legs + Stretching","13 Dec 2025, 18:07","13 Dec 2025, 19:27","","Seated Leg Curl (Machine)",,"",3,"normal",55,12,,,
"Legs + Stretching","13 Dec 2025, 18:07","13 Dec 2025, 19:27","","Hip Abduction (Machine)",,"",0,"normal",60,15,,,
"Legs + Stretching","13 Dec 2025, 18:07","13 Dec 2025, 19:27","","Hip Abduction (Machine)",,"",1,"normal",60,15,,,
"Legs + Stretching","13 Dec 2025, 18:07","13 Dec 2025, 19:27","","Hip Abduction (Machine)",,"",2,"normal",60,15,,,
"Legs + Stretching","13 Dec 2025, 18:07","13 Dec 2025, 19:27","","Hip Adduction (Machine)",,"",0,"normal",60,12,,,
"Legs + Stretching","13 Dec 2025, 18:07","13 Dec 2025, 19:27","","Hip Adduction (Machine)",,"",1,"normal",60,12,,,
"Legs + Stretching","13 Dec 2025, 18:07","13 Dec 2025, 19:27","","Hip Adduction (Machine)",,"",2,"normal",70,12,,,
"Legs + Stretching","13 Dec 2025, 18:07","13 Dec 2025, 19:27","","Standing Calf Raise",,"",0,"normal",,20,,,
"Legs + Stretching","13 Dec 2025, 18:07","13 Dec 2025, 19:27","","Standing Calf Raise",,"",1,"normal",,20,,,
"Legs + Stretching","13 Dec 2025, 18:07","13 Dec 2025, 19:27","","Standing Calf Raise",,"",2,"normal",,20,,,
"Legs + Stretching","13 Dec 2025, 18:07","13 Dec 2025, 19:27","","Stretching",,"",0,"normal",,,,203,
"Arms","12 Dec 2025, 18:39","12 Dec 2025, 19:57","","Hammer Curl (Cable)",,"",0,"normal",30,12,,,
"Arms","12 Dec 2025, 18:39","12 Dec 2025, 19:57","","Hammer Curl (Cable)",,"",1,"normal",30,12,,,
"Arms","12 Dec 2025, 18:39","12 Dec 2025, 19:57","","Hammer Curl (Cable)",,"",2,"normal",30,12,,,
"Arms","12 Dec 2025, 18:39","12 Dec 2025, 19:57","","Triceps Rope Pushdown",,"",0,"normal",20,17,,,
"Arms","12 Dec 2025, 18:39","12 Dec 2025, 19:57","","Triceps Rope Pushdown",,"",1,"normal",25,12,,,
"Arms","12 Dec 2025, 18:39","12 Dec 2025, 19:57","","Triceps Rope Pushdown",,"",2,"normal",25,12,,,
"Arms","12 Dec 2025, 18:39","12 Dec 2025, 19:57","","Bicep Curl (Cable)",,"",0,"normal",35,12,,,
"Arms","12 Dec 2025, 18:39","12 Dec 2025, 19:57","","Bicep Curl (Cable)",,"",1,"normal",40,10,,,
"Arms","12 Dec 2025, 18:39","12 Dec 2025, 19:57","","Bicep Curl (Cable)",,"",2,"normal",40,10,,,
"Arms","12 Dec 2025, 18:39","12 Dec 2025, 19:57","","Overhead Triceps Extension (Cable)",,"",0,"normal",15,15,,,
"Arms","12 Dec 2025, 18:39","12 Dec 2025, 19:57","","Overhead Triceps Extension (Cable)",,"",1,"normal",20,14,,,
"Arms","12 Dec 2025, 18:39","12 Dec 2025, 19:57","","Overhead Triceps Extension (Cable)",,"",2,"normal",20,12,,,
"Arms","12 Dec 2025, 18:39","12 Dec 2025, 19:57","","Behind the Back Curl (Cable)",,"",0,"normal",30,12,,,
"Arms","12 Dec 2025, 18:39","12 Dec 2025, 19:57","","Behind the Back Curl (Cable)",,"",1,"normal",30,12,,,
"Arms","12 Dec 2025, 18:39","12 Dec 2025, 19:57","","Behind the Back Curl (Cable)",,"",2,"normal",30,12,,,
"Arms","12 Dec 2025, 18:39","12 Dec 2025, 19:57","","Skullcrusher (Dumbbell)",,"Decline",0,"normal",10,13,,,
"Arms","12 Dec 2025, 18:39","12 Dec 2025, 19:57","","Skullcrusher (Dumbbell)",,"Decline",1,"normal",10,15,,,
"Arms","12 Dec 2025, 18:39","12 Dec 2025, 19:57","","Skullcrusher (Dumbbell)",,"Decline",2,"normal",10,15,,,
"Abs","11 Dec 2025, 18:20","11 Dec 2025, 19:30","","Crunch",,"",0,"normal",,30,,,
"Abs","11 Dec 2025, 18:20","11 Dec 2025, 19:30","","Plank",,"",0,"normal",,,,61,
"Abs","11 Dec 2025, 18:20","11 Dec 2025, 19:30","","Plank",,"",1,"normal",,,,62,
"Abs","11 Dec 2025, 18:20","11 Dec 2025, 19:30","","Russian Twist (Weighted)",,"",0,"normal",5,30,,,
"Abs","11 Dec 2025, 18:20","11 Dec 2025, 19:30","","Russian Twist (Weighted)",,"",1,"normal",5,30,,,
"Abs","11 Dec 2025, 18:20","11 Dec 2025, 19:30","","Russian Twist (Weighted)",,"",2,"normal",6,36,,,
"Abs","11 Dec 2025, 18:20","11 Dec 2025, 19:30","","Russian Twist (Weighted)",,"",3,"normal",6,30,,,
"Abs","11 Dec 2025, 18:20","11 Dec 2025, 19:30","","Toe Touch",,"Side",0,"normal",,24,,,
"Abs","11 Dec 2025, 18:20","11 Dec 2025, 19:30","","Toe Touch",,"Side",1,"normal",,24,,,
"Abs","11 Dec 2025, 18:20","11 Dec 2025, 19:30","","Toe Touch",,"Side",2,"normal",,24,,,
"Abs","11 Dec 2025, 18:20","11 Dec 2025, 19:30","","Lying Leg Raise",,"",0,"normal",,15,,,
"Abs","11 Dec 2025, 18:20","11 Dec 2025, 19:30","","Lying Leg Raise",,"",1,"normal",,15,,,
"Abs","11 Dec 2025, 18:20","11 Dec 2025, 19:30","","Lying Leg Raise",,"",2,"normal",,15,,,
"Abs","11 Dec 2025, 18:20","11 Dec 2025, 19:30","","Crunch (Weighted)",,"",0,"normal",5,12,,,
"Abs","11 Dec 2025, 18:20","11 Dec 2025, 19:30","","Crunch (Weighted)",,"",1,"normal",5,12,,,
"Abs","11 Dec 2025, 18:20","11 Dec 2025, 19:30","","Crunch (Weighted)",,"",2,"normal",5,12,,,
"Abs","11 Dec 2025, 18:20","11 Dec 2025, 19:30","","Crunch (Weighted)",,"",3,"normal",7.5,12,,,
"Abs","11 Dec 2025, 18:20","11 Dec 2025, 19:30","","Crunch (Weighted)",,"",4,"normal",7.5,12,,,
"Abs","11 Dec 2025, 18:20","11 Dec 2025, 19:30","","Crunch (Weighted)",,"",5,"normal",7.5,12,,,
"Abs","11 Dec 2025, 18:20","11 Dec 2025, 19:30","","Crunch (Weighted)",,"",6,"normal",10,12,,,
"Abs","11 Dec 2025, 18:20","11 Dec 2025, 19:30","","Crunch (Weighted)",,"",7,"normal",10,12,,,
"Abs","11 Dec 2025, 18:20","11 Dec 2025, 19:30","","Crunch (Weighted)",,"",8,"normal",10,12,,,
"Abs","11 Dec 2025, 18:20","11 Dec 2025, 19:30","","Crunch (Weighted)",,"",9,"normal",12.5,12,,,
"Abs","11 Dec 2025, 18:20","11 Dec 2025, 19:30","","Crunch (Weighted)",,"",10,"normal",12.5,12,,,
"Abs","11 Dec 2025, 18:20","11 Dec 2025, 19:30","","Crunch (Weighted)",,"",11,"normal",12.5,12,,,
"Abs","11 Dec 2025, 18:20","11 Dec 2025, 19:30","","Crunch (Weighted)",,"",12,"normal",20,12,,,
"Abs","11 Dec 2025, 18:20","11 Dec 2025, 19:30","","Crunch (Weighted)",,"",13,"normal",20,12,,,
"Abs","11 Dec 2025, 18:20","11 Dec 2025, 19:30","","Crunch (Weighted)",,"",14,"normal",20,12,,,
"Legs Shoulders","10 Dec 2025, 18:18","10 Dec 2025, 19:53","","Bulgarian Split Squat",,"",0,"normal",15,12,,,
"Legs Shoulders","10 Dec 2025, 18:18","10 Dec 2025, 19:53","","Bulgarian Split Squat",,"",1,"normal",20,12,,,
"Legs Shoulders","10 Dec 2025, 18:18","10 Dec 2025, 19:53","","Bulgarian Split Squat",,"",2,"normal",25,12,,,
"Legs Shoulders","10 Dec 2025, 18:18","10 Dec 2025, 19:53","","Leg Extension (Machine)",,"",0,"normal",40,12,,,
"Legs Shoulders","10 Dec 2025, 18:18","10 Dec 2025, 19:53","","Leg Extension (Machine)",,"",1,"normal",45,12,,,
"Legs Shoulders","10 Dec 2025, 18:18","10 Dec 2025, 19:53","","Leg Extension (Machine)",,"",2,"normal",50,12,,,
"Legs Shoulders","10 Dec 2025, 18:18","10 Dec 2025, 19:53","","Seated Leg Curl (Machine)",,"",0,"normal",45,12,,,
"Legs Shoulders","10 Dec 2025, 18:18","10 Dec 2025, 19:53","","Seated Leg Curl (Machine)",,"",1,"normal",50,12,,,
"Legs Shoulders","10 Dec 2025, 18:18","10 Dec 2025, 19:53","","Seated Leg Curl (Machine)",,"",2,"normal",55,12,,,
"Legs Shoulders","10 Dec 2025, 18:18","10 Dec 2025, 19:53","","Hip Adduction (Machine)",,"",0,"normal",60,12,,,
"Legs Shoulders","10 Dec 2025, 18:18","10 Dec 2025, 19:53","","Hip Adduction (Machine)",,"",1,"normal",70,12,,,
"Legs Shoulders","10 Dec 2025, 18:18","10 Dec 2025, 19:53","","Hip Adduction (Machine)",,"",2,"normal",70,12,,,
"Legs Shoulders","10 Dec 2025, 18:18","10 Dec 2025, 19:53","","Hip Abduction (Machine)",,"",0,"normal",60,12,,,
"Legs Shoulders","10 Dec 2025, 18:18","10 Dec 2025, 19:53","","Hip Abduction (Machine)",,"",1,"normal",70,12,,,
"Legs Shoulders","10 Dec 2025, 18:18","10 Dec 2025, 19:53","","Hip Abduction (Machine)",,"",2,"normal",70,12,,,
"Legs Shoulders","10 Dec 2025, 18:18","10 Dec 2025, 19:53","","Standing Calf Raise",,"",0,"normal",,20,,,
"Legs Shoulders","10 Dec 2025, 18:18","10 Dec 2025, 19:53","","Standing Calf Raise",,"",1,"normal",,20,,,
"Legs Shoulders","10 Dec 2025, 18:18","10 Dec 2025, 19:53","","Standing Calf Raise",,"",2,"normal",,20,,,
"Legs Shoulders","10 Dec 2025, 18:18","10 Dec 2025, 19:53","","Shoulder Press (Dumbbell)",,"",0,"normal",20,15,,,
"Legs Shoulders","10 Dec 2025, 18:18","10 Dec 2025, 19:53","","Shoulder Press (Dumbbell)",,"",1,"normal",25,12,,,
"Legs Shoulders","10 Dec 2025, 18:18","10 Dec 2025, 19:53","","Shoulder Press (Dumbbell)",,"",2,"normal",25,15,,,
"Legs Shoulders","10 Dec 2025, 18:18","10 Dec 2025, 19:53","","Lateral Raise (Dumbbell)",,"",0,"normal",10,15,,,
"Legs Shoulders","10 Dec 2025, 18:18","10 Dec 2025, 19:53","","Lateral Raise (Dumbbell)",,"",1,"normal",15,10,,,
"Legs Shoulders","10 Dec 2025, 18:18","10 Dec 2025, 19:53","","Lateral Raise (Dumbbell)",,"",2,"normal",15,10,,,
"Legs Shoulders","10 Dec 2025, 18:18","10 Dec 2025, 19:53","","Face Pull",,"",0,"normal",25,15,,,
"Legs Shoulders","10 Dec 2025, 18:18","10 Dec 2025, 19:53","","Face Pull",,"",1,"normal",25,15,,,
"Legs Shoulders","10 Dec 2025, 18:18","10 Dec 2025, 19:53","","Face Pull",,"",2,"normal",25,15,,,
"Legs Shoulders","10 Dec 2025, 18:18","10 Dec 2025, 19:53","","Shrug (Dumbbell)",,"",0,"normal",40,18,,,
"Legs Shoulders","10 Dec 2025, 18:18","10 Dec 2025, 19:53","","Shrug (Dumbbell)",,"",1,"normal",40,15,,,
"Legs Shoulders","10 Dec 2025, 18:18","10 Dec 2025, 19:53","","Shrug (Dumbbell)",,"",2,"normal",40,15,,,
"Chest + Triceps","9 Dec 2025, 18:35","9 Dec 2025, 19:47","","Push Up",,"",0,"normal",,20,,,
"Chest + Triceps","9 Dec 2025, 18:35","9 Dec 2025, 19:47","","Push Up",,"",1,"normal",,20,,,
"Chest + Triceps","9 Dec 2025, 18:35","9 Dec 2025, 19:47","","Push Up",,"",2,"normal",,15,,,
"Chest + Triceps","9 Dec 2025, 18:35","9 Dec 2025, 19:47","","Bench Press (Dumbbell)",,"",0,"normal",30,12,,,
"Chest + Triceps","9 Dec 2025, 18:35","9 Dec 2025, 19:47","","Bench Press (Dumbbell)",,"",1,"normal",30,12,,,
"Chest + Triceps","9 Dec 2025, 18:35","9 Dec 2025, 19:47","","Bench Press (Dumbbell)",,"",2,"normal",30,11,,,
"Chest + Triceps","9 Dec 2025, 18:35","9 Dec 2025, 19:47","","Chest Fly (Machine)",,"",0,"normal",52.5,12,,,
"Chest + Triceps","9 Dec 2025, 18:35","9 Dec 2025, 19:47","","Chest Fly (Machine)",,"",1,"normal",60,12,,,
"Chest + Triceps","9 Dec 2025, 18:35","9 Dec 2025, 19:47","","Chest Fly (Machine)",,"",2,"normal",60,10,,,
"Chest + Triceps","9 Dec 2025, 18:35","9 Dec 2025, 19:47","","Chest Fly (Machine)",,"",3,"normal",60,10,,,
"Chest + Triceps","9 Dec 2025, 18:35","9 Dec 2025, 19:47","","Incline Bench Press (Barbell)",,"",0,"normal",30,12,,,
"Chest + Triceps","9 Dec 2025, 18:35","9 Dec 2025, 19:47","","Incline Bench Press (Barbell)",,"",1,"normal",35,9,,,
"Chest + Triceps","9 Dec 2025, 18:35","9 Dec 2025, 19:47","","Incline Bench Press (Barbell)",,"",2,"normal",30,9,,,
"Chest + Triceps","9 Dec 2025, 18:35","9 Dec 2025, 19:47","","Cable Fly Crossovers",,"",0,"normal",30,17,,,
"Chest + Triceps","9 Dec 2025, 18:35","9 Dec 2025, 19:47","","Cable Fly Crossovers",,"",1,"normal",30,15,,,
"Chest + Triceps","9 Dec 2025, 18:35","9 Dec 2025, 19:47","","Cable Fly Crossovers",,"",2,"normal",30,12,,,
"Chest + Triceps","9 Dec 2025, 18:35","9 Dec 2025, 19:47","","Triceps Rope Pushdown",,"",0,"normal",25,15,,,
"Chest + Triceps","9 Dec 2025, 18:35","9 Dec 2025, 19:47","","Triceps Rope Pushdown",,"",1,"normal",25,15,,,
"Chest + Triceps","9 Dec 2025, 18:35","9 Dec 2025, 19:47","","Triceps Rope Pushdown",,"",2,"normal",25,12,,,
"Chest + Triceps","9 Dec 2025, 18:35","9 Dec 2025, 19:47","","Overhead Triceps Extension (Cable)",,"",0,"normal",15,14,,,
"Chest + Triceps","9 Dec 2025, 18:35","9 Dec 2025, 19:47","","Overhead Triceps Extension (Cable)",,"",1,"normal",15,15,,,
"Chest + Triceps","9 Dec 2025, 18:35","9 Dec 2025, 19:47","","Overhead Triceps Extension (Cable)",,"",2,"normal",15,12,,,
"Back + Biceps","8 Dec 2025, 18:24","8 Dec 2025, 19:49","","Pull Up (Band)",,"",0,"normal",,15,,,
"Back + Biceps","8 Dec 2025, 18:24","8 Dec 2025, 19:49","","Pull Up (Band)",,"",1,"normal",,13,,,
"Back + Biceps","8 Dec 2025, 18:24","8 Dec 2025, 19:49","","Pull Up (Band)",,"",2,"normal",,10,,,
"Back + Biceps","8 Dec 2025, 18:24","8 Dec 2025, 19:49","","Lat Pulldown (Cable)",,"",0,"normal",39,15,,,
"Back + Biceps","8 Dec 2025, 18:24","8 Dec 2025, 19:49","","Lat Pulldown (Cable)",,"",1,"normal",45.5,10,,,
"Back + Biceps","8 Dec 2025, 18:24","8 Dec 2025, 19:49","","Lat Pulldown - Close Grip (Cable)",,"",0,"normal",39,13,,,
"Back + Biceps","8 Dec 2025, 18:24","8 Dec 2025, 19:49","","Lat Pulldown - Close Grip (Cable)",,"",1,"normal",45.5,11,,,
"Back + Biceps","8 Dec 2025, 18:24","8 Dec 2025, 19:49","","Lat Pulldown - Close Grip (Cable)",,"",2,"normal",45.5,11,,,
"Back + Biceps","8 Dec 2025, 18:24","8 Dec 2025, 19:49","","Seated Cable Row - Bar Grip",,"",0,"normal",30,13,,,
"Back + Biceps","8 Dec 2025, 18:24","8 Dec 2025, 19:49","","Seated Cable Row - Bar Grip",,"",1,"normal",35,12,,,
"Back + Biceps","8 Dec 2025, 18:24","8 Dec 2025, 19:49","","Seated Cable Row - Bar Grip",,"",2,"normal",35,11,,,
"Back + Biceps","8 Dec 2025, 18:24","8 Dec 2025, 19:49","","Chest Supported Incline Row (Dumbbell)",,"",0,"normal",30,12,,,
"Back + Biceps","8 Dec 2025, 18:24","8 Dec 2025, 19:49","","Chest Supported Incline Row (Dumbbell)",,"",1,"normal",30,12,,,
"Back + Biceps","8 Dec 2025, 18:24","8 Dec 2025, 19:49","","Chest Supported Incline Row (Dumbbell)",,"",2,"normal",30,12,,,
"Back + Biceps","8 Dec 2025, 18:24","8 Dec 2025, 19:49","","Hammer Curl (Dumbbell)",,"",0,"normal",20,9,,,
"Back + Biceps","8 Dec 2025, 18:24","8 Dec 2025, 19:49","","Hammer Curl (Dumbbell)",,"",1,"normal",20,12,,,
"Back + Biceps","8 Dec 2025, 18:24","8 Dec 2025, 19:49","","Hammer Curl (Dumbbell)",,"",2,"normal",20,12,,,
"Back + Biceps","8 Dec 2025, 18:24","8 Dec 2025, 19:49","","Bicep Curl (Cable)",,"",0,"normal",40,10,,,
"Back + Biceps","8 Dec 2025, 18:24","8 Dec 2025, 19:49","","Bicep Curl (Cable)",,"",1,"normal",40,10,,,
"Back + Biceps","8 Dec 2025, 18:24","8 Dec 2025, 19:49","","Bicep Curl (Cable)",,"",2,"normal",40,10,,,
"Back + Biceps","8 Dec 2025, 18:24","8 Dec 2025, 19:49","","Preacher Curl (Barbell)",,"",0,"normal",15,12,,,
"Back + Biceps","8 Dec 2025, 18:24","8 Dec 2025, 19:49","","Preacher Curl (Barbell)",,"",1,"normal",15,10,,,
"Back + Biceps","8 Dec 2025, 18:24","8 Dec 2025, 19:49","","Preacher Curl (Barbell)",,"",2,"normal",15,10,,,
"Legs Shoulders","6 Dec 2025, 17:48","6 Dec 2025, 19:59","","Bulgarian Split Squat",,"",0,"normal",15,12,,,
"Legs Shoulders","6 Dec 2025, 17:48","6 Dec 2025, 19:59","","Bulgarian Split Squat",,"",1,"normal",20,12,,,
"Legs Shoulders","6 Dec 2025, 17:48","6 Dec 2025, 19:59","","Bulgarian Split Squat",,"",2,"normal",25,12,,,
"Legs Shoulders","6 Dec 2025, 17:48","6 Dec 2025, 19:59","","Leg Extension (Machine)",,"",0,"normal",40,12,,,
"Legs Shoulders","6 Dec 2025, 17:48","6 Dec 2025, 19:59","","Leg Extension (Machine)",,"",1,"normal",45,12,,,
"Legs Shoulders","6 Dec 2025, 17:48","6 Dec 2025, 19:59","","Leg Extension (Machine)",,"",2,"normal",50,12,,,
"Legs Shoulders","6 Dec 2025, 17:48","6 Dec 2025, 19:59","","Seated Leg Curl (Machine)",,"",0,"normal",45,15,,,
"Legs Shoulders","6 Dec 2025, 17:48","6 Dec 2025, 19:59","","Seated Leg Curl (Machine)",,"",1,"normal",50,12,,,
"Legs Shoulders","6 Dec 2025, 17:48","6 Dec 2025, 19:59","","Seated Leg Curl (Machine)",,"",2,"normal",55,12,,,
"Legs Shoulders","6 Dec 2025, 17:48","6 Dec 2025, 19:59","","Hip Abduction (Machine)",,"",0,"normal",60,15,,,
"Legs Shoulders","6 Dec 2025, 17:48","6 Dec 2025, 19:59","","Hip Abduction (Machine)",,"",1,"normal",70,15,,,
"Legs Shoulders","6 Dec 2025, 17:48","6 Dec 2025, 19:59","","Hip Abduction (Machine)",,"",2,"normal",70,12,,,
"Legs Shoulders","6 Dec 2025, 17:48","6 Dec 2025, 19:59","","Hip Adduction (Machine)",,"",0,"normal",60,12,,,
"Legs Shoulders","6 Dec 2025, 17:48","6 Dec 2025, 19:59","","Hip Adduction (Machine)",,"",1,"normal",70,15,,,
"Legs Shoulders","6 Dec 2025, 17:48","6 Dec 2025, 19:59","","Hip Adduction (Machine)",,"",2,"normal",70,12,,,
"Legs Shoulders","6 Dec 2025, 17:48","6 Dec 2025, 19:59","","Shoulder Press (Dumbbell)",,"",0,"normal",20,15,,,
"Legs Shoulders","6 Dec 2025, 17:48","6 Dec 2025, 19:59","","Shoulder Press (Dumbbell)",,"",1,"normal",25,12,,,
"Legs Shoulders","6 Dec 2025, 17:48","6 Dec 2025, 19:59","","Shoulder Press (Dumbbell)",,"",2,"normal",25,12,,,
"Legs Shoulders","6 Dec 2025, 17:48","6 Dec 2025, 19:59","","Single Arm Lateral Raise (Cable)",,"",0,"normal",20,10,,,
"Legs Shoulders","6 Dec 2025, 17:48","6 Dec 2025, 19:59","","Single Arm Lateral Raise (Cable)",,"",1,"normal",20,10,,,
"Legs Shoulders","6 Dec 2025, 17:48","6 Dec 2025, 19:59","","Single Arm Lateral Raise (Cable)",,"",2,"normal",20,10,,,
"Legs Shoulders","6 Dec 2025, 17:48","6 Dec 2025, 19:59","","Face Pull",,"",0,"normal",35,12,,,
"Legs Shoulders","6 Dec 2025, 17:48","6 Dec 2025, 19:59","","Face Pull",,"",1,"normal",40,12,,,
"Legs Shoulders","6 Dec 2025, 17:48","6 Dec 2025, 19:59","","Face Pull",,"",2,"normal",40,12,,,
"Legs Shoulders","6 Dec 2025, 17:48","6 Dec 2025, 19:59","","Rear Delt Reverse Fly (Machine)",,"",0,"normal",37.5,15,,,
"Legs Shoulders","6 Dec 2025, 17:48","6 Dec 2025, 19:59","","Rear Delt Reverse Fly (Machine)",,"",1,"normal",52.5,10,,,
"Legs Shoulders","6 Dec 2025, 17:48","6 Dec 2025, 19:59","","Rear Delt Reverse Fly (Machine)",,"",2,"normal",45,11,,,
"Legs Shoulders","6 Dec 2025, 17:48","6 Dec 2025, 19:59","","Shrug (Dumbbell)",,"",0,"normal",35,15,,,
"Legs Shoulders","6 Dec 2025, 17:48","6 Dec 2025, 19:59","","Shrug (Dumbbell)",,"",1,"normal",35,20,,,
"Legs Shoulders","6 Dec 2025, 17:48","6 Dec 2025, 19:59","","Shrug (Dumbbell)",,"",2,"normal",40,15,,,
"Legs Shoulders","6 Dec 2025, 17:48","6 Dec 2025, 19:59","","Leg Press (Machine)",,"",0,"normal",90,15,,,
"Legs Shoulders","6 Dec 2025, 17:48","6 Dec 2025, 19:59","","Leg Press (Machine)",,"",1,"normal",100,15,,,
"Legs Shoulders","6 Dec 2025, 17:48","6 Dec 2025, 19:59","","Leg Press (Machine)",,"",2,"normal",120,15,,,
"Legs Shoulders","6 Dec 2025, 17:48","6 Dec 2025, 19:59","","Standing Calf Raise",,"",0,"normal",,20,,,
"Legs Shoulders","6 Dec 2025, 17:48","6 Dec 2025, 19:59","","Standing Calf Raise",,"",1,"normal",,20,,,
"Arms","5 Dec 2025, 18:05","5 Dec 2025, 19:46","","Push Up",,"",0,"normal",,35,,,
"Arms","5 Dec 2025, 18:05","5 Dec 2025, 19:46","","Hammer Curl (Dumbbell)",,"",0,"normal",20,12,,,
"Arms","5 Dec 2025, 18:05","5 Dec 2025, 19:46","","Hammer Curl (Dumbbell)",,"",1,"normal",20,12,,,
"Arms","5 Dec 2025, 18:05","5 Dec 2025, 19:46","","Hammer Curl (Dumbbell)",,"",2,"normal",20,12,,,
"Arms","5 Dec 2025, 18:05","5 Dec 2025, 19:46","","Preacher Curl (Barbell)",,"",0,"normal",15,12,,,
"Arms","5 Dec 2025, 18:05","5 Dec 2025, 19:46","","Preacher Curl (Barbell)",,"",1,"normal",15,12,,,
"Arms","5 Dec 2025, 18:05","5 Dec 2025, 19:46","","Preacher Curl (Barbell)",,"",2,"normal",15,12,,,
"Arms","5 Dec 2025, 18:05","5 Dec 2025, 19:46","","Single Arm Triceps Pushdown (Cable)",,"",0,"normal",10,24,,,
"Arms","5 Dec 2025, 18:05","5 Dec 2025, 19:46","","Single Arm Triceps Pushdown (Cable)",,"",1,"normal",10,24,,,
"Arms","5 Dec 2025, 18:05","5 Dec 2025, 19:46","","Single Arm Triceps Pushdown (Cable)",,"",2,"normal",10,30,,,
"Arms","5 Dec 2025, 18:05","5 Dec 2025, 19:46","","Skullcrusher (Dumbbell)",,"",0,"normal",10,15,,,
"Arms","5 Dec 2025, 18:05","5 Dec 2025, 19:46","","Skullcrusher (Dumbbell)",,"",1,"normal",10,15,,,
"Arms","5 Dec 2025, 18:05","5 Dec 2025, 19:46","","Skullcrusher (Dumbbell)",,"",2,"normal",10,17,,,
"Arms","5 Dec 2025, 18:05","5 Dec 2025, 19:46","","Bicep Curl (Cable)",,"",0,"normal",30,15,,,
"Arms","5 Dec 2025, 18:05","5 Dec 2025, 19:46","","Bicep Curl (Cable)",,"",1,"normal",35,13,,,
"Arms","5 Dec 2025, 18:05","5 Dec 2025, 19:46","","Bicep Curl (Cable)",,"",2,"normal",30,15,,,
"Arms","5 Dec 2025, 18:05","5 Dec 2025, 19:46","","Bicep Curl (Cable)",,"",3,"normal",40,12,,,
"Arms","5 Dec 2025, 18:05","5 Dec 2025, 19:46","","Bicep Curl (Cable)",,"",4,"normal",40,12,,,
"Arms","5 Dec 2025, 18:05","5 Dec 2025, 19:46","","Seated Palms Up Wrist Curl",,"",0,"normal",10,20,,,
"Arms","5 Dec 2025, 18:05","5 Dec 2025, 19:46","","Seated Palms Up Wrist Curl",,"",1,"normal",20,20,,,
"Arms","5 Dec 2025, 18:05","5 Dec 2025, 19:46","","Seated Palms Up Wrist Curl",,"",2,"normal",10,20,,,
"Arms","5 Dec 2025, 18:05","5 Dec 2025, 19:46","","Seated Palms Up Wrist Curl",,"",3,"normal",20,20,,,
"Arms","5 Dec 2025, 18:05","5 Dec 2025, 19:46","","Seated Palms Up Wrist Curl",,"",4,"normal",10,17,,,
"Arms","5 Dec 2025, 18:05","5 Dec 2025, 19:46","","Seated Palms Up Wrist Curl",,"",5,"normal",25,17,,,
"Arms","5 Dec 2025, 18:05","5 Dec 2025, 19:46","","Triceps Extension (Dumbbell)",,"",0,"normal",12.5,17,,,
"Arms","5 Dec 2025, 18:05","5 Dec 2025, 19:46","","Triceps Extension (Dumbbell)",,"",1,"normal",17.5,13,,,
"Arms","5 Dec 2025, 18:05","5 Dec 2025, 19:46","","Triceps Extension (Dumbbell)",,"",2,"normal",17.5,15,,,
"Abs","4 Dec 2025, 18:24","4 Dec 2025, 19:22","","Crunch",,"",0,"normal",,12,,,
"Abs","4 Dec 2025, 18:24","4 Dec 2025, 19:22","","Crunch",,"",1,"normal",,15,,,
"Abs","4 Dec 2025, 18:24","4 Dec 2025, 19:22","","Crunch",,"",2,"normal",,15,,,
"Abs","4 Dec 2025, 18:24","4 Dec 2025, 19:22","","Plank",,"",0,"normal",,,,60,
"Abs","4 Dec 2025, 18:24","4 Dec 2025, 19:22","","Plank",,"",1,"normal",,,,46,
"Abs","4 Dec 2025, 18:24","4 Dec 2025, 19:22","","Russian Twist (Weighted)",,"",0,"normal",5,30,,,
"Abs","4 Dec 2025, 18:24","4 Dec 2025, 19:22","","Russian Twist (Weighted)",,"",1,"normal",5,30,,,
"Abs","4 Dec 2025, 18:24","4 Dec 2025, 19:22","","Russian Twist (Weighted)",,"",2,"normal",5,30,,,
"Abs","4 Dec 2025, 18:24","4 Dec 2025, 19:22","","Lying Leg Raise",,"",0,"normal",,12,,,
"Abs","4 Dec 2025, 18:24","4 Dec 2025, 19:22","","Lying Leg Raise",,"",1,"normal",,12,,,
"Abs","4 Dec 2025, 18:24","4 Dec 2025, 19:22","","Lying Leg Raise",,"",2,"normal",,15,,,
"Abs","4 Dec 2025, 18:24","4 Dec 2025, 19:22","","Crunch (Weighted)",,"",0,"normal",7.5,12,,,
"Abs","4 Dec 2025, 18:24","4 Dec 2025, 19:22","","Crunch (Weighted)",,"",1,"normal",7.5,12,,,
"Abs","4 Dec 2025, 18:24","4 Dec 2025, 19:22","","Crunch (Weighted)",,"",2,"normal",7.5,12,,,
"Abs","4 Dec 2025, 18:24","4 Dec 2025, 19:22","","Crunch (Weighted)",,"",3,"normal",10,12,,,
"Abs","4 Dec 2025, 18:24","4 Dec 2025, 19:22","","Crunch (Weighted)",,"",4,"normal",10,12,,,
"Abs","4 Dec 2025, 18:24","4 Dec 2025, 19:22","","Crunch (Weighted)",,"",5,"normal",10,12,,,
"Abs","4 Dec 2025, 18:24","4 Dec 2025, 19:22","","Crunch (Weighted)",,"",6,"normal",12.5,12,,,
"Abs","4 Dec 2025, 18:24","4 Dec 2025, 19:22","","Crunch (Weighted)",,"",7,"normal",12.5,12,,,
"Abs","4 Dec 2025, 18:24","4 Dec 2025, 19:22","","Crunch (Weighted)",,"",8,"normal",12.5,12,,,
"Abs","4 Dec 2025, 18:24","4 Dec 2025, 19:22","","Crunch (Weighted)",,"",9,"normal",15,12,,,
"Abs","4 Dec 2025, 18:24","4 Dec 2025, 19:22","","Crunch (Weighted)",,"",10,"normal",15,12,,,
"Abs","4 Dec 2025, 18:24","4 Dec 2025, 19:22","","Crunch (Weighted)",,"",11,"normal",15,12,,,
"Legs Shoulders Forearms","3 Dec 2025, 17:52","3 Dec 2025, 19:56","","Leg Extension (Machine)",,"",0,"normal",35,12,,,
"Legs Shoulders Forearms","3 Dec 2025, 17:52","3 Dec 2025, 19:56","","Leg Extension (Machine)",,"",1,"normal",40,12,,,
"Legs Shoulders Forearms","3 Dec 2025, 17:52","3 Dec 2025, 19:56","","Leg Extension (Machine)",,"",2,"normal",45,12,,,
"Legs Shoulders Forearms","3 Dec 2025, 17:52","3 Dec 2025, 19:56","","Seated Leg Curl (Machine)",,"",0,"normal",40,12,,,
"Legs Shoulders Forearms","3 Dec 2025, 17:52","3 Dec 2025, 19:56","","Seated Leg Curl (Machine)",,"",1,"normal",45,12,,,
"Legs Shoulders Forearms","3 Dec 2025, 17:52","3 Dec 2025, 19:56","","Seated Leg Curl (Machine)",,"",2,"normal",50,12,,,
"Legs Shoulders Forearms","3 Dec 2025, 17:52","3 Dec 2025, 19:56","","Hip Adduction (Machine)",,"",0,"normal",60,12,,,
"Legs Shoulders Forearms","3 Dec 2025, 17:52","3 Dec 2025, 19:56","","Hip Adduction (Machine)",,"",1,"normal",60,15,,,
"Legs Shoulders Forearms","3 Dec 2025, 17:52","3 Dec 2025, 19:56","","Hip Adduction (Machine)",,"",2,"normal",70,15,,,
"Legs Shoulders Forearms","3 Dec 2025, 17:52","3 Dec 2025, 19:56","","Hip Abduction (Machine)",,"",0,"normal",60,15,,,
"Legs Shoulders Forearms","3 Dec 2025, 17:52","3 Dec 2025, 19:56","","Hip Abduction (Machine)",,"",1,"normal",60,15,,,
"Legs Shoulders Forearms","3 Dec 2025, 17:52","3 Dec 2025, 19:56","","Hip Abduction (Machine)",,"",2,"normal",70,15,,,
"Legs Shoulders Forearms","3 Dec 2025, 17:52","3 Dec 2025, 19:56","","Bulgarian Split Squat",,"",0,"normal",15,12,,,
"Legs Shoulders Forearms","3 Dec 2025, 17:52","3 Dec 2025, 19:56","","Bulgarian Split Squat",,"",1,"normal",15,12,,,
"Legs Shoulders Forearms","3 Dec 2025, 17:52","3 Dec 2025, 19:56","","Bulgarian Split Squat",,"",2,"normal",20,12,,,
"Legs Shoulders Forearms","3 Dec 2025, 17:52","3 Dec 2025, 19:56","","Standing Calf Raise",,"",0,"normal",,20,,,
"Legs Shoulders Forearms","3 Dec 2025, 17:52","3 Dec 2025, 19:56","","Standing Calf Raise",,"",1,"normal",,20,,,
"Legs Shoulders Forearms","3 Dec 2025, 17:52","3 Dec 2025, 19:56","","Standing Calf Raise",,"",2,"normal",,20,,,
"Legs Shoulders Forearms","3 Dec 2025, 17:52","3 Dec 2025, 19:56","","Standing Calf Raise",,"",3,"normal",,20,,,
"Legs Shoulders Forearms","3 Dec 2025, 17:52","3 Dec 2025, 19:56","","Shoulder Press (Dumbbell)",,".",0,"normal",20,15,,,
"Legs Shoulders Forearms","3 Dec 2025, 17:52","3 Dec 2025, 19:56","","Shoulder Press (Dumbbell)",,".",1,"normal",25,12,,,
"Legs Shoulders Forearms","3 Dec 2025, 17:52","3 Dec 2025, 19:56","","Shoulder Press (Dumbbell)",,".",2,"normal",25,12,,,
"Legs Shoulders Forearms","3 Dec 2025, 17:52","3 Dec 2025, 19:56","","Single Arm Lateral Raise (Cable)",,"",0,"normal",20,8,,,
"Legs Shoulders Forearms","3 Dec 2025, 17:52","3 Dec 2025, 19:56","","Single Arm Lateral Raise (Cable)",,"",1,"normal",10,18,,,
"Legs Shoulders Forearms","3 Dec 2025, 17:52","3 Dec 2025, 19:56","","Single Arm Lateral Raise (Cable)",,"",2,"normal",10,18,,,
"Legs Shoulders Forearms","3 Dec 2025, 17:52","3 Dec 2025, 19:56","","Face Pull",,"",0,"normal",35,12,,,
"Legs Shoulders Forearms","3 Dec 2025, 17:52","3 Dec 2025, 19:56","","Face Pull",,"",1,"normal",40,12,,,
"Legs Shoulders Forearms","3 Dec 2025, 17:52","3 Dec 2025, 19:56","","Face Pull",,"",2,"normal",40,12,,,
"Legs Shoulders Forearms","3 Dec 2025, 17:52","3 Dec 2025, 19:56","","Seated Palms Up Wrist Curl",,"",0,"normal",10,20,,,
"Legs Shoulders Forearms","3 Dec 2025, 17:52","3 Dec 2025, 19:56","","Seated Palms Up Wrist Curl",,"",1,"normal",15,20,,,
"Legs Shoulders Forearms","3 Dec 2025, 17:52","3 Dec 2025, 19:56","","Seated Palms Up Wrist Curl",,"",2,"normal",10,20,,,
"Legs Shoulders Forearms","3 Dec 2025, 17:52","3 Dec 2025, 19:56","","Seated Palms Up Wrist Curl",,"",3,"normal",20,20,,,
"Legs Shoulders Forearms","3 Dec 2025, 17:52","3 Dec 2025, 19:56","","Seated Palms Up Wrist Curl",,"",4,"normal",10,15,,,
"Legs Shoulders Forearms","3 Dec 2025, 17:52","3 Dec 2025, 19:56","","Seated Palms Up Wrist Curl",,"",5,"normal",20,15,,,
"Legs Shoulders Forearms","3 Dec 2025, 17:52","3 Dec 2025, 19:56","","Shrug (Barbell)",,"",0,"normal",35,15,,,
"Legs Shoulders Forearms","3 Dec 2025, 17:52","3 Dec 2025, 19:56","","Shrug (Barbell)",,"",1,"normal",35,15,,,
"Legs Shoulders Forearms","3 Dec 2025, 17:52","3 Dec 2025, 19:56","","Shrug (Barbell)",,"",2,"normal",40,18,,,
"Legs Shoulders Forearms","3 Dec 2025, 17:52","3 Dec 2025, 19:56","","Cycling",,"",0,"normal",,,1,140,
"Chest + Triceps","2 Dec 2025, 18:19","2 Dec 2025, 20:00","","Push Up",,"",0,"normal",,20,,,
"Chest + Triceps","2 Dec 2025, 18:19","2 Dec 2025, 20:00","","Push Up",,"",1,"normal",,20,,,
"Chest + Triceps","2 Dec 2025, 18:19","2 Dec 2025, 20:00","","Push Up",,"",2,"normal",,20,,,
"Chest + Triceps","2 Dec 2025, 18:19","2 Dec 2025, 20:00","","Bench Press (Dumbbell)",,"",0,"normal",30,12,,,
"Chest + Triceps","2 Dec 2025, 18:19","2 Dec 2025, 20:00","","Bench Press (Dumbbell)",,"",1,"normal",30,11,,,
"Chest + Triceps","2 Dec 2025, 18:19","2 Dec 2025, 20:00","","Bench Press (Dumbbell)",,"",2,"normal",30,10,,,
"Chest + Triceps","2 Dec 2025, 18:19","2 Dec 2025, 20:00","","Cable Fly Crossovers",,"",0,"normal",30,14,,,
"Chest + Triceps","2 Dec 2025, 18:19","2 Dec 2025, 20:00","","Cable Fly Crossovers",,"",1,"normal",30,17,,,
"Chest + Triceps","2 Dec 2025, 18:19","2 Dec 2025, 20:00","","Cable Fly Crossovers",,"",2,"normal",30,17,,,
"Chest + Triceps","2 Dec 2025, 18:19","2 Dec 2025, 20:00","","Chest Fly (Machine)",,"",0,"normal",60,12,,,
"Chest + Triceps","2 Dec 2025, 18:19","2 Dec 2025, 20:00","","Chest Fly (Machine)",,"",1,"normal",60,11,,,
"Chest + Triceps","2 Dec 2025, 18:19","2 Dec 2025, 20:00","","Chest Fly (Machine)",,"",2,"normal",60,9,,,
"Chest + Triceps","2 Dec 2025, 18:19","2 Dec 2025, 20:00","","Triceps Rope Pushdown",,"",0,"normal",25,12,,,
"Chest + Triceps","2 Dec 2025, 18:19","2 Dec 2025, 20:00","","Triceps Rope Pushdown",,"",1,"normal",25,12,,,
"Chest + Triceps","2 Dec 2025, 18:19","2 Dec 2025, 20:00","","Triceps Rope Pushdown",,"",2,"normal",25,12,,,
"Chest + Triceps","2 Dec 2025, 18:19","2 Dec 2025, 20:00","","Overhead Triceps Extension (Cable)",,"",0,"normal",15,14,,,
"Chest + Triceps","2 Dec 2025, 18:19","2 Dec 2025, 20:00","","Overhead Triceps Extension (Cable)",,"",1,"normal",20,12,,,
"Chest + Triceps","2 Dec 2025, 18:19","2 Dec 2025, 20:00","","Overhead Triceps Extension (Cable)",,"",2,"normal",20,12,,,
"Chest + Triceps","2 Dec 2025, 18:19","2 Dec 2025, 20:00","","Triceps Pushdown",,"",0,"normal",25,15,,,
"Chest + Triceps","2 Dec 2025, 18:19","2 Dec 2025, 20:00","","Triceps Pushdown",,"",1,"normal",25,12,,,
"Chest + Triceps","2 Dec 2025, 18:19","2 Dec 2025, 20:00","","Triceps Pushdown",,"",2,"normal",25,12,,,
"Chest + Triceps","2 Dec 2025, 18:19","2 Dec 2025, 20:00","","Incline Bench Press (Barbell)",,"",0,"normal",30,12,,,
"Chest + Triceps","2 Dec 2025, 18:19","2 Dec 2025, 20:00","","Incline Bench Press (Barbell)",,"",1,"normal",30,12,,,
"Chest + Triceps","2 Dec 2025, 18:19","2 Dec 2025, 20:00","","Incline Bench Press (Barbell)",,"",2,"normal",30,11,,,
"Back + Biceps","1 Dec 2025, 17:18","1 Dec 2025, 18:53","","Pull Up (Band)",,"",0,"normal",,15,,,
"Back + Biceps","1 Dec 2025, 17:18","1 Dec 2025, 18:53","","Pull Up (Band)",,"",1,"normal",,13,,,
"Back + Biceps","1 Dec 2025, 17:18","1 Dec 2025, 18:53","","Pull Up (Band)",,"",2,"normal",,10,,,
"Back + Biceps","1 Dec 2025, 17:18","1 Dec 2025, 18:53","","Lat Pulldown - Close Grip (Cable)",,"",0,"normal",39,15,,,
"Back + Biceps","1 Dec 2025, 17:18","1 Dec 2025, 18:53","","Lat Pulldown - Close Grip (Cable)",,"",1,"normal",45.5,11,,,
"Back + Biceps","1 Dec 2025, 17:18","1 Dec 2025, 18:53","","Lat Pulldown - Close Grip (Cable)",,"",2,"normal",45.5,10,,,
"Back + Biceps","1 Dec 2025, 17:18","1 Dec 2025, 18:53","","Seated Cable Row - Bar Wide Grip",,"",0,"normal",60,12,,,
"Back + Biceps","1 Dec 2025, 17:18","1 Dec 2025, 18:53","","Seated Cable Row - Bar Wide Grip",,"",1,"normal",60,15,,,
"Back + Biceps","1 Dec 2025, 17:18","1 Dec 2025, 18:53","","Seated Cable Row - Bar Wide Grip",,"",2,"normal",60,14,,,
"Back + Biceps","1 Dec 2025, 17:18","1 Dec 2025, 18:53","","Chest Supported Incline Row (Dumbbell)",,"",0,"normal",20,15,,,
"Back + Biceps","1 Dec 2025, 17:18","1 Dec 2025, 18:53","","Chest Supported Incline Row (Dumbbell)",,"",1,"normal",25,13,,,
"Back + Biceps","1 Dec 2025, 17:18","1 Dec 2025, 18:53","","Chest Supported Incline Row (Dumbbell)",,"",2,"normal",25,12,,,
"Back + Biceps","1 Dec 2025, 17:18","1 Dec 2025, 18:53","","Lat Pulldown (Machine)",,"",0,"normal",60,13,,,
"Back + Biceps","1 Dec 2025, 17:18","1 Dec 2025, 18:53","","Lat Pulldown (Machine)",,"",1,"normal",60,13,,,
"Back + Biceps","1 Dec 2025, 17:18","1 Dec 2025, 18:53","","Lat Pulldown (Machine)",,"",2,"normal",60,13,,,
"Back + Biceps","1 Dec 2025, 17:18","1 Dec 2025, 18:53","","Seated Incline Curl (Dumbbell)",,"",0,"normal",15,13,,,
"Back + Biceps","1 Dec 2025, 17:18","1 Dec 2025, 18:53","","Seated Incline Curl (Dumbbell)",,"",1,"normal",15,12,,,
"Back + Biceps","1 Dec 2025, 17:18","1 Dec 2025, 18:53","","Seated Incline Curl (Dumbbell)",,"",2,"normal",15,11,,,
"Back + Biceps","1 Dec 2025, 17:18","1 Dec 2025, 18:53","","Hammer Curl (Dumbbell)",,"",0,"normal",20,9,,,
"Back + Biceps","1 Dec 2025, 17:18","1 Dec 2025, 18:53","","Hammer Curl (Dumbbell)",,"",1,"normal",20,11,,,
"Back + Biceps","1 Dec 2025, 17:18","1 Dec 2025, 18:53","","Hammer Curl (Dumbbell)",,"",2,"normal",20,10,,,
"Back + Biceps","1 Dec 2025, 17:18","1 Dec 2025, 18:53","","Bicep Curl (Cable)",,"",0,"normal",30,11,,,
"Back + Biceps","1 Dec 2025, 17:18","1 Dec 2025, 18:53","","Bicep Curl (Cable)",,"",1,"normal",30,12,,,
"Back + Biceps","1 Dec 2025, 17:18","1 Dec 2025, 18:53","","Bicep Curl (Cable)",,"",2,"normal",30,12,,,
"Back + Biceps","1 Dec 2025, 17:18","1 Dec 2025, 18:53","","Preacher Curl (Barbell)",,"",0,"normal",15,7,,,
"Back + Biceps","1 Dec 2025, 17:18","1 Dec 2025, 18:53","","Preacher Curl (Barbell)",,"",1,"normal",15,8,,,
"Cardio + Core + Stretching","29 Nov 2025, 18:01","29 Nov 2025, 19:39","","Treadmill",,"",0,"normal",,,1,480,
"Cardio + Core + Stretching","29 Nov 2025, 18:01","29 Nov 2025, 19:39","","Sprints",,"",0,"normal",,,0.25,50,
"Cardio + Core + Stretching","29 Nov 2025, 18:01","29 Nov 2025, 19:39","","Stretching",,"",0,"normal",,,,1254,
"Cardio + Core + Stretching","29 Nov 2025, 18:01","29 Nov 2025, 19:39","","Russian Twist (Weighted)",,"",0,"normal",4,20,,,
"Cardio + Core + Stretching","29 Nov 2025, 18:01","29 Nov 2025, 19:39","","Russian Twist (Weighted)",,"",1,"normal",4,30,,,
"Cardio + Core + Stretching","29 Nov 2025, 18:01","29 Nov 2025, 19:39","","Russian Twist (Weighted)",,"",2,"normal",4,50,,,
"Cardio + Core + Stretching","29 Nov 2025, 18:01","29 Nov 2025, 19:39","","Lying Leg Raise",,"",0,"normal",,12,,,
"Cardio + Core + Stretching","29 Nov 2025, 18:01","29 Nov 2025, 19:39","","Lying Leg Raise",,"",1,"normal",,13,,,
"Cardio + Core + Stretching","29 Nov 2025, 18:01","29 Nov 2025, 19:39","","Lying Leg Raise",,"",2,"normal",,14,,,
"Cardio + Core + Stretching","29 Nov 2025, 18:01","29 Nov 2025, 19:39","","Crunch (Weighted)",,"Straight + Right + Left",0,"normal",7.5,15,,,
"Cardio + Core + Stretching","29 Nov 2025, 18:01","29 Nov 2025, 19:39","","Crunch (Weighted)",,"Straight + Right + Left",1,"normal",7.5,15,,,
"Cardio + Core + Stretching","29 Nov 2025, 18:01","29 Nov 2025, 19:39","","Crunch (Weighted)",,"Straight + Right + Left",2,"normal",7.5,15,,,
"Cardio + Core + Stretching","29 Nov 2025, 18:01","29 Nov 2025, 19:39","","Crunch (Weighted)",,"Straight + Right + Left",3,"normal",12.5,15,,,
"Cardio + Core + Stretching","29 Nov 2025, 18:01","29 Nov 2025, 19:39","","Crunch (Weighted)",,"Straight + Right + Left",4,"normal",12.5,15,,,
"Cardio + Core + Stretching","29 Nov 2025, 18:01","29 Nov 2025, 19:39","","Crunch (Weighted)",,"Straight + Right + Left",5,"normal",12.5,15,,,
"Cardio + Core + Stretching","29 Nov 2025, 18:01","29 Nov 2025, 19:39","","Crunch (Weighted)",,"Straight + Right + Left",6,"normal",15,15,,,
"Cardio + Core + Stretching","29 Nov 2025, 18:01","29 Nov 2025, 19:39","","Crunch (Weighted)",,"Straight + Right + Left",7,"normal",15,15,,,
"Cardio + Core + Stretching","29 Nov 2025, 18:01","29 Nov 2025, 19:39","","Crunch (Weighted)",,"Straight + Right + Left",8,"normal",15,15,,,
"Cardio + Core + Stretching","29 Nov 2025, 18:01","29 Nov 2025, 19:39","","Plank",,"",0,"normal",,,,45,
"Cardio + Core + Stretching","29 Nov 2025, 18:01","29 Nov 2025, 19:39","","Plank",,"",1,"normal",,,,47,
"Cardio + Core + Stretching","29 Nov 2025, 18:01","29 Nov 2025, 19:39","","Dead Hang",,"",0,"normal",,,,41,
"Cardio + Core + Stretching","29 Nov 2025, 18:01","29 Nov 2025, 19:39","","Dead Hang",,"",1,"normal",,,,31,
"Legs","28 Nov 2025, 17:40","28 Nov 2025, 18:29","","Lunge (Dumbbell)",,"",0,"normal",20,12,,,
"Legs","28 Nov 2025, 17:40","28 Nov 2025, 18:29","","Lunge (Dumbbell)",,"",1,"normal",20,12,,,
"Legs","28 Nov 2025, 17:40","28 Nov 2025, 18:29","","Leg Press (Machine)",,"",0,"normal",100,15,,,
"Legs","28 Nov 2025, 17:40","28 Nov 2025, 18:29","","Leg Press (Machine)",,"",1,"normal",110,15,,,
"Legs","28 Nov 2025, 17:40","28 Nov 2025, 18:29","","Leg Press (Machine)",,"",2,"normal",120,15,,,
"Legs","28 Nov 2025, 17:40","28 Nov 2025, 18:29","","Leg Extension (Machine)",,"",0,"normal",35,12,,,
"Legs","28 Nov 2025, 17:40","28 Nov 2025, 18:29","","Leg Extension (Machine)",,"",1,"normal",40,12,,,
"Legs","28 Nov 2025, 17:40","28 Nov 2025, 18:29","","Leg Extension (Machine)",,"",2,"normal",45,12,,,
"Legs","28 Nov 2025, 17:40","28 Nov 2025, 18:29","","Seated Leg Curl (Machine)",,"",0,"normal",40,12,,,
"Legs","28 Nov 2025, 17:40","28 Nov 2025, 18:29","","Seated Leg Curl (Machine)",,"",1,"normal",45,12,,,
"Legs","28 Nov 2025, 17:40","28 Nov 2025, 18:29","","Seated Leg Curl (Machine)",,"",2,"normal",50,12,,,
"Legs","28 Nov 2025, 17:40","28 Nov 2025, 18:29","","Standing Calf Raise",,"",0,"normal",,20,,,
"Legs","28 Nov 2025, 17:40","28 Nov 2025, 18:29","","Standing Calf Raise",,"",1,"normal",,20,,,
"Legs","28 Nov 2025, 17:40","28 Nov 2025, 18:29","","Standing Calf Raise",,"",2,"normal",,20,,,
"Biceps + Triceps + Forearms","27 Nov 2025, 17:37","27 Nov 2025, 18:57","","Hammer Curl (Dumbbell)",,"",0,"normal",15,12,,,
"Biceps + Triceps + Forearms","27 Nov 2025, 17:37","27 Nov 2025, 18:57","","Hammer Curl (Dumbbell)",,"",1,"normal",20,12,,,
"Biceps + Triceps + Forearms","27 Nov 2025, 17:37","27 Nov 2025, 18:57","","Hammer Curl (Dumbbell)",,"",2,"normal",20,12,,,
"Biceps + Triceps + Forearms","27 Nov 2025, 17:37","27 Nov 2025, 18:57","","Preacher Curl (Barbell)",,"",0,"normal",15,12,,,
"Biceps + Triceps + Forearms","27 Nov 2025, 17:37","27 Nov 2025, 18:57","","Preacher Curl (Barbell)",,"",1,"normal",15,12,,,
"Biceps + Triceps + Forearms","27 Nov 2025, 17:37","27 Nov 2025, 18:57","","Preacher Curl (Barbell)",,"",2,"normal",15,12,,,
"Biceps + Triceps + Forearms","27 Nov 2025, 17:37","27 Nov 2025, 18:57","","Bicep Curl (Cable)",,"",0,"normal",30,12,,,
"Biceps + Triceps + Forearms","27 Nov 2025, 17:37","27 Nov 2025, 18:57","","Bicep Curl (Cable)",,"",1,"normal",30,12,,,
"Biceps + Triceps + Forearms","27 Nov 2025, 17:37","27 Nov 2025, 18:57","","Bicep Curl (Cable)",,"",2,"normal",30,12,,,
"Biceps + Triceps + Forearms","27 Nov 2025, 17:37","27 Nov 2025, 18:57","","Bicep Curl (Cable)",,"",3,"normal",30,12,,,
"Biceps + Triceps + Forearms","27 Nov 2025, 17:37","27 Nov 2025, 18:57","","Bicep Curl (Cable)",,"",4,"normal",35,12,,,
"Biceps + Triceps + Forearms","27 Nov 2025, 17:37","27 Nov 2025, 18:57","","Bicep Curl (Cable)",,"",5,"normal",35,11,,,
"Biceps + Triceps + Forearms","27 Nov 2025, 17:37","27 Nov 2025, 18:57","","Triceps Rope Pushdown",,"",0,"normal",25,15,,,
"Biceps + Triceps + Forearms","27 Nov 2025, 17:37","27 Nov 2025, 18:57","","Triceps Rope Pushdown",,"",1,"normal",25,15,,,
"Biceps + Triceps + Forearms","27 Nov 2025, 17:37","27 Nov 2025, 18:57","","Triceps Rope Pushdown",,"",2,"normal",30,6,,,
"Biceps + Triceps + Forearms","27 Nov 2025, 17:37","27 Nov 2025, 18:57","","Triceps Rope Pushdown",,"",3,"normal",25,9,,,
"Biceps + Triceps + Forearms","27 Nov 2025, 17:37","27 Nov 2025, 18:57","","Overhead Triceps Extension (Cable)",,"",0,"normal",15,12,,,
"Biceps + Triceps + Forearms","27 Nov 2025, 17:37","27 Nov 2025, 18:57","","Overhead Triceps Extension (Cable)",,"",1,"normal",20,12,,,
"Biceps + Triceps + Forearms","27 Nov 2025, 17:37","27 Nov 2025, 18:57","","Overhead Triceps Extension (Cable)",,"",2,"normal",20,12,,,
"Biceps + Triceps + Forearms","27 Nov 2025, 17:37","27 Nov 2025, 18:57","","Single Arm Triceps Pushdown (Cable)",,"",0,"normal",10,24,,,
"Biceps + Triceps + Forearms","27 Nov 2025, 17:37","27 Nov 2025, 18:57","","Single Arm Triceps Pushdown (Cable)",,"",1,"normal",10,24,,,
"Biceps + Triceps + Forearms","27 Nov 2025, 17:37","27 Nov 2025, 18:57","","Single Arm Triceps Pushdown (Cable)",,"",2,"normal",15,12,,,
"Biceps + Triceps + Forearms","27 Nov 2025, 17:37","27 Nov 2025, 18:57","","Single Arm Triceps Pushdown (Cable)",,"",3,"normal",10,12,,,
"Biceps + Triceps + Forearms","27 Nov 2025, 17:37","27 Nov 2025, 18:57","","Seated Palms Up Wrist Curl",,"Cable palm up + down",0,"normal",10,12,,,
"Biceps + Triceps + Forearms","27 Nov 2025, 17:37","27 Nov 2025, 18:57","","Seated Palms Up Wrist Curl",,"Cable palm up + down",1,"normal",20,12,,,
"Biceps + Triceps + Forearms","27 Nov 2025, 17:37","27 Nov 2025, 18:57","","Seated Palms Up Wrist Curl",,"Cable palm up + down",2,"normal",10,12,,,
"Biceps + Triceps + Forearms","27 Nov 2025, 17:37","27 Nov 2025, 18:57","","Seated Palms Up Wrist Curl",,"Cable palm up + down",3,"normal",15,12,,,
"Biceps + Triceps + Forearms","27 Nov 2025, 17:37","27 Nov 2025, 18:57","","Seated Palms Up Wrist Curl",,"Cable palm up + down",4,"normal",10,12,,,
"Biceps + Triceps + Forearms","27 Nov 2025, 17:37","27 Nov 2025, 18:57","","Seated Palms Up Wrist Curl",,"Cable palm up + down",5,"normal",15,12,,,
"Biceps + Triceps + Forearms","27 Nov 2025, 17:37","27 Nov 2025, 18:57","","Seated Palms Up Wrist Curl",,"Cable palm up + down",6,"normal",10,12,,,
"Biceps + Triceps + Forearms","27 Nov 2025, 17:37","27 Nov 2025, 18:57","","Seated Palms Up Wrist Curl",,"Cable palm up + down",7,"normal",20,12,,,
"Legs + Shoulders","26 Nov 2025, 18:21","26 Nov 2025, 19:59","","Lunge",,"",0,"normal",,20,,,
"Legs + Shoulders","26 Nov 2025, 18:21","26 Nov 2025, 19:59","","Lunge (Dumbbell)",,"",0,"normal",20,12,,,
"Legs + Shoulders","26 Nov 2025, 18:21","26 Nov 2025, 19:59","","Lunge (Dumbbell)",,"",1,"normal",20,12,,,
"Legs + Shoulders","26 Nov 2025, 18:21","26 Nov 2025, 19:59","","Lunge (Dumbbell)",,"",2,"normal",20,12,,,
"Legs + Shoulders","26 Nov 2025, 18:21","26 Nov 2025, 19:59","","Seated Leg Curl (Machine)",,"",0,"normal",45,15,,,
"Legs + Shoulders","26 Nov 2025, 18:21","26 Nov 2025, 19:59","","Seated Leg Curl (Machine)",,"",1,"normal",50,12,,,
"Legs + Shoulders","26 Nov 2025, 18:21","26 Nov 2025, 19:59","","Seated Leg Curl (Machine)",,"",2,"normal",55,12,,,
"Legs + Shoulders","26 Nov 2025, 18:21","26 Nov 2025, 19:59","","Leg Extension (Machine)",,"",0,"normal",35,15,,,
"Legs + Shoulders","26 Nov 2025, 18:21","26 Nov 2025, 19:59","","Leg Extension (Machine)",,"",1,"normal",40,12,,,
"Legs + Shoulders","26 Nov 2025, 18:21","26 Nov 2025, 19:59","","Leg Extension (Machine)",,"",2,"normal",45,12,,,
"Legs + Shoulders","26 Nov 2025, 18:21","26 Nov 2025, 19:59","","Leg Press (Machine)",,"",0,"normal",100,15,,,
"Legs + Shoulders","26 Nov 2025, 18:21","26 Nov 2025, 19:59","","Leg Press (Machine)",,"",1,"normal",110,12,,,
"Legs + Shoulders","26 Nov 2025, 18:21","26 Nov 2025, 19:59","","Leg Press (Machine)",,"",2,"normal",110,15,,,
"Legs + Shoulders","26 Nov 2025, 18:21","26 Nov 2025, 19:59","","Hip Abduction (Machine)",,"",0,"normal",60,15,,,
"Legs + Shoulders","26 Nov 2025, 18:21","26 Nov 2025, 19:59","","Hip Abduction (Machine)",,"",1,"normal",70,15,,,
"Legs + Shoulders","26 Nov 2025, 18:21","26 Nov 2025, 19:59","","Hip Abduction (Machine)",,"",2,"normal",70,15,,,
"Legs + Shoulders","26 Nov 2025, 18:21","26 Nov 2025, 19:59","","Hip Adduction (Machine)",,"",0,"normal",60,12,,,
"Legs + Shoulders","26 Nov 2025, 18:21","26 Nov 2025, 19:59","","Hip Adduction (Machine)",,"",1,"normal",60,15,,,
"Legs + Shoulders","26 Nov 2025, 18:21","26 Nov 2025, 19:59","","Hip Adduction (Machine)",,"",2,"normal",70,15,,,
"Legs + Shoulders","26 Nov 2025, 18:21","26 Nov 2025, 19:59","","Shoulder Press (Dumbbell)",,"Body tired cuz of legs. Last set was supported.",0,"normal",25,15,,,
"Legs + Shoulders","26 Nov 2025, 18:21","26 Nov 2025, 19:59","","Shoulder Press (Dumbbell)",,"Body tired cuz of legs. Last set was supported.",1,"normal",25,12,,,
"Legs + Shoulders","26 Nov 2025, 18:21","26 Nov 2025, 19:59","","Shoulder Press (Dumbbell)",,"Body tired cuz of legs. Last set was supported.",2,"normal",30,15,,,
"Legs + Shoulders","26 Nov 2025, 18:21","26 Nov 2025, 19:59","","Lateral Raise (Dumbbell)",,"",0,"normal",10,15,,,
"Legs + Shoulders","26 Nov 2025, 18:21","26 Nov 2025, 19:59","","Lateral Raise (Dumbbell)",,"",1,"normal",10,15,,,
"Legs + Shoulders","26 Nov 2025, 18:21","26 Nov 2025, 19:59","","Lateral Raise (Dumbbell)",,"",2,"normal",15,13,,,
"Legs + Shoulders","26 Nov 2025, 18:21","26 Nov 2025, 19:59","","Face Pull",,"",0,"normal",35,12,,,
"Legs + Shoulders","26 Nov 2025, 18:21","26 Nov 2025, 19:59","","Face Pull",,"",1,"normal",40,12,,,
"Legs + Shoulders","26 Nov 2025, 18:21","26 Nov 2025, 19:59","","Face Pull",,"",2,"normal",40,12,,,
"Chest + Biceps","25 Nov 2025, 17:42","25 Nov 2025, 19:03","","Push Up",,"",0,"normal",,18,,,
"Chest + Biceps","25 Nov 2025, 17:42","25 Nov 2025, 19:03","","Push Up",,"",1,"normal",,17,,,
"Chest + Biceps","25 Nov 2025, 17:42","25 Nov 2025, 19:03","","Push Up",,"",2,"normal",,15,,,
"Chest + Biceps","25 Nov 2025, 17:42","25 Nov 2025, 19:03","","Bench Press (Barbell)",,"",0,"normal",40,14,,,
"Chest + Biceps","25 Nov 2025, 17:42","25 Nov 2025, 19:03","","Bench Press (Barbell)",,"",1,"normal",45,8,,,
"Chest + Biceps","25 Nov 2025, 17:42","25 Nov 2025, 19:03","","Bench Press (Barbell)",,"",2,"normal",45,8,,,
"Chest + Biceps","25 Nov 2025, 17:42","25 Nov 2025, 19:03","","Cable Fly Crossovers",,"",0,"normal",30,15,,,
"Chest + Biceps","25 Nov 2025, 17:42","25 Nov 2025, 19:03","","Cable Fly Crossovers",,"",1,"normal",30,17,,,
"Chest + Biceps","25 Nov 2025, 17:42","25 Nov 2025, 19:03","","Cable Fly Crossovers",,"",2,"normal",30,17,,,
"Chest + Biceps","25 Nov 2025, 17:42","25 Nov 2025, 19:03","","Incline Bench Press (Dumbbell)",,"",0,"normal",20,15,,,
"Chest + Biceps","25 Nov 2025, 17:42","25 Nov 2025, 19:03","","Incline Bench Press (Dumbbell)",,"",1,"normal",25,9,,,
"Chest + Biceps","25 Nov 2025, 17:42","25 Nov 2025, 19:03","","Incline Bench Press (Dumbbell)",,"",2,"normal",25,10,,,
"Chest + Biceps","25 Nov 2025, 17:42","25 Nov 2025, 19:03","","Chest Fly (Machine)",,"",0,"normal",67.5,10,,,
"Chest + Biceps","25 Nov 2025, 17:42","25 Nov 2025, 19:03","","Chest Fly (Machine)",,"",1,"normal",60,12,,,
"Chest + Biceps","25 Nov 2025, 17:42","25 Nov 2025, 19:03","","Chest Fly (Machine)",,"",2,"normal",60,10,,,
"Chest + Biceps","25 Nov 2025, 17:42","25 Nov 2025, 19:03","","Hammer Curl (Dumbbell)",,"",0,"normal",15,15,,,
"Chest + Biceps","25 Nov 2025, 17:42","25 Nov 2025, 19:03","","Hammer Curl (Dumbbell)",,"",1,"normal",20,12,,,
"Chest + Biceps","25 Nov 2025, 17:42","25 Nov 2025, 19:03","","Hammer Curl (Dumbbell)",,"",2,"normal",20,12,,,
"Chest + Biceps","25 Nov 2025, 17:42","25 Nov 2025, 19:03","","Preacher Curl (Barbell)",,"",0,"normal",15,17,,,
"Chest + Biceps","25 Nov 2025, 17:42","25 Nov 2025, 19:03","","Preacher Curl (Barbell)",,"",1,"normal",15,12,,,
"Chest + Biceps","25 Nov 2025, 17:42","25 Nov 2025, 19:03","","Preacher Curl (Barbell)",,"",2,"normal",15,12,,,
"Chest + Biceps","25 Nov 2025, 17:42","25 Nov 2025, 19:03","","Bicep Curl (Cable)",,"",0,"normal",25,12,,,
"Chest + Biceps","25 Nov 2025, 17:42","25 Nov 2025, 19:03","","Bicep Curl (Cable)",,"",1,"normal",20,15,,,
"Chest + Biceps","25 Nov 2025, 17:42","25 Nov 2025, 19:03","","Bicep Curl (Cable)",,"",2,"normal",30,12,,,
"Chest + Biceps","25 Nov 2025, 17:42","25 Nov 2025, 19:03","","Bicep Curl (Cable)",,"",3,"normal",30,12,,,
"Chest + Biceps","25 Nov 2025, 17:42","25 Nov 2025, 19:03","","Bicep Curl (Barbell)",,"",0,"normal",15,15,,,
"Chest + Biceps","25 Nov 2025, 17:42","25 Nov 2025, 19:03","","Bicep Curl (Barbell)",,"",1,"normal",15,11,,,
"Back + Triceps","24 Nov 2025, 18:34","24 Nov 2025, 19:57","","Pull Up (Band)",,"",0,"normal",,14,,,
"Back + Triceps","24 Nov 2025, 18:34","24 Nov 2025, 19:57","","Pull Up (Band)",,"",1,"normal",,12,,,
"Back + Triceps","24 Nov 2025, 18:34","24 Nov 2025, 19:57","","Pull Up",,"",0,"normal",,5,,,
"Back + Triceps","24 Nov 2025, 18:34","24 Nov 2025, 19:57","","Triceps Pushdown",,"",0,"normal",20,18,,,
"Back + Triceps","24 Nov 2025, 18:34","24 Nov 2025, 19:57","","Triceps Pushdown",,"",1,"normal",25,15,,,
"Back + Triceps","24 Nov 2025, 18:34","24 Nov 2025, 19:57","","Triceps Pushdown",,"",2,"normal",30,12,,,
"Back + Triceps","24 Nov 2025, 18:34","24 Nov 2025, 19:57","","Chest Supported Incline Row (Dumbbell)",,"",0,"normal",20,15,,,
"Back + Triceps","24 Nov 2025, 18:34","24 Nov 2025, 19:57","","Chest Supported Incline Row (Dumbbell)",,"",1,"normal",30,12,,,
"Back + Triceps","24 Nov 2025, 18:34","24 Nov 2025, 19:57","","Chest Supported Incline Row (Dumbbell)",,"",2,"normal",30,12,,,
"Back + Triceps","24 Nov 2025, 18:34","24 Nov 2025, 19:57","","Lat Pulldown - Close Grip (Cable)",,"",0,"normal",39,13,,,
"Back + Triceps","24 Nov 2025, 18:34","24 Nov 2025, 19:57","","Lat Pulldown - Close Grip (Cable)",,"",1,"normal",45.5,9,,,
"Back + Triceps","24 Nov 2025, 18:34","24 Nov 2025, 19:57","","Lat Pulldown - Close Grip (Cable)",,"",2,"normal",45.5,9,,,
"Back + Triceps","24 Nov 2025, 18:34","24 Nov 2025, 19:57","","Lat Pulldown (Cable)",,"",0,"normal",45.5,14,,,
"Back + Triceps","24 Nov 2025, 18:34","24 Nov 2025, 19:57","","Lat Pulldown (Cable)",,"",1,"normal",45.5,11,,,
"Back + Triceps","24 Nov 2025, 18:34","24 Nov 2025, 19:57","","Lat Pulldown (Cable)",,"",2,"normal",45.5,12,,,
"Back + Triceps","24 Nov 2025, 18:34","24 Nov 2025, 19:57","","Triceps Extension (Dumbbell)",,"",0,"normal",12.5,18,,,
"Back + Triceps","24 Nov 2025, 18:34","24 Nov 2025, 19:57","","Triceps Extension (Dumbbell)",,"",1,"normal",15,15,,,
"Back + Triceps","24 Nov 2025, 18:34","24 Nov 2025, 19:57","","Triceps Extension (Dumbbell)",,"",2,"normal",15,15,,,
"Back + Triceps","24 Nov 2025, 18:34","24 Nov 2025, 19:57","","Seated Cable Row - Bar Grip",,"",0,"normal",30,13,,,
"Back + Triceps","24 Nov 2025, 18:34","24 Nov 2025, 19:57","","Seated Cable Row - Bar Grip",,"",1,"normal",35,11,,,
"Back + Triceps","24 Nov 2025, 18:34","24 Nov 2025, 19:57","","Seated Cable Row - Bar Grip",,"",2,"normal",35,9,,,
"Back + Triceps","24 Nov 2025, 18:34","24 Nov 2025, 19:57","","Overhead Triceps Extension (Cable)",,"",0,"normal",15,16,,,
"Back + Triceps","24 Nov 2025, 18:34","24 Nov 2025, 19:57","","Overhead Triceps Extension (Cable)",,"",1,"normal",20,14,,,
"Back + Triceps","24 Nov 2025, 18:34","24 Nov 2025, 19:57","","Overhead Triceps Extension (Cable)",,"",2,"normal",20,12,,,
"Back + Triceps","24 Nov 2025, 18:34","24 Nov 2025, 19:57","","Single Arm Triceps Pushdown (Cable)",,"",0,"normal",10,24,,,
"Back + Triceps","24 Nov 2025, 18:34","24 Nov 2025, 19:57","","Single Arm Triceps Pushdown (Cable)",,"",1,"normal",10,22,,,
"Back + Triceps","24 Nov 2025, 18:34","24 Nov 2025, 19:57","","Single Arm Triceps Pushdown (Cable)",,"",2,"normal",10,24,,,
"Legs","22 Nov 2025, 18:03","22 Nov 2025, 19:31","","Squat (Bodyweight)",,"",0,"normal",,34,,,
"Legs","22 Nov 2025, 18:03","22 Nov 2025, 19:31","","Squat (Bodyweight)",,"",1,"normal",,33,,,
"Legs","22 Nov 2025, 18:03","22 Nov 2025, 19:31","","Squat (Bodyweight)",,"",2,"normal",,20,,,
"Legs","22 Nov 2025, 18:03","22 Nov 2025, 19:31","","Leg Press (Machine)",,"",0,"normal",100,15,,,
"Legs","22 Nov 2025, 18:03","22 Nov 2025, 19:31","","Leg Press (Machine)",,"",1,"normal",100,15,,,
"Legs","22 Nov 2025, 18:03","22 Nov 2025, 19:31","","Leg Press (Machine)",,"",2,"normal",120,12,,,
"Legs","22 Nov 2025, 18:03","22 Nov 2025, 19:31","","Leg Press (Machine)",,"",3,"normal",130,12,,,
"Legs","22 Nov 2025, 18:03","22 Nov 2025, 19:31","","Leg Extension (Machine)",,"",0,"normal",35,12,,,
"Legs","22 Nov 2025, 18:03","22 Nov 2025, 19:31","","Leg Extension (Machine)",,"",1,"normal",40,12,,,
"Legs","22 Nov 2025, 18:03","22 Nov 2025, 19:31","","Leg Extension (Machine)",,"",2,"normal",40,12,,,
"Legs","22 Nov 2025, 18:03","22 Nov 2025, 19:31","","Seated Leg Curl (Machine)",,"",0,"normal",45,12,,,
"Legs","22 Nov 2025, 18:03","22 Nov 2025, 19:31","","Seated Leg Curl (Machine)",,"",1,"normal",50,12,,,
"Legs","22 Nov 2025, 18:03","22 Nov 2025, 19:31","","Seated Leg Curl (Machine)",,"",2,"normal",5,12,,,
"Legs","22 Nov 2025, 18:03","22 Nov 2025, 19:31","","Hip Abduction (Machine)",,"",0,"normal",60,12,,,
"Legs","22 Nov 2025, 18:03","22 Nov 2025, 19:31","","Hip Abduction (Machine)",,"",1,"normal",70,12,,,
"Legs","22 Nov 2025, 18:03","22 Nov 2025, 19:31","","Hip Adduction (Machine)",,"",0,"normal",60,12,,,
"Legs","22 Nov 2025, 18:03","22 Nov 2025, 19:31","","Hip Adduction (Machine)",,"",1,"normal",70,12,,,
"Legs","22 Nov 2025, 18:03","22 Nov 2025, 19:31","","Hip Adduction (Machine)",,"",2,"normal",70,12,,,
"Legs","22 Nov 2025, 18:03","22 Nov 2025, 19:31","","Standing Calf Raise",,"",0,"normal",,20,,,
"Legs","22 Nov 2025, 18:03","22 Nov 2025, 19:31","","Standing Calf Raise",,"",1,"normal",,20,,,
"Legs","22 Nov 2025, 18:03","22 Nov 2025, 19:31","","Standing Calf Raise",,"",2,"normal",,20,,,
"Legs","22 Nov 2025, 18:03","22 Nov 2025, 19:31","","Standing Calf Raise",,"",3,"normal",,20,,,
"Legs","22 Nov 2025, 18:03","22 Nov 2025, 19:31","","Bulgarian Split Squat",,"",0,"normal",5,10,,,
"Legs","22 Nov 2025, 18:03","22 Nov 2025, 19:31","","Bulgarian Split Squat",,"",1,"normal",10,10,,,
"Legs","22 Nov 2025, 18:03","22 Nov 2025, 19:31","","Bulgarian Split Squat",,"",2,"normal",15,10,,,
"Bicep Tricep Forearms","21 Nov 2025, 18:14","21 Nov 2025, 20:00","","Hammer Curl (Dumbbell)",,"",0,"normal",15,16,,,
"Bicep Tricep Forearms","21 Nov 2025, 18:14","21 Nov 2025, 20:00","","Hammer Curl (Dumbbell)",,"",1,"normal",20,13,,,
"Bicep Tricep Forearms","21 Nov 2025, 18:14","21 Nov 2025, 20:00","","Hammer Curl (Dumbbell)",,"",2,"normal",20,10,,,
"Bicep Tricep Forearms","21 Nov 2025, 18:14","21 Nov 2025, 20:00","","Preacher Curl (Barbell)",,"Straight barbell 15",0,"normal",15,13,,,
"Bicep Tricep Forearms","21 Nov 2025, 18:14","21 Nov 2025, 20:00","","Preacher Curl (Barbell)",,"Straight barbell 15",1,"normal",15,9,,,
"Bicep Tricep Forearms","21 Nov 2025, 18:14","21 Nov 2025, 20:00","","Preacher Curl (Barbell)",,"Straight barbell 15",2,"normal",15,12,,,
"Bicep Tricep Forearms","21 Nov 2025, 18:14","21 Nov 2025, 20:00","","Bicep Curl (Cable)",,"4 - single arm + 2 - both arms",0,"normal",30,8,,,
"Bicep Tricep Forearms","21 Nov 2025, 18:14","21 Nov 2025, 20:00","","Bicep Curl (Cable)",,"4 - single arm + 2 - both arms",1,"normal",30,10,,,
"Bicep Tricep Forearms","21 Nov 2025, 18:14","21 Nov 2025, 20:00","","Bicep Curl (Cable)",,"4 - single arm + 2 - both arms",2,"normal",30,12,,,
"Bicep Tricep Forearms","21 Nov 2025, 18:14","21 Nov 2025, 20:00","","Bicep Curl (Cable)",,"4 - single arm + 2 - both arms",3,"normal",30,12,,,
"Bicep Tricep Forearms","21 Nov 2025, 18:14","21 Nov 2025, 20:00","","Bicep Curl (Cable)",,"4 - single arm + 2 - both arms",4,"normal",30,9,,,
"Bicep Tricep Forearms","21 Nov 2025, 18:14","21 Nov 2025, 20:00","","Bicep Curl (Cable)",,"4 - single arm + 2 - both arms",5,"normal",35,10,,,
"Bicep Tricep Forearms","21 Nov 2025, 18:14","21 Nov 2025, 20:00","","Triceps Pushdown",,"",0,"normal",25,17,,,
"Bicep Tricep Forearms","21 Nov 2025, 18:14","21 Nov 2025, 20:00","","Triceps Pushdown",,"",1,"normal",30,11,,,
"Bicep Tricep Forearms","21 Nov 2025, 18:14","21 Nov 2025, 20:00","","Triceps Pushdown",,"",2,"normal",30,12,,,
"Bicep Tricep Forearms","21 Nov 2025, 18:14","21 Nov 2025, 20:00","","Overhead Triceps Extension (Cable)",,"",0,"normal",20,10,,,
"Bicep Tricep Forearms","21 Nov 2025, 18:14","21 Nov 2025, 20:00","","Overhead Triceps Extension (Cable)",,"",1,"normal",20,9,,,
"Bicep Tricep Forearms","21 Nov 2025, 18:14","21 Nov 2025, 20:00","","Overhead Triceps Extension (Cable)",,"",2,"normal",15,11,,,
"Bicep Tricep Forearms","21 Nov 2025, 18:14","21 Nov 2025, 20:00","","Overhead Triceps Extension (Cable)",,"",3,"normal",15,15,,,
"Bicep Tricep Forearms","21 Nov 2025, 18:14","21 Nov 2025, 20:00","","Seated Wrist Extension (Barbell)",,"Cable",0,"normal",20,12,,,
"Bicep Tricep Forearms","21 Nov 2025, 18:14","21 Nov 2025, 20:00","","Seated Wrist Extension (Barbell)",,"Cable",1,"normal",20,12,,,
"Bicep Tricep Forearms","21 Nov 2025, 18:14","21 Nov 2025, 20:00","","Seated Wrist Extension (Barbell)",,"Cable",2,"normal",12,15,,,
"Bicep Tricep Forearms","21 Nov 2025, 18:14","21 Nov 2025, 20:00","","Triceps Rope Pushdown",,"",0,"normal",20,17,,,
"Bicep Tricep Forearms","21 Nov 2025, 18:14","21 Nov 2025, 20:00","","Triceps Rope Pushdown",,"",1,"normal",25,10,,,
"Bicep Tricep Forearms","21 Nov 2025, 18:14","21 Nov 2025, 20:00","","Triceps Rope Pushdown",,"",2,"normal",25,12,,,
"Bicep Tricep Forearms","21 Nov 2025, 18:14","21 Nov 2025, 20:00","","Hammer Curl (Cable)",,"",0,"normal",20,12,,,
"Bicep Tricep Forearms","21 Nov 2025, 18:14","21 Nov 2025, 20:00","","Seated Palms Up Wrist Curl",,"Dumbell Palm up + Palm down",0,"normal",10,20,,,
"Bicep Tricep Forearms","21 Nov 2025, 18:14","21 Nov 2025, 20:00","","Seated Palms Up Wrist Curl",,"Dumbell Palm up + Palm down",1,"normal",15,20,,,
"Bicep Tricep Forearms","21 Nov 2025, 18:14","21 Nov 2025, 20:00","","Seated Palms Up Wrist Curl",,"Dumbell Palm up + Palm down",2,"normal",10,20,,,
"Bicep Tricep Forearms","21 Nov 2025, 18:14","21 Nov 2025, 20:00","","Seated Palms Up Wrist Curl",,"Dumbell Palm up + Palm down",3,"normal",20,20,,,
"Bicep Tricep Forearms","21 Nov 2025, 18:14","21 Nov 2025, 20:00","","Seated Palms Up Wrist Curl",,"Dumbell Palm up + Palm down",4,"normal",10,20,,,
"Bicep Tricep Forearms","21 Nov 2025, 18:14","21 Nov 2025, 20:00","","Seated Palms Up Wrist Curl",,"Dumbell Palm up + Palm down",5,"normal",20,20,,,
"Bicep Tricep Forearms","21 Nov 2025, 18:14","21 Nov 2025, 20:00","","Seated Palms Up Wrist Curl",,"Dumbell Palm up + Palm down",6,"normal",15,9,,,
"Bicep Tricep Forearms","21 Nov 2025, 18:14","21 Nov 2025, 20:00","","Seated Palms Up Wrist Curl",,"Dumbell Palm up + Palm down",7,"normal",20,20,,,
"Abs + Shoulders","20 Nov 2025, 18:19","20 Nov 2025, 19:56","","Shoulder Press (Dumbbell)",,"Started with 12.5, back supported does make a diff.",0,"normal",25,15,,,
"Abs + Shoulders","20 Nov 2025, 18:19","20 Nov 2025, 19:56","","Shoulder Press (Dumbbell)",,"Started with 12.5, back supported does make a diff.",1,"normal",30,11,,,
"Abs + Shoulders","20 Nov 2025, 18:19","20 Nov 2025, 19:56","","Shoulder Press (Dumbbell)",,"Started with 12.5, back supported does make a diff.",2,"normal",30,11,,,
"Abs + Shoulders","20 Nov 2025, 18:19","20 Nov 2025, 19:56","","Single Arm Lateral Raise (Cable)",,"",0,"normal",10,10,,,
"Abs + Shoulders","20 Nov 2025, 18:19","20 Nov 2025, 19:56","","Lateral Raise (Dumbbell)",,"",0,"normal",10,15,,,
"Abs + Shoulders","20 Nov 2025, 18:19","20 Nov 2025, 19:56","","Lateral Raise (Dumbbell)",,"",1,"normal",15,10,,,
"Abs + Shoulders","20 Nov 2025, 18:19","20 Nov 2025, 19:56","","Crunch",,"",0,"normal",,15,,,
"Abs + Shoulders","20 Nov 2025, 18:19","20 Nov 2025, 19:56","","Crunch",,"",1,"normal",,15,,,
"Abs + Shoulders","20 Nov 2025, 18:19","20 Nov 2025, 19:56","","Crunch",,"",2,"normal",,15,,,
"Abs + Shoulders","20 Nov 2025, 18:19","20 Nov 2025, 19:56","","Plank",,"",0,"normal",,,,41,
"Abs + Shoulders","20 Nov 2025, 18:19","20 Nov 2025, 19:56","","Plank",,"",1,"normal",,,,35,
"Abs + Shoulders","20 Nov 2025, 18:19","20 Nov 2025, 19:56","","Plank",,"",2,"normal",,,,39,
"Abs + Shoulders","20 Nov 2025, 18:19","20 Nov 2025, 19:56","","Lying Leg Raise",,"",0,"normal",,15,,,
"Abs + Shoulders","20 Nov 2025, 18:19","20 Nov 2025, 19:56","","Lying Leg Raise",,"",1,"normal",,15,,,
"Abs + Shoulders","20 Nov 2025, 18:19","20 Nov 2025, 19:56","","Lying Leg Raise",,"",2,"normal",,15,,,
"Abs + Shoulders","20 Nov 2025, 18:19","20 Nov 2025, 19:56","","Lying Leg Raise",,"",3,"normal",,15,,,
"Abs + Shoulders","20 Nov 2025, 18:19","20 Nov 2025, 19:56","","Sit Up (Weighted)",,"",0,"normal",7.5,24,,,
"Abs + Shoulders","20 Nov 2025, 18:19","20 Nov 2025, 19:56","","Sit Up (Weighted)",,"",1,"normal",10,24,,,
"Abs + Shoulders","20 Nov 2025, 18:19","20 Nov 2025, 19:56","","Sit Up (Weighted)",,"",2,"normal",12.5,24,,,
"Abs + Shoulders","20 Nov 2025, 18:19","20 Nov 2025, 19:56","","Sit Up (Weighted)",,"",3,"normal",15,30,,,
"Abs + Shoulders","20 Nov 2025, 18:19","20 Nov 2025, 19:56","","Face Pull",,"",0,"normal",30,15,,,
"Abs + Shoulders","20 Nov 2025, 18:19","20 Nov 2025, 19:56","","Face Pull",,"",1,"normal",35,15,,,
"Abs + Shoulders","20 Nov 2025, 18:19","20 Nov 2025, 19:56","","Rear Delt Reverse Fly (Machine)",,"",0,"normal",45,11,,,
"Abs + Shoulders","20 Nov 2025, 18:19","20 Nov 2025, 19:56","","Rear Delt Reverse Fly (Machine)",,"",1,"normal",45,11,,,
"Abs + Shoulders","20 Nov 2025, 18:19","20 Nov 2025, 19:56","","Rear Delt Reverse Fly (Machine)",,"",2,"normal",52.5,9,,,
"Evening workout 🏋️","19 Nov 2025, 18:37","19 Nov 2025, 20:06","","Lunge (Dumbbell)",,"",0,"normal",20,8,,,
"Evening workout 🏋️","19 Nov 2025, 18:37","19 Nov 2025, 20:06","","Lunge (Dumbbell)",,"",1,"normal",20,12,,,
"Evening workout 🏋️","19 Nov 2025, 18:37","19 Nov 2025, 20:06","","Lunge (Dumbbell)",,"",2,"normal",20,12,,,
"Evening workout 🏋️","19 Nov 2025, 18:37","19 Nov 2025, 20:06","","Leg Extension (Machine)",,"",0,"normal",35,15,,,
"Evening workout 🏋️","19 Nov 2025, 18:37","19 Nov 2025, 20:06","","Leg Extension (Machine)",,"",1,"normal",40,12,,,
"Evening workout 🏋️","19 Nov 2025, 18:37","19 Nov 2025, 20:06","","Leg Extension (Machine)",,"",2,"normal",40,11,,,
"Evening workout 🏋️","19 Nov 2025, 18:37","19 Nov 2025, 20:06","","Leg Extension (Machine)",,"",3,"normal",40,10,,,
"Evening workout 🏋️","19 Nov 2025, 18:37","19 Nov 2025, 20:06","","Seated Leg Curl (Machine)",,"",0,"normal",45,12,,,
"Evening workout 🏋️","19 Nov 2025, 18:37","19 Nov 2025, 20:06","","Seated Leg Curl (Machine)",,"",1,"normal",45,12,,,
"Evening workout 🏋️","19 Nov 2025, 18:37","19 Nov 2025, 20:06","","Seated Leg Curl (Machine)",,"",2,"normal",50,12,,,
"Evening workout 🏋️","19 Nov 2025, 18:37","19 Nov 2025, 20:06","","Hip Abduction (Machine)",,"",0,"normal",60,12,,,
"Evening workout 🏋️","19 Nov 2025, 18:37","19 Nov 2025, 20:06","","Hip Abduction (Machine)",,"",1,"normal",60,15,,,
"Evening workout 🏋️","19 Nov 2025, 18:37","19 Nov 2025, 20:06","","Hip Abduction (Machine)",,"",2,"normal",67.5,12,,,
"Evening workout 🏋️","19 Nov 2025, 18:37","19 Nov 2025, 20:06","","Hip Adduction (Machine)",,"",0,"normal",60,15,,,
"Evening workout 🏋️","19 Nov 2025, 18:37","19 Nov 2025, 20:06","","Hip Adduction (Machine)",,"",1,"normal",60,17,,,
"Evening workout 🏋️","19 Nov 2025, 18:37","19 Nov 2025, 20:06","","Hip Adduction (Machine)",,"",2,"normal",67.5,20,,,
"Evening workout 🏋️","19 Nov 2025, 18:37","19 Nov 2025, 20:06","","Standing Calf Raise",,"",0,"normal",,20,,,
"Evening workout 🏋️","19 Nov 2025, 18:37","19 Nov 2025, 20:06","","Standing Calf Raise",,"",1,"normal",,20,,,
"Evening workout 🏋️","19 Nov 2025, 18:37","19 Nov 2025, 20:06","","Standing Calf Raise",,"",2,"normal",,20,,,
"Evening workout 🏋️","19 Nov 2025, 18:37","19 Nov 2025, 20:06","","Single Leg Standing Calf Raise",,"",0,"normal",,18,,,
"Evening workout 🏋️","19 Nov 2025, 18:37","19 Nov 2025, 20:06","","Seated Wrist Extension (Barbell)",,"",0,"normal",10,15,,,
"Evening workout 🏋️","19 Nov 2025, 18:37","19 Nov 2025, 20:06","","Seated Wrist Extension (Barbell)",,"",1,"normal",15,15,,,
"Evening workout 🏋️","19 Nov 2025, 18:37","19 Nov 2025, 20:06","","Seated Wrist Extension (Barbell)",,"",2,"normal",12,15,,,
"Evening workout 🏋️","19 Nov 2025, 18:37","19 Nov 2025, 20:06","","Seated Palms Up Wrist Curl",,"Cable/Machine",0,"normal",10,15,,,
"Evening workout 🏋️","19 Nov 2025, 18:37","19 Nov 2025, 20:06","","Seated Palms Up Wrist Curl",,"Cable/Machine",1,"normal",10,15,,,
"Evening workout 🏋️","19 Nov 2025, 18:37","19 Nov 2025, 20:06","","Seated Palms Up Wrist Curl",,"Cable/Machine",2,"normal",10,15,,,
"Evening workout 🏋️","19 Nov 2025, 18:37","19 Nov 2025, 20:06","","Behind the Back Bicep Wrist Curl (Barbell)",,"Cable/Machine palm down",0,"normal",20,15,,,
"Evening workout 🏋️","19 Nov 2025, 18:37","19 Nov 2025, 20:06","","Behind the Back Bicep Wrist Curl (Barbell)",,"Cable/Machine palm down",1,"normal",20,15,,,
"Evening workout 🏋️","19 Nov 2025, 18:37","19 Nov 2025, 20:06","","Behind the Back Bicep Wrist Curl (Barbell)",,"Cable/Machine palm down",2,"normal",20,15,,,
"Evening workout 🏋️","18 Nov 2025, 19:08","18 Nov 2025, 20:22","","Push Up",,"",0,"normal",,15,,,
"Evening workout 🏋️","18 Nov 2025, 19:08","18 Nov 2025, 20:22","","Push Up",,"",1,"normal",,15,,,
"Evening workout 🏋️","18 Nov 2025, 19:08","18 Nov 2025, 20:22","","Push Up",,"",2,"normal",,15,,,
"Evening workout 🏋️","18 Nov 2025, 19:08","18 Nov 2025, 20:22","","Bench Press (Dumbbell)",,"",0,"normal",25,15,,,
"Evening workout 🏋️","18 Nov 2025, 19:08","18 Nov 2025, 20:22","","Bench Press (Dumbbell)",,"",1,"normal",30,12,,,
"Evening workout 🏋️","18 Nov 2025, 19:08","18 Nov 2025, 20:22","","Bench Press (Dumbbell)",,"",2,"normal",30,11,,,
"Evening workout 🏋️","18 Nov 2025, 19:08","18 Nov 2025, 20:22","","Chest Fly (Machine)",,"",0,"normal",52.5,15,,,
"Evening workout 🏋️","18 Nov 2025, 19:08","18 Nov 2025, 20:22","","Chest Fly (Machine)",,"",1,"normal",60,10,,,
"Evening workout 🏋️","18 Nov 2025, 19:08","18 Nov 2025, 20:22","","Chest Fly (Machine)",,"",2,"normal",60,10,,,
"Evening workout 🏋️","18 Nov 2025, 19:08","18 Nov 2025, 20:22","","Incline Bench Press (Barbell)",,"",0,"normal",35,7,,,
"Evening workout 🏋️","18 Nov 2025, 19:08","18 Nov 2025, 20:22","","Incline Bench Press (Barbell)",,"",1,"normal",35,8,,,
"Evening workout 🏋️","18 Nov 2025, 19:08","18 Nov 2025, 20:22","","Incline Bench Press (Barbell)",,"",2,"normal",30,11,,,
"Evening workout 🏋️","18 Nov 2025, 19:08","18 Nov 2025, 20:22","","Decline Bench Press (Barbell)",,"",0,"normal",30,15,,,
"Evening workout 🏋️","18 Nov 2025, 19:08","18 Nov 2025, 20:22","","Decline Bench Press (Barbell)",,"",1,"normal",35,10,,,
"Evening workout 🏋️","18 Nov 2025, 19:08","18 Nov 2025, 20:22","","Decline Bench Press (Barbell)",,"",2,"normal",35,10,,,
"Evening workout 🏋️","18 Nov 2025, 19:08","18 Nov 2025, 20:22","","Hammer Curl (Dumbbell)",,"",0,"normal",15,15,,,
"Evening workout 🏋️","18 Nov 2025, 19:08","18 Nov 2025, 20:22","","Hammer Curl (Dumbbell)",,"",1,"normal",20,12,,,
"Evening workout 🏋️","18 Nov 2025, 19:08","18 Nov 2025, 20:22","","Hammer Curl (Dumbbell)",,"",2,"normal",20,9,,,
"Evening workout 🏋️","18 Nov 2025, 19:08","18 Nov 2025, 20:22","","Bicep Curl (Cable)",,"",0,"normal",20,11,,,
"Evening workout 🏋️","18 Nov 2025, 19:08","18 Nov 2025, 20:22","","Bicep Curl (Cable)",,"",1,"normal",20,12,,,
"Evening workout 🏋️","18 Nov 2025, 19:08","18 Nov 2025, 20:22","","Bicep Curl (Cable)",,"",2,"normal",10,20,,,
"Evening workout 🏋️","17 Nov 2025, 18:16","17 Nov 2025, 19:59","","Pull Up",,"",0,"normal",,5,,,
"Evening workout 🏋️","17 Nov 2025, 18:16","17 Nov 2025, 19:59","","Pull Up",,"",1,"normal",,5,,,
"Evening workout 🏋️","17 Nov 2025, 18:16","17 Nov 2025, 19:59","","Chin Up",,"",0,"normal",,10,,,
"Evening workout 🏋️","17 Nov 2025, 18:16","17 Nov 2025, 19:59","","Chin Up",,"",1,"normal",,8,,,
"Evening workout 🏋️","17 Nov 2025, 18:16","17 Nov 2025, 19:59","","Chest Supported Incline Row (Dumbbell)",,"",0,"normal",25,13,,,
"Evening workout 🏋️","17 Nov 2025, 18:16","17 Nov 2025, 19:59","","Chest Supported Incline Row (Dumbbell)",,"",1,"normal",25,15,,,
"Evening workout 🏋️","17 Nov 2025, 18:16","17 Nov 2025, 19:59","","Chest Supported Incline Row (Dumbbell)",,"",2,"normal",25,15,,,
"Evening workout 🏋️","17 Nov 2025, 18:16","17 Nov 2025, 19:59","","Lat Pulldown (Cable)",,"",0,"normal",39,16,,,
"Evening workout 🏋️","17 Nov 2025, 18:16","17 Nov 2025, 19:59","","Lat Pulldown (Cable)",,"",1,"normal",45.5,12,,,
"Evening workout 🏋️","17 Nov 2025, 18:16","17 Nov 2025, 19:59","","Lat Pulldown (Cable)",,"",2,"normal",45.5,10,,,
"Evening workout 🏋️","17 Nov 2025, 18:16","17 Nov 2025, 19:59","","Seated Cable Row - Bar Grip",,"Machine",0,"normal",30,12,,,
"Evening workout 🏋️","17 Nov 2025, 18:16","17 Nov 2025, 19:59","","Seated Cable Row - Bar Grip",,"Machine",1,"normal",35,11,,,
"Evening workout 🏋️","17 Nov 2025, 18:16","17 Nov 2025, 19:59","","Seated Cable Row - Bar Grip",,"Machine",2,"normal",35,11,,,
"Evening workout 🏋️","17 Nov 2025, 18:16","17 Nov 2025, 19:59","","Lat Pulldown - Close Grip (Cable)",,"",0,"normal",39,12,,,
"Evening workout 🏋️","17 Nov 2025, 18:16","17 Nov 2025, 19:59","","Lat Pulldown - Close Grip (Cable)",,"",1,"normal",45.5,10,,,
"Evening workout 🏋️","17 Nov 2025, 18:16","17 Nov 2025, 19:59","","Lat Pulldown - Close Grip (Cable)",,"",2,"normal",39,11,,,
"Evening workout 🏋️","17 Nov 2025, 18:16","17 Nov 2025, 19:59","","Triceps Pushdown",,"",0,"normal",25,15,,,
"Evening workout 🏋️","17 Nov 2025, 18:16","17 Nov 2025, 19:59","","Triceps Pushdown",,"",1,"normal",25,15,,,
"Evening workout 🏋️","17 Nov 2025, 18:16","17 Nov 2025, 19:59","","Triceps Pushdown",,"",2,"normal",30,12,,,
"Evening workout 🏋️","17 Nov 2025, 18:16","17 Nov 2025, 19:59","","Overhead Triceps Extension (Cable)",,"",0,"normal",15,13,,,
"Evening workout 🏋️","17 Nov 2025, 18:16","17 Nov 2025, 19:59","","Overhead Triceps Extension (Cable)",,"",1,"normal",20,12,,,
"Evening workout 🏋️","17 Nov 2025, 18:16","17 Nov 2025, 19:59","","Overhead Triceps Extension (Cable)",,"",2,"normal",20,11,,,
"Evening workout 🏋️","17 Nov 2025, 18:16","17 Nov 2025, 19:59","","Seated Cable Row - Bar Wide Grip",,"Cable",0,"normal",55,15,,,
"Evening workout 🏋️","17 Nov 2025, 18:16","17 Nov 2025, 19:59","","Seated Cable Row - Bar Wide Grip",,"Cable",1,"normal",60,12,,,
"Evening workout 🏋️","17 Nov 2025, 18:16","17 Nov 2025, 19:59","","Seated Cable Row - Bar Wide Grip",,"Cable",2,"normal",60,12,,,
"Evening workout 🏋️","17 Nov 2025, 18:16","17 Nov 2025, 19:59","","Single Arm Triceps Pushdown (Cable)",,"",0,"normal",10,24,,,
"Evening workout 🏋️","17 Nov 2025, 18:16","17 Nov 2025, 19:59","","Single Arm Triceps Pushdown (Cable)",,"",1,"normal",10,24,,,
"Evening workout 🏋️","17 Nov 2025, 18:16","17 Nov 2025, 19:59","","Single Arm Triceps Pushdown (Cable)",,"",2,"normal",10,24,,,
"Evening workout 🏋️","15 Nov 2025, 18:36","15 Nov 2025, 19:28","","Squat (Barbell)",,"",0,"normal",25,15,,,
"Evening workout 🏋️","15 Nov 2025, 18:36","15 Nov 2025, 19:28","","Squat (Barbell)",,"",1,"normal",30,12,,,
"Evening workout 🏋️","15 Nov 2025, 18:36","15 Nov 2025, 19:28","","Squat (Barbell)",,"",2,"normal",35,9,,,
"Evening workout 🏋️","15 Nov 2025, 18:36","15 Nov 2025, 19:28","","Leg Press (Machine)",,"",0,"normal",120,12,,,
"Evening workout 🏋️","15 Nov 2025, 18:36","15 Nov 2025, 19:28","","Leg Press (Machine)",,"",1,"normal",140,12,,,
"Evening workout 🏋️","15 Nov 2025, 18:36","15 Nov 2025, 19:28","","Leg Press (Machine)",,"",2,"normal",140,12,,,
"Evening workout 🏋️","15 Nov 2025, 18:36","15 Nov 2025, 19:28","","Seated Leg Curl (Machine)",,"",0,"normal",45,12,,,
"Evening workout 🏋️","15 Nov 2025, 18:36","15 Nov 2025, 19:28","","Seated Leg Curl (Machine)",,"",1,"normal",45,12,,,
"Evening workout 🏋️","15 Nov 2025, 18:36","15 Nov 2025, 19:28","","Seated Leg Curl (Machine)",,"",2,"normal",50,12,,,
"Evening workout 🏋️","15 Nov 2025, 18:36","15 Nov 2025, 19:28","","Hip Abduction (Machine)",,"",0,"normal",60,12,,,
"Evening workout 🏋️","15 Nov 2025, 18:36","15 Nov 2025, 19:28","","Hip Abduction (Machine)",,"",1,"normal",60,15,,,
"Evening workout 🏋️","15 Nov 2025, 18:36","15 Nov 2025, 19:28","","Hip Abduction (Machine)",,"",2,"normal",70,12,,,
"Evening workout 🏋️","15 Nov 2025, 18:36","15 Nov 2025, 19:28","","Hip Adduction (Machine)",,"Set at 6. Prev soreness/cramps.",0,"normal",60,12,,,
"Evening workout 🏋️","15 Nov 2025, 18:36","15 Nov 2025, 19:28","","Hip Adduction (Machine)",,"Set at 6. Prev soreness/cramps.",1,"normal",60,15,,,
"Evening workout 🏋️","15 Nov 2025, 18:36","15 Nov 2025, 19:28","","Hip Adduction (Machine)",,"Set at 6. Prev soreness/cramps.",2,"normal",70,12,,,
"Evening workout 🏋️","15 Nov 2025, 18:36","15 Nov 2025, 19:28","","Leg Extension (Machine)",,"",0,"normal",30,15,,,
"Evening workout 🏋️","15 Nov 2025, 18:36","15 Nov 2025, 19:28","","Leg Extension (Machine)",,"",1,"normal",35,12,,,
"Evening workout 🏋️","15 Nov 2025, 18:36","15 Nov 2025, 19:28","","Leg Extension (Machine)",,"",2,"normal",40,12,,,
"Evening workout 🏋️","15 Nov 2025, 18:36","15 Nov 2025, 19:28","","Single Leg Standing Calf Raise",,"Reps per leg (obv)",0,"normal",,18,,,
"Evening workout 🏋️","15 Nov 2025, 18:36","15 Nov 2025, 19:28","","Single Leg Standing Calf Raise",,"Reps per leg (obv)",1,"normal",,17,,,
"Evening workout 🏋️","15 Nov 2025, 18:36","15 Nov 2025, 19:28","","Single Leg Standing Calf Raise",,"Reps per leg (obv)",2,"normal",,15,,,
"Evening workout 🏋️","15 Nov 2025, 18:36","15 Nov 2025, 19:28","","Seated Palms Up Wrist Curl",,"",0,"normal",15,18,,,
"Evening workout 🏋️","15 Nov 2025, 18:36","15 Nov 2025, 19:28","","Seated Palms Up Wrist Curl",,"",1,"normal",10,18,,,
"Evening workout 🏋️","14 Nov 2025, 18:35","14 Nov 2025, 20:28","","Bicep Curl (Dumbbell)",,"10kgs dumbell today. Did not feel as heavy as last week.",0,"normal",15,12,,,
"Evening workout 🏋️","14 Nov 2025, 18:35","14 Nov 2025, 20:28","","Bicep Curl (Dumbbell)",,"10kgs dumbell today. Did not feel as heavy as last week.",1,"normal",20,12,,,
"Evening workout 🏋️","14 Nov 2025, 18:35","14 Nov 2025, 20:28","","Bicep Curl (Dumbbell)",,"10kgs dumbell today. Did not feel as heavy as last week.",2,"normal",20,11,,,
"Evening workout 🏋️","14 Nov 2025, 18:35","14 Nov 2025, 20:28","","Bicep Curl (Cable)",,"15kg x 2.",0,"normal",20,14,,,
"Evening workout 🏋️","14 Nov 2025, 18:35","14 Nov 2025, 20:28","","Bicep Curl (Cable)",,"15kg x 2.",1,"normal",30,12,,,
"Evening workout 🏋️","14 Nov 2025, 18:35","14 Nov 2025, 20:28","","Bicep Curl (Cable)",,"15kg x 2.",2,"normal",30,12,,,
"Evening workout 🏋️","14 Nov 2025, 18:35","14 Nov 2025, 20:28","","Front Raise (Dumbbell)",,"7.5 kg x 2. 12 reps with nice / same form.",0,"normal",10,17,,,
"Evening workout 🏋️","14 Nov 2025, 18:35","14 Nov 2025, 20:28","","Front Raise (Dumbbell)",,"7.5 kg x 2. 12 reps with nice / same form.",1,"normal",15,12,,,
"Evening workout 🏋️","14 Nov 2025, 18:35","14 Nov 2025, 20:28","","Front Raise (Dumbbell)",,"7.5 kg x 2. 12 reps with nice / same form.",2,"normal",15,12,,,
"Evening workout 🏋️","14 Nov 2025, 18:35","14 Nov 2025, 20:28","","Preacher Curl (Barbell)",,"Easier than last week. Started with 10kg x 18.",0,"normal",10,18,,,
"Evening workout 🏋️","14 Nov 2025, 18:35","14 Nov 2025, 20:28","","Preacher Curl (Barbell)",,"Easier than last week. Started with 10kg x 18.",1,"normal",15,13,,,
"Evening workout 🏋️","14 Nov 2025, 18:35","14 Nov 2025, 20:28","","Preacher Curl (Barbell)",,"Easier than last week. Started with 10kg x 18.",2,"normal",15,11,,,
"Evening workout 🏋️","14 Nov 2025, 18:35","14 Nov 2025, 20:28","","Triceps Rope Pushdown",,"",0,"normal",20,17,,,
"Evening workout 🏋️","14 Nov 2025, 18:35","14 Nov 2025, 20:28","","Triceps Rope Pushdown",,"",1,"normal",25,13,,,
"Evening workout 🏋️","14 Nov 2025, 18:35","14 Nov 2025, 20:28","","Triceps Rope Pushdown",,"",2,"normal",25,14,,,
"Evening workout 🏋️","14 Nov 2025, 18:35","14 Nov 2025, 20:28","","Face Pull",,"",0,"normal",25,17,,,
"Evening workout 🏋️","14 Nov 2025, 18:35","14 Nov 2025, 20:28","","Face Pull",,"",1,"normal",30,15,,,
"Evening workout 🏋️","14 Nov 2025, 18:35","14 Nov 2025, 20:28","","Face Pull",,"",2,"normal",35,12,,,
"Evening workout 🏋️","14 Nov 2025, 18:35","14 Nov 2025, 20:28","","Hammer Curl (Dumbbell)",,"",0,"normal",15,12,,,
"Evening workout 🏋️","14 Nov 2025, 18:35","14 Nov 2025, 20:28","","Hammer Curl (Dumbbell)",,"",1,"normal",20,10,,,
"Evening workout 🏋️","14 Nov 2025, 18:35","14 Nov 2025, 20:28","","Hammer Curl (Dumbbell)",,"",2,"normal",15,12,,,
"Evening workout 🏋️","14 Nov 2025, 18:35","14 Nov 2025, 20:28","","Triceps Extension (Dumbbell)",,"15 kg - Felt OK",0,"normal",10,18,,,
"Evening workout 🏋️","14 Nov 2025, 18:35","14 Nov 2025, 20:28","","Triceps Extension (Dumbbell)",,"15 kg - Felt OK",1,"normal",12.5,15,,,
"Evening workout 🏋️","14 Nov 2025, 18:35","14 Nov 2025, 20:28","","Triceps Extension (Dumbbell)",,"15 kg - Felt OK",2,"normal",15,12,,,
"Evening workout 🏋️","14 Nov 2025, 18:35","14 Nov 2025, 20:28","","Single Arm Triceps Pushdown (Cable)",,"",0,"normal",5,24,,,
"Evening workout 🏋️","14 Nov 2025, 18:35","14 Nov 2025, 20:28","","Single Arm Triceps Pushdown (Cable)",,"",1,"normal",5,24,,,
"Evening workout 🏋️","14 Nov 2025, 18:35","14 Nov 2025, 20:28","","Single Arm Triceps Pushdown (Cable)",,"",2,"normal",5,24,,,
"Evening workout 🏋️","14 Nov 2025, 18:35","14 Nov 2025, 20:28","","Seated Wrist Extension (Barbell)",,"",0,"normal",10,15,,,
"Evening workout 🏋️","14 Nov 2025, 18:35","14 Nov 2025, 20:28","","Seated Wrist Extension (Barbell)",,"",1,"normal",15,9,,,
"Evening workout 🏋️","14 Nov 2025, 18:35","14 Nov 2025, 20:28","","Seated Wrist Extension (Barbell)",,"",2,"normal",10,12,,,
"Evening workout 🏋️","14 Nov 2025, 18:35","14 Nov 2025, 20:28","","Overhead Triceps Extension (Cable)",,"",0,"normal",15,12,,,
"Evening workout 🏋️","14 Nov 2025, 18:35","14 Nov 2025, 20:28","","Overhead Triceps Extension (Cable)",,"",1,"normal",15,12,,,
"Evening workout 🏋️","13 Nov 2025, 18:10","13 Nov 2025, 19:56","","Shoulder Press (Dumbbell)",,"Not as diff today compared to prev week.",0,"normal",20,13,,,
"Evening workout 🏋️","13 Nov 2025, 18:10","13 Nov 2025, 19:56","","Shoulder Press (Dumbbell)",,"Not as diff today compared to prev week.",1,"normal",20,12,,,
"Evening workout 🏋️","13 Nov 2025, 18:10","13 Nov 2025, 19:56","","Shoulder Press (Dumbbell)",,"Not as diff today compared to prev week.",2,"normal",20,14,,,
"Evening workout 🏋️","13 Nov 2025, 18:10","13 Nov 2025, 19:56","","Lateral Raise (Dumbbell)",,"",0,"normal",10,16,,,
"Evening workout 🏋️","13 Nov 2025, 18:10","13 Nov 2025, 19:56","","Lateral Raise (Dumbbell)",,"",1,"normal",15,8,,,
"Evening workout 🏋️","13 Nov 2025, 18:10","13 Nov 2025, 19:56","","Lateral Raise (Dumbbell)",,"",2,"normal",10,13,,,
"Evening workout 🏋️","13 Nov 2025, 18:10","13 Nov 2025, 19:56","","Rear Delt Reverse Fly (Machine)",,"",0,"normal",20,15,,,
"Evening workout 🏋️","13 Nov 2025, 18:10","13 Nov 2025, 19:56","","Rear Delt Reverse Fly (Machine)",,"",1,"normal",25,10,,,
"Evening workout 🏋️","13 Nov 2025, 18:10","13 Nov 2025, 19:56","","Rear Delt Reverse Fly (Machine)",,"",2,"normal",25,9,,,
"Evening workout 🏋️","13 Nov 2025, 18:10","13 Nov 2025, 19:56","","Crunch",,"",0,"normal",,12,,,
"Evening workout 🏋️","13 Nov 2025, 18:10","13 Nov 2025, 19:56","","Crunch",,"",1,"normal",,12,,,
"Evening workout 🏋️","13 Nov 2025, 18:10","13 Nov 2025, 19:56","","Crunch",,"",2,"normal",,12,,,
"Evening workout 🏋️","13 Nov 2025, 18:10","13 Nov 2025, 19:56","","Crunch",,"",3,"normal",,12,,,
"Evening workout 🏋️","13 Nov 2025, 18:10","13 Nov 2025, 19:56","","Crunch",,"",4,"normal",,12,,,
"Evening workout 🏋️","13 Nov 2025, 18:10","13 Nov 2025, 19:56","","Heel Taps",,"",0,"normal",,12,,,
"Evening workout 🏋️","13 Nov 2025, 18:10","13 Nov 2025, 19:56","","Heel Taps",,"",1,"normal",,12,,,
"Evening workout 🏋️","13 Nov 2025, 18:10","13 Nov 2025, 19:56","","Heel Taps",,"",2,"normal",,12,,,
"Evening workout 🏋️","13 Nov 2025, 18:10","13 Nov 2025, 19:56","","Heel Taps",,"",3,"normal",,12,,,
"Evening workout 🏋️","13 Nov 2025, 18:10","13 Nov 2025, 19:56","","Plank",,"",0,"normal",,,,82,
"Evening workout 🏋️","13 Nov 2025, 18:10","13 Nov 2025, 19:56","","Plank",,"",1,"normal",,,,48,
"Evening workout 🏋️","13 Nov 2025, 18:10","13 Nov 2025, 19:56","","Plank",,"",2,"normal",,,,47,
"Evening workout 🏋️","13 Nov 2025, 18:10","13 Nov 2025, 19:56","","Oblique Crunch",,"",0,"normal",,15,,,
"Evening workout 🏋️","13 Nov 2025, 18:10","13 Nov 2025, 19:56","","Oblique Crunch",,"",1,"normal",,12,,,
"Evening workout 🏋️","13 Nov 2025, 18:10","13 Nov 2025, 19:56","","Oblique Crunch",,"",2,"normal",,12,,,
"Evening workout 🏋️","13 Nov 2025, 18:10","13 Nov 2025, 19:56","","Oblique Crunch",,"",3,"normal",,15,,,
"Evening workout 🏋️","13 Nov 2025, 18:10","13 Nov 2025, 19:56","","Seated Palms Up Wrist Curl",,"",0,"normal",20,12,,,
"Evening workout 🏋️","13 Nov 2025, 18:10","13 Nov 2025, 19:56","","Seated Palms Up Wrist Curl",,"",1,"normal",15,15,,,
"Evening workout 🏋️","13 Nov 2025, 18:10","13 Nov 2025, 19:56","","Seated Palms Up Wrist Curl",,"",2,"normal",15,15,,,
"Evening workout 🏋️","13 Nov 2025, 18:10","13 Nov 2025, 19:56","","Seated Palms Up Wrist Curl",,"",3,"normal",10,15,,,
"Evening workout 🏋️","13 Nov 2025, 18:10","13 Nov 2025, 19:56","","Seated Palms Up Wrist Curl",,"",4,"normal",10,15,,,
"Evening workout 🏋️","13 Nov 2025, 18:10","13 Nov 2025, 19:56","","Seated Palms Up Wrist Curl",,"",5,"normal",10,15,,,
"Evening workout 🏋️","13 Nov 2025, 18:10","13 Nov 2025, 19:56","","Push Up",,"",0,"normal",,27,,,