"title","start_time","end_time","description","exercise_title","superset_id","exercise_notes","set_index","set_type","weight_kg","reps","distance_km","duration_seconds","rpe"
"Legs","Aug 12, 2026, 6:08 PM","Aug 12, 2026, 7:28 PM","W, consecutive 25k+ vol","Stretching",,"",0,"normal",,,,512,
"Legs","Aug 12, 2026, 6:08 PM","Aug 12, 2026, 7:28 PM","W, consecutive 25k+ vol","Lunge (Barbell)",,"Used 12.5 kgs bar",0,"normal",20,30,,,
"Legs","Aug 12, 2026, 6:08 PM","Aug 12, 2026, 7:28 PM","W, consecutive 25k+ vol","Lunge (Barbell)",,"Used 12.5 kgs bar",1,"normal",32.5,30,,,
"Legs","Aug 12, 2026, 6:08 PM","Aug 12, 2026, 7:28 PM","W, consecutive 25k+ vol","Lunge (Barbell)",,"Used 12.5 kgs bar",2,"normal",32.5,34,,,
"Legs","Aug 12, 2026, 6:08 PM","Aug 12, 2026, 7:28 PM","W, consecutive 25k+ vol","Seated Leg Curl (Machine)",,"",0,"normal",55,18,,,
"Legs","Aug 12, 2026, 6:08 PM","Aug 12, 2026, 7:28 PM","W, consecutive 25k+ vol","Seated Leg Curl (Machine)",,"",1,"normal",70,12,,,
"Legs","Aug 12, 2026, 6:08 PM","Aug 12, 2026, 7:28 PM","W, consecutive 25k+ vol","Seated Leg Curl (Machine)",,"",2,"normal",70,7,,,
"Legs","Aug 12, 2026, 6:08 PM","Aug 12, 2026, 7:28 PM","W, consecutive 25k+ vol","Seated Leg Curl (Machine)",,"",3,"dropset",55,7,,,
"Legs","Aug 12, 2026, 6:08 PM","Aug 12, 2026, 7:28 PM","W, consecutive 25k+ vol","Leg Extension (Machine)",,"",0,"warmup",55,18,,,
"Legs","Aug 12, 2026, 6:08 PM","Aug 12, 2026, 7:28 PM","W, consecutive 25k+ vol","Leg Extension (Machine)",,"",1,"normal",75,18,,,
"Legs","Aug 12, 2026, 6:08 PM","Aug 12, 2026, 7:28 PM","W, consecutive 25k+ vol","Leg Extension (Machine)",,"",2,"normal",75,18,,,
"Legs","Aug 12, 2026, 6:08 PM","Aug 12, 2026, 7:28 PM","W, consecutive 25k+ vol","Leg Extension (Machine)",,"",3,"dropset",50,8,,,
"Legs","Aug 12, 2026, 6:08 PM","Aug 12, 2026, 7:28 PM","W, consecutive 25k+ vol","Hip Adduction (Machine)",0,"",0,"normal",70,15,,,
"Legs","Aug 12, 2026, 6:08 PM","Aug 12, 2026, 7:28 PM","W, consecutive 25k+ vol","Hip Adduction (Machine)",0,"",1,"normal",80,15,,,
"Legs","Aug 12, 2026, 6:08 PM","Aug 12, 2026, 7:28 PM","W, consecutive 25k+ vol","Hip Abduction (Machine)",0,"",0,"normal",70,15,,,
"Legs","Aug 12, 2026, 6:08 PM","Aug 12, 2026, 7:28 PM","W, consecutive 25k+ vol","Hip Abduction (Machine)",0,"",1,"normal",80,15,,,
"Legs","Aug 12, 2026, 6:08 PM","Aug 12, 2026, 7:28 PM","W, consecutive 25k+ vol","Leg Press (Machine)",,"",0,"normal",120,18,,,
"Legs","Aug 12, 2026, 6:08 PM","Aug 12, 2026, 7:28 PM","W, consecutive 25k+ vol","Leg Press (Machine)",,"",1,"normal",160,15,,,
"Legs","Aug 12, 2026, 6:08 PM","Aug 12, 2026, 7:28 PM","W, consecutive 25k+ vol","Leg Press (Machine)",,"",2,"normal",210,15,,,
"Legs","Aug 12, 2026, 6:08 PM","Aug 12, 2026, 7:28 PM","W, consecutive 25k+ vol","Standing Calf Raise (Smith)",,"",0,"normal",55,25,,,
"Legs","Aug 12, 2026, 6:08 PM","Aug 12, 2026, 7:28 PM","W, consecutive 25k+ vol","Standing Calf Raise (Smith)",,"",1,"normal",70,18,,,
"Legs","Aug 12, 2026, 6:08 PM","Aug 12, 2026, 7:28 PM","W, consecutive 25k+ vol","Standing Calf Raise (Smith)",,"",2,"normal",70,16,,,
"Legs","Aug 12, 2026, 6:08 PM","Aug 12, 2026, 7:28 PM","W, consecutive 25k+ vol","Seated Wrist Extension (Barbell)",,"Machine",0,"normal",10,22,,,
"Legs","Aug 12, 2026, 6:08 PM","Aug 12, 2026, 7:28 PM","W, consecutive 25k+ vol","Seated Wrist Extension (Barbell)",,"Machine",1,"normal",15,20,,,
"Pull","Aug 11, 2026, 6:02 PM","Aug 11, 2026, 7:29 PM","","Stretching",,"",0,"normal",,,,367,
"Pull","Aug 11, 2026, 6:02 PM","Aug 11, 2026, 7:29 PM","","Pull Up",,"",0,"normal",,17,,,
"Pull","Aug 11, 2026, 6:02 PM","Aug 11, 2026, 7:29 PM","","Pull Up (Weighted)",,"",0,"normal",10,10,,,
"Pull","Aug 11, 2026, 6:02 PM","Aug 11, 2026, 7:29 PM","","Pull Up (Weighted)",,"",1,"normal",10,8,,,
"Pull","Aug 11, 2026, 6:02 PM","Aug 11, 2026, 7:29 PM","","Chest Supported Incline Row (Dumbbell)",,"",0,"warmup",40,15,,,
"Pull","Aug 11, 2026, 6:02 PM","Aug 11, 2026, 7:29 PM","","Chest Supported Incline Row (Dumbbell)",,"",1,"normal",55,12,,,
"Pull","Aug 11, 2026, 6:02 PM","Aug 11, 2026, 7:29 PM","","Chest Supported Incline Row (Dumbbell)",,"",2,"normal",60,12,,,
"Pull","Aug 11, 2026, 6:02 PM","Aug 11, 2026, 7:29 PM","","Seated Cable Row - V Grip (Cable)",,"",0,"normal",70,18,,,
"Pull","Aug 11, 2026, 6:02 PM","Aug 11, 2026, 7:29 PM","","Seated Cable Row - V Grip (Cable)",,"",1,"normal",90,12,,,
"Pull","Aug 11, 2026, 6:02 PM","Aug 11, 2026, 7:29 PM","","Seated Cable Row - V Grip (Cable)",,"",2,"normal",90,12,,,
"Pull","Aug 11, 2026, 6:02 PM","Aug 11, 2026, 7:29 PM","","Rear Delt Reverse Fly (Machine)",,"",0,"normal",52.5,15,,,
"Pull","Aug 11, 2026, 6:02 PM","Aug 11, 2026, 7:29 PM","","Rear Delt Reverse Fly (Machine)",,"",1,"normal",52.5,15,,,
"Pull","Aug 11, 2026, 6:02 PM","Aug 11, 2026, 7:29 PM","","Rear Delt Reverse Fly (Machine)",,"",2,"normal",60,15,,,
"Pull","Aug 11, 2026, 6:02 PM","Aug 11, 2026, 7:29 PM","","Lat Pulldown - Close Grip (Cable)",,"",0,"normal",65,12,,,
"Pull","Aug 11, 2026, 6:02 PM","Aug 11, 2026, 7:29 PM","","Lat Pulldown - Close Grip (Cable)",,"",1,"normal",65,10,,,
"Pull","Aug 11, 2026, 6:02 PM","Aug 11, 2026, 7:29 PM","","Preacher Curl (Dumbbell)",,"",0,"normal",15,30,,,
"Pull","Aug 11, 2026, 6:02 PM","Aug 11, 2026, 7:29 PM","","Preacher Curl (Dumbbell)",,"",1,"normal",15,30,,,
"Pull","Aug 11, 2026, 6:02 PM","Aug 11, 2026, 7:29 PM","","Preacher Curl (Dumbbell)",,"",2,"normal",15,28,,,
"Pull","Aug 11, 2026, 6:02 PM","Aug 11, 2026, 7:29 PM","","Back Extension (Hyperextension)",,"",0,"normal",,20,,,
"Pull","Aug 11, 2026, 6:02 PM","Aug 11, 2026, 7:29 PM","","Cross Body Hammer Curl",,"",0,"normal",35,12,,,
"Pull","Aug 11, 2026, 6:02 PM","Aug 11, 2026, 7:29 PM","","Cross Body Hammer Curl",,"",1,"normal",25,12,,,
"Pull","Aug 11, 2026, 6:02 PM","Aug 11, 2026, 7:29 PM","","Cross Body Hammer Curl",,"",2,"normal",25,12,,,
"Pull","Aug 11, 2026, 6:02 PM","Aug 11, 2026, 7:29 PM","","Dragon Flag",,"",0,"normal",,25,,,
"Pull","Aug 11, 2026, 6:02 PM","Aug 11, 2026, 7:29 PM","","Decline Crunch (Weighted)",,"",0,"normal",10,20,,,
"Push","Aug 10, 2026, 6:33 PM","Aug 10, 2026, 7:43 PM","W push wk in an hr","Stretching",,"",0,"normal",,,,266,
"Push","Aug 10, 2026, 6:33 PM","Aug 10, 2026, 7:43 PM","W push wk in an hr","Chest Fly (Machine)",,"",0,"normal",75,15,,,
"Push","Aug 10, 2026, 6:33 PM","Aug 10, 2026, 7:43 PM","W push wk in an hr","Chest Fly (Machine)",,"",1,"normal",90,15,,,
"Push","Aug 10, 2026, 6:33 PM","Aug 10, 2026, 7:43 PM","W push wk in an hr","Chest Fly (Machine)",,"",2,"normal",97.5,10,,,
"Push","Aug 10, 2026, 6:33 PM","Aug 10, 2026, 7:43 PM","W push wk in an hr","Chest Fly (Machine)",,"",3,"dropset",67.5,8,,,
"Push","Aug 10, 2026, 6:33 PM","Aug 10, 2026, 7:43 PM","W push wk in an hr","Incline Bench Press (Smith Machine)",,"2nd last set - full rom",0,"warmup",20,10,,,
"Push","Aug 10, 2026, 6:33 PM","Aug 10, 2026, 7:43 PM","W push wk in an hr","Incline Bench Press (Smith Machine)",,"2nd last set - full rom",1,"normal",50,11,,,
"Push","Aug 10, 2026, 6:33 PM","Aug 10, 2026, 7:43 PM","W push wk in an hr","Incline Bench Press (Smith Machine)",,"2nd last set - full rom",2,"normal",60,7,,,
"Push","Aug 10, 2026, 6:33 PM","Aug 10, 2026, 7:43 PM","W push wk in an hr","Incline Bench Press (Smith Machine)",,"2nd last set - full rom",3,"normal",50,7,,,
"Push","Aug 10, 2026, 6:33 PM","Aug 10, 2026, 7:43 PM","W push wk in an hr","Incline Bench Press (Smith Machine)",,"2nd last set - full rom",4,"normal",50,10,,,
"Push","Aug 10, 2026, 6:33 PM","Aug 10, 2026, 7:43 PM","W push wk in an hr","Cable Fly Crossovers",,"",0,"normal",40,18,,,
"Push","Aug 10, 2026, 6:33 PM","Aug 10, 2026, 7:43 PM","W push wk in an hr","Cable Fly Crossovers",,"",1,"normal",60,12,,,
"Push","Aug 10, 2026, 6:33 PM","Aug 10, 2026, 7:43 PM","W push wk in an hr","Lateral Raise (Cable)",,"",0,"normal",20,15,,,
"Push","Aug 10, 2026, 6:33 PM","Aug 10, 2026, 7:43 PM","W push wk in an hr","Lateral Raise (Cable)",,"",1,"normal",30,5,,,
"Push","Aug 10, 2026, 6:33 PM","Aug 10, 2026, 7:43 PM","W push wk in an hr","Lateral Raise (Cable)",,"",2,"dropset",20,7,,,
"Push","Aug 10, 2026, 6:33 PM","Aug 10, 2026, 7:43 PM","W push wk in an hr","Lateral Raise (Cable)",,"",3,"normal",20,12,,,
"Push","Aug 10, 2026, 6:33 PM","Aug 10, 2026, 7:43 PM","W push wk in an hr","Lateral Raise (Cable)",,"",4,"dropset",10,12,,,
"Push","Aug 10, 2026, 6:33 PM","Aug 10, 2026, 7:43 PM","W push wk in an hr","Seated Triceps Press",,"",0,"normal",70,18,,,
"Push","Aug 10, 2026, 6:33 PM","Aug 10, 2026, 7:43 PM","W push wk in an hr","Seated Triceps Press",,"",1,"normal",90,15,,,
"Push","Aug 10, 2026, 6:33 PM","Aug 10, 2026, 7:43 PM","W push wk in an hr","Seated Triceps Press",,"",2,"normal",100,15,,,
"Push","Aug 10, 2026, 6:33 PM","Aug 10, 2026, 7:43 PM","W push wk in an hr","Triceps Extension (Cable)",,"",0,"normal",20,30,,,
"Push","Aug 10, 2026, 6:33 PM","Aug 10, 2026, 7:43 PM","W push wk in an hr","Triceps Extension (Cable)",,"",1,"normal",20,30,,,
"Push","Aug 10, 2026, 6:33 PM","Aug 10, 2026, 7:43 PM","W push wk in an hr","Triceps Extension (Cable)",,"",2,"normal",20,30,,,
"Back & Calis.","Aug 8, 2026, 5:58 PM","Aug 8, 2026, 7:19 PM","W with patgr","Stretching",,"Calisthenics

* Wrist circles × 15 each direction
* Palm rocks × 15
* Back-of-hand rocks × 10–15
* Side-to-side rocks × 15
* Fingertip holds × 15–20 sec × 2",0,"normal",,,,429,
"Back & Calis.","Aug 8, 2026, 5:58 PM","Aug 8, 2026, 7:19 PM","W with patgr","Handstand Hold",,"Chest to wall (supported) - W",0,"normal",,,,20,
"Back & Calis.","Aug 8, 2026, 5:58 PM","Aug 8, 2026, 7:19 PM","W with patgr","Handstand Hold",,"Chest to wall (supported) - W",1,"normal",,,,30,
"Back & Calis.","Aug 8, 2026, 5:58 PM","Aug 8, 2026, 7:19 PM","W with patgr","Handstand Hold",,"Chest to wall (supported) - W",2,"normal",,,,40,
"Back & Calis.","Aug 8, 2026, 5:58 PM","Aug 8, 2026, 7:19 PM","W with patgr","Handstand Hold",,"Chest to wall (supported) - W",3,"normal",,,,40,
"Back & Calis.","Aug 8, 2026, 5:58 PM","Aug 8, 2026, 7:19 PM","W with patgr","Dead Hang",,"",0,"normal",,,,46,
"Back & Calis.","Aug 8, 2026, 5:58 PM","Aug 8, 2026, 7:19 PM","W with patgr","Dead Hang",,"",1,"normal",,,,40,
"Back & Calis.","Aug 8, 2026, 5:58 PM","Aug 8, 2026, 7:19 PM","W with patgr","Pull Up",,"- Muscle up progression
- Chest to Bar
- Archer Pullups
- Typewriter Pullups",0,"normal",,3,,,
"Back & Calis.","Aug 8, 2026, 5:58 PM","Aug 8, 2026, 7:19 PM","W with patgr","Pull Up",,"- Muscle up progression
- Chest to Bar
- Archer Pullups
- Typewriter Pullups",1,"normal",,12,,,
"Back & Calis.","Aug 8, 2026, 5:58 PM","Aug 8, 2026, 7:19 PM","W with patgr","Pull Up",,"- Muscle up progression
- Chest to Bar
- Archer Pullups
- Typewriter Pullups",2,"normal",,6,,,
"Back & Calis.","Aug 8, 2026, 5:58 PM","Aug 8, 2026, 7:19 PM","W with patgr","Pull Up",,"- Muscle up progression
- Chest to Bar
- Archer Pullups
- Typewriter Pullups",3,"normal",,6,,,
"Back & Calis.","Aug 8, 2026, 5:58 PM","Aug 8, 2026, 7:19 PM","W with patgr","Muscle Up",,"Assisted (Band)",0,"normal",,1,,,
"Back & Calis.","Aug 8, 2026, 5:58 PM","Aug 8, 2026, 7:19 PM","W with patgr","Single Arm Lat Pulldown",,"",0,"normal",40,36,,,
"Back & Calis.","Aug 8, 2026, 5:58 PM","Aug 8, 2026, 7:19 PM","W with patgr","Single Arm Lat Pulldown",,"",1,"normal",55,24,,,
"Back & Calis.","Aug 8, 2026, 5:58 PM","Aug 8, 2026, 7:19 PM","W with patgr","Lat Pulldown (Machine)",,"",0,"normal",70,18,,,
"Back & Calis.","Aug 8, 2026, 5:58 PM","Aug 8, 2026, 7:19 PM","W with patgr","Lat Pulldown (Machine)",,"",1,"normal",80,16,,,
"Back & Calis.","Aug 8, 2026, 5:58 PM","Aug 8, 2026, 7:19 PM","W with patgr","Farmers Walk",,"1st set - Fingertip plate holds",0,"normal",30,,0.01,,
"Back & Calis.","Aug 8, 2026, 5:58 PM","Aug 8, 2026, 7:19 PM","W with patgr","Farmers Walk",,"1st set - Fingertip plate holds",1,"normal",40,,0.04,,
"Back & Calis.","Aug 8, 2026, 5:58 PM","Aug 8, 2026, 7:19 PM","W with patgr","Farmers Walk",,"1st set - Fingertip plate holds",2,"normal",40,,0.04,,
"Back & Calis.","Aug 8, 2026, 5:58 PM","Aug 8, 2026, 7:19 PM","W with patgr","Back Extension (Hyperextension)",,"",0,"normal",,25,,,
"Back & Calis.","Aug 8, 2026, 5:58 PM","Aug 8, 2026, 7:19 PM","W with patgr","Dragon Flag",,"",0,"normal",,27,,,
"Back & Calis.","Aug 8, 2026, 5:58 PM","Aug 8, 2026, 7:19 PM","W with patgr","Dragon Flag",,"",1,"normal",,20,,,
"Back & Calis.","Aug 8, 2026, 5:58 PM","Aug 8, 2026, 7:19 PM","W with patgr","Reverse Curl (Barbell)",,"",0,"normal",20,18,,,
"Back & Calis.","Aug 8, 2026, 5:58 PM","Aug 8, 2026, 7:19 PM","W with patgr","Reverse Curl (Barbell)",,"",1,"normal",25,12,,,
"Chest","Aug 7, 2026, 7:02 PM","Aug 7, 2026, 8:10 PM","W 85","Stretching",,"",0,"normal",,,,213,
"Chest","Aug 7, 2026, 7:02 PM","Aug 7, 2026, 8:10 PM","W 85","Push Up",,"15 normie & slow + 15 knuckles",0,"normal",,30,,,
"Chest","Aug 7, 2026, 7:02 PM","Aug 7, 2026, 8:10 PM","W 85","Chest Fly (Machine)",,"",0,"warmup",60,20,,,
"Chest","Aug 7, 2026, 7:02 PM","Aug 7, 2026, 8:10 PM","W 85","Chest Fly (Machine)",,"",1,"normal",90,12,,,
"Chest","Aug 7, 2026, 7:02 PM","Aug 7, 2026, 8:10 PM","W 85","Chest Fly (Machine)",,"",2,"normal",90,12,,,
"Chest","Aug 7, 2026, 7:02 PM","Aug 7, 2026, 8:10 PM","W 85","Chest Fly (Machine)",,"",3,"dropset",60,10,,,
"Chest","Aug 7, 2026, 7:02 PM","Aug 7, 2026, 8:10 PM","W 85","Bench Press (Barbell)",,"85 finally",0,"normal",60,12,,,
"Chest","Aug 7, 2026, 7:02 PM","Aug 7, 2026, 8:10 PM","W 85","Bench Press (Barbell)",,"85 finally",1,"normal",70,6,,,
"Chest","Aug 7, 2026, 7:02 PM","Aug 7, 2026, 8:10 PM","W 85","Bench Press (Barbell)",,"85 finally",2,"normal",85,1,,,
"Chest","Aug 7, 2026, 7:02 PM","Aug 7, 2026, 8:10 PM","W 85","Low Cable Fly Crossovers",,"",0,"normal",40,15,,,
"Chest","Aug 7, 2026, 7:02 PM","Aug 7, 2026, 8:10 PM","W 85","Low Cable Fly Crossovers",,"",1,"normal",40,15,,,
"Chest","Aug 7, 2026, 7:02 PM","Aug 7, 2026, 8:10 PM","W 85","Low Cable Fly Crossovers",,"",2,"dropset",30,8,,,
"Chest","Aug 7, 2026, 7:02 PM","Aug 7, 2026, 8:10 PM","W 85","Shoulder Press (Machine Plates)",,"",0,"warmup",40,20,,,
"Chest","Aug 7, 2026, 7:02 PM","Aug 7, 2026, 8:10 PM","W 85","Shoulder Press (Machine Plates)",,"",1,"normal",70,15,,,
"Chest","Aug 7, 2026, 7:02 PM","Aug 7, 2026, 8:10 PM","W 85","Shoulder Press (Machine Plates)",,"",2,"normal",85,9,,,
"Chest","Aug 7, 2026, 7:02 PM","Aug 7, 2026, 8:10 PM","W 85","Russian Twist (Bodyweight)",,"Hanging - Windshield Wipers",0,"normal",,12,,,
"Chest","Aug 7, 2026, 7:02 PM","Aug 7, 2026, 8:10 PM","W 85","Russian Twist (Bodyweight)",,"Hanging - Windshield Wipers",1,"normal",,12,,,
"Arms","Aug 6, 2026, 6:13 PM","Aug 6, 2026, 7:28 PM","W - 22.5kgs db hammer 😋","Stretching",,"",0,"normal",,,,248,
"Arms","Aug 6, 2026, 6:13 PM","Aug 6, 2026, 7:28 PM","W - 22.5kgs db hammer 😋","Seated Incline Curl (Dumbbell)",,"",0,"normal",25,15,,,
"Arms","Aug 6, 2026, 6:13 PM","Aug 6, 2026, 7:28 PM","W - 22.5kgs db hammer 😋","Seated Incline Curl (Dumbbell)",,"",1,"normal",30,9,,,
"Arms","Aug 6, 2026, 6:13 PM","Aug 6, 2026, 7:28 PM","W - 22.5kgs db hammer 😋","Seated Incline Curl (Dumbbell)",,"",2,"dropset",15,7,,,
"Arms","Aug 6, 2026, 6:13 PM","Aug 6, 2026, 7:28 PM","W - 22.5kgs db hammer 😋","Seated Incline Curl (Dumbbell)",,"",3,"normal",30,9,,,
"Arms","Aug 6, 2026, 6:13 PM","Aug 6, 2026, 7:28 PM","W - 22.5kgs db hammer 😋","Seated Incline Curl (Dumbbell)",,"",4,"dropset",15,7,,,
"Arms","Aug 6, 2026, 6:13 PM","Aug 6, 2026, 7:28 PM","W - 22.5kgs db hammer 😋","Overhead Triceps Extension (Cable)",,"Rope",0,"normal",35,18,,,
"Arms","Aug 6, 2026, 6:13 PM","Aug 6, 2026, 7:28 PM","W - 22.5kgs db hammer 😋","Overhead Triceps Extension (Cable)",,"Rope",1,"normal",40,18,,,
"Arms","Aug 6, 2026, 6:13 PM","Aug 6, 2026, 7:28 PM","W - 22.5kgs db hammer 😋","Overhead Triceps Extension (Cable)",,"Rope",2,"normal",45,18,,,
"Arms","Aug 6, 2026, 6:13 PM","Aug 6, 2026, 7:28 PM","W - 22.5kgs db hammer 😋","Cross Body Hammer Curl",,"",0,"normal",30,13,,,
"Arms","Aug 6, 2026, 6:13 PM","Aug 6, 2026, 7:28 PM","W - 22.5kgs db hammer 😋","Cross Body Hammer Curl",,"",1,"normal",40,12,,,
"Arms","Aug 6, 2026, 6:13 PM","Aug 6, 2026, 7:28 PM","W - 22.5kgs db hammer 😋","Cross Body Hammer Curl",,"",2,"normal",45,9,,,
"Arms","Aug 6, 2026, 6:13 PM","Aug 6, 2026, 7:28 PM","W - 22.5kgs db hammer 😋","Cross Body Hammer Curl",,"",3,"dropset",25,12,,,
"Arms","Aug 6, 2026, 6:13 PM","Aug 6, 2026, 7:28 PM","W - 22.5kgs db hammer 😋","Single Arm Triceps Pushdown (Cable)",,"",0,"normal",20,24,,,
"Arms","Aug 6, 2026, 6:13 PM","Aug 6, 2026, 7:28 PM","W - 22.5kgs db hammer 😋","Single Arm Triceps Pushdown (Cable)",,"",1,"normal",15,30,,,
"Arms","Aug 6, 2026, 6:13 PM","Aug 6, 2026, 7:28 PM","W - 22.5kgs db hammer 😋","Single Arm Triceps Pushdown (Cable)",,"",2,"normal",15,36,,,
"Arms","Aug 6, 2026, 6:13 PM","Aug 6, 2026, 7:28 PM","W - 22.5kgs db hammer 😋","Lateral Raise (Dumbbell)",,"",0,"normal",20,18,,,
"Arms","Aug 6, 2026, 6:13 PM","Aug 6, 2026, 7:28 PM","W - 22.5kgs db hammer 😋","Lateral Raise (Dumbbell)",,"",1,"normal",25,15,,,
"Arms","Aug 6, 2026, 6:13 PM","Aug 6, 2026, 7:28 PM","W - 22.5kgs db hammer 😋","Lateral Raise (Dumbbell)",,"",2,"normal",30,8,,,
"Arms","Aug 6, 2026, 6:13 PM","Aug 6, 2026, 7:28 PM","W - 22.5kgs db hammer 😋","Lateral Raise (Dumbbell)",,"",3,"dropset",20,8,,,
"Arms","Aug 6, 2026, 6:13 PM","Aug 6, 2026, 7:28 PM","W - 22.5kgs db hammer 😋","Lateral Raise (Dumbbell)",,"",4,"dropset",10,12,,,
"Arms","Aug 6, 2026, 6:13 PM","Aug 6, 2026, 7:28 PM","W - 22.5kgs db hammer 😋","Face Pull",,"",0,"normal",45,18,,,
"Arms","Aug 6, 2026, 6:13 PM","Aug 6, 2026, 7:28 PM","W - 22.5kgs db hammer 😋","Face Pull",,"",1,"normal",60,18,,,
"Legs","Aug 5, 2026, 6:11 PM","Aug 5, 2026, 7:29 PM","W - 25 k+ volume, how can ceezie skip legs 😋","Stretching",,"",0,"normal",,,,469,
"Legs","Aug 5, 2026, 6:11 PM","Aug 5, 2026, 7:29 PM","W - 25 k+ volume, how can ceezie skip legs 😋","Lunge (Barbell)",,"Walking",0,"normal",25,26,,,
"Legs","Aug 5, 2026, 6:11 PM","Aug 5, 2026, 7:29 PM","W - 25 k+ volume, how can ceezie skip legs 😋","Lunge (Barbell)",,"Walking",1,"normal",25,26,,,
"Legs","Aug 5, 2026, 6:11 PM","Aug 5, 2026, 7:29 PM","W - 25 k+ volume, how can ceezie skip legs 😋","Lunge (Barbell)",,"Walking",2,"normal",30,26,,,
"Legs","Aug 5, 2026, 6:11 PM","Aug 5, 2026, 7:29 PM","W - 25 k+ volume, how can ceezie skip legs 😋","Hip Adduction (Machine)",0,"",0,"normal",70,15,,,
"Legs","Aug 5, 2026, 6:11 PM","Aug 5, 2026, 7:29 PM","W - 25 k+ volume, how can ceezie skip legs 😋","Hip Adduction (Machine)",0,"",1,"normal",70,15,,,
"Legs","Aug 5, 2026, 6:11 PM","Aug 5, 2026, 7:29 PM","W - 25 k+ volume, how can ceezie skip legs 😋","Hip Abduction (Machine)",0,"",0,"normal",70,15,,,
"Legs","Aug 5, 2026, 6:11 PM","Aug 5, 2026, 7:29 PM","W - 25 k+ volume, how can ceezie skip legs 😋","Hip Abduction (Machine)",0,"",1,"normal",70,15,,,
"Legs","Aug 5, 2026, 6:11 PM","Aug 5, 2026, 7:29 PM","W - 25 k+ volume, how can ceezie skip legs 😋","Leg Extension (Machine)",,"",0,"warmup",45,22,,,
"Legs","Aug 5, 2026, 6:11 PM","Aug 5, 2026, 7:29 PM","W - 25 k+ volume, how can ceezie skip legs 😋","Leg Extension (Machine)",,"",1,"normal",75,16,,,
"Legs","Aug 5, 2026, 6:11 PM","Aug 5, 2026, 7:29 PM","W - 25 k+ volume, how can ceezie skip legs 😋","Leg Extension (Machine)",,"",2,"normal",90,15,,,
"Legs","Aug 5, 2026, 6:11 PM","Aug 5, 2026, 7:29 PM","W - 25 k+ volume, how can ceezie skip legs 😋","Leg Extension (Machine)",,"",3,"dropset",60,8,,,
"Legs","Aug 5, 2026, 6:11 PM","Aug 5, 2026, 7:29 PM","W - 25 k+ volume, how can ceezie skip legs 😋","Seated Leg Curl (Machine)",,"",0,"warmup",50,15,,,
"Legs","Aug 5, 2026, 6:11 PM","Aug 5, 2026, 7:29 PM","W - 25 k+ volume, how can ceezie skip legs 😋","Seated Leg Curl (Machine)",,"",1,"normal",70,15,,,
"Legs","Aug 5, 2026, 6:11 PM","Aug 5, 2026, 7:29 PM","W - 25 k+ volume, how can ceezie skip legs 😋","Seated Leg Curl (Machine)",,"",2,"normal",70,15,,,
"Legs","Aug 5, 2026, 6:11 PM","Aug 5, 2026, 7:29 PM","W - 25 k+ volume, how can ceezie skip legs 😋","Leg Press (Machine)",,"",0,"normal",120,20,,,
"Legs","Aug 5, 2026, 6:11 PM","Aug 5, 2026, 7:29 PM","W - 25 k+ volume, how can ceezie skip legs 😋","Leg Press (Machine)",,"",1,"normal",165,18,,,
"Legs","Aug 5, 2026, 6:11 PM","Aug 5, 2026, 7:29 PM","W - 25 k+ volume, how can ceezie skip legs 😋","Leg Press (Machine)",,"",2,"normal",195,18,,,
"Legs","Aug 5, 2026, 6:11 PM","Aug 5, 2026, 7:29 PM","W - 25 k+ volume, how can ceezie skip legs 😋","Standing Calf Raise (Smith)",,"",0,"normal",50,20,,,
"Legs","Aug 5, 2026, 6:11 PM","Aug 5, 2026, 7:29 PM","W - 25 k+ volume, how can ceezie skip legs 😋","Standing Calf Raise (Smith)",,"",1,"normal",60,25,,,
"Legs","Aug 5, 2026, 6:11 PM","Aug 5, 2026, 7:29 PM","W - 25 k+ volume, how can ceezie skip legs 😋","Standing Calf Raise (Smith)",,"",2,"normal",70,18,,,
"Pull","Aug 4, 2026, 5:48 PM","Aug 4, 2026, 7:15 PM","","Stretching",,"",0,"normal",,,,314,
"Pull","Aug 4, 2026, 5:48 PM","Aug 4, 2026, 7:15 PM","","Pull Up",,"",0,"normal",,20,,,
"Pull","Aug 4, 2026, 5:48 PM","Aug 4, 2026, 7:15 PM","","Pull Up (Weighted)",,"",0,"normal",10,10,,,
"Pull","Aug 4, 2026, 5:48 PM","Aug 4, 2026, 7:15 PM","","Pull Up (Weighted)",,"",1,"normal",10,6,,,
"Pull","Aug 4, 2026, 5:48 PM","Aug 4, 2026, 7:15 PM","","Lat Pulldown (Cable)",,"-no swinging",0,"normal",65,12,,,
"Pull","Aug 4, 2026, 5:48 PM","Aug 4, 2026, 7:15 PM","","Lat Pulldown (Cable)",,"-no swinging",1,"normal",65,12,,,
"Pull","Aug 4, 2026, 5:48 PM","Aug 4, 2026, 7:15 PM","","Chest Supported Incline Row (Dumbbell)",,"",0,"warmup",40,12,,,
"Pull","Aug 4, 2026, 5:48 PM","Aug 4, 2026, 7:15 PM","","Chest Supported Incline Row (Dumbbell)",,"",1,"normal",55,12,,,
"Pull","Aug 4, 2026, 5:48 PM","Aug 4, 2026, 7:15 PM","","Chest Supported Incline Row (Dumbbell)",,"",2,"normal",55,12,,,
"Pull","Aug 4, 2026, 5:48 PM","Aug 4, 2026, 7:15 PM","","Seated Cable Row - V Grip (Cable)",,"Close grip (reverse)",0,"normal",70,18,,,
"Pull","Aug 4, 2026, 5:48 PM","Aug 4, 2026, 7:15 PM","","Seated Cable Row - V Grip (Cable)",,"Close grip (reverse)",1,"normal",85,15,,,
"Pull","Aug 4, 2026, 5:48 PM","Aug 4, 2026, 7:15 PM","","Seated Cable Row - V Grip (Cable)",,"Close grip (reverse)",2,"normal",100,11,,,
"Pull","Aug 4, 2026, 5:48 PM","Aug 4, 2026, 7:15 PM","","Preacher Curl (Dumbbell)",,"",0,"normal",15,30,,,
"Pull","Aug 4, 2026, 5:48 PM","Aug 4, 2026, 7:15 PM","","Preacher Curl (Dumbbell)",,"",1,"normal",15,30,,,
"Pull","Aug 4, 2026, 5:48 PM","Aug 4, 2026, 7:15 PM","","Preacher Curl (Dumbbell)",,"",2,"normal",15,30,,,
"Pull","Aug 4, 2026, 5:48 PM","Aug 4, 2026, 7:15 PM","","Preacher Curl (Dumbbell)",,"",3,"dropset",7.5,20,,,
"Pull","Aug 4, 2026, 5:48 PM","Aug 4, 2026, 7:15 PM","","Behind the Back Curl (Cable)",,"",0,"normal",40,16,,,
"Pull","Aug 4, 2026, 5:48 PM","Aug 4, 2026, 7:15 PM","","Behind the Back Curl (Cable)",,"",1,"normal",50,11,,,
"Pull","Aug 4, 2026, 5:48 PM","Aug 4, 2026, 7:15 PM","","Behind the Back Curl (Cable)",,"",2,"normal",50,12,,,
"Pull","Aug 4, 2026, 5:48 PM","Aug 4, 2026, 7:15 PM","","Behind the Back Curl (Cable)",,"",3,"dropset",30,6,,,
"Pull","Aug 4, 2026, 5:48 PM","Aug 4, 2026, 7:15 PM","","Hammer Curl (Cable)",,"",0,"normal",45,15,,,
"Pull","Aug 4, 2026, 5:48 PM","Aug 4, 2026, 7:15 PM","","Hammer Curl (Cable)",,"",1,"dropset",25,12,,,
"Pull","Aug 4, 2026, 5:48 PM","Aug 4, 2026, 7:15 PM","","Hammer Curl (Cable)",,"",2,"normal",50,12,,,
"Pull","Aug 4, 2026, 5:48 PM","Aug 4, 2026, 7:15 PM","","Hammer Curl (Cable)",,"",3,"dropset",25,15,,,
"Push","Aug 3, 2026, 6:36 PM","Aug 3, 2026, 7:51 PM","","Stretching",,"",0,"normal",,,,247,
"Push","Aug 3, 2026, 6:36 PM","Aug 3, 2026, 7:51 PM","","Push Up",,"- slow & controlled",0,"normal",,30,,,
"Push","Aug 3, 2026, 6:36 PM","Aug 3, 2026, 7:51 PM","","Chest Fly (Machine)",,"",0,"normal",75,15,,,
"Push","Aug 3, 2026, 6:36 PM","Aug 3, 2026, 7:51 PM","","Chest Fly (Machine)",,"",1,"normal",90,12,,,
"Push","Aug 3, 2026, 6:36 PM","Aug 3, 2026, 7:51 PM","","Chest Fly (Machine)",,"",2,"normal",90,15,,,
"Push","Aug 3, 2026, 6:36 PM","Aug 3, 2026, 7:51 PM","","Chest Fly (Machine)",,"",3,"dropset",67.5,9,,,
"Push","Aug 3, 2026, 6:36 PM","Aug 3, 2026, 7:51 PM","","Incline Bench Press (Dumbbell)",,"",0,"warmup",40,15,,,
"Push","Aug 3, 2026, 6:36 PM","Aug 3, 2026, 7:51 PM","","Incline Bench Press (Dumbbell)",,"",1,"normal",50,12,,,
"Push","Aug 3, 2026, 6:36 PM","Aug 3, 2026, 7:51 PM","","Incline Bench Press (Dumbbell)",,"",2,"normal",60,12,,,
"Push","Aug 3, 2026, 6:36 PM","Aug 3, 2026, 7:51 PM","","Triceps Pushdown",,"V bar",0,"normal",50,18,,,
"Push","Aug 3, 2026, 6:36 PM","Aug 3, 2026, 7:51 PM","","Triceps Pushdown",,"V bar",1,"normal",60,18,,,
"Push","Aug 3, 2026, 6:36 PM","Aug 3, 2026, 7:51 PM","","Triceps Pushdown",,"V bar",2,"normal",65,15,,,
"Push","Aug 3, 2026, 6:36 PM","Aug 3, 2026, 7:51 PM","","Low Cable Fly Crossovers",,"",0,"normal",40,15,,,
"Push","Aug 3, 2026, 6:36 PM","Aug 3, 2026, 7:51 PM","","Low Cable Fly Crossovers",,"",1,"normal",40,15,,,
"Push","Aug 3, 2026, 6:36 PM","Aug 3, 2026, 7:51 PM","","Low Cable Fly Crossovers",,"",2,"dropset",20,12,,,
"Push","Aug 3, 2026, 6:36 PM","Aug 3, 2026, 7:51 PM","","Lateral Raise (Cable)",,"hard asf tension",0,"normal",20,15,,,
"Push","Aug 3, 2026, 6:36 PM","Aug 3, 2026, 7:51 PM","","Lateral Raise (Cable)",,"hard asf tension",1,"normal",30,7,,,
"Push","Aug 3, 2026, 6:36 PM","Aug 3, 2026, 7:51 PM","","Lateral Raise (Cable)",,"hard asf tension",2,"dropset",20,7,,,
"Push","Aug 3, 2026, 6:36 PM","Aug 3, 2026, 7:51 PM","","Lateral Raise (Cable)",,"hard asf tension",3,"normal",20,9,,,
"Push","Aug 3, 2026, 6:36 PM","Aug 3, 2026, 7:51 PM","","Lateral Raise (Cable)",,"hard asf tension",4,"dropset",10,9,,,
"Push","Aug 3, 2026, 6:36 PM","Aug 3, 2026, 7:51 PM","","Triceps Extension (Cable)",,"",0,"normal",15,30,,,
"Push","Aug 3, 2026, 6:36 PM","Aug 3, 2026, 7:51 PM","","Triceps Extension (Cable)",,"",1,"normal",15,30,,,
"Push","Aug 3, 2026, 6:36 PM","Aug 3, 2026, 7:51 PM","","Triceps Extension (Cable)",,"",2,"normal",15,30,,,
"Back & Calis.","Aug 1, 2026, 5:47 PM","Aug 1, 2026, 7:41 PM","W, 365 days in","Stretching",,"- Fingertip holds",0,"normal",,,,233,
"Back & Calis.","Aug 1, 2026, 5:47 PM","Aug 1, 2026, 7:41 PM","W, 365 days in","Handstand Hold",,"Chest to wall (supported)",0,"normal",,,,20,
"Back & Calis.","Aug 1, 2026, 5:47 PM","Aug 1, 2026, 7:41 PM","W, 365 days in","Handstand Hold",,"Chest to wall (supported)",1,"normal",,,,30,
"Back & Calis.","Aug 1, 2026, 5:47 PM","Aug 1, 2026, 7:41 PM","W, 365 days in","Handstand Hold",,"Chest to wall (supported)",2,"normal",,,,40,
"Back & Calis.","Aug 1, 2026, 5:47 PM","Aug 1, 2026, 7:41 PM","W, 365 days in","Handstand Hold",,"Chest to wall (supported)",3,"normal",,,,40,
"Back & Calis.","Aug 1, 2026, 5:47 PM","Aug 1, 2026, 7:41 PM","W, 365 days in","Pike Pushup",,"",0,"normal",,18,,,
"Back & Calis.","Aug 1, 2026, 5:47 PM","Aug 1, 2026, 7:41 PM","W, 365 days in","Single Arm Lateral Raise (Cable)",,"",0,"normal",15,40,,,
"Back & Calis.","Aug 1, 2026, 5:47 PM","Aug 1, 2026, 7:41 PM","W, 365 days in","Single Arm Lateral Raise (Cable)",,"",1,"normal",20,38,,,
"Back & Calis.","Aug 1, 2026, 5:47 PM","Aug 1, 2026, 7:41 PM","W, 365 days in","Single Arm Lateral Raise (Cable)",,"",2,"normal",20,36,,,
"Back & Calis.","Aug 1, 2026, 5:47 PM","Aug 1, 2026, 7:41 PM","W, 365 days in","Single Arm Lateral Raise (Cable)",,"",3,"dropset",10,24,,,
"Back & Calis.","Aug 1, 2026, 5:47 PM","Aug 1, 2026, 7:41 PM","W, 365 days in","Dead Hang",,"",0,"normal",,,,42,
"Back & Calis.","Aug 1, 2026, 5:47 PM","Aug 1, 2026, 7:41 PM","W, 365 days in","Dead Hang",,"",1,"normal",,,,50,
"Back & Calis.","Aug 1, 2026, 5:47 PM","Aug 1, 2026, 7:41 PM","W, 365 days in","Pull Up",,"- Chest to bar",0,"normal",,14,,,
"Back & Calis.","Aug 1, 2026, 5:47 PM","Aug 1, 2026, 7:41 PM","W, 365 days in","Pull Up",,"- Chest to bar",1,"normal",,12,,,
"Back & Calis.","Aug 1, 2026, 5:47 PM","Aug 1, 2026, 7:41 PM","W, 365 days in","Single Arm Lat Pulldown",,"",0,"normal",35,32,,,
"Back & Calis.","Aug 1, 2026, 5:47 PM","Aug 1, 2026, 7:41 PM","W, 365 days in","Single Arm Lat Pulldown",,"",1,"normal",45,28,,,
"Back & Calis.","Aug 1, 2026, 5:47 PM","Aug 1, 2026, 7:41 PM","W, 365 days in","Single Arm Lat Pulldown",,"",2,"normal",45,30,,,
"Back & Calis.","Aug 1, 2026, 5:47 PM","Aug 1, 2026, 7:41 PM","W, 365 days in","Lat Pulldown - Close Grip (Cable)",,"",0,"normal",65,15,,,
"Back & Calis.","Aug 1, 2026, 5:47 PM","Aug 1, 2026, 7:41 PM","W, 365 days in","Lat Pulldown - Close Grip (Cable)",,"",1,"normal",71.5,12,,,
"Back & Calis.","Aug 1, 2026, 5:47 PM","Aug 1, 2026, 7:41 PM","W, 365 days in","Chest Supported Incline Row (Dumbbell)",,"Machine",0,"warmup",40,12,,,
"Back & Calis.","Aug 1, 2026, 5:47 PM","Aug 1, 2026, 7:41 PM","W, 365 days in","Chest Supported Incline Row (Dumbbell)",,"Machine",1,"normal",50,12,,,
"Back & Calis.","Aug 1, 2026, 5:47 PM","Aug 1, 2026, 7:41 PM","W, 365 days in","Chest Supported Incline Row (Dumbbell)",,"Machine",2,"normal",50,12,,,
"Back & Calis.","Aug 1, 2026, 5:47 PM","Aug 1, 2026, 7:41 PM","W, 365 days in","Behind the Back Wrist Curl (Barbell)",,"",0,"normal",25,30,,,
"Back & Calis.","Aug 1, 2026, 5:47 PM","Aug 1, 2026, 7:41 PM","W, 365 days in","Behind the Back Wrist Curl (Barbell)",,"",1,"normal",30,25,,,
"Back & Calis.","Aug 1, 2026, 5:47 PM","Aug 1, 2026, 7:41 PM","W, 365 days in","Behind the Back Wrist Curl (Barbell)",,"",2,"normal",30,25,,,
"Back & Calis.","Aug 1, 2026, 5:47 PM","Aug 1, 2026, 7:41 PM","W, 365 days in","Dead Hang",,"",0,"normal",,,,38,
"Back & Calis.","Aug 1, 2026, 5:47 PM","Aug 1, 2026, 7:41 PM","W, 365 days in","Straight Arm Lat Pulldown (Cable)",,"",0,"normal",35,18,,,
"Back & Calis.","Aug 1, 2026, 5:47 PM","Aug 1, 2026, 7:41 PM","W, 365 days in","Straight Arm Lat Pulldown (Cable)",,"",1,"normal",40,15,,,
"Back & Calis.","Aug 1, 2026, 5:47 PM","Aug 1, 2026, 7:41 PM","W, 365 days in","Straight Arm Lat Pulldown (Cable)",,"",2,"normal",35,18,,,
"Chest & Core","Jul 31, 2026, 6:34 PM","Jul 31, 2026, 7:34 PM","W, calisthenics started","Stretching",,"",0,"normal",,,,245,
"Chest & Core","Jul 31, 2026, 6:34 PM","Jul 31, 2026, 7:34 PM","W, calisthenics started","Push Up",,"1st - Wrist Pushups
2nd - Fingertip Pushups",0,"normal",,25,,,
"Chest & Core","Jul 31, 2026, 6:34 PM","Jul 31, 2026, 7:34 PM","W, calisthenics started","Push Up",,"1st - Wrist Pushups
2nd - Fingertip Pushups",1,"normal",,12,,,
"Chest & Core","Jul 31, 2026, 6:34 PM","Jul 31, 2026, 7:34 PM","W, calisthenics started","Chest Fly (Machine)",,"",0,"warmup",60,18,,,
"Chest & Core","Jul 31, 2026, 6:34 PM","Jul 31, 2026, 7:34 PM","W, calisthenics started","Chest Fly (Machine)",,"",1,"normal",90,15,,,
"Chest & Core","Jul 31, 2026, 6:34 PM","Jul 31, 2026, 7:34 PM","W, calisthenics started","Chest Fly (Machine)",,"",2,"normal",97.5,12,,,
"Chest & Core","Jul 31, 2026, 6:34 PM","Jul 31, 2026, 7:34 PM","W, calisthenics started","Chest Fly (Machine)",,"",3,"dropset",60,12,,,
"Chest & Core","Jul 31, 2026, 6:34 PM","Jul 31, 2026, 7:34 PM","W, calisthenics started","Bench Press (Dumbbell)",,"- slow & controlled",0,"normal",40,15,,,
"Chest & Core","Jul 31, 2026, 6:34 PM","Jul 31, 2026, 7:34 PM","W, calisthenics started","Bench Press (Dumbbell)",,"- slow & controlled",1,"normal",50,12,,,
"Chest & Core","Jul 31, 2026, 6:34 PM","Jul 31, 2026, 7:34 PM","W, calisthenics started","Bench Press (Dumbbell)",,"- slow & controlled",2,"normal",50,12,,,
"Chest & Core","Jul 31, 2026, 6:34 PM","Jul 31, 2026, 7:34 PM","W, calisthenics started","Low Cable Fly Crossovers",,"",0,"normal",30,18,,,
"Chest & Core","Jul 31, 2026, 6:34 PM","Jul 31, 2026, 7:34 PM","W, calisthenics started","Low Cable Fly Crossovers",,"",1,"normal",40,15,,,
"Chest & Core","Jul 31, 2026, 6:34 PM","Jul 31, 2026, 7:34 PM","W, calisthenics started","Low Cable Fly Crossovers",,"",2,"dropset",20,15,,,
"Chest & Core","Jul 31, 2026, 6:34 PM","Jul 31, 2026, 7:34 PM","W, calisthenics started","Low Cable Fly Crossovers",,"",3,"normal",40,15,,,
"Chest & Core","Jul 31, 2026, 6:34 PM","Jul 31, 2026, 7:34 PM","W, calisthenics started","Low Cable Fly Crossovers",,"",4,"dropset",20,15,,,
"Chest & Core","Jul 31, 2026, 6:34 PM","Jul 31, 2026, 7:34 PM","W, calisthenics started","Dead Hang",,"",0,"normal",,,,45,
"Chest & Core","Jul 31, 2026, 6:34 PM","Jul 31, 2026, 7:34 PM","W, calisthenics started","Stretching",,"Calisthenics

1. Wrist circles – 20 each way
2. Palm rocks – 15
3. Back-of-hand rocks – 15
4. Fingertip holds – 20 sec × 2",0,"normal",,,,512,
"Chest & Core","Jul 31, 2026, 6:34 PM","Jul 31, 2026, 7:34 PM","W, calisthenics started","Decline Crunch (Weighted)",,"",0,"normal",10,20,,,
"Chest & Core","Jul 31, 2026, 6:34 PM","Jul 31, 2026, 7:34 PM","W, calisthenics started","Decline Crunch (Weighted)",,"",1,"normal",15,20,,,
"Chest & Core","Jul 31, 2026, 6:34 PM","Jul 31, 2026, 7:34 PM","W, calisthenics started","Russian Twist (Bodyweight)",,"Hanging - Windshield Wipers",0,"normal",,14,,,
"Chest & Core","Jul 31, 2026, 6:34 PM","Jul 31, 2026, 7:34 PM","W, calisthenics started","Russian Twist (Bodyweight)",,"Hanging - Windshield Wipers",1,"normal",,10,,,
"Arms","Jul 30, 2026, 6:02 PM","Jul 30, 2026, 7:22 PM","","Stretching",,"",0,"normal",,,,221,
"Arms","Jul 30, 2026, 6:02 PM","Jul 30, 2026, 7:22 PM","","Seated Incline Curl (Dumbbell)",,"Last set - lower angle",0,"normal",25,15,,,
"Arms","Jul 30, 2026, 6:02 PM","Jul 30, 2026, 7:22 PM","","Seated Incline Curl (Dumbbell)",,"Last set - lower angle",1,"normal",30,10,,,
"Arms","Jul 30, 2026, 6:02 PM","Jul 30, 2026, 7:22 PM","","Seated Incline Curl (Dumbbell)",,"Last set - lower angle",2,"dropset",15,8,,,
"Arms","Jul 30, 2026, 6:02 PM","Jul 30, 2026, 7:22 PM","","Seated Incline Curl (Dumbbell)",,"Last set - lower angle",3,"normal",25,10,,,
"Arms","Jul 30, 2026, 6:02 PM","Jul 30, 2026, 7:22 PM","","Seated Incline Curl (Dumbbell)",,"Last set - lower angle",4,"dropset",15,3,,,
"Arms","Jul 30, 2026, 6:02 PM","Jul 30, 2026, 7:22 PM","","Overhead Triceps Extension (Cable)",,"V bar",0,"normal",45,18,,,
"Arms","Jul 30, 2026, 6:02 PM","Jul 30, 2026, 7:22 PM","","Overhead Triceps Extension (Cable)",,"V bar",1,"normal",55,18,,,
"Arms","Jul 30, 2026, 6:02 PM","Jul 30, 2026, 7:22 PM","","Overhead Triceps Extension (Cable)",,"V bar",2,"normal",65,18,,,
"Arms","Jul 30, 2026, 6:02 PM","Jul 30, 2026, 7:22 PM","","Bicep Curl (Cable)",,"",0,"normal",40,18,,,
"Arms","Jul 30, 2026, 6:02 PM","Jul 30, 2026, 7:22 PM","","Bicep Curl (Cable)",,"",1,"normal",55,15,,,
"Arms","Jul 30, 2026, 6:02 PM","Jul 30, 2026, 7:22 PM","","Bicep Curl (Cable)",,"",2,"normal",50,15,,,
"Arms","Jul 30, 2026, 6:02 PM","Jul 30, 2026, 7:22 PM","","Bicep Curl (Cable)",,"",3,"dropset",35,9,,,
"Arms","Jul 30, 2026, 6:02 PM","Jul 30, 2026, 7:22 PM","","Single Arm Triceps Pushdown (Cable)",,"",0,"normal",20,30,,,
"Arms","Jul 30, 2026, 6:02 PM","Jul 30, 2026, 7:22 PM","","Single Arm Triceps Pushdown (Cable)",,"",1,"normal",20,30,,,
"Arms","Jul 30, 2026, 6:02 PM","Jul 30, 2026, 7:22 PM","","Single Arm Triceps Pushdown (Cable)",,"",2,"normal",15,36,,,
"Arms","Jul 30, 2026, 6:02 PM","Jul 30, 2026, 7:22 PM","","Reverse Curl (Barbell)",,"Preacher",0,"normal",15,15,,,
"Arms","Jul 30, 2026, 6:02 PM","Jul 30, 2026, 7:22 PM","","Reverse Curl (Barbell)",,"Preacher",1,"normal",15,18,,,
"Arms","Jul 30, 2026, 6:02 PM","Jul 30, 2026, 7:22 PM","","Reverse Curl (Barbell)",,"Preacher",2,"normal",15,18,,,
"Arms","Jul 30, 2026, 6:02 PM","Jul 30, 2026, 7:22 PM","","Seated Palms Up Wrist Curl",,"Machine",0,"normal",25,20,,,
"Arms","Jul 30, 2026, 6:02 PM","Jul 30, 2026, 7:22 PM","","Seated Palms Up Wrist Curl",,"Machine",1,"normal",25,22,,,
"Arms","Jul 30, 2026, 6:02 PM","Jul 30, 2026, 7:22 PM","","Seated Palms Up Wrist Curl",,"Machine",2,"normal",25,25,,,
"Legs","Jul 29, 2026, 6:14 PM","Jul 29, 2026, 7:26 PM","solo wk, W - low energy high sweat","Stretching",,"",0,"normal",,,,390,
"Legs","Jul 29, 2026, 6:14 PM","Jul 29, 2026, 7:26 PM","solo wk, W - low energy high sweat","Lunge (Barbell)",,"",0,"normal",25,26,,,
"Legs","Jul 29, 2026, 6:14 PM","Jul 29, 2026, 7:26 PM","solo wk, W - low energy high sweat","Lunge (Barbell)",,"",1,"normal",30,26,,,
"Legs","Jul 29, 2026, 6:14 PM","Jul 29, 2026, 7:26 PM","solo wk, W - low energy high sweat","Lunge (Barbell)",,"",2,"normal",30,24,,,
"Legs","Jul 29, 2026, 6:14 PM","Jul 29, 2026, 7:26 PM","solo wk, W - low energy high sweat","Hip Adduction (Machine)",0,"",0,"normal",70,15,,,
"Legs","Jul 29, 2026, 6:14 PM","Jul 29, 2026, 7:26 PM","solo wk, W - low energy high sweat","Hip Adduction (Machine)",0,"",1,"normal",70,15,,,
"Legs","Jul 29, 2026, 6:14 PM","Jul 29, 2026, 7:26 PM","solo wk, W - low energy high sweat","Hip Abduction (Machine)",0,"",0,"normal",70,15,,,
"Legs","Jul 29, 2026, 6:14 PM","Jul 29, 2026, 7:26 PM","solo wk, W - low energy high sweat","Hip Abduction (Machine)",0,"",1,"normal",70,15,,,
"Legs","Jul 29, 2026, 6:14 PM","Jul 29, 2026, 7:26 PM","solo wk, W - low energy high sweat","Leg Extension (Machine)",,"",0,"warmup",55,20,,,
"Legs","Jul 29, 2026, 6:14 PM","Jul 29, 2026, 7:26 PM","solo wk, W - low energy high sweat","Leg Extension (Machine)",,"",1,"normal",75,15,,,
"Legs","Jul 29, 2026, 6:14 PM","Jul 29, 2026, 7:26 PM","solo wk, W - low energy high sweat","Leg Extension (Machine)",,"",2,"normal",85,12,,,
"Legs","Jul 29, 2026, 6:14 PM","Jul 29, 2026, 7:26 PM","solo wk, W - low energy high sweat","Leg Extension (Machine)",,"",3,"dropset",60,8,,,
"Legs","Jul 29, 2026, 6:14 PM","Jul 29, 2026, 7:26 PM","solo wk, W - low energy high sweat","Seated Leg Curl (Machine)",,"Ham tore ig 😱😱",0,"normal",55,18,,,
"Legs","Jul 29, 2026, 6:14 PM","Jul 29, 2026, 7:26 PM","solo wk, W - low energy high sweat","Seated Leg Curl (Machine)",,"Ham tore ig 😱😱",1,"normal",70,15,,,
"Legs","Jul 29, 2026, 6:14 PM","Jul 29, 2026, 7:26 PM","solo wk, W - low energy high sweat","Seated Leg Curl (Machine)",,"Ham tore ig 😱😱",2,"normal",70,7,,,
"Legs","Jul 29, 2026, 6:14 PM","Jul 29, 2026, 7:26 PM","solo wk, W - low energy high sweat","Leg Press (Machine)",,"",0,"normal",130,18,,,
"Legs","Jul 29, 2026, 6:14 PM","Jul 29, 2026, 7:26 PM","solo wk, W - low energy high sweat","Leg Press (Machine)",,"",1,"normal",160,18,,,
"Legs","Jul 29, 2026, 6:14 PM","Jul 29, 2026, 7:26 PM","solo wk, W - low energy high sweat","Standing Calf Raise (Smith)",,"",0,"warmup",40,18,,,
"Legs","Jul 29, 2026, 6:14 PM","Jul 29, 2026, 7:26 PM","solo wk, W - low energy high sweat","Standing Calf Raise (Smith)",,"",1,"normal",60,18,,,
"Legs","Jul 29, 2026, 6:14 PM","Jul 29, 2026, 7:26 PM","solo wk, W - low energy high sweat","Standing Calf Raise (Smith)",,"",2,"normal",65,18,,,
"Pull","Jul 28, 2026, 5:42 PM","Jul 28, 2026, 7:27 PM","","Stretching",,"",0,"normal",,,,226,
"Pull","Jul 28, 2026, 5:42 PM","Jul 28, 2026, 7:27 PM","","Pull Up",,"",0,"normal",,20,,,
"Pull","Jul 28, 2026, 5:42 PM","Jul 28, 2026, 7:27 PM","","Pull Up (Weighted)",,"",0,"normal",10,7,,,
"Pull","Jul 28, 2026, 5:42 PM","Jul 28, 2026, 7:27 PM","","Pull Up (Weighted)",,"",1,"normal",10,7,,,
"Pull","Jul 28, 2026, 5:42 PM","Jul 28, 2026, 7:27 PM","","Chin Up",,"",0,"normal",,18,,,
"Pull","Jul 28, 2026, 5:42 PM","Jul 28, 2026, 7:27 PM","","Landmine Row",,"",0,"normal",55,15,,,
"Pull","Jul 28, 2026, 5:42 PM","Jul 28, 2026, 7:27 PM","","Landmine Row",,"",1,"normal",70,12,,,
"Pull","Jul 28, 2026, 5:42 PM","Jul 28, 2026, 7:27 PM","","Landmine Row",,"",2,"normal",80,12,,,
"Pull","Jul 28, 2026, 5:42 PM","Jul 28, 2026, 7:27 PM","","Seated Cable Row - V Grip (Cable)",,"Close grip",0,"normal",70,15,,,
"Pull","Jul 28, 2026, 5:42 PM","Jul 28, 2026, 7:27 PM","","Seated Cable Row - V Grip (Cable)",,"Close grip",1,"normal",80,15,,,
"Pull","Jul 28, 2026, 5:42 PM","Jul 28, 2026, 7:27 PM","","Seated Cable Row - V Grip (Cable)",,"Close grip",2,"normal",80,15,,,
"Pull","Jul 28, 2026, 5:42 PM","Jul 28, 2026, 7:27 PM","","Chest Supported Incline Row (Dumbbell)",0,"Dumbell",0,"normal",30,12,,,
"Pull","Jul 28, 2026, 5:42 PM","Jul 28, 2026, 7:27 PM","","Chest Supported Incline Row (Dumbbell)",0,"Dumbell",1,"normal",30,12,,,
"Pull","Jul 28, 2026, 5:42 PM","Jul 28, 2026, 7:27 PM","","Chest Supported Incline Row (Dumbbell)",0,"Dumbell",2,"normal",30,12,,,
"Pull","Jul 28, 2026, 5:42 PM","Jul 28, 2026, 7:27 PM","","Chest Supported Incline Row (Dumbbell)",0,"Dumbell",3,"dropset",20,8,,,
"Pull","Jul 28, 2026, 5:42 PM","Jul 28, 2026, 7:27 PM","","Kelso Shrugs",0,"Dumbell",0,"normal",30,12,,,
"Pull","Jul 28, 2026, 5:42 PM","Jul 28, 2026, 7:27 PM","","Kelso Shrugs",0,"Dumbell",1,"normal",30,12,,,
"Pull","Jul 28, 2026, 5:42 PM","Jul 28, 2026, 7:27 PM","","Rear Delt Reverse Fly (Machine)",,"",0,"normal",45,15,,,
"Pull","Jul 28, 2026, 5:42 PM","Jul 28, 2026, 7:27 PM","","Rear Delt Reverse Fly (Machine)",,"",1,"normal",52.5,15,,,
"Pull","Jul 28, 2026, 5:42 PM","Jul 28, 2026, 7:27 PM","","Preacher Curl (Dumbbell)",,"",0,"normal",15,24,,,
"Pull","Jul 28, 2026, 5:42 PM","Jul 28, 2026, 7:27 PM","","Preacher Curl (Dumbbell)",,"",1,"normal",15,24,,,
"Pull","Jul 28, 2026, 5:42 PM","Jul 28, 2026, 7:27 PM","","Preacher Curl (Dumbbell)",,"",2,"normal",12.5,36,,,
"Pull","Jul 28, 2026, 5:42 PM","Jul 28, 2026, 7:27 PM","","Behind the Back Curl (Cable)",1,"",0,"normal",40,15,,,
"Pull","Jul 28, 2026, 5:42 PM","Jul 28, 2026, 7:27 PM","","Behind the Back Curl (Cable)",1,"",1,"normal",40,15,,,
"Pull","Jul 28, 2026, 5:42 PM","Jul 28, 2026, 7:27 PM","","Behind the Back Curl (Cable)",1,"",2,"dropset",20,12,,,
"Pull","Jul 28, 2026, 5:42 PM","Jul 28, 2026, 7:27 PM","","Back Extension (Hyperextension)",1,"",0,"normal",,25,,,
"Pull","Jul 28, 2026, 5:42 PM","Jul 28, 2026, 7:27 PM","","Back Extension (Hyperextension)",1,"",1,"normal",,25,,,
"Pull","Jul 28, 2026, 5:42 PM","Jul 28, 2026, 7:27 PM","","Behind the Back Wrist Curl (Barbell)",2,"",0,"normal",30,25,,,
"Pull","Jul 28, 2026, 5:42 PM","Jul 28, 2026, 7:27 PM","","Behind the Back Wrist Curl (Barbell)",2,"",1,"normal",30,25,,,
"Pull","Jul 28, 2026, 5:42 PM","Jul 28, 2026, 7:27 PM","","Behind the Back Wrist Curl (Barbell)",2,"",2,"normal",30,25,,,
"Pull","Jul 28, 2026, 5:42 PM","Jul 28, 2026, 7:27 PM","","Toes to Bar",2,"",0,"normal",,14,,,
"Pull","Jul 28, 2026, 5:42 PM","Jul 28, 2026, 7:27 PM","","Toes to Bar",2,"",1,"normal",,7,,,
"Push","Jul 27, 2026, 6:26 PM","Jul 27, 2026, 7:50 PM","W, supported 70kgs incline db press (right shoulder is fcked)","Stretching",,"",0,"normal",,,,339,
"Push","Jul 27, 2026, 6:26 PM","Jul 27, 2026, 7:50 PM","W, supported 70kgs incline db press (right shoulder is fcked)","Chest Fly (Machine)",,"",0,"warmup",67.5,18,,,
"Push","Jul 27, 2026, 6:26 PM","Jul 27, 2026, 7:50 PM","W, supported 70kgs incline db press (right shoulder is fcked)","Chest Fly (Machine)",,"",1,"normal",82.5,15,,,
"Push","Jul 27, 2026, 6:26 PM","Jul 27, 2026, 7:50 PM","W, supported 70kgs incline db press (right shoulder is fcked)","Chest Fly (Machine)",,"",2,"normal",90,12,,,
"Push","Jul 27, 2026, 6:26 PM","Jul 27, 2026, 7:50 PM","W, supported 70kgs incline db press (right shoulder is fcked)","Chest Fly (Machine)",,"",3,"dropset",60,8,,,
"Push","Jul 27, 2026, 6:26 PM","Jul 27, 2026, 7:50 PM","W, supported 70kgs incline db press (right shoulder is fcked)","Incline Bench Press (Dumbbell)",,"Last set - supported",0,"warmup",40,15,,,
"Push","Jul 27, 2026, 6:26 PM","Jul 27, 2026, 7:50 PM","W, supported 70kgs incline db press (right shoulder is fcked)","Incline Bench Press (Dumbbell)",,"Last set - supported",1,"normal",60,15,,,
"Push","Jul 27, 2026, 6:26 PM","Jul 27, 2026, 7:50 PM","W, supported 70kgs incline db press (right shoulder is fcked)","Incline Bench Press (Dumbbell)",,"Last set - supported",2,"normal",70,4,,,
"Push","Jul 27, 2026, 6:26 PM","Jul 27, 2026, 7:50 PM","W, supported 70kgs incline db press (right shoulder is fcked)","Triceps Rope Pushdown",,"",0,"normal",35,20,,,
"Push","Jul 27, 2026, 6:26 PM","Jul 27, 2026, 7:50 PM","W, supported 70kgs incline db press (right shoulder is fcked)","Triceps Rope Pushdown",,"",1,"normal",40,20,,,
"Push","Jul 27, 2026, 6:26 PM","Jul 27, 2026, 7:50 PM","W, supported 70kgs incline db press (right shoulder is fcked)","Triceps Rope Pushdown",,"",2,"normal",50,15,,,
"Push","Jul 27, 2026, 6:26 PM","Jul 27, 2026, 7:50 PM","W, supported 70kgs incline db press (right shoulder is fcked)","Triceps Rope Pushdown",,"",3,"dropset",30,12,,,
"Push","Jul 27, 2026, 6:26 PM","Jul 27, 2026, 7:50 PM","W, supported 70kgs incline db press (right shoulder is fcked)","Overhead Triceps Extension (Cable)",,"Bar",0,"normal",45,18,,,
"Push","Jul 27, 2026, 6:26 PM","Jul 27, 2026, 7:50 PM","W, supported 70kgs incline db press (right shoulder is fcked)","Overhead Triceps Extension (Cable)",,"Bar",1,"normal",50,15,,,
"Push","Jul 27, 2026, 6:26 PM","Jul 27, 2026, 7:50 PM","W, supported 70kgs incline db press (right shoulder is fcked)","Overhead Triceps Extension (Cable)",,"Bar",2,"normal",50,15,,,
"Push","Jul 27, 2026, 6:26 PM","Jul 27, 2026, 7:50 PM","W, supported 70kgs incline db press (right shoulder is fcked)","Low Cable Fly Crossovers",,"",0,"normal",30,18,,,
"Push","Jul 27, 2026, 6:26 PM","Jul 27, 2026, 7:50 PM","W, supported 70kgs incline db press (right shoulder is fcked)","Low Cable Fly Crossovers",,"",1,"normal",40,15,,,
"Push","Jul 27, 2026, 6:26 PM","Jul 27, 2026, 7:50 PM","W, supported 70kgs incline db press (right shoulder is fcked)","Low Cable Fly Crossovers",,"",2,"dropset",20,15,,,
"Push","Jul 27, 2026, 6:26 PM","Jul 27, 2026, 7:50 PM","W, supported 70kgs incline db press (right shoulder is fcked)","Cable Fly Crossovers",,"",0,"normal",50,18,,,
"Push","Jul 27, 2026, 6:26 PM","Jul 27, 2026, 7:50 PM","W, supported 70kgs incline db press (right shoulder is fcked)","Cable Fly Crossovers",,"",1,"normal",60,12,,,
"Push","Jul 27, 2026, 6:26 PM","Jul 27, 2026, 7:50 PM","W, supported 70kgs incline db press (right shoulder is fcked)","Cable Fly Crossovers",,"",2,"dropset",40,8,,,
"Push","Jul 27, 2026, 6:26 PM","Jul 27, 2026, 7:50 PM","W, supported 70kgs incline db press (right shoulder is fcked)","Lateral Raise (Dumbbell)",,"",0,"normal",20,15,,,
"Push","Jul 27, 2026, 6:26 PM","Jul 27, 2026, 7:50 PM","W, supported 70kgs incline db press (right shoulder is fcked)","Lateral Raise (Dumbbell)",,"",1,"normal",25,15,,,
"Push","Jul 27, 2026, 6:26 PM","Jul 27, 2026, 7:50 PM","W, supported 70kgs incline db press (right shoulder is fcked)","Lateral Raise (Dumbbell)",,"",2,"normal",25,12,,,
"Push","Jul 27, 2026, 6:26 PM","Jul 27, 2026, 7:50 PM","W, supported 70kgs incline db press (right shoulder is fcked)","Lateral Raise (Dumbbell)",,"",3,"dropset",15,12,,,
"Push","Jul 27, 2026, 6:26 PM","Jul 27, 2026, 7:50 PM","W, supported 70kgs incline db press (right shoulder is fcked)","Lateral Raise (Dumbbell)",,"",4,"dropset",10,12,,,
"Misc.","Jul 25, 2026, 5:45 PM","Jul 25, 2026, 7:10 PM","W shouldie press","Stretching",,"",0,"normal",,,,226,
"Misc.","Jul 25, 2026, 5:45 PM","Jul 25, 2026, 7:10 PM","W shouldie press","Single Arm Lateral Raise (Cable)",,"",0,"normal",15,30,,,
"Misc.","Jul 25, 2026, 5:45 PM","Jul 25, 2026, 7:10 PM","W shouldie press","Single Arm Lateral Raise (Cable)",,"",1,"normal",20,30,,,
"Misc.","Jul 25, 2026, 5:45 PM","Jul 25, 2026, 7:10 PM","W shouldie press","Shoulder Press (Machine Plates)",,"",0,"warmup",40,15,,,
"Misc.","Jul 25, 2026, 5:45 PM","Jul 25, 2026, 7:10 PM","W shouldie press","Shoulder Press (Machine Plates)",,"",1,"normal",60,12,,,
"Misc.","Jul 25, 2026, 5:45 PM","Jul 25, 2026, 7:10 PM","W shouldie press","Shoulder Press (Machine Plates)",,"",2,"normal",70,8,,,
"Misc.","Jul 25, 2026, 5:45 PM","Jul 25, 2026, 7:10 PM","W shouldie press","Shoulder Press (Machine Plates)",,"",3,"normal",75,10,,,
"Misc.","Jul 25, 2026, 5:45 PM","Jul 25, 2026, 7:10 PM","W shouldie press","Glute Bridge",,"2nd set - 5kg medic ball",0,"normal",,25,,,
"Misc.","Jul 25, 2026, 5:45 PM","Jul 25, 2026, 7:10 PM","W shouldie press","Glute Bridge",,"2nd set - 5kg medic ball",1,"normal",,25,,,
"Misc.","Jul 25, 2026, 5:45 PM","Jul 25, 2026, 7:10 PM","W shouldie press","Glute Bridge",,"2nd set - 5kg medic ball",2,"normal",,25,,,
"Misc.","Jul 25, 2026, 5:45 PM","Jul 25, 2026, 7:10 PM","W shouldie press","Ab Wheel",,"2nd set - on toes",0,"normal",,12,,,
"Misc.","Jul 25, 2026, 5:45 PM","Jul 25, 2026, 7:10 PM","W shouldie press","Ab Wheel",,"2nd set - on toes",1,"normal",,2,,,
"Misc.","Jul 25, 2026, 5:45 PM","Jul 25, 2026, 7:10 PM","W shouldie press","Crunch",,"",0,"normal",,50,,,
"Misc.","Jul 25, 2026, 5:45 PM","Jul 25, 2026, 7:10 PM","W shouldie press","Crunch",,"",1,"normal",,30,,,
"Misc.","Jul 25, 2026, 5:45 PM","Jul 25, 2026, 7:10 PM","W shouldie press","Hip Adduction (Machine)",0,"",0,"normal",70,15,,,
"Misc.","Jul 25, 2026, 5:45 PM","Jul 25, 2026, 7:10 PM","W shouldie press","Hip Adduction (Machine)",0,"",1,"normal",70,15,,,
"Misc.","Jul 25, 2026, 5:45 PM","Jul 25, 2026, 7:10 PM","W shouldie press","Hip Abduction (Machine)",0,"",0,"normal",70,15,,,
"Misc.","Jul 25, 2026, 5:45 PM","Jul 25, 2026, 7:10 PM","W shouldie press","Hip Abduction (Machine)",0,"",1,"normal",70,15,,,
"Misc.","Jul 25, 2026, 5:45 PM","Jul 25, 2026, 7:10 PM","W shouldie press","Russian Twist (Weighted)",,"Decline",0,"normal",10,24,,,
"Misc.","Jul 25, 2026, 5:45 PM","Jul 25, 2026, 7:10 PM","W shouldie press","Russian Twist (Weighted)",,"Decline",1,"normal",15,30,,,
"Misc.","Jul 25, 2026, 5:45 PM","Jul 25, 2026, 7:10 PM","W shouldie press","Russian Twist (Weighted)",,"Decline",2,"normal",15,30,,,
"Misc.","Jul 25, 2026, 5:45 PM","Jul 25, 2026, 7:10 PM","W shouldie press","Reverse Curl (Cable)",,"",0,"normal",30,18,,,
"Misc.","Jul 25, 2026, 5:45 PM","Jul 25, 2026, 7:10 PM","W shouldie press","Reverse Curl (Cable)",,"",1,"normal",35,18,,,
"Misc.","Jul 25, 2026, 5:45 PM","Jul 25, 2026, 7:10 PM","W shouldie press","Reverse Curl (Cable)",,"",2,"normal",40,18,,,
"Chest & Core","Jul 24, 2026, 5:52 PM","Jul 24, 2026, 7:04 PM","low vol but nyc","Stretching",,"",0,"normal",,,,240,
"Chest & Core","Jul 24, 2026, 5:52 PM","Jul 24, 2026, 7:04 PM","low vol but nyc","Cable Fly Crossovers",,"",0,"warmup",30,18,,,
"Chest & Core","Jul 24, 2026, 5:52 PM","Jul 24, 2026, 7:04 PM","low vol but nyc","Cable Fly Crossovers",,"",1,"normal",50,18,,,
"Chest & Core","Jul 24, 2026, 5:52 PM","Jul 24, 2026, 7:04 PM","low vol but nyc","Cable Fly Crossovers",,"",2,"normal",70,8,,,
"Chest & Core","Jul 24, 2026, 5:52 PM","Jul 24, 2026, 7:04 PM","low vol but nyc","Cable Fly Crossovers",,"",3,"dropset",40,12,,,
"Chest & Core","Jul 24, 2026, 5:52 PM","Jul 24, 2026, 7:04 PM","low vol but nyc","Incline Bench Press (Smith Machine)",,"",0,"warmup",40,15,,,
"Chest & Core","Jul 24, 2026, 5:52 PM","Jul 24, 2026, 7:04 PM","low vol but nyc","Incline Bench Press (Smith Machine)",,"",1,"normal",60,10,,,
"Chest & Core","Jul 24, 2026, 5:52 PM","Jul 24, 2026, 7:04 PM","low vol but nyc","Incline Bench Press (Smith Machine)",,"",2,"normal",55,11,,,
"Chest & Core","Jul 24, 2026, 5:52 PM","Jul 24, 2026, 7:04 PM","low vol but nyc","Low Cable Fly Crossovers",,"",0,"normal",30,15,,,
"Chest & Core","Jul 24, 2026, 5:52 PM","Jul 24, 2026, 7:04 PM","low vol but nyc","Low Cable Fly Crossovers",,"",1,"normal",40,15,,,
"Chest & Core","Jul 24, 2026, 5:52 PM","Jul 24, 2026, 7:04 PM","low vol but nyc","Low Cable Fly Crossovers",,"",2,"dropset",20,15,,,
"Chest & Core","Jul 24, 2026, 5:52 PM","Jul 24, 2026, 7:04 PM","low vol but nyc","Dragon Flag",,"",0,"normal",,25,,,
"Chest & Core","Jul 24, 2026, 5:52 PM","Jul 24, 2026, 7:04 PM","low vol but nyc","Dragon Flag",,"",1,"normal",,20,,,
"Chest & Core","Jul 24, 2026, 5:52 PM","Jul 24, 2026, 7:04 PM","low vol but nyc","Dragon Flag",,"",2,"normal",,20,,,
"Chest & Core","Jul 24, 2026, 5:52 PM","Jul 24, 2026, 7:04 PM","low vol but nyc","Cable Twist (Up to down)",,"",0,"normal",35,30,,,
"Chest & Core","Jul 24, 2026, 5:52 PM","Jul 24, 2026, 7:04 PM","low vol but nyc","Cable Twist (Up to down)",,"",1,"normal",35,30,,,
"Chest & Core","Jul 24, 2026, 5:52 PM","Jul 24, 2026, 7:04 PM","low vol but nyc","Push Up",,"",0,"normal",,44,,,
"Arms","Jul 23, 2026, 5:38 PM","Jul 23, 2026, 7:18 PM","W, 17.5 kgs incline curl + 75kgs pushdown + 60kgs hammer cable","Stretching",,"",0,"normal",,,,334,
"Arms","Jul 23, 2026, 5:38 PM","Jul 23, 2026, 7:18 PM","W, 17.5 kgs incline curl + 75kgs pushdown + 60kgs hammer cable","Lateral Raise (Dumbbell)",,"1st set- cbum var.",0,"warmup",15,15,,,
"Arms","Jul 23, 2026, 5:38 PM","Jul 23, 2026, 7:18 PM","W, 17.5 kgs incline curl + 75kgs pushdown + 60kgs hammer cable","Lateral Raise (Dumbbell)",,"1st set- cbum var.",1,"normal",25,15,,,
"Arms","Jul 23, 2026, 5:38 PM","Jul 23, 2026, 7:18 PM","W, 17.5 kgs incline curl + 75kgs pushdown + 60kgs hammer cable","Lateral Raise (Dumbbell)",,"1st set- cbum var.",2,"normal",25,15,,,
"Arms","Jul 23, 2026, 5:38 PM","Jul 23, 2026, 7:18 PM","W, 17.5 kgs incline curl + 75kgs pushdown + 60kgs hammer cable","Lateral Raise (Dumbbell)",,"1st set- cbum var.",3,"dropset",15,12,,,
"Arms","Jul 23, 2026, 5:38 PM","Jul 23, 2026, 7:18 PM","W, 17.5 kgs incline curl + 75kgs pushdown + 60kgs hammer cable","Lateral Raise (Dumbbell)",,"1st set- cbum var.",4,"dropset",10,12,,,
"Arms","Jul 23, 2026, 5:38 PM","Jul 23, 2026, 7:18 PM","W, 17.5 kgs incline curl + 75kgs pushdown + 60kgs hammer cable","Seated Incline Curl (Dumbbell)",,"",0,"normal",25,15,,,
"Arms","Jul 23, 2026, 5:38 PM","Jul 23, 2026, 7:18 PM","W, 17.5 kgs incline curl + 75kgs pushdown + 60kgs hammer cable","Seated Incline Curl (Dumbbell)",,"",1,"normal",35,5,,,
"Arms","Jul 23, 2026, 5:38 PM","Jul 23, 2026, 7:18 PM","W, 17.5 kgs incline curl + 75kgs pushdown + 60kgs hammer cable","Seated Incline Curl (Dumbbell)",,"",2,"dropset",15,8,,,
"Arms","Jul 23, 2026, 5:38 PM","Jul 23, 2026, 7:18 PM","W, 17.5 kgs incline curl + 75kgs pushdown + 60kgs hammer cable","Seated Incline Curl (Dumbbell)",,"",3,"normal",25,12,,,
"Arms","Jul 23, 2026, 5:38 PM","Jul 23, 2026, 7:18 PM","W, 17.5 kgs incline curl + 75kgs pushdown + 60kgs hammer cable","Seated Incline Curl (Dumbbell)",,"",4,"dropset",15,8,,,
"Arms","Jul 23, 2026, 5:38 PM","Jul 23, 2026, 7:18 PM","W, 17.5 kgs incline curl + 75kgs pushdown + 60kgs hammer cable","Triceps Pushdown",,"V bar",0,"warmup",40,18,,,
"Arms","Jul 23, 2026, 5:38 PM","Jul 23, 2026, 7:18 PM","W, 17.5 kgs incline curl + 75kgs pushdown + 60kgs hammer cable","Triceps Pushdown",,"V bar",1,"normal",65,18,,,
"Arms","Jul 23, 2026, 5:38 PM","Jul 23, 2026, 7:18 PM","W, 17.5 kgs incline curl + 75kgs pushdown + 60kgs hammer cable","Triceps Pushdown",,"V bar",2,"normal",75,12,,,
"Arms","Jul 23, 2026, 5:38 PM","Jul 23, 2026, 7:18 PM","W, 17.5 kgs incline curl + 75kgs pushdown + 60kgs hammer cable","Preacher Curl (Barbell)",,"Last set- credit pathar",0,"normal",25,15,,,
"Arms","Jul 23, 2026, 5:38 PM","Jul 23, 2026, 7:18 PM","W, 17.5 kgs incline curl + 75kgs pushdown + 60kgs hammer cable","Preacher Curl (Barbell)",,"Last set- credit pathar",1,"normal",25,15,,,
"Arms","Jul 23, 2026, 5:38 PM","Jul 23, 2026, 7:18 PM","W, 17.5 kgs incline curl + 75kgs pushdown + 60kgs hammer cable","Preacher Curl (Barbell)",,"Last set- credit pathar",2,"normal",25,18,,,
"Arms","Jul 23, 2026, 5:38 PM","Jul 23, 2026, 7:18 PM","W, 17.5 kgs incline curl + 75kgs pushdown + 60kgs hammer cable","Triceps Extension (Cable)",,"",0,"normal",25,24,,,
"Arms","Jul 23, 2026, 5:38 PM","Jul 23, 2026, 7:18 PM","W, 17.5 kgs incline curl + 75kgs pushdown + 60kgs hammer cable","Triceps Extension (Cable)",,"",1,"normal",20,30,,,
"Arms","Jul 23, 2026, 5:38 PM","Jul 23, 2026, 7:18 PM","W, 17.5 kgs incline curl + 75kgs pushdown + 60kgs hammer cable","Triceps Extension (Cable)",,"",2,"normal",20,30,,,
"Arms","Jul 23, 2026, 5:38 PM","Jul 23, 2026, 7:18 PM","W, 17.5 kgs incline curl + 75kgs pushdown + 60kgs hammer cable","Hammer Curl (Cable)",,"",0,"normal",40,18,,,
"Arms","Jul 23, 2026, 5:38 PM","Jul 23, 2026, 7:18 PM","W, 17.5 kgs incline curl + 75kgs pushdown + 60kgs hammer cable","Hammer Curl (Cable)",,"",1,"normal",55,15,,,
"Arms","Jul 23, 2026, 5:38 PM","Jul 23, 2026, 7:18 PM","W, 17.5 kgs incline curl + 75kgs pushdown + 60kgs hammer cable","Hammer Curl (Cable)",,"",2,"normal",60,8,,,
"Arms","Jul 23, 2026, 5:38 PM","Jul 23, 2026, 7:18 PM","W, 17.5 kgs incline curl + 75kgs pushdown + 60kgs hammer cable","Hammer Curl (Cable)",,"",3,"dropset",35,10,,,
"Arms","Jul 23, 2026, 5:38 PM","Jul 23, 2026, 7:18 PM","W, 17.5 kgs incline curl + 75kgs pushdown + 60kgs hammer cable","Hammer Curl (Cable)",,"",4,"dropset",20,12,,,
"Legs","Jul 22, 2026, 5:51 PM","Jul 22, 2026, 7:37 PM","W, 220 leg press 😋","Stretching",,"",0,"normal",,,,450,
"Legs","Jul 22, 2026, 5:51 PM","Jul 22, 2026, 7:37 PM","W, 220 leg press 😋","Lunge (Barbell)",,"",0,"normal",25,24,,,
"Legs","Jul 22, 2026, 5:51 PM","Jul 22, 2026, 7:37 PM","W, 220 leg press 😋","Lunge (Barbell)",,"",1,"normal",30,24,,,
"Legs","Jul 22, 2026, 5:51 PM","Jul 22, 2026, 7:37 PM","W, 220 leg press 😋","Lunge (Barbell)",,"",2,"normal",30,24,,,
"Legs","Jul 22, 2026, 5:51 PM","Jul 22, 2026, 7:37 PM","W, 220 leg press 😋","Hip Adduction (Machine)",0,"",0,"normal",70,15,,,
"Legs","Jul 22, 2026, 5:51 PM","Jul 22, 2026, 7:37 PM","W, 220 leg press 😋","Hip Adduction (Machine)",0,"",1,"normal",70,15,,,
"Legs","Jul 22, 2026, 5:51 PM","Jul 22, 2026, 7:37 PM","W, 220 leg press 😋","Hip Abduction (Machine)",0,"",0,"normal",70,15,,,
"Legs","Jul 22, 2026, 5:51 PM","Jul 22, 2026, 7:37 PM","W, 220 leg press 😋","Hip Abduction (Machine)",0,"",1,"normal",70,15,,,
"Legs","Jul 22, 2026, 5:51 PM","Jul 22, 2026, 7:37 PM","W, 220 leg press 😋","Single Leg Extensions",,"",0,"normal",35,36,,,
"Legs","Jul 22, 2026, 5:51 PM","Jul 22, 2026, 7:37 PM","W, 220 leg press 😋","Single Leg Extensions",,"",1,"normal",40,30,,,
"Legs","Jul 22, 2026, 5:51 PM","Jul 22, 2026, 7:37 PM","W, 220 leg press 😋","Single Leg Extensions",,"",2,"normal",40,30,,,
"Legs","Jul 22, 2026, 5:51 PM","Jul 22, 2026, 7:37 PM","W, 220 leg press 😋","Seated Leg Curl (Machine)",,"",0,"warmup",50,18,,,
"Legs","Jul 22, 2026, 5:51 PM","Jul 22, 2026, 7:37 PM","W, 220 leg press 😋","Seated Leg Curl (Machine)",,"",1,"normal",70,12,,,
"Legs","Jul 22, 2026, 5:51 PM","Jul 22, 2026, 7:37 PM","W, 220 leg press 😋","Leg Press (Machine)",,"",0,"normal",140,18,,,
"Legs","Jul 22, 2026, 5:51 PM","Jul 22, 2026, 7:37 PM","W, 220 leg press 😋","Leg Press (Machine)",,"",1,"normal",180,18,,,
"Legs","Jul 22, 2026, 5:51 PM","Jul 22, 2026, 7:37 PM","W, 220 leg press 😋","Leg Press (Machine)",,"",2,"normal",220,12,,,
"Legs","Jul 22, 2026, 5:51 PM","Jul 22, 2026, 7:37 PM","W, 220 leg press 😋","Standing Calf Raise (Smith)",,"",0,"normal",55,18,,,
"Legs","Jul 22, 2026, 5:51 PM","Jul 22, 2026, 7:37 PM","W, 220 leg press 😋","Standing Calf Raise (Smith)",,"",1,"normal",60,20,,,
"Legs","Jul 22, 2026, 5:51 PM","Jul 22, 2026, 7:37 PM","W, 220 leg press 😋","Standing Calf Raise (Smith)",,"",2,"normal",70,18,,,
"Pull","Jul 21, 2026, 5:28 PM","Jul 21, 2026, 7:13 PM","W, full stack cable row 😋","Stretching",,"",0,"normal",,,,345,
"Pull","Jul 21, 2026, 5:28 PM","Jul 21, 2026, 7:13 PM","W, full stack cable row 😋","Pull Up",,"",0,"normal",,20,,,
"Pull","Jul 21, 2026, 5:28 PM","Jul 21, 2026, 7:13 PM","W, full stack cable row 😋","Lat Pulldown (Cable)",,"Wide grip",0,"normal",71.5,12,,,
"Pull","Jul 21, 2026, 5:28 PM","Jul 21, 2026, 7:13 PM","W, full stack cable row 😋","Chin Up",,"",0,"normal",,20,,,
"Pull","Jul 21, 2026, 5:28 PM","Jul 21, 2026, 7:13 PM","W, full stack cable row 😋","Chest Supported Incline Row (Dumbbell)",,"",0,"warmup",40,15,,,
"Pull","Jul 21, 2026, 5:28 PM","Jul 21, 2026, 7:13 PM","W, full stack cable row 😋","Chest Supported Incline Row (Dumbbell)",,"",1,"normal",55,12,,,
"Pull","Jul 21, 2026, 5:28 PM","Jul 21, 2026, 7:13 PM","W, full stack cable row 😋","Chest Supported Incline Row (Dumbbell)",,"",2,"normal",55,13,,,
"Pull","Jul 21, 2026, 5:28 PM","Jul 21, 2026, 7:13 PM","W, full stack cable row 😋","Seated Cable Row - V Grip (Cable)",,"",0,"normal",70,18,,,
"Pull","Jul 21, 2026, 5:28 PM","Jul 21, 2026, 7:13 PM","W, full stack cable row 😋","Seated Cable Row - V Grip (Cable)",,"",1,"normal",85,15,,,
"Pull","Jul 21, 2026, 5:28 PM","Jul 21, 2026, 7:13 PM","W, full stack cable row 😋","Seated Cable Row - V Grip (Cable)",,"",2,"normal",100,12,,,
"Pull","Jul 21, 2026, 5:28 PM","Jul 21, 2026, 7:13 PM","W, full stack cable row 😋","Straight Arm Lat Pulldown (Cable)",,"",0,"normal",35,18,,,
"Pull","Jul 21, 2026, 5:28 PM","Jul 21, 2026, 7:13 PM","W, full stack cable row 😋","Straight Arm Lat Pulldown (Cable)",,"",1,"normal",35,18,,,
"Pull","Jul 21, 2026, 5:28 PM","Jul 21, 2026, 7:13 PM","W, full stack cable row 😋","Straight Arm Lat Pulldown (Cable)",,"",2,"normal",35,18,,,
"Pull","Jul 21, 2026, 5:28 PM","Jul 21, 2026, 7:13 PM","W, full stack cable row 😋","Hammer Curl (Dumbbell)",,"Preacher",0,"normal",25,15,,,
"Pull","Jul 21, 2026, 5:28 PM","Jul 21, 2026, 7:13 PM","W, full stack cable row 😋","Hammer Curl (Dumbbell)",,"Preacher",1,"normal",30,13,,,
"Pull","Jul 21, 2026, 5:28 PM","Jul 21, 2026, 7:13 PM","W, full stack cable row 😋","Bicep Curl (Barbell)",,"",0,"normal",30,12,,,
"Pull","Jul 21, 2026, 5:28 PM","Jul 21, 2026, 7:13 PM","W, full stack cable row 😋","Bicep Curl (Barbell)",,"",1,"normal",30,12,,,
"Pull","Jul 21, 2026, 5:28 PM","Jul 21, 2026, 7:13 PM","W, full stack cable row 😋","Bicep Curl (Barbell)",,"",2,"dropset",15,15,,,
"Pull","Jul 21, 2026, 5:28 PM","Jul 21, 2026, 7:13 PM","W, full stack cable row 😋","Bicep Curl (Barbell)",,"",3,"normal",35,4,,,
"Pull","Jul 21, 2026, 5:28 PM","Jul 21, 2026, 7:13 PM","W, full stack cable row 😋","Bicep Curl (Barbell)",,"",4,"dropset",30,4,,,
"Pull","Jul 21, 2026, 5:28 PM","Jul 21, 2026, 7:13 PM","W, full stack cable row 😋","Bicep Curl (Barbell)",,"",5,"dropset",20,5,,,
"Pull","Jul 21, 2026, 5:28 PM","Jul 21, 2026, 7:13 PM","W, full stack cable row 😋","Back Extension (Hyperextension)",,"",0,"normal",,20,,,
"Pull","Jul 21, 2026, 5:28 PM","Jul 21, 2026, 7:13 PM","W, full stack cable row 😋","Back Extension (Hyperextension)",,"",1,"normal",,20,,,
"Pull","Jul 21, 2026, 5:28 PM","Jul 21, 2026, 7:13 PM","W, full stack cable row 😋","Back Extension (Hyperextension)",,"",2,"normal",,20,,,
"Pull","Jul 21, 2026, 5:28 PM","Jul 21, 2026, 7:13 PM","W, full stack cable row 😋","Behind the Back Wrist Curl (Barbell)",,"",0,"normal",25,30,,,
"Pull","Jul 21, 2026, 5:28 PM","Jul 21, 2026, 7:13 PM","W, full stack cable row 😋","Behind the Back Wrist Curl (Barbell)",,"",1,"normal",30,25,,,
"Pull","Jul 21, 2026, 5:28 PM","Jul 21, 2026, 7:13 PM","W, full stack cable row 😋","Behind the Back Wrist Curl (Barbell)",,"",2,"normal",30,25,,,
"Push","Jul 20, 2026, 6:26 PM","Jul 20, 2026, 7:53 PM","W weather W day","Stretching",,"",0,"normal",,,,295,
"Push","Jul 20, 2026, 6:26 PM","Jul 20, 2026, 7:53 PM","W weather W day","Push Up",,"",0,"normal",,45,,,
"Push","Jul 20, 2026, 6:26 PM","Jul 20, 2026, 7:53 PM","W weather W day","Chest Fly (Machine)",,"",0,"warmup",60,15,,,
"Push","Jul 20, 2026, 6:26 PM","Jul 20, 2026, 7:53 PM","W weather W day","Chest Fly (Machine)",,"",1,"normal",82.5,15,,,
"Push","Jul 20, 2026, 6:26 PM","Jul 20, 2026, 7:53 PM","W weather W day","Chest Fly (Machine)",,"",2,"normal",82.5,15,,,
"Push","Jul 20, 2026, 6:26 PM","Jul 20, 2026, 7:53 PM","W weather W day","Incline Bench Press (Dumbbell)",,"",0,"warmup",35,15,,,
"Push","Jul 20, 2026, 6:26 PM","Jul 20, 2026, 7:53 PM","W weather W day","Incline Bench Press (Dumbbell)",,"",1,"normal",50,15,,,
"Push","Jul 20, 2026, 6:26 PM","Jul 20, 2026, 7:53 PM","W weather W day","Incline Bench Press (Dumbbell)",,"",2,"normal",60,12,,,
"Push","Jul 20, 2026, 6:26 PM","Jul 20, 2026, 7:53 PM","W weather W day","Low Cable Fly Crossovers",,"",0,"normal",30,15,,,
"Push","Jul 20, 2026, 6:26 PM","Jul 20, 2026, 7:53 PM","W weather W day","Low Cable Fly Crossovers",,"",1,"normal",40,11,,,
"Push","Jul 20, 2026, 6:26 PM","Jul 20, 2026, 7:53 PM","W weather W day","Low Cable Fly Crossovers",,"",2,"dropset",20,15,,,
"Push","Jul 20, 2026, 6:26 PM","Jul 20, 2026, 7:53 PM","W weather W day","Cable Fly Crossovers",,"",0,"normal",50,17,,,
"Push","Jul 20, 2026, 6:26 PM","Jul 20, 2026, 7:53 PM","W weather W day","Cable Fly Crossovers",,"",1,"normal",60,11,,,
"Push","Jul 20, 2026, 6:26 PM","Jul 20, 2026, 7:53 PM","W weather W day","Cable Fly Crossovers",,"",2,"dropset",30,15,,,
"Push","Jul 20, 2026, 6:26 PM","Jul 20, 2026, 7:53 PM","W weather W day","Shoulder Press (Machine Plates)",,"Upper chest biased",0,"warmup",40,18,,,
"Push","Jul 20, 2026, 6:26 PM","Jul 20, 2026, 7:53 PM","W weather W day","Shoulder Press (Machine Plates)",,"Upper chest biased",1,"normal",55,18,,,
"Push","Jul 20, 2026, 6:26 PM","Jul 20, 2026, 7:53 PM","W weather W day","Shoulder Press (Machine Plates)",,"Upper chest biased",2,"normal",65,9,,,
"Push","Jul 20, 2026, 6:26 PM","Jul 20, 2026, 7:53 PM","W weather W day","Lateral Raise (Dumbbell)",,"",0,"warmup",15,20,,,
"Push","Jul 20, 2026, 6:26 PM","Jul 20, 2026, 7:53 PM","W weather W day","Lateral Raise (Dumbbell)",,"",1,"normal",25,15,,,
"Push","Jul 20, 2026, 6:26 PM","Jul 20, 2026, 7:53 PM","W weather W day","Lateral Raise (Dumbbell)",,"",2,"normal",25,15,,,
"Push","Jul 20, 2026, 6:26 PM","Jul 20, 2026, 7:53 PM","W weather W day","Lateral Raise (Dumbbell)",,"",3,"dropset",15,12,,,
"Push","Jul 20, 2026, 6:26 PM","Jul 20, 2026, 7:53 PM","W weather W day","Lateral Raise (Dumbbell)",,"",4,"dropset",10,12,,,
"Push","Jul 20, 2026, 6:26 PM","Jul 20, 2026, 7:53 PM","W weather W day","Triceps Rope Pushdown",,"",0,"normal",35,18,,,
"Push","Jul 20, 2026, 6:26 PM","Jul 20, 2026, 7:53 PM","W weather W day","Triceps Rope Pushdown",,"",1,"normal",35,15,,,
"Push","Jul 20, 2026, 6:26 PM","Jul 20, 2026, 7:53 PM","W weather W day","Triceps Rope Pushdown",,"",2,"normal",35,12,,,
"Push","Jul 20, 2026, 6:26 PM","Jul 20, 2026, 7:53 PM","W weather W day","Triceps Rope Pushdown",,"",3,"dropset",20,10,,,
"Push","Jul 20, 2026, 6:26 PM","Jul 20, 2026, 7:53 PM","W weather W day","Overhead Triceps Extension (Cable)",,"V bar",0,"normal",45,18,,,
"Push","Jul 20, 2026, 6:26 PM","Jul 20, 2026, 7:53 PM","W weather W day","Overhead Triceps Extension (Cable)",,"V bar",1,"normal",50,12,,,
"Push","Jul 20, 2026, 6:26 PM","Jul 20, 2026, 7:53 PM","W weather W day","Overhead Triceps Extension (Cable)",,"V bar",2,"normal",50,12,,,
"Misc.","Jul 18, 2026, 5:31 PM","Jul 18, 2026, 6:46 PM","","Stretching",,"",0,"normal",,,,295,
"Misc.","Jul 18, 2026, 5:31 PM","Jul 18, 2026, 6:46 PM","","Battle Ropes",,"",0,"normal",,,,50,
"Misc.","Jul 18, 2026, 5:31 PM","Jul 18, 2026, 6:46 PM","","Lateral Raise (Dumbbell)",,"Warmup set - Cbum style",0,"warmup",15,15,,,
"Misc.","Jul 18, 2026, 5:31 PM","Jul 18, 2026, 6:46 PM","","Lateral Raise (Dumbbell)",,"Warmup set - Cbum style",1,"normal",20,15,,,
"Misc.","Jul 18, 2026, 5:31 PM","Jul 18, 2026, 6:46 PM","","Lateral Raise (Dumbbell)",,"Warmup set - Cbum style",2,"normal",20,15,,,
"Misc.","Jul 18, 2026, 5:31 PM","Jul 18, 2026, 6:46 PM","","Cable Twist (Up to down)",,"",0,"normal",30,30,,,
"Misc.","Jul 18, 2026, 5:31 PM","Jul 18, 2026, 6:46 PM","","Cable Twist (Up to down)",,"",1,"normal",30,30,,,
"Misc.","Jul 18, 2026, 5:31 PM","Jul 18, 2026, 6:46 PM","","Decline Crunch (Weighted)",,"",0,"normal",10,20,,,
"Misc.","Jul 18, 2026, 5:31 PM","Jul 18, 2026, 6:46 PM","","Decline Crunch (Weighted)",,"",1,"normal",15,20,,,
"Misc.","Jul 18, 2026, 5:31 PM","Jul 18, 2026, 6:46 PM","","Decline Crunch (Weighted)",,"",2,"normal",15,20,,,
"Misc.","Jul 18, 2026, 5:31 PM","Jul 18, 2026, 6:46 PM","","Behind the Back Wrist Curl (Barbell)",,"",0,"normal",30,30,,,
"Misc.","Jul 18, 2026, 5:31 PM","Jul 18, 2026, 6:46 PM","","Behind the Back Wrist Curl (Barbell)",,"",1,"normal",30,25,,,
"Misc.","Jul 18, 2026, 5:31 PM","Jul 18, 2026, 6:46 PM","","Behind the Back Wrist Curl (Barbell)",,"",2,"normal",30,25,,,
"Misc.","Jul 18, 2026, 5:31 PM","Jul 18, 2026, 6:46 PM","","Seated Wrist Extension (Barbell)",,"Machine",0,"normal",15,18,,,
"Misc.","Jul 18, 2026, 5:31 PM","Jul 18, 2026, 6:46 PM","","Seated Wrist Extension (Barbell)",,"Machine",1,"normal",15,18,,,
"Misc.","Jul 18, 2026, 5:31 PM","Jul 18, 2026, 6:46 PM","","Seated Wrist Extension (Barbell)",,"Machine",2,"normal",15,20,,,
"Misc.","Jul 18, 2026, 5:31 PM","Jul 18, 2026, 6:46 PM","","Treadmill",,"",0,"normal",,,1.5,580,
"Chest & Back","Jul 17, 2026, 6:33 PM","Jul 17, 2026, 7:39 PM","W - bench press & pulldown PR","Stretching",,"",0,"normal",,,,300,
"Chest & Back","Jul 17, 2026, 6:33 PM","Jul 17, 2026, 7:39 PM","W - bench press & pulldown PR","Chest Fly (Machine)",,"",0,"warmup",60,15,,,
"Chest & Back","Jul 17, 2026, 6:33 PM","Jul 17, 2026, 7:39 PM","W - bench press & pulldown PR","Chest Fly (Machine)",,"",1,"normal",82.5,12,,,
"Chest & Back","Jul 17, 2026, 6:33 PM","Jul 17, 2026, 7:39 PM","W - bench press & pulldown PR","Chest Fly (Machine)",,"",2,"normal",82.5,11,,,
"Chest & Back","Jul 17, 2026, 6:33 PM","Jul 17, 2026, 7:39 PM","W - bench press & pulldown PR","Bench Press (Barbell)",,"going in for 85
1 st attempt - Failed
2 nd attempt - 4 half reps
3 td attempt - Failed",0,"normal",55,12,,,
"Chest & Back","Jul 17, 2026, 6:33 PM","Jul 17, 2026, 7:39 PM","W - bench press & pulldown PR","Bench Press (Barbell)",,"going in for 85
1 st attempt - Failed
2 nd attempt - 4 half reps
3 td attempt - Failed",1,"normal",70,3,,,
"Chest & Back","Jul 17, 2026, 6:33 PM","Jul 17, 2026, 7:39 PM","W - bench press & pulldown PR","Bench Press (Barbell)",,"going in for 85
1 st attempt - Failed
2 nd attempt - 4 half reps
3 td attempt - Failed",2,"normal",85,2,,,
"Chest & Back","Jul 17, 2026, 6:33 PM","Jul 17, 2026, 7:39 PM","W - bench press & pulldown PR","Pull Up",,"",0,"normal",,18,,,
"Chest & Back","Jul 17, 2026, 6:33 PM","Jul 17, 2026, 7:39 PM","W - bench press & pulldown PR","Straight Arm Lat Pulldown (Cable)",,"",0,"normal",35,18,,,
"Chest & Back","Jul 17, 2026, 6:33 PM","Jul 17, 2026, 7:39 PM","W - bench press & pulldown PR","Lat Pulldown (Cable)",,"Neutral grip",0,"normal",65,12,,,
"Chest & Back","Jul 17, 2026, 6:33 PM","Jul 17, 2026, 7:39 PM","W - bench press & pulldown PR","Lat Pulldown (Cable)",,"Neutral grip",1,"normal",71.5,6,,,
"Chest & Back","Jul 17, 2026, 6:33 PM","Jul 17, 2026, 7:39 PM","W - bench press & pulldown PR","Back Extension (Hyperextension)",,"",0,"normal",,20,,,
"Chest & Back","Jul 17, 2026, 6:33 PM","Jul 17, 2026, 7:39 PM","W - bench press & pulldown PR","Back Extension (Hyperextension)",,"",1,"normal",,20,,,
"Chest & Back","Jul 17, 2026, 6:33 PM","Jul 17, 2026, 7:39 PM","W - bench press & pulldown PR","Chest Supported Incline Row (Dumbbell)",,"Machine",0,"normal",40,12,,,
"Chest & Back","Jul 17, 2026, 6:33 PM","Jul 17, 2026, 7:39 PM","W - bench press & pulldown PR","Chest Supported Incline Row (Dumbbell)",,"Machine",1,"normal",60,7,,,
"Arms w Abs","Jul 16, 2026, 5:40 PM","Jul 16, 2026, 7:11 PM","","Stretching",,"",0,"normal",,,,335,
"Arms w Abs","Jul 16, 2026, 5:40 PM","Jul 16, 2026, 7:11 PM","","Chin Up",,"",0,"normal",,16,,,
"Arms w Abs","Jul 16, 2026, 5:40 PM","Jul 16, 2026, 7:11 PM","","Seated Incline Curl (Dumbbell)",,"",0,"normal",25,15,,,
"Arms w Abs","Jul 16, 2026, 5:40 PM","Jul 16, 2026, 7:11 PM","","Seated Incline Curl (Dumbbell)",,"",1,"normal",30,9,,,
"Arms w Abs","Jul 16, 2026, 5:40 PM","Jul 16, 2026, 7:11 PM","","Seated Incline Curl (Dumbbell)",,"",2,"dropset",20,6,,,
"Arms w Abs","Jul 16, 2026, 5:40 PM","Jul 16, 2026, 7:11 PM","","Seated Incline Curl (Dumbbell)",,"",3,"normal",30,7,,,
"Arms w Abs","Jul 16, 2026, 5:40 PM","Jul 16, 2026, 7:11 PM","","Seated Incline Curl (Dumbbell)",,"",4,"dropset",20,4,,,
"Arms w Abs","Jul 16, 2026, 5:40 PM","Jul 16, 2026, 7:11 PM","","Overhead Triceps Extension (Cable)",,"Bar 
- avg overhead W",0,"normal",45,18,,,
"Arms w Abs","Jul 16, 2026, 5:40 PM","Jul 16, 2026, 7:11 PM","","Overhead Triceps Extension (Cable)",,"Bar 
- avg overhead W",1,"normal",50,18,,,
"Arms w Abs","Jul 16, 2026, 5:40 PM","Jul 16, 2026, 7:11 PM","","Overhead Triceps Extension (Cable)",,"Bar 
- avg overhead W",2,"normal",55,15,,,
"Arms w Abs","Jul 16, 2026, 5:40 PM","Jul 16, 2026, 7:11 PM","","Preacher Curl (Dumbbell)",,"",0,"normal",12.5,30,,,
"Arms w Abs","Jul 16, 2026, 5:40 PM","Jul 16, 2026, 7:11 PM","","Preacher Curl (Dumbbell)",,"",1,"normal",15,24,,,
"Arms w Abs","Jul 16, 2026, 5:40 PM","Jul 16, 2026, 7:11 PM","","Preacher Curl (Dumbbell)",,"",2,"normal",15,24,,,
"Arms w Abs","Jul 16, 2026, 5:40 PM","Jul 16, 2026, 7:11 PM","","Single Arm Triceps Pushdown (Cable)",,"",0,"normal",15,30,,,
"Arms w Abs","Jul 16, 2026, 5:40 PM","Jul 16, 2026, 7:11 PM","","Single Arm Triceps Pushdown (Cable)",,"",1,"normal",20,30,,,
"Arms w Abs","Jul 16, 2026, 5:40 PM","Jul 16, 2026, 7:11 PM","","Single Arm Triceps Pushdown (Cable)",,"",2,"normal",15,30,,,
"Arms w Abs","Jul 16, 2026, 5:40 PM","Jul 16, 2026, 7:11 PM","","Reverse Curl (Cable)",,"",0,"normal",35,18,,,
"Arms w Abs","Jul 16, 2026, 5:40 PM","Jul 16, 2026, 7:11 PM","","Reverse Curl (Cable)",,"",1,"normal",35,18,,,
"Arms w Abs","Jul 16, 2026, 5:40 PM","Jul 16, 2026, 7:11 PM","","Reverse Curl (Cable)",,"",2,"normal",40,18,,,
"Arms w Abs","Jul 16, 2026, 5:40 PM","Jul 16, 2026, 7:11 PM","","Dragon Flag",,"",0,"normal",,25,,,
"Arms w Abs","Jul 16, 2026, 5:40 PM","Jul 16, 2026, 7:11 PM","","Dragon Flag",,"",1,"normal",,20,,,
"Arms w Abs","Jul 16, 2026, 5:40 PM","Jul 16, 2026, 7:11 PM","","Dragon Flag",,"",2,"normal",,15,,,
"Arms w Abs","Jul 16, 2026, 5:40 PM","Jul 16, 2026, 7:11 PM","","Russian Twist (Bodyweight)",,"Hanging - Windshield Wipers",0,"normal",,15,,,
"Arms w Abs","Jul 16, 2026, 5:40 PM","Jul 16, 2026, 7:11 PM","","Russian Twist (Weighted)",,"Decline",0,"normal",10,24,,,
"Arms w Abs","Jul 16, 2026, 5:40 PM","Jul 16, 2026, 7:11 PM","","Russian Twist (Weighted)",,"Decline",1,"normal",10,24,,,
"Arms w Abs","Jul 16, 2026, 5:40 PM","Jul 16, 2026, 7:11 PM","","Single Arm Lateral Raise (Cable)",,"",0,"normal",15,30,,,
"Arms w Abs","Jul 16, 2026, 5:40 PM","Jul 16, 2026, 7:11 PM","","Single Arm Lateral Raise (Cable)",,"",1,"normal",15,30,,,
"Arms w Abs","Jul 16, 2026, 5:40 PM","Jul 16, 2026, 7:11 PM","","Single Arm Lateral Raise (Cable)",,"",2,"normal",15,30,,,
"Legs","Jul 15, 2026, 5:51 PM","Jul 15, 2026, 6:50 PM","L","Stretching",,"",0,"normal",,,,420,
"Legs","Jul 15, 2026, 5:51 PM","Jul 15, 2026, 6:50 PM","L","Lunge (Barbell)",,"Walking",0,"normal",20,30,,,
"Legs","Jul 15, 2026, 5:51 PM","Jul 15, 2026, 6:50 PM","L","Lunge (Barbell)",,"Walking",1,"normal",25,24,,,
"Legs","Jul 15, 2026, 5:51 PM","Jul 15, 2026, 6:50 PM","L","Hip Adduction (Machine)",0,"",0,"normal",70,15,,,
"Legs","Jul 15, 2026, 5:51 PM","Jul 15, 2026, 6:50 PM","L","Hip Adduction (Machine)",0,"",1,"normal",80,15,,,
"Legs","Jul 15, 2026, 5:51 PM","Jul 15, 2026, 6:50 PM","L","Hip Abduction (Machine)",0,"",0,"normal",70,15,,,
"Legs","Jul 15, 2026, 5:51 PM","Jul 15, 2026, 6:50 PM","L","Hip Abduction (Machine)",0,"",1,"normal",80,15,,,
"Legs","Jul 15, 2026, 5:51 PM","Jul 15, 2026, 6:50 PM","L","Leg Extension (Machine)",,"",0,"warmup",55,20,,,
"Legs","Jul 15, 2026, 5:51 PM","Jul 15, 2026, 6:50 PM","L","Leg Extension (Machine)",,"",1,"normal",75,18,,,
"Legs","Jul 15, 2026, 5:51 PM","Jul 15, 2026, 6:50 PM","L","Leg Extension (Machine)",,"",2,"normal",95,12,,,
"Legs","Jul 15, 2026, 5:51 PM","Jul 15, 2026, 6:50 PM","L","Leg Extension (Machine)",,"",3,"dropset",70,9,,,
"Legs","Jul 15, 2026, 5:51 PM","Jul 15, 2026, 6:50 PM","L","Seated Leg Curl (Machine)",,"",0,"warmup",55,15,,,
"Legs","Jul 15, 2026, 5:51 PM","Jul 15, 2026, 6:50 PM","L","Seated Leg Curl (Machine)",,"",1,"normal",70,12,,,
"Legs","Jul 15, 2026, 5:51 PM","Jul 15, 2026, 6:50 PM","L","Seated Leg Curl (Machine)",,"",2,"normal",70,12,,,
"Legs","Jul 15, 2026, 5:51 PM","Jul 15, 2026, 6:50 PM","L","Leg Press (Machine)",,"",0,"normal",130,15,,,
"Pull","Jul 14, 2026, 5:22 PM","Jul 14, 2026, 7:13 PM","W","Stretching",,"",0,"normal",,,,324,
"Pull","Jul 14, 2026, 5:22 PM","Jul 14, 2026, 7:13 PM","W","Pull Up",,"",0,"normal",,15,,,
"Pull","Jul 14, 2026, 5:22 PM","Jul 14, 2026, 7:13 PM","W","Straight Arm Lat Pulldown (Cable)",,"Seated",0,"normal",35,18,,,
"Pull","Jul 14, 2026, 5:22 PM","Jul 14, 2026, 7:13 PM","W","Straight Arm Lat Pulldown (Cable)",,"Seated",1,"normal",40,15,,,
"Pull","Jul 14, 2026, 5:22 PM","Jul 14, 2026, 7:13 PM","W","Landmine Row",,"",0,"warmup",40,15,,,
"Pull","Jul 14, 2026, 5:22 PM","Jul 14, 2026, 7:13 PM","W","Landmine Row",,"",1,"normal",65,18,,,
"Pull","Jul 14, 2026, 5:22 PM","Jul 14, 2026, 7:13 PM","W","Landmine Row",,"",2,"normal",75,15,,,
"Pull","Jul 14, 2026, 5:22 PM","Jul 14, 2026, 7:13 PM","W","Landmine Row",,"",3,"normal",82.5,10,,,
"Pull","Jul 14, 2026, 5:22 PM","Jul 14, 2026, 7:13 PM","W","Lat Pulldown (Machine)",,"",0,"normal",80,15,,,
"Pull","Jul 14, 2026, 5:22 PM","Jul 14, 2026, 7:13 PM","W","Lat Pulldown (Machine)",,"",1,"normal",100,12,,,
"Pull","Jul 14, 2026, 5:22 PM","Jul 14, 2026, 7:13 PM","W","Lat Pulldown (Machine)",,"",2,"normal",110,11,,,
"Pull","Jul 14, 2026, 5:22 PM","Jul 14, 2026, 7:13 PM","W","Iso-Lateral Row (Machine)",,"",0,"normal",55,15,,,
"Pull","Jul 14, 2026, 5:22 PM","Jul 14, 2026, 7:13 PM","W","Iso-Lateral Row (Machine)",,"",1,"normal",60,14,,,
"Pull","Jul 14, 2026, 5:22 PM","Jul 14, 2026, 7:13 PM","W","Reverse Grip Lat Pulldown (Cable)",,"biceps",0,"normal",52,15,,,
"Pull","Jul 14, 2026, 5:22 PM","Jul 14, 2026, 7:13 PM","W","Reverse Grip Lat Pulldown (Cable)",,"biceps",1,"normal",52,15,,,
"Pull","Jul 14, 2026, 5:22 PM","Jul 14, 2026, 7:13 PM","W","Reverse Grip Lat Pulldown (Cable)",,"biceps",2,"normal",52,12,,,
"Pull","Jul 14, 2026, 5:22 PM","Jul 14, 2026, 7:13 PM","W","Reverse Grip Lat Pulldown (Cable)",,"biceps",3,"dropset",39,9,,,
"Pull","Jul 14, 2026, 5:22 PM","Jul 14, 2026, 7:13 PM","W","Behind the Back Curl (Cable)",,"",0,"normal",50,12,,,
"Pull","Jul 14, 2026, 5:22 PM","Jul 14, 2026, 7:13 PM","W","Behind the Back Curl (Cable)",,"",1,"normal",40,15,,,
"Pull","Jul 14, 2026, 5:22 PM","Jul 14, 2026, 7:13 PM","W","Behind the Back Curl (Cable)",,"",2,"normal",40,15,,,
"Pull","Jul 14, 2026, 5:22 PM","Jul 14, 2026, 7:13 PM","W","Behind the Back Curl (Cable)",,"",3,"dropset",30,12,,,
"Pull","Jul 14, 2026, 5:22 PM","Jul 14, 2026, 7:13 PM","W","Cross Body Hammer Curl",,"",0,"normal",35,12,,,
"Pull","Jul 14, 2026, 5:22 PM","Jul 14, 2026, 7:13 PM","W","Cross Body Hammer Curl",,"",1,"normal",35,12,,,
"Pull","Jul 14, 2026, 5:22 PM","Jul 14, 2026, 7:13 PM","W","Rear Delt Reverse Fly (Machine)",,"",0,"normal",45,18,,,
"Pull","Jul 14, 2026, 5:22 PM","Jul 14, 2026, 7:13 PM","W","Rear Delt Reverse Fly (Machine)",,"",1,"normal",52.5,15,,,
"Pull","Jul 14, 2026, 5:22 PM","Jul 14, 2026, 7:13 PM","W","Rear Delt Reverse Fly (Machine)",,"",2,"normal",60,15,,,
"Push","Jul 13, 2026, 5:53 PM","Jul 13, 2026, 7:37 PM","W","Stretching",,"",0,"normal",,,,414,
"Push","Jul 13, 2026, 5:53 PM","Jul 13, 2026, 7:37 PM","W","Push Up",,"",0,"normal",,50,,,
"Push","Jul 13, 2026, 5:53 PM","Jul 13, 2026, 7:37 PM","W","Chest Fly (Machine)",,"",0,"warmup",60,18,,,
"Push","Jul 13, 2026, 5:53 PM","Jul 13, 2026, 7:37 PM","W","Chest Fly (Machine)",,"",1,"warmup",75,8,,,
"Push","Jul 13, 2026, 5:53 PM","Jul 13, 2026, 7:37 PM","W","Chest Fly (Machine)",,"",2,"normal",90,11,,,
"Push","Jul 13, 2026, 5:53 PM","Jul 13, 2026, 7:37 PM","W","Chest Fly (Machine)",,"",3,"normal",90,11,,,
"Push","Jul 13, 2026, 5:53 PM","Jul 13, 2026, 7:37 PM","W","Chest Fly (Machine)",,"",4,"dropset",60,6,,,
"Push","Jul 13, 2026, 5:53 PM","Jul 13, 2026, 7:37 PM","W","Bench Press (Barbell)",,"",0,"warmup",50,12,,,
"Push","Jul 13, 2026, 5:53 PM","Jul 13, 2026, 7:37 PM","W","Bench Press (Barbell)",,"",1,"normal",70,7,,,
"Push","Jul 13, 2026, 5:53 PM","Jul 13, 2026, 7:37 PM","W","Bench Press (Barbell)",,"",2,"normal",75,6,,,
"Push","Jul 13, 2026, 5:53 PM","Jul 13, 2026, 7:37 PM","W","Low Cable Fly Crossovers",,"",0,"normal",30,17,,,
"Push","Jul 13, 2026, 5:53 PM","Jul 13, 2026, 7:37 PM","W","Low Cable Fly Crossovers",,"",1,"normal",40,11,,,
"Push","Jul 13, 2026, 5:53 PM","Jul 13, 2026, 7:37 PM","W","Low Cable Fly Crossovers",,"",2,"dropset",20,12,,,
"Push","Jul 13, 2026, 5:53 PM","Jul 13, 2026, 7:37 PM","W","Cable Fly Crossovers",,"",0,"normal",50,18,,,
"Push","Jul 13, 2026, 5:53 PM","Jul 13, 2026, 7:37 PM","W","Cable Fly Crossovers",,"",1,"normal",50,12,,,
"Push","Jul 13, 2026, 5:53 PM","Jul 13, 2026, 7:37 PM","W","Cable Fly Crossovers",,"",2,"dropset",30,8,,,
"Push","Jul 13, 2026, 5:53 PM","Jul 13, 2026, 7:37 PM","W","Shoulder Press (Machine Plates)",,"Upper chest biased ( ezier push )",0,"warmup",40,20,,,
"Push","Jul 13, 2026, 5:53 PM","Jul 13, 2026, 7:37 PM","W","Shoulder Press (Machine Plates)",,"Upper chest biased ( ezier push )",1,"normal",55,16,,,
"Push","Jul 13, 2026, 5:53 PM","Jul 13, 2026, 7:37 PM","W","Shoulder Press (Machine Plates)",,"Upper chest biased ( ezier push )",2,"normal",65,9,,,
"Push","Jul 13, 2026, 5:53 PM","Jul 13, 2026, 7:37 PM","W","Lateral Raise (Dumbbell)",,"",0,"warmup",15,15,,,
"Push","Jul 13, 2026, 5:53 PM","Jul 13, 2026, 7:37 PM","W","Lateral Raise (Dumbbell)",,"",1,"normal",25,14,,,
"Push","Jul 13, 2026, 5:53 PM","Jul 13, 2026, 7:37 PM","W","Lateral Raise (Dumbbell)",,"",2,"normal",25,11,,,
"Push","Jul 13, 2026, 5:53 PM","Jul 13, 2026, 7:37 PM","W","Lateral Raise (Dumbbell)",,"",3,"dropset",15,12,,,
"Push","Jul 13, 2026, 5:53 PM","Jul 13, 2026, 7:37 PM","W","Lateral Raise (Dumbbell)",,"",4,"dropset",10,8,,,
"Push","Jul 13, 2026, 5:53 PM","Jul 13, 2026, 7:37 PM","W","Triceps Pushdown",,"V bar",0,"normal",50,18,,,
"Push","Jul 13, 2026, 5:53 PM","Jul 13, 2026, 7:37 PM","W","Triceps Pushdown",,"V bar",1,"normal",55,15,,,
"Push","Jul 13, 2026, 5:53 PM","Jul 13, 2026, 7:37 PM","W","Triceps Pushdown",,"V bar",2,"normal",60,15,,,
"Push","Jul 13, 2026, 5:53 PM","Jul 13, 2026, 7:37 PM","W","Triceps Extension (Cable)",,"",0,"normal",15,30,,,
"Push","Jul 13, 2026, 5:53 PM","Jul 13, 2026, 7:37 PM","W","Triceps Extension (Cable)",,"",1,"normal",15,30,,,
"Arms","Jul 11, 2026, 5:29 PM","Jul 11, 2026, 7:14 PM","W","Stretching",,"",0,"normal",,,,360,
"Arms","Jul 11, 2026, 5:29 PM","Jul 11, 2026, 7:14 PM","W","Reverse Grip Lat Pulldown (Cable)",,"close grip",0,"warmup",52.5,12,,,
"Arms","Jul 11, 2026, 5:29 PM","Jul 11, 2026, 7:14 PM","W","Diamond Push Up",,"",0,"normal",,30,,,
"Arms","Jul 11, 2026, 5:29 PM","Jul 11, 2026, 7:14 PM","W","Lateral Raise (Dumbbell)",,"3rd set - double drop",0,"warmup",15,15,,,
"Arms","Jul 11, 2026, 5:29 PM","Jul 11, 2026, 7:14 PM","W","Lateral Raise (Dumbbell)",,"3rd set - double drop",1,"normal",20,18,,,
"Arms","Jul 11, 2026, 5:29 PM","Jul 11, 2026, 7:14 PM","W","Lateral Raise (Dumbbell)",,"3rd set - double drop",2,"normal",30,8,,,
"Arms","Jul 11, 2026, 5:29 PM","Jul 11, 2026, 7:14 PM","W","Lateral Raise (Dumbbell)",,"3rd set - double drop",3,"dropset",15,12,,,
"Arms","Jul 11, 2026, 5:29 PM","Jul 11, 2026, 7:14 PM","W","Lateral Raise (Dumbbell)",,"3rd set - double drop",4,"dropset",10,12,,,
"Arms","Jul 11, 2026, 5:29 PM","Jul 11, 2026, 7:14 PM","W","Seated Incline Curl (Dumbbell)",,"",0,"warmup",20,18,,,
"Arms","Jul 11, 2026, 5:29 PM","Jul 11, 2026, 7:14 PM","W","Seated Incline Curl (Dumbbell)",,"",1,"normal",30,11,,,
"Arms","Jul 11, 2026, 5:29 PM","Jul 11, 2026, 7:14 PM","W","Seated Incline Curl (Dumbbell)",,"",2,"dropset",15,10,,,
"Arms","Jul 11, 2026, 5:29 PM","Jul 11, 2026, 7:14 PM","W","Seated Incline Curl (Dumbbell)",,"",3,"normal",30,8,,,
"Arms","Jul 11, 2026, 5:29 PM","Jul 11, 2026, 7:14 PM","W","Seated Incline Curl (Dumbbell)",,"",4,"dropset",15,9,,,
"Arms","Jul 11, 2026, 5:29 PM","Jul 11, 2026, 7:14 PM","W","Seated Incline Curl (Dumbbell)",,"",5,"dropset",10,7,,,
"Arms","Jul 11, 2026, 5:29 PM","Jul 11, 2026, 7:14 PM","W","Overhead Triceps Extension (Cable)",,"",0,"normal",45,18,,,
"Arms","Jul 11, 2026, 5:29 PM","Jul 11, 2026, 7:14 PM","W","Overhead Triceps Extension (Cable)",,"",1,"normal",60,18,,,
"Arms","Jul 11, 2026, 5:29 PM","Jul 11, 2026, 7:14 PM","W","Overhead Triceps Extension (Cable)",,"",2,"normal",65,16,,,
"Arms","Jul 11, 2026, 5:29 PM","Jul 11, 2026, 7:14 PM","W","Preacher Curl (Dumbbell)",,"",0,"normal",15,30,,,
"Arms","Jul 11, 2026, 5:29 PM","Jul 11, 2026, 7:14 PM","W","Preacher Curl (Dumbbell)",,"",1,"normal",15,24,,,
"Arms","Jul 11, 2026, 5:29 PM","Jul 11, 2026, 7:14 PM","W","Preacher Curl (Dumbbell)",,"",2,"normal",15,24,,,
"Arms","Jul 11, 2026, 5:29 PM","Jul 11, 2026, 7:14 PM","W","Triceps Rope Pushdown",0,"",0,"normal",35,15,,,
"Arms","Jul 11, 2026, 5:29 PM","Jul 11, 2026, 7:14 PM","W","Triceps Rope Pushdown",0,"",1,"normal",40,15,,,
"Arms","Jul 11, 2026, 5:29 PM","Jul 11, 2026, 7:14 PM","W","Triceps Rope Pushdown",0,"",2,"normal",40,15,,,
"Arms","Jul 11, 2026, 5:29 PM","Jul 11, 2026, 7:14 PM","W","Triceps Rope Pushdown",0,"",3,"dropset",30,8,,,
"Arms","Jul 11, 2026, 5:29 PM","Jul 11, 2026, 7:14 PM","W","Triceps Rope Pushdown",0,"",4,"dropset",20,6,,,
"Arms","Jul 11, 2026, 5:29 PM","Jul 11, 2026, 7:14 PM","W","Hammer Curl (Cable)",0,"",0,"normal",40,15,,,
"Arms","Jul 11, 2026, 5:29 PM","Jul 11, 2026, 7:14 PM","W","Hammer Curl (Cable)",0,"",1,"normal",40,15,,,
"Arms","Jul 11, 2026, 5:29 PM","Jul 11, 2026, 7:14 PM","W","Hammer Curl (Cable)",0,"",2,"normal",45,15,,,
"Arms","Jul 11, 2026, 5:29 PM","Jul 11, 2026, 7:14 PM","W","Hammer Curl (Cable)",0,"",3,"dropset",35,8,,,
"Arms","Jul 11, 2026, 5:29 PM","Jul 11, 2026, 7:14 PM","W","Hammer Curl (Cable)",0,"",4,"dropset",25,6,,,
"Arms","Jul 11, 2026, 5:29 PM","Jul 11, 2026, 7:14 PM","W","Seated Palms Up Wrist Curl",1,"",0,"normal",25,18,,,
"Arms","Jul 11, 2026, 5:29 PM","Jul 11, 2026, 7:14 PM","W","Seated Palms Up Wrist Curl",1,"",1,"normal",25,18,,,
"Arms","Jul 11, 2026, 5:29 PM","Jul 11, 2026, 7:14 PM","W","Seated Wrist Extension (Barbell)",1,"",0,"normal",20,15,,,
"Arms","Jul 11, 2026, 5:29 PM","Jul 11, 2026, 7:14 PM","W","Seated Wrist Extension (Barbell)",1,"",1,"normal",20,15,,,
"Arms","Jul 11, 2026, 5:29 PM","Jul 11, 2026, 7:14 PM","W","Dragon Flag",,"",0,"normal",,25,,,
"Arms","Jul 11, 2026, 5:29 PM","Jul 11, 2026, 7:14 PM","W","Dragon Flag",,"",1,"normal",,20,,,
"Arms","Jul 11, 2026, 5:29 PM","Jul 11, 2026, 7:14 PM","W","Dragon Flag",,"",2,"normal",,20,,,
"Chest & Back","Jul 10, 2026, 5:26 PM","Jul 10, 2026, 7:09 PM","W","Stretching",,"",0,"normal",,,,360,
"Chest & Back","Jul 10, 2026, 5:26 PM","Jul 10, 2026, 7:09 PM","W","Chest Fly (Machine)",,"",0,"warmup",60,18,,,
"Chest & Back","Jul 10, 2026, 5:26 PM","Jul 10, 2026, 7:09 PM","W","Chest Fly (Machine)",,"",1,"warmup",75,8,,,
"Chest & Back","Jul 10, 2026, 5:26 PM","Jul 10, 2026, 7:09 PM","W","Chest Fly (Machine)",,"",2,"normal",90,14,,,
"Chest & Back","Jul 10, 2026, 5:26 PM","Jul 10, 2026, 7:09 PM","W","Chest Fly (Machine)",,"",3,"normal",97.5,10,,,
"Chest & Back","Jul 10, 2026, 5:26 PM","Jul 10, 2026, 7:09 PM","W","Chest Fly (Machine)",,"",4,"dropset",75,5,,,
"Chest & Back","Jul 10, 2026, 5:26 PM","Jul 10, 2026, 7:09 PM","W","Incline Bench Press (Smith Machine)",,"",0,"normal",50,10,,,
"Chest & Back","Jul 10, 2026, 5:26 PM","Jul 10, 2026, 7:09 PM","W","Incline Bench Press (Smith Machine)",,"",1,"normal",60,10,,,
"Chest & Back","Jul 10, 2026, 5:26 PM","Jul 10, 2026, 7:09 PM","W","Incline Bench Press (Smith Machine)",,"",2,"normal",50,12,,,
"Chest & Back","Jul 10, 2026, 5:26 PM","Jul 10, 2026, 7:09 PM","W","Cable Fly Crossovers",,"",0,"normal",50,18,,,
"Chest & Back","Jul 10, 2026, 5:26 PM","Jul 10, 2026, 7:09 PM","W","Cable Fly Crossovers",,"",1,"normal",50,18,,,
"Chest & Back","Jul 10, 2026, 5:26 PM","Jul 10, 2026, 7:09 PM","W","Low Cable Fly Crossovers",,"",0,"normal",30,15,,,
"Chest & Back","Jul 10, 2026, 5:26 PM","Jul 10, 2026, 7:09 PM","W","Low Cable Fly Crossovers",,"",1,"normal",40,10,,,
"Chest & Back","Jul 10, 2026, 5:26 PM","Jul 10, 2026, 7:09 PM","W","Low Cable Fly Crossovers",,"",2,"dropset",20,12,,,
"Chest & Back","Jul 10, 2026, 5:26 PM","Jul 10, 2026, 7:09 PM","W","Pull Up",,"",0,"normal",,15,,,
"Chest & Back","Jul 10, 2026, 5:26 PM","Jul 10, 2026, 7:09 PM","W","Lat Pulldown (Cable)",,"Neutral grip",0,"normal",65,12,,,
"Chest & Back","Jul 10, 2026, 5:26 PM","Jul 10, 2026, 7:09 PM","W","Lat Pulldown (Cable)",,"Neutral grip",1,"normal",65,12,,,
"Chest & Back","Jul 10, 2026, 5:26 PM","Jul 10, 2026, 7:09 PM","W","Chest Supported Incline Row (Dumbbell)",,"Dumbell",0,"normal",30,12,,,
"Chest & Back","Jul 10, 2026, 5:26 PM","Jul 10, 2026, 7:09 PM","W","Chest Supported Incline Row (Dumbbell)",,"Dumbell",1,"normal",30,15,,,
"Chest & Back","Jul 10, 2026, 5:26 PM","Jul 10, 2026, 7:09 PM","W","Chest Supported Incline Row (Dumbbell)",,"Dumbell",2,"normal",35,12,,,
"Chest & Back","Jul 10, 2026, 5:26 PM","Jul 10, 2026, 7:09 PM","W","Single Arm Lat Pulldown",,"",0,"normal",35,30,,,
"Chest & Back","Jul 10, 2026, 5:26 PM","Jul 10, 2026, 7:09 PM","W","Single Arm Lat Pulldown",,"",1,"normal",40,30,,,
"Chest & Back","Jul 10, 2026, 5:26 PM","Jul 10, 2026, 7:09 PM","W","Single Arm Lat Pulldown",,"",2,"normal",45,28,,,
"Chest & Back","Jul 10, 2026, 5:26 PM","Jul 10, 2026, 7:09 PM","W","Rope Straight Arm Pulldown",0,"",0,"normal",35,15,,,
"Chest & Back","Jul 10, 2026, 5:26 PM","Jul 10, 2026, 7:09 PM","W","Rope Straight Arm Pulldown",0,"",1,"normal",35,18,,,
"Chest & Back","Jul 10, 2026, 5:26 PM","Jul 10, 2026, 7:09 PM","W","Rope Straight Arm Pulldown",0,"",2,"normal",35,15,,,
"Chest & Back","Jul 10, 2026, 5:26 PM","Jul 10, 2026, 7:09 PM","W","Back Extension (Hyperextension)",0,"",0,"normal",,20,,,
"Chest & Back","Jul 10, 2026, 5:26 PM","Jul 10, 2026, 7:09 PM","W","Back Extension (Hyperextension)",0,"",1,"normal",,20,,,
"Chest & Back","Jul 10, 2026, 5:26 PM","Jul 10, 2026, 7:09 PM","W","Back Extension (Hyperextension)",0,"",2,"normal",,20,,,
"Legs","Jul 8, 2026, 5:38 PM","Jul 8, 2026, 7:27 PM","","Stretching",,"",0,"normal",,,,416,
"Legs","Jul 8, 2026, 5:38 PM","Jul 8, 2026, 7:27 PM","","Lunge (Barbell)",,"Walking",0,"normal",20,24,,,
"Legs","Jul 8, 2026, 5:38 PM","Jul 8, 2026, 7:27 PM","","Lunge (Barbell)",,"Walking",1,"normal",25,24,,,
"Legs","Jul 8, 2026, 5:38 PM","Jul 8, 2026, 7:27 PM","","Lunge (Barbell)",,"Walking",2,"normal",25,28,,,
"Legs","Jul 8, 2026, 5:38 PM","Jul 8, 2026, 7:27 PM","","Leg Extension (Machine)",,"",0,"warmup",55,18,,,
"Legs","Jul 8, 2026, 5:38 PM","Jul 8, 2026, 7:27 PM","","Leg Extension (Machine)",,"",1,"normal",75,18,,,
"Legs","Jul 8, 2026, 5:38 PM","Jul 8, 2026, 7:27 PM","","Leg Extension (Machine)",,"",2,"normal",90,15,,,
"Legs","Jul 8, 2026, 5:38 PM","Jul 8, 2026, 7:27 PM","","Seated Leg Curl (Machine)",,"",0,"normal",60,15,,,
"Legs","Jul 8, 2026, 5:38 PM","Jul 8, 2026, 7:27 PM","","Seated Leg Curl (Machine)",,"",1,"normal",70,15,,,
"Legs","Jul 8, 2026, 5:38 PM","Jul 8, 2026, 7:27 PM","","Seated Leg Curl (Machine)",,"",2,"normal",70,12,,,
"Legs","Jul 8, 2026, 5:38 PM","Jul 8, 2026, 7:27 PM","","Hip Adduction (Machine)",0,"",0,"normal",70,15,,,
"Legs","Jul 8, 2026, 5:38 PM","Jul 8, 2026, 7:27 PM","","Hip Adduction (Machine)",0,"",1,"normal",80,15,,,
"Legs","Jul 8, 2026, 5:38 PM","Jul 8, 2026, 7:27 PM","","Hip Abduction (Machine)",0,"",0,"normal",70,15,,,
"Legs","Jul 8, 2026, 5:38 PM","Jul 8, 2026, 7:27 PM","","Hip Abduction (Machine)",0,"",1,"normal",80,15,,,
"Legs","Jul 8, 2026, 5:38 PM","Jul 8, 2026, 7:27 PM","","Leg Press (Machine)",,"",0,"normal",130,18,,,
"Legs","Jul 8, 2026, 5:38 PM","Jul 8, 2026, 7:27 PM","","Leg Press (Machine)",,"",1,"normal",160,15,,,
"Legs","Jul 8, 2026, 5:38 PM","Jul 8, 2026, 7:27 PM","","Leg Press (Machine)",,"",2,"normal",180,18,,,
"Legs","Jul 8, 2026, 5:38 PM","Jul 8, 2026, 7:27 PM","","Standing Calf Raise (Smith)",,"",0,"normal",55,18,,,
"Legs","Jul 8, 2026, 5:38 PM","Jul 8, 2026, 7:27 PM","","Standing Calf Raise (Smith)",,"",1,"normal",60,18,,,
"Legs","Jul 8, 2026, 5:38 PM","Jul 8, 2026, 7:27 PM","","Standing Calf Raise (Smith)",,"",2,"normal",60,18,,,
"Pull","Jul 7, 2026, 5:27 PM","Jul 7, 2026, 6:57 PM","","Stretching",,"",0,"normal",,,,290,
"Pull","Jul 7, 2026, 5:27 PM","Jul 7, 2026, 6:57 PM","","Straight Arm Lat Pulldown (Cable)",,"",0,"normal",35,18,,,
"Pull","Jul 7, 2026, 5:27 PM","Jul 7, 2026, 6:57 PM","","Straight Arm Lat Pulldown (Cable)",,"",1,"normal",40,15,,,
"Pull","Jul 7, 2026, 5:27 PM","Jul 7, 2026, 6:57 PM","","Straight Arm Lat Pulldown (Cable)",,"",2,"normal",45,12,,,
"Pull","Jul 7, 2026, 5:27 PM","Jul 7, 2026, 6:57 PM","","Pull Up",,"",0,"normal",,15,,,
"Pull","Jul 7, 2026, 5:27 PM","Jul 7, 2026, 6:57 PM","","Pull Up (Weighted)",,"",0,"normal",10,6,,,
"Pull","Jul 7, 2026, 5:27 PM","Jul 7, 2026, 6:57 PM","","Pull Up (Weighted)",,"",1,"normal",10,7,,,
"Pull","Jul 7, 2026, 5:27 PM","Jul 7, 2026, 6:57 PM","","Landmine Row",,"",0,"normal",40,20,,,
"Pull","Jul 7, 2026, 5:27 PM","Jul 7, 2026, 6:57 PM","","Landmine Row",,"",1,"normal",40,15,,,
"Pull","Jul 7, 2026, 5:27 PM","Jul 7, 2026, 6:57 PM","","Landmine Row",,"",2,"normal",65,12,,,
"Pull","Jul 7, 2026, 5:27 PM","Jul 7, 2026, 6:57 PM","","Preacher Curl (Dumbbell)",,"",0,"normal",12.5,30,,,
"Pull","Jul 7, 2026, 5:27 PM","Jul 7, 2026, 6:57 PM","","Preacher Curl (Dumbbell)",,"",1,"normal",15,36,,,
"Pull","Jul 7, 2026, 5:27 PM","Jul 7, 2026, 6:57 PM","","Preacher Curl (Dumbbell)",,"",2,"normal",17.5,24,,,
"Pull","Jul 7, 2026, 5:27 PM","Jul 7, 2026, 6:57 PM","","Cross Body Hammer Curl",,"",0,"normal",35,12,,,
"Pull","Jul 7, 2026, 5:27 PM","Jul 7, 2026, 6:57 PM","","Cross Body Hammer Curl",,"",1,"normal",40,10,,,
"Push (w abs)","Jul 6, 2026, 5:34 PM","Jul 6, 2026, 7:11 PM","","Stretching",,"",0,"normal",,,,306,
"Push (w abs)","Jul 6, 2026, 5:34 PM","Jul 6, 2026, 7:11 PM","","Push Up",,"",0,"normal",,50,,,
"Push (w abs)","Jul 6, 2026, 5:34 PM","Jul 6, 2026, 7:11 PM","","Chest Fly (Machine)",,"",0,"normal",60,15,,,
"Push (w abs)","Jul 6, 2026, 5:34 PM","Jul 6, 2026, 7:11 PM","","Chest Fly (Machine)",,"",1,"normal",67.5,15,,,
"Push (w abs)","Jul 6, 2026, 5:34 PM","Jul 6, 2026, 7:11 PM","","Chest Fly (Machine)",,"",2,"normal",75,15,,,
"Push (w abs)","Jul 6, 2026, 5:34 PM","Jul 6, 2026, 7:11 PM","","Incline Bench Press (Dumbbell)",,"",0,"normal",40,15,,,
"Push (w abs)","Jul 6, 2026, 5:34 PM","Jul 6, 2026, 7:11 PM","","Incline Bench Press (Dumbbell)",,"",1,"normal",50,14,,,
"Push (w abs)","Jul 6, 2026, 5:34 PM","Jul 6, 2026, 7:11 PM","","Incline Bench Press (Dumbbell)",,"",2,"normal",50,14,,,
"Push (w abs)","Jul 6, 2026, 5:34 PM","Jul 6, 2026, 7:11 PM","","Low Cable Fly Crossovers",,"",0,"normal",30,18,,,
"Push (w abs)","Jul 6, 2026, 5:34 PM","Jul 6, 2026, 7:11 PM","","Low Cable Fly Crossovers",,"",1,"normal",30,15,,,
"Push (w abs)","Jul 6, 2026, 5:34 PM","Jul 6, 2026, 7:11 PM","","Cable Fly Crossovers",,"",0,"normal",50,15,,,
"Push (w abs)","Jul 6, 2026, 5:34 PM","Jul 6, 2026, 7:11 PM","","Cable Fly Crossovers",,"",1,"normal",50,15,,,
"Push (w abs)","Jul 6, 2026, 5:34 PM","Jul 6, 2026, 7:11 PM","","Cable Fly Crossovers",,"",2,"dropset",30,12,,,
"Push (w abs)","Jul 6, 2026, 5:34 PM","Jul 6, 2026, 7:11 PM","","Seated Overhead Press (Barbell)",,"",0,"normal",40,12,,,
"Push (w abs)","Jul 6, 2026, 5:34 PM","Jul 6, 2026, 7:11 PM","","Seated Overhead Press (Barbell)",,"",1,"normal",50,8,,,
"Push (w abs)","Jul 6, 2026, 5:34 PM","Jul 6, 2026, 7:11 PM","","Lateral Raise (Dumbbell)",,"",0,"warmup",15,15,,,
"Push (w abs)","Jul 6, 2026, 5:34 PM","Jul 6, 2026, 7:11 PM","","Lateral Raise (Dumbbell)",,"",1,"normal",25,15,,,
"Push (w abs)","Jul 6, 2026, 5:34 PM","Jul 6, 2026, 7:11 PM","","Lateral Raise (Dumbbell)",,"",2,"normal",25,12,,,
"Push (w abs)","Jul 6, 2026, 5:34 PM","Jul 6, 2026, 7:11 PM","","Lateral Raise (Dumbbell)",,"",3,"dropset",15,12,,,
"Push (w abs)","Jul 6, 2026, 5:34 PM","Jul 6, 2026, 7:11 PM","","Rear Delt Reverse Fly (Machine)",,"",0,"normal",45,15,,,
"Push (w abs)","Jul 6, 2026, 5:34 PM","Jul 6, 2026, 7:11 PM","","Rear Delt Reverse Fly (Machine)",,"",1,"normal",52.5,15,,,
"Push (w abs)","Jul 6, 2026, 5:34 PM","Jul 6, 2026, 7:11 PM","","Rear Delt Reverse Fly (Machine)",,"",2,"normal",52.5,15,,,
"Push (w abs)","Jul 6, 2026, 5:34 PM","Jul 6, 2026, 7:11 PM","","Triceps Pushdown",,"",0,"normal",45,18,,,
"Push (w abs)","Jul 6, 2026, 5:34 PM","Jul 6, 2026, 7:11 PM","","Triceps Pushdown",,"",1,"normal",50,16,,,
"Push (w abs)","Jul 6, 2026, 5:34 PM","Jul 6, 2026, 7:11 PM","","Triceps Pushdown",,"",2,"normal",55,15,,,
"Push (w abs)","Jul 6, 2026, 5:34 PM","Jul 6, 2026, 7:11 PM","","Triceps Pushdown",,"",3,"dropset",30,12,,,
"Push (w abs)","Jul 6, 2026, 5:34 PM","Jul 6, 2026, 7:11 PM","","Triceps Extension (Cable)",,"",0,"normal",20,24,,,
"Push (w abs)","Jul 6, 2026, 5:34 PM","Jul 6, 2026, 7:11 PM","","Dragon Flag",,"",0,"normal",,25,,,
"Push (w abs)","Jul 6, 2026, 5:34 PM","Jul 6, 2026, 7:11 PM","","Dragon Flag",,"",1,"normal",,12,,,
"Push (w abs)","Jul 6, 2026, 5:34 PM","Jul 6, 2026, 7:11 PM","","Russian Twist (Weighted)",,"",0,"normal",10,24,,,
"Push (w abs)","Jul 6, 2026, 5:34 PM","Jul 6, 2026, 7:11 PM","","Russian Twist (Weighted)",,"",1,"normal",10,24,,,
"Core & Legs","Jul 4, 2026, 5:29 PM","Jul 4, 2026, 7:06 PM","","Stretching",,"",0,"normal",,,,180,
"Core & Legs","Jul 4, 2026, 5:29 PM","Jul 4, 2026, 7:06 PM","","Hanging Leg Raise",,"",0,"normal",,15,,,
"Core & Legs","Jul 4, 2026, 5:29 PM","Jul 4, 2026, 7:06 PM","","Dragon Flag",,"",0,"normal",,25,,,
"Core & Legs","Jul 4, 2026, 5:29 PM","Jul 4, 2026, 7:06 PM","","Dragon Flag",,"",1,"normal",,25,,,
"Core & Legs","Jul 4, 2026, 5:29 PM","Jul 4, 2026, 7:06 PM","","Cable Twist (Up to down)",,"",0,"normal",30,30,,,
"Core & Legs","Jul 4, 2026, 5:29 PM","Jul 4, 2026, 7:06 PM","","Cable Twist (Up to down)",,"",1,"normal",30,30,,,
"Core & Legs","Jul 4, 2026, 5:29 PM","Jul 4, 2026, 7:06 PM","","Stretching",,"Legs",0,"normal",,,,321,
"Core & Legs","Jul 4, 2026, 5:29 PM","Jul 4, 2026, 7:06 PM","","Glute Bridge",,"Last 2 sets with 8 kg medic ball",0,"normal",,25,,,
"Core & Legs","Jul 4, 2026, 5:29 PM","Jul 4, 2026, 7:06 PM","","Glute Bridge",,"Last 2 sets with 8 kg medic ball",1,"normal",,25,,,
"Core & Legs","Jul 4, 2026, 5:29 PM","Jul 4, 2026, 7:06 PM","","Glute Bridge",,"Last 2 sets with 8 kg medic ball",2,"normal",,25,,,
"Core & Legs","Jul 4, 2026, 5:29 PM","Jul 4, 2026, 7:06 PM","","Hip Adduction (Machine)",0,"",0,"normal",60,15,,,
"Core & Legs","Jul 4, 2026, 5:29 PM","Jul 4, 2026, 7:06 PM","","Hip Adduction (Machine)",0,"",1,"normal",70,15,,,
"Core & Legs","Jul 4, 2026, 5:29 PM","Jul 4, 2026, 7:06 PM","","Hip Adduction (Machine)",0,"",2,"normal",80,15,,,
"Core & Legs","Jul 4, 2026, 5:29 PM","Jul 4, 2026, 7:06 PM","","Hip Abduction (Machine)",0,"",0,"normal",60,15,,,
"Core & Legs","Jul 4, 2026, 5:29 PM","Jul 4, 2026, 7:06 PM","","Hip Abduction (Machine)",0,"",1,"normal",70,18,,,
"Core & Legs","Jul 4, 2026, 5:29 PM","Jul 4, 2026, 7:06 PM","","Hip Abduction (Machine)",0,"",2,"normal",80,15,,,
"Core & Legs","Jul 4, 2026, 5:29 PM","Jul 4, 2026, 7:06 PM","","Standing Calf Raise (Smith)",,"",0,"normal",50,20,,,
"Core & Legs","Jul 4, 2026, 5:29 PM","Jul 4, 2026, 7:06 PM","","Standing Calf Raise (Smith)",,"",1,"normal",60,18,,,
"Core & Legs","Jul 4, 2026, 5:29 PM","Jul 4, 2026, 7:06 PM","","Standing Calf Raise (Smith)",,"",2,"normal",60,18,,,
"Core & Legs","Jul 4, 2026, 5:29 PM","Jul 4, 2026, 7:06 PM","","Decline Crunch (Weighted)",,"",0,"normal",10,25,,,
"Core & Legs","Jul 4, 2026, 5:29 PM","Jul 4, 2026, 7:06 PM","","Decline Crunch (Weighted)",,"",1,"normal",10,25,,,
"Core & Legs","Jul 4, 2026, 5:29 PM","Jul 4, 2026, 7:06 PM","","Russian Twist (Bodyweight)",,"Hanging -Windshield Wipers",0,"normal",,20,,,
"Core & Legs","Jul 4, 2026, 5:29 PM","Jul 4, 2026, 7:06 PM","","Russian Twist (Bodyweight)",,"Hanging -Windshield Wipers",1,"normal",,20,,,
"Core & Legs","Jul 4, 2026, 5:29 PM","Jul 4, 2026, 7:06 PM","","Russian Twist (Bodyweight)",,"Hanging -Windshield Wipers",2,"normal",,16,,,
"Chest & Back","Jul 3, 2026, 6:05 PM","Jul 3, 2026, 7:16 PM","","Stretching",,"",0,"normal",,,,245,
"Chest & Back","Jul 3, 2026, 6:05 PM","Jul 3, 2026, 7:16 PM","","Low Cable Fly Crossovers",,"",0,"normal",20,18,,,
"Chest & Back","Jul 3, 2026, 6:05 PM","Jul 3, 2026, 7:16 PM","","Low Cable Fly Crossovers",,"",1,"normal",30,15,,,
"Chest & Back","Jul 3, 2026, 6:05 PM","Jul 3, 2026, 7:16 PM","","Low Cable Fly Crossovers",,"",2,"normal",30,15,,,
"Chest & Back","Jul 3, 2026, 6:05 PM","Jul 3, 2026, 7:16 PM","","Bench Press (Barbell)",,"",0,"normal",50,15,,,
"Chest & Back","Jul 3, 2026, 6:05 PM","Jul 3, 2026, 7:16 PM","","Bench Press (Barbell)",,"",1,"normal",70,8,,,
"Chest & Back","Jul 3, 2026, 6:05 PM","Jul 3, 2026, 7:16 PM","","Bench Press (Barbell)",,"",2,"normal",75,4,,,
"Chest & Back","Jul 3, 2026, 6:05 PM","Jul 3, 2026, 7:16 PM","","Pull Up",,"",0,"normal",,15,,,
"Chest & Back","Jul 3, 2026, 6:05 PM","Jul 3, 2026, 7:16 PM","","Straight Arm Lat Pulldown (Cable)",,"",0,"normal",30,18,,,
"Chest & Back","Jul 3, 2026, 6:05 PM","Jul 3, 2026, 7:16 PM","","Straight Arm Lat Pulldown (Cable)",,"",1,"normal",35,15,,,
"Chest & Back","Jul 3, 2026, 6:05 PM","Jul 3, 2026, 7:16 PM","","Straight Arm Lat Pulldown (Cable)",,"",2,"normal",35,13,,,
"Chest & Back","Jul 3, 2026, 6:05 PM","Jul 3, 2026, 7:16 PM","","Chest Supported Incline Row (Dumbbell)",0,"",0,"normal",40,17,,,
"Chest & Back","Jul 3, 2026, 6:05 PM","Jul 3, 2026, 7:16 PM","","Chest Supported Incline Row (Dumbbell)",0,"",1,"normal",50,13,,,
"Chest & Back","Jul 3, 2026, 6:05 PM","Jul 3, 2026, 7:16 PM","","Chest Supported Incline Row (Dumbbell)",0,"",2,"normal",55,10,,,
"Chest & Back","Jul 3, 2026, 6:05 PM","Jul 3, 2026, 7:16 PM","","Kelso Shrugs",0,"Machine",0,"normal",40,8,,,
"Chest & Back","Jul 3, 2026, 6:05 PM","Jul 3, 2026, 7:16 PM","","Kelso Shrugs",0,"Machine",1,"normal",50,8,,,
"Chest & Back","Jul 3, 2026, 6:05 PM","Jul 3, 2026, 7:16 PM","","Incline Chest Fly (Dumbbell)",,"",0,"normal",20,18,,,
"Chest & Back","Jul 3, 2026, 6:05 PM","Jul 3, 2026, 7:16 PM","","Incline Chest Fly (Dumbbell)",,"",1,"normal",30,12,,,
"Chest & Back","Jul 3, 2026, 6:05 PM","Jul 3, 2026, 7:16 PM","","Incline Chest Fly (Dumbbell)",,"",2,"normal",30,12,,,
"Chest & Back","Jul 3, 2026, 6:05 PM","Jul 3, 2026, 7:16 PM","","Back Extension (Hyperextension)",,"",0,"normal",,20,,,
"Chest & Back","Jul 3, 2026, 6:05 PM","Jul 3, 2026, 7:16 PM","","Back Extension (Weighted Hyperextension)",,"",0,"normal",7.5,20,,,
"Arms","Jul 2, 2026, 5:55 PM","Jul 2, 2026, 7:18 PM","","Stretching",,"",0,"normal",,,,384,
"Arms","Jul 2, 2026, 5:55 PM","Jul 2, 2026, 7:18 PM","","Chin Up",,"",0,"normal",,12,,,
"Arms","Jul 2, 2026, 5:55 PM","Jul 2, 2026, 7:18 PM","","Diamond Push Up",,"",0,"normal",,20,,,
"Arms","Jul 2, 2026, 5:55 PM","Jul 2, 2026, 7:18 PM","","Seated Incline Curl (Dumbbell)",,"",0,"normal",20,15,,,
"Arms","Jul 2, 2026, 5:55 PM","Jul 2, 2026, 7:18 PM","","Seated Incline Curl (Dumbbell)",,"",1,"normal",25,12,,,
"Arms","Jul 2, 2026, 5:55 PM","Jul 2, 2026, 7:18 PM","","Seated Incline Curl (Dumbbell)",,"",2,"normal",25,12,,,
"Arms","Jul 2, 2026, 5:55 PM","Jul 2, 2026, 7:18 PM","","Seated Incline Curl (Dumbbell)",,"",3,"dropset",15,4,,,
"Arms","Jul 2, 2026, 5:55 PM","Jul 2, 2026, 7:18 PM","","Overhead Triceps Extension (Cable)",,"V bar",0,"normal",35,18,,,
"Arms","Jul 2, 2026, 5:55 PM","Jul 2, 2026, 7:18 PM","","Overhead Triceps Extension (Cable)",,"V bar",1,"normal",50,15,,,
"Arms","Jul 2, 2026, 5:55 PM","Jul 2, 2026, 7:18 PM","","Overhead Triceps Extension (Cable)",,"V bar",2,"normal",60,15,,,
"Arms","Jul 2, 2026, 5:55 PM","Jul 2, 2026, 7:18 PM","","Preacher Curl (Dumbbell)",,"",0,"normal",12.5,30,,,
"Arms","Jul 2, 2026, 5:55 PM","Jul 2, 2026, 7:18 PM","","Preacher Curl (Dumbbell)",,"",1,"normal",15,30,,,
"Arms","Jul 2, 2026, 5:55 PM","Jul 2, 2026, 7:18 PM","","Preacher Curl (Dumbbell)",,"",2,"normal",15,30,,,
"Arms","Jul 2, 2026, 5:55 PM","Jul 2, 2026, 7:18 PM","","Single Arm Triceps Pushdown (Cable)",,"",0,"normal",20,26,,,
"Arms","Jul 2, 2026, 5:55 PM","Jul 2, 2026, 7:18 PM","","Single Arm Triceps Pushdown (Cable)",,"",1,"normal",20,24,,,
"Arms","Jul 2, 2026, 5:55 PM","Jul 2, 2026, 7:18 PM","","Single Arm Triceps Pushdown (Cable)",,"",2,"normal",15,36,,,
"Arms","Jul 2, 2026, 5:55 PM","Jul 2, 2026, 7:18 PM","","Hammer Curl (Cable)",,"",0,"normal",40,15,,,
"Arms","Jul 2, 2026, 5:55 PM","Jul 2, 2026, 7:18 PM","","Hammer Curl (Cable)",,"",1,"normal",45,18,,,
"Arms","Jul 2, 2026, 5:55 PM","Jul 2, 2026, 7:18 PM","","Hammer Curl (Cable)",,"",2,"normal",35,18,,,
"Arms","Jul 2, 2026, 5:55 PM","Jul 2, 2026, 7:18 PM","","Reverse Curl (Cable)",,"",0,"normal",35,18,,,
"Arms","Jul 2, 2026, 5:55 PM","Jul 2, 2026, 7:18 PM","","Reverse Curl (Cable)",,"",1,"normal",35,18,,,
"Arms","Jul 2, 2026, 5:55 PM","Jul 2, 2026, 7:18 PM","","Reverse Curl (Cable)",,"",2,"normal",35,18,,,
"Legs","Jul 1, 2026, 5:40 PM","Jul 1, 2026, 7:17 PM","W (100 kgs leg ex)
- gr8 start to july 😋","Stretching",,"",0,"normal",,,,447,
"Legs","Jul 1, 2026, 5:40 PM","Jul 1, 2026, 7:17 PM","W (100 kgs leg ex)
- gr8 start to july 😋","Bulgarian Split Squat (Dumbbell)",,"",0,"normal",20,12,,,
"Legs","Jul 1, 2026, 5:40 PM","Jul 1, 2026, 7:17 PM","W (100 kgs leg ex)
- gr8 start to july 😋","Bulgarian Split Squat (Dumbbell)",,"",1,"normal",25,12,,,
"Legs","Jul 1, 2026, 5:40 PM","Jul 1, 2026, 7:17 PM","W (100 kgs leg ex)
- gr8 start to july 😋","Bulgarian Split Squat (Dumbbell)",,"",2,"normal",25,12,,,
"Legs","Jul 1, 2026, 5:40 PM","Jul 1, 2026, 7:17 PM","W (100 kgs leg ex)
- gr8 start to july 😋","Seated Leg Curl (Machine)",,"",0,"warmup",55,18,,,
"Legs","Jul 1, 2026, 5:40 PM","Jul 1, 2026, 7:17 PM","W (100 kgs leg ex)
- gr8 start to july 😋","Seated Leg Curl (Machine)",,"",1,"normal",70,13,,,
"Legs","Jul 1, 2026, 5:40 PM","Jul 1, 2026, 7:17 PM","W (100 kgs leg ex)
- gr8 start to july 😋","Seated Leg Curl (Machine)",,"",2,"normal",70,13,,,
"Legs","Jul 1, 2026, 5:40 PM","Jul 1, 2026, 7:17 PM","W (100 kgs leg ex)
- gr8 start to july 😋","Leg Extension (Machine)",,"",0,"warmup",55,15,,,
"Legs","Jul 1, 2026, 5:40 PM","Jul 1, 2026, 7:17 PM","W (100 kgs leg ex)
- gr8 start to july 😋","Leg Extension (Machine)",,"",1,"warmup",60,8,,,
"Legs","Jul 1, 2026, 5:40 PM","Jul 1, 2026, 7:17 PM","W (100 kgs leg ex)
- gr8 start to july 😋","Leg Extension (Machine)",,"",2,"normal",80,18,,,
"Legs","Jul 1, 2026, 5:40 PM","Jul 1, 2026, 7:17 PM","W (100 kgs leg ex)
- gr8 start to july 😋","Leg Extension (Machine)",,"",3,"normal",100,12,,,
"Legs","Jul 1, 2026, 5:40 PM","Jul 1, 2026, 7:17 PM","W (100 kgs leg ex)
- gr8 start to july 😋","Hip Adduction (Machine)",0,"",0,"normal",70,18,,,
"Legs","Jul 1, 2026, 5:40 PM","Jul 1, 2026, 7:17 PM","W (100 kgs leg ex)
- gr8 start to july 😋","Hip Adduction (Machine)",0,"",1,"normal",80,15,,,
"Legs","Jul 1, 2026, 5:40 PM","Jul 1, 2026, 7:17 PM","W (100 kgs leg ex)
- gr8 start to july 😋","Hip Abduction (Machine)",0,"",0,"normal",60,18,,,
"Legs","Jul 1, 2026, 5:40 PM","Jul 1, 2026, 7:17 PM","W (100 kgs leg ex)
- gr8 start to july 😋","Hip Abduction (Machine)",0,"",1,"normal",70,18,,,
"Legs","Jul 1, 2026, 5:40 PM","Jul 1, 2026, 7:17 PM","W (100 kgs leg ex)
- gr8 start to july 😋","Leg Press (Machine)",,"",0,"normal",130,18,,,
"Legs","Jul 1, 2026, 5:40 PM","Jul 1, 2026, 7:17 PM","W (100 kgs leg ex)
- gr8 start to july 😋","Leg Press (Machine)",,"",1,"normal",170,15,,,
"Legs","Jul 1, 2026, 5:40 PM","Jul 1, 2026, 7:17 PM","W (100 kgs leg ex)
- gr8 start to july 😋","Leg Press (Machine)",,"",2,"normal",180,15,,,
"Legs","Jul 1, 2026, 5:40 PM","Jul 1, 2026, 7:17 PM","W (100 kgs leg ex)
- gr8 start to july 😋","Standing Calf Raise (Smith)",,"",0,"normal",40,20,,,
"Legs","Jul 1, 2026, 5:40 PM","Jul 1, 2026, 7:17 PM","W (100 kgs leg ex)
- gr8 start to july 😋","Standing Calf Raise (Smith)",,"",1,"normal",60,18,,,
"Legs","Jul 1, 2026, 5:40 PM","Jul 1, 2026, 7:17 PM","W (100 kgs leg ex)
- gr8 start to july 😋","Standing Calf Raise (Smith)",,"",2,"normal",60,18,,,
"Pull","Jun 30, 2026, 5:56 PM","Jun 30, 2026, 7:21 PM","","Stretching",,"",0,"normal",,,,217,
"Pull","Jun 30, 2026, 5:56 PM","Jun 30, 2026, 7:21 PM","","Pull Up",,"",0,"normal",,20,,,
"Pull","Jun 30, 2026, 5:56 PM","Jun 30, 2026, 7:21 PM","","Pull Up (Weighted)",,"",0,"normal",10,11,,,
"Pull","Jun 30, 2026, 5:56 PM","Jun 30, 2026, 7:21 PM","","Pull Up (Weighted)",,"",1,"normal",10,6,,,
"Pull","Jun 30, 2026, 5:56 PM","Jun 30, 2026, 7:21 PM","","Landmine Row",,"",0,"normal",30,12,,,
"Pull","Jun 30, 2026, 5:56 PM","Jun 30, 2026, 7:21 PM","","Landmine Row",,"",1,"normal",45,12,,,
"Pull","Jun 30, 2026, 5:56 PM","Jun 30, 2026, 7:21 PM","","Landmine Row",,"",2,"normal",60,12,,,
"Pull","Jun 30, 2026, 5:56 PM","Jun 30, 2026, 7:21 PM","","Lat Pulldown - Close Grip (Cable)",,"",0,"normal",65,12,,,
"Pull","Jun 30, 2026, 5:56 PM","Jun 30, 2026, 7:21 PM","","Lat Pulldown - Close Grip (Cable)",,"",1,"normal",65,12,,,
"Pull","Jun 30, 2026, 5:56 PM","Jun 30, 2026, 7:21 PM","","Single Arm Lat Pulldown",,"",0,"normal",35,30,,,
"Pull","Jun 30, 2026, 5:56 PM","Jun 30, 2026, 7:21 PM","","Single Arm Lat Pulldown",,"",1,"normal",35,24,,,
"Pull","Jun 30, 2026, 5:56 PM","Jun 30, 2026, 7:21 PM","","Straight Arm Lat Pulldown (Cable)",,"",0,"normal",35,12,,,
"Pull","Jun 30, 2026, 5:56 PM","Jun 30, 2026, 7:21 PM","","Straight Arm Lat Pulldown (Cable)",,"",1,"normal",35,15,,,
"Pull","Jun 30, 2026, 5:56 PM","Jun 30, 2026, 7:21 PM","","Cross Body Hammer Curl",,"",0,"normal",30,15,,,
"Pull","Jun 30, 2026, 5:56 PM","Jun 30, 2026, 7:21 PM","","Cross Body Hammer Curl",,"",1,"normal",30,15,,,
"Pull","Jun 30, 2026, 5:56 PM","Jun 30, 2026, 7:21 PM","","Cross Body Hammer Curl",,"",2,"normal",30,12,,,
"Pull","Jun 30, 2026, 5:56 PM","Jun 30, 2026, 7:21 PM","","Bicep Curl (Cable)",,"",0,"normal",35,18,,,
"Pull","Jun 30, 2026, 5:56 PM","Jun 30, 2026, 7:21 PM","","Bicep Curl (Cable)",,"",1,"normal",40,15,,,
"Pull","Jun 30, 2026, 5:56 PM","Jun 30, 2026, 7:21 PM","","Bicep Curl (Cable)",,"",2,"normal",40,15,,,
"Pull","Jun 30, 2026, 5:56 PM","Jun 30, 2026, 7:21 PM","","Seated Wrist Extension (Barbell)",0,"",0,"normal",15,15,,,
"Pull","Jun 30, 2026, 5:56 PM","Jun 30, 2026, 7:21 PM","","Seated Wrist Extension (Barbell)",0,"",1,"normal",15,15,,,
"Pull","Jun 30, 2026, 5:56 PM","Jun 30, 2026, 7:21 PM","","Seated Palms Up Wrist Curl",0,"",0,"normal",25,20,,,
"Pull","Jun 30, 2026, 5:56 PM","Jun 30, 2026, 7:21 PM","","Seated Palms Up Wrist Curl",0,"",1,"normal",25,20,,,
"Pull","Jun 30, 2026, 5:56 PM","Jun 30, 2026, 7:21 PM","","Reverse Curl (Barbell)",,"",0,"normal",20,12,,,
"Pull","Jun 30, 2026, 5:56 PM","Jun 30, 2026, 7:21 PM","","Reverse Curl (Barbell)",,"",1,"normal",20,12,,,
"Push w Shouldies & Abs","Jun 29, 2026, 5:27 PM","Jun 29, 2026, 7:12 PM","W (nice volume)","Stretching",,"",0,"normal",,,,265,
"Push w Shouldies & Abs","Jun 29, 2026, 5:27 PM","Jun 29, 2026, 7:12 PM","W (nice volume)","Lateral Raise (Dumbbell)",,"Cbum var. (warmup)",0,"warmup",10,15,,,
"Push w Shouldies & Abs","Jun 29, 2026, 5:27 PM","Jun 29, 2026, 7:12 PM","W (nice volume)","Chest Fly (Machine)",,"",0,"warmup",52.5,18,,,
"Push w Shouldies & Abs","Jun 29, 2026, 5:27 PM","Jun 29, 2026, 7:12 PM","W (nice volume)","Chest Fly (Machine)",,"",1,"normal",82.5,15,,,
"Push w Shouldies & Abs","Jun 29, 2026, 5:27 PM","Jun 29, 2026, 7:12 PM","W (nice volume)","Chest Fly (Machine)",,"",2,"normal",82.5,15,,,
"Push w Shouldies & Abs","Jun 29, 2026, 5:27 PM","Jun 29, 2026, 7:12 PM","W (nice volume)","Incline Bench Press (Dumbbell)",,"",0,"normal",45,15,,,
"Push w Shouldies & Abs","Jun 29, 2026, 5:27 PM","Jun 29, 2026, 7:12 PM","W (nice volume)","Incline Bench Press (Dumbbell)",,"",1,"normal",50,15,,,
"Push w Shouldies & Abs","Jun 29, 2026, 5:27 PM","Jun 29, 2026, 7:12 PM","W (nice volume)","Incline Bench Press (Dumbbell)",,"",2,"normal",60,8,,,
"Push w Shouldies & Abs","Jun 29, 2026, 5:27 PM","Jun 29, 2026, 7:12 PM","W (nice volume)","Cable Fly Crossovers",,"📉",0,"normal",50,18,,,
"Push w Shouldies & Abs","Jun 29, 2026, 5:27 PM","Jun 29, 2026, 7:12 PM","W (nice volume)","Cable Fly Crossovers",,"📉",1,"normal",60,5,,,
"Push w Shouldies & Abs","Jun 29, 2026, 5:27 PM","Jun 29, 2026, 7:12 PM","W (nice volume)","Cable Fly Crossovers",,"📉",2,"dropset",50,6,,,
"Push w Shouldies & Abs","Jun 29, 2026, 5:27 PM","Jun 29, 2026, 7:12 PM","W (nice volume)","Seated Overhead Press (Barbell)",,"",0,"normal",35,12,,,
"Push w Shouldies & Abs","Jun 29, 2026, 5:27 PM","Jun 29, 2026, 7:12 PM","W (nice volume)","Seated Overhead Press (Barbell)",,"",1,"normal",45,10,,,
"Push w Shouldies & Abs","Jun 29, 2026, 5:27 PM","Jun 29, 2026, 7:12 PM","W (nice volume)","Seated Overhead Press (Barbell)",,"",2,"normal",45,8,,,
"Push w Shouldies & Abs","Jun 29, 2026, 5:27 PM","Jun 29, 2026, 7:12 PM","W (nice volume)","Triceps Rope Pushdown",,"",0,"normal",30,15,,,
"Push w Shouldies & Abs","Jun 29, 2026, 5:27 PM","Jun 29, 2026, 7:12 PM","W (nice volume)","Triceps Rope Pushdown",,"",1,"normal",35,15,,,
"Push w Shouldies & Abs","Jun 29, 2026, 5:27 PM","Jun 29, 2026, 7:12 PM","W (nice volume)","Triceps Rope Pushdown",,"",2,"normal",35,15,,,
"Push w Shouldies & Abs","Jun 29, 2026, 5:27 PM","Jun 29, 2026, 7:12 PM","W (nice volume)","Triceps Extension (Cable)",,"",0,"normal",15,30,,,
"Push w Shouldies & Abs","Jun 29, 2026, 5:27 PM","Jun 29, 2026, 7:12 PM","W (nice volume)","Triceps Extension (Cable)",,"",1,"normal",20,22,,,
"Push w Shouldies & Abs","Jun 29, 2026, 5:27 PM","Jun 29, 2026, 7:12 PM","W (nice volume)","Triceps Extension (Cable)",,"",2,"normal",15,30,,,
"Push w Shouldies & Abs","Jun 29, 2026, 5:27 PM","Jun 29, 2026, 7:12 PM","W (nice volume)","Lateral Raise (Dumbbell)",,"",0,"normal",20,12,,,
"Push w Shouldies & Abs","Jun 29, 2026, 5:27 PM","Jun 29, 2026, 7:12 PM","W (nice volume)","Lateral Raise (Dumbbell)",,"",1,"normal",25,12,,,
"Push w Shouldies & Abs","Jun 29, 2026, 5:27 PM","Jun 29, 2026, 7:12 PM","W (nice volume)","Lateral Raise (Dumbbell)",,"",2,"normal",25,11,,,
"Push w Shouldies & Abs","Jun 29, 2026, 5:27 PM","Jun 29, 2026, 7:12 PM","W (nice volume)","Rear Delt Reverse Fly (Machine)",,"",0,"normal",45,15,,,
"Push w Shouldies & Abs","Jun 29, 2026, 5:27 PM","Jun 29, 2026, 7:12 PM","W (nice volume)","Rear Delt Reverse Fly (Machine)",,"",1,"normal",52.5,15,,,
"Push w Shouldies & Abs","Jun 29, 2026, 5:27 PM","Jun 29, 2026, 7:12 PM","W (nice volume)","Rear Delt Reverse Fly (Machine)",,"",2,"normal",52.5,15,,,
"Push w Shouldies & Abs","Jun 29, 2026, 5:27 PM","Jun 29, 2026, 7:12 PM","W (nice volume)","Decline Crunch (Weighted)",,"",0,"normal",10,20,,,
"Push w Shouldies & Abs","Jun 29, 2026, 5:27 PM","Jun 29, 2026, 7:12 PM","W (nice volume)","Decline Crunch (Weighted)",,"",1,"normal",10,20,,,
"Push w Shouldies & Abs","Jun 29, 2026, 5:27 PM","Jun 29, 2026, 7:12 PM","W (nice volume)","Dragon Flag",,"",0,"normal",,18,,,
"Lawl","Jun 27, 2026, 5:27 PM","Jun 27, 2026, 6:11 PM","","Dead Hang",,"",0,"normal",,,,40,
"Lawl","Jun 27, 2026, 5:27 PM","Jun 27, 2026, 6:11 PM","","Dead Hang",,"",1,"normal",,,,36,
"Lawl","Jun 27, 2026, 5:27 PM","Jun 27, 2026, 6:11 PM","","Dead Hang",,"",2,"normal",,,,36,
"Lawl","Jun 27, 2026, 5:27 PM","Jun 27, 2026, 6:11 PM","","Russian Twist (Bodyweight)",,"Hanging",0,"normal",,20,,,
"Lawl","Jun 27, 2026, 5:27 PM","Jun 27, 2026, 6:11 PM","","Russian Twist (Bodyweight)",,"Hanging",1,"normal",,24,,,
"Lawl","Jun 27, 2026, 5:27 PM","Jun 27, 2026, 6:11 PM","","Russian Twist (Bodyweight)",,"Hanging",2,"normal",,20,,,
"Lawl","Jun 27, 2026, 5:27 PM","Jun 27, 2026, 6:11 PM","","Dragon Flag",,"",0,"normal",,20,,,
"Lawl","Jun 27, 2026, 5:27 PM","Jun 27, 2026, 6:11 PM","","Dragon Flag",,"",1,"normal",,25,,,
"Lawl","Jun 27, 2026, 5:27 PM","Jun 27, 2026, 6:11 PM","","Dragon Flag",,"",2,"normal",,20,,,
"Lawl","Jun 27, 2026, 5:27 PM","Jun 27, 2026, 6:11 PM","","Cable Crunch",,"",0,"normal",50,20,,,
"Lawl","Jun 27, 2026, 5:27 PM","Jun 27, 2026, 6:11 PM","","Cable Crunch",,"",1,"normal",50,15,,,
"Chest & Back","Jun 26, 2026, 5:30 PM","Jun 26, 2026, 6:42 PM","","Stretching",,"",0,"normal",,,,330,
"Chest & Back","Jun 26, 2026, 5:30 PM","Jun 26, 2026, 6:42 PM","","Pull Up",,"",0,"normal",,20,,,
"Chest & Back","Jun 26, 2026, 5:30 PM","Jun 26, 2026, 6:42 PM","","Pull Up (Weighted)",,"",0,"normal",10,8,,,
"Chest & Back","Jun 26, 2026, 5:30 PM","Jun 26, 2026, 6:42 PM","","Pull Up (Weighted)",,"",1,"normal",10,7,,,
"Chest & Back","Jun 26, 2026, 5:30 PM","Jun 26, 2026, 6:42 PM","","Chest Fly (Machine)",,"",0,"normal",75,12,,,
"Chest & Back","Jun 26, 2026, 5:30 PM","Jun 26, 2026, 6:42 PM","","Chest Fly (Machine)",,"",1,"normal",75,12,,,
"Chest & Back","Jun 26, 2026, 5:30 PM","Jun 26, 2026, 6:42 PM","","Chest Fly (Machine)",,"",2,"normal",67.5,15,,,
"Chest & Back","Jun 26, 2026, 5:30 PM","Jun 26, 2026, 6:42 PM","","Incline Bench Press (Dumbbell)",,"",0,"normal",45,15,,,
"Chest & Back","Jun 26, 2026, 5:30 PM","Jun 26, 2026, 6:42 PM","","Incline Bench Press (Dumbbell)",,"",1,"normal",50,13,,,
"Chest & Back","Jun 26, 2026, 5:30 PM","Jun 26, 2026, 6:42 PM","","Incline Bench Press (Dumbbell)",,"",2,"normal",50,12,,,
"Chest & Back","Jun 26, 2026, 5:30 PM","Jun 26, 2026, 6:42 PM","","Iso-Lateral Row (Machine)",,"",0,"normal",45,15,,,
"Chest & Back","Jun 26, 2026, 5:30 PM","Jun 26, 2026, 6:42 PM","","Iso-Lateral Row (Machine)",,"",1,"normal",55,12,,,
"Chest & Back","Jun 26, 2026, 5:30 PM","Jun 26, 2026, 6:42 PM","","Iso-Lateral Row (Machine)",,"",2,"normal",60,10,,,
"Chest & Back","Jun 26, 2026, 5:30 PM","Jun 26, 2026, 6:42 PM","","Cable Fly Crossovers",,"",0,"normal",50,15,,,
"Chest & Back","Jun 26, 2026, 5:30 PM","Jun 26, 2026, 6:42 PM","","Cable Fly Crossovers",,"",1,"normal",50,15,,,
"Chest & Back","Jun 26, 2026, 5:30 PM","Jun 26, 2026, 6:42 PM","","Back Extension (Hyperextension)",,"",0,"normal",,20,,,
"Chest & Back","Jun 26, 2026, 5:30 PM","Jun 26, 2026, 6:42 PM","","Back Extension (Hyperextension)",,"",1,"normal",,20,,,
"Chest & Back","Jun 26, 2026, 5:30 PM","Jun 26, 2026, 6:42 PM","","Back Extension (Hyperextension)",,"",2,"normal",,25,,,
"Arms & Shouldiess","Jun 25, 2026, 5:28 PM","Jun 25, 2026, 7:33 PM","","Stretching",,"",0,"normal",,,,480,
"Arms & Shouldiess","Jun 25, 2026, 5:28 PM","Jun 25, 2026, 7:33 PM","","Chin Up",,"",0,"normal",,15,,,
"Arms & Shouldiess","Jun 25, 2026, 5:28 PM","Jun 25, 2026, 7:33 PM","","Seated Incline Curl (Dumbbell)",,"📉",0,"normal",20,15,,,
"Arms & Shouldiess","Jun 25, 2026, 5:28 PM","Jun 25, 2026, 7:33 PM","","Seated Incline Curl (Dumbbell)",,"📉",1,"normal",25,6,,,
"Arms & Shouldiess","Jun 25, 2026, 5:28 PM","Jun 25, 2026, 7:33 PM","","Seated Incline Curl (Dumbbell)",,"📉",2,"dropset",10,8,,,
"Arms & Shouldiess","Jun 25, 2026, 5:28 PM","Jun 25, 2026, 7:33 PM","","Seated Incline Curl (Dumbbell)",,"📉",3,"normal",25,6,,,
"Arms & Shouldiess","Jun 25, 2026, 5:28 PM","Jun 25, 2026, 7:33 PM","","Seated Incline Curl (Dumbbell)",,"📉",4,"dropset",15,6,,,
"Arms & Shouldiess","Jun 25, 2026, 5:28 PM","Jun 25, 2026, 7:33 PM","","Triceps Pushdown",,"V bar",0,"normal",40,15,,,
"Arms & Shouldiess","Jun 25, 2026, 5:28 PM","Jun 25, 2026, 7:33 PM","","Triceps Pushdown",,"V bar",1,"normal",45,15,,,
"Arms & Shouldiess","Jun 25, 2026, 5:28 PM","Jun 25, 2026, 7:33 PM","","Triceps Pushdown",,"V bar",2,"normal",50,15,,,
"Arms & Shouldiess","Jun 25, 2026, 5:28 PM","Jun 25, 2026, 7:33 PM","","Preacher Curl (Barbell)",,"",0,"normal",20,18,,,
"Arms & Shouldiess","Jun 25, 2026, 5:28 PM","Jun 25, 2026, 7:33 PM","","Preacher Curl (Barbell)",,"",1,"normal",25,15,,,
"Arms & Shouldiess","Jun 25, 2026, 5:28 PM","Jun 25, 2026, 7:33 PM","","Preacher Curl (Barbell)",,"",2,"normal",25,14,,,
"Arms & Shouldiess","Jun 25, 2026, 5:28 PM","Jun 25, 2026, 7:33 PM","","Overhead Triceps Extension (Cable)",,"Rope",0,"normal",25,20,,,
"Arms & Shouldiess","Jun 25, 2026, 5:28 PM","Jun 25, 2026, 7:33 PM","","Overhead Triceps Extension (Cable)",,"Rope",1,"normal",40,15,,,
"Arms & Shouldiess","Jun 25, 2026, 5:28 PM","Jun 25, 2026, 7:33 PM","","Overhead Triceps Extension (Cable)",,"Rope",2,"normal",35,18,,,
"Arms & Shouldiess","Jun 25, 2026, 5:28 PM","Jun 25, 2026, 7:33 PM","","Cross Body Hammer Curl",,"",0,"normal",30,15,,,
"Arms & Shouldiess","Jun 25, 2026, 5:28 PM","Jun 25, 2026, 7:33 PM","","Cross Body Hammer Curl",,"",1,"normal",30,15,,,
"Arms & Shouldiess","Jun 25, 2026, 5:28 PM","Jun 25, 2026, 7:33 PM","","Cross Body Hammer Curl",,"",2,"normal",30,15,,,
"Arms & Shouldiess","Jun 25, 2026, 5:28 PM","Jun 25, 2026, 7:33 PM","","Single Arm Lateral Raise (Cable)",,"",0,"warmup",10,16,,,
"Arms & Shouldiess","Jun 25, 2026, 5:28 PM","Jun 25, 2026, 7:33 PM","","Single Arm Lateral Raise (Cable)",,"",1,"warmup",15,12,,,
"Arms & Shouldiess","Jun 25, 2026, 5:28 PM","Jun 25, 2026, 7:33 PM","","Single Arm Lateral Raise (Cable)",,"",2,"normal",20,24,,,
"Arms & Shouldiess","Jun 25, 2026, 5:28 PM","Jun 25, 2026, 7:33 PM","","Single Arm Lateral Raise (Cable)",,"",3,"normal",20,24,,,
"Arms & Shouldiess","Jun 25, 2026, 5:28 PM","Jun 25, 2026, 7:33 PM","","Seated Wrist Extension (Barbell)",0,"Dumbell",0,"normal",15,15,,,
"Arms & Shouldiess","Jun 25, 2026, 5:28 PM","Jun 25, 2026, 7:33 PM","","Seated Wrist Extension (Barbell)",0,"Dumbell",1,"normal",15,18,,,
"Arms & Shouldiess","Jun 25, 2026, 5:28 PM","Jun 25, 2026, 7:33 PM","","Seated Palms Up Wrist Curl",0,"Dumbell",0,"normal",25,18,,,
"Arms & Shouldiess","Jun 25, 2026, 5:28 PM","Jun 25, 2026, 7:33 PM","","Seated Palms Up Wrist Curl",0,"Dumbell",1,"normal",30,18,,,
"Arms & Shouldiess","Jun 25, 2026, 5:28 PM","Jun 25, 2026, 7:33 PM","","Seated Overhead Press (Barbell)",,"",0,"warmup",20,15,,,
"Arms & Shouldiess","Jun 25, 2026, 5:28 PM","Jun 25, 2026, 7:33 PM","","Seated Overhead Press (Barbell)",,"",1,"normal",40,12,,,
"Arms & Shouldiess","Jun 25, 2026, 5:28 PM","Jun 25, 2026, 7:33 PM","","Seated Overhead Press (Barbell)",,"",2,"normal",45,10,,,
"Arms & Shouldiess","Jun 25, 2026, 5:28 PM","Jun 25, 2026, 7:33 PM","","Face Pull",,"",0,"normal",35,15,,,
"Arms & Shouldiess","Jun 25, 2026, 5:28 PM","Jun 25, 2026, 7:33 PM","","Face Pull",,"",1,"normal",45,18,,,
"Arms & Shouldiess","Jun 25, 2026, 5:28 PM","Jun 25, 2026, 7:33 PM","","Face Pull",,"",2,"normal",55,15,,,
"Legs & Core","Jun 24, 2026, 5:34 PM","Jun 24, 2026, 7:05 PM","solo quick wk","Stretching",,"",0,"normal",,,,230,
"Legs & Core","Jun 24, 2026, 5:34 PM","Jun 24, 2026, 7:05 PM","solo quick wk","Lunge (Barbell)",,"Walking",0,"normal",20,24,,,
"Legs & Core","Jun 24, 2026, 5:34 PM","Jun 24, 2026, 7:05 PM","solo quick wk","Lunge (Barbell)",,"Walking",1,"normal",25,24,,,
"Legs & Core","Jun 24, 2026, 5:34 PM","Jun 24, 2026, 7:05 PM","solo quick wk","Leg Extension (Machine)",,"",0,"warmup",60,18,,,
"Legs & Core","Jun 24, 2026, 5:34 PM","Jun 24, 2026, 7:05 PM","solo quick wk","Leg Extension (Machine)",,"",1,"normal",75,18,,,
"Legs & Core","Jun 24, 2026, 5:34 PM","Jun 24, 2026, 7:05 PM","solo quick wk","Leg Extension (Machine)",,"",2,"normal",80,18,,,
"Legs & Core","Jun 24, 2026, 5:34 PM","Jun 24, 2026, 7:05 PM","solo quick wk","Seated Leg Curl (Machine)",,"",0,"normal",60,15,,,
"Legs & Core","Jun 24, 2026, 5:34 PM","Jun 24, 2026, 7:05 PM","solo quick wk","Seated Leg Curl (Machine)",,"",1,"normal",70,12,,,
"Legs & Core","Jun 24, 2026, 5:34 PM","Jun 24, 2026, 7:05 PM","solo quick wk","Seated Leg Curl (Machine)",,"",2,"normal",70,12,,,
"Legs & Core","Jun 24, 2026, 5:34 PM","Jun 24, 2026, 7:05 PM","solo quick wk","Hip Adduction (Machine)",0,"",0,"normal",70,15,,,
"Legs & Core","Jun 24, 2026, 5:34 PM","Jun 24, 2026, 7:05 PM","solo quick wk","Hip Adduction (Machine)",0,"",1,"normal",70,15,,,
"Legs & Core","Jun 24, 2026, 5:34 PM","Jun 24, 2026, 7:05 PM","solo quick wk","Hip Abduction (Machine)",0,"",0,"normal",60,15,,,
"Legs & Core","Jun 24, 2026, 5:34 PM","Jun 24, 2026, 7:05 PM","solo quick wk","Hip Abduction (Machine)",0,"",1,"normal",60,15,,,
"Legs & Core","Jun 24, 2026, 5:34 PM","Jun 24, 2026, 7:05 PM","solo quick wk","Leg Press (Machine)",,"",0,"normal",110,20,,,
"Legs & Core","Jun 24, 2026, 5:34 PM","Jun 24, 2026, 7:05 PM","solo quick wk","Leg Press (Machine)",,"",1,"normal",140,15,,,
"Legs & Core","Jun 24, 2026, 5:34 PM","Jun 24, 2026, 7:05 PM","solo quick wk","Leg Press (Machine)",,"",2,"normal",180,15,,,
"Legs & Core","Jun 24, 2026, 5:34 PM","Jun 24, 2026, 7:05 PM","solo quick wk","Standing Calf Raise (Smith)",,"",0,"normal",40,20,,,
"Legs & Core","Jun 24, 2026, 5:34 PM","Jun 24, 2026, 7:05 PM","solo quick wk","Standing Calf Raise (Smith)",,"",1,"normal",55,18,,,
"Legs & Core","Jun 24, 2026, 5:34 PM","Jun 24, 2026, 7:05 PM","solo quick wk","Standing Calf Raise (Smith)",,"",2,"normal",55,18,,,
"Legs & Core","Jun 24, 2026, 5:34 PM","Jun 24, 2026, 7:05 PM","solo quick wk","Russian Twist (Bodyweight)",,"Hanging",0,"normal",,20,,,
"Legs & Core","Jun 24, 2026, 5:34 PM","Jun 24, 2026, 7:05 PM","solo quick wk","Russian Twist (Bodyweight)",,"Hanging",1,"normal",,24,,,
"Legs & Core","Jun 24, 2026, 5:34 PM","Jun 24, 2026, 7:05 PM","solo quick wk","Dragon Flag",,"",0,"normal",,20,,,
"Legs & Core","Jun 24, 2026, 5:34 PM","Jun 24, 2026, 7:05 PM","solo quick wk","Dragon Flag",,"",1,"normal",,12,,,
"Pull (recovery)","Jun 23, 2026, 5:46 PM","Jun 23, 2026, 7:14 PM","","Stretching",,"",0,"normal",,,,163,
"Pull (recovery)","Jun 23, 2026, 5:46 PM","Jun 23, 2026, 7:14 PM","","Pull Up",,"",0,"normal",,15,,,
"Pull (recovery)","Jun 23, 2026, 5:46 PM","Jun 23, 2026, 7:14 PM","","Pull Up",,"",1,"normal",,11,,,
"Pull (recovery)","Jun 23, 2026, 5:46 PM","Jun 23, 2026, 7:14 PM","","Lat Pulldown (Cable)",,"Neutral grip",0,"normal",65,11,,,
"Pull (recovery)","Jun 23, 2026, 5:46 PM","Jun 23, 2026, 7:14 PM","","Seated Cable Row - Bar Wide Grip",,"",0,"normal",60,15,,,
"Pull (recovery)","Jun 23, 2026, 5:46 PM","Jun 23, 2026, 7:14 PM","","Seated Cable Row - Bar Wide Grip",,"",1,"normal",75,15,,,
"Pull (recovery)","Jun 23, 2026, 5:46 PM","Jun 23, 2026, 7:14 PM","","Seated Cable Row - Bar Wide Grip",,"",2,"normal",75,15,,,
"Pull (recovery)","Jun 23, 2026, 5:46 PM","Jun 23, 2026, 7:14 PM","","Single Arm Lat Pulldown",,"",0,"normal",35,30,,,
"Pull (recovery)","Jun 23, 2026, 5:46 PM","Jun 23, 2026, 7:14 PM","","Straight Arm Lat Pulldown (Cable)",,"",0,"normal",35,15,,,
"Pull (recovery)","Jun 23, 2026, 5:46 PM","Jun 23, 2026, 7:14 PM","","Straight Arm Lat Pulldown (Cable)",,"",1,"normal",35,15,,,
"Pull (recovery)","Jun 23, 2026, 5:46 PM","Jun 23, 2026, 7:14 PM","","Preacher Curl (Dumbbell)",,"",0,"normal",12.5,24,,,
"Pull (recovery)","Jun 23, 2026, 5:46 PM","Jun 23, 2026, 7:14 PM","","Preacher Curl (Dumbbell)",,"",1,"normal",15,22,,,
"Pull (recovery)","Jun 23, 2026, 5:46 PM","Jun 23, 2026, 7:14 PM","","Preacher Curl (Dumbbell)",,"",2,"normal",15,20,,,
"Pull (recovery)","Jun 23, 2026, 5:46 PM","Jun 23, 2026, 7:14 PM","","Hammer Curl (Cable)",,"",0,"normal",35,15,,,
"Pull (recovery)","Jun 23, 2026, 5:46 PM","Jun 23, 2026, 7:14 PM","","Hammer Curl (Cable)",,"",1,"normal",45,12,,,
"Pull (recovery)","Jun 23, 2026, 5:46 PM","Jun 23, 2026, 7:14 PM","","Rear Delt Reverse Fly (Machine)",,"",0,"normal",30,12,,,
"Pull (recovery)","Jun 23, 2026, 5:46 PM","Jun 23, 2026, 7:14 PM","","Rear Delt Reverse Fly (Machine)",,"",1,"normal",30,12,,,
"Pull (recovery)","Jun 23, 2026, 5:46 PM","Jun 23, 2026, 7:14 PM","","Seated Wrist Extension (Barbell)",0,"Machine",0,"normal",15,15,,,
"Pull (recovery)","Jun 23, 2026, 5:46 PM","Jun 23, 2026, 7:14 PM","","Seated Wrist Extension (Barbell)",0,"Machine",1,"normal",15,15,,,
"Pull (recovery)","Jun 23, 2026, 5:46 PM","Jun 23, 2026, 7:14 PM","","Seated Palms Up Wrist Curl",0,"Machine",0,"normal",20,15,,,
"Pull (recovery)","Jun 23, 2026, 5:46 PM","Jun 23, 2026, 7:14 PM","","Seated Palms Up Wrist Curl",0,"Machine",1,"normal",20,20,,,
"Push (recovery)","Jun 22, 2026, 5:22 PM","Jun 22, 2026, 6:44 PM","","Stretching",,"",0,"normal",,,,232,
"Push (recovery)","Jun 22, 2026, 5:22 PM","Jun 22, 2026, 6:44 PM","","Incline Bench Press (Smith Machine)",,"",0,"warmup",40,12,,,
"Push (recovery)","Jun 22, 2026, 5:22 PM","Jun 22, 2026, 6:44 PM","","Incline Bench Press (Smith Machine)",,"",1,"normal",55,11,,,
"Push (recovery)","Jun 22, 2026, 5:22 PM","Jun 22, 2026, 6:44 PM","","Incline Bench Press (Smith Machine)",,"",2,"normal",55,11,,,
"Push (recovery)","Jun 22, 2026, 5:22 PM","Jun 22, 2026, 6:44 PM","","Cable Fly Crossovers",,"",0,"normal",50,16,,,
"Push (recovery)","Jun 22, 2026, 5:22 PM","Jun 22, 2026, 6:44 PM","","Cable Fly Crossovers",,"",1,"normal",50,15,,,
"Push (recovery)","Jun 22, 2026, 5:22 PM","Jun 22, 2026, 6:44 PM","","Cable Fly Crossovers",,"",2,"normal",50,15,,,
"Push (recovery)","Jun 22, 2026, 5:22 PM","Jun 22, 2026, 6:44 PM","","Bench Press (Dumbbell)",,"- elbow pain",0,"normal",40,12,,,
"Push (recovery)","Jun 22, 2026, 5:22 PM","Jun 22, 2026, 6:44 PM","","Seated Lateral Raise (Dumbbell)",,"",0,"normal",15,15,,,
"Push (recovery)","Jun 22, 2026, 5:22 PM","Jun 22, 2026, 6:44 PM","","Seated Lateral Raise (Dumbbell)",,"",1,"normal",20,12,,,
"Push (recovery)","Jun 22, 2026, 5:22 PM","Jun 22, 2026, 6:44 PM","","Triceps Rope Pushdown",,"",0,"warmup",20,15,,,
"Push (recovery)","Jun 22, 2026, 5:22 PM","Jun 22, 2026, 6:44 PM","","Triceps Rope Pushdown",,"",1,"normal",30,12,,,
"Push (recovery)","Jun 22, 2026, 5:22 PM","Jun 22, 2026, 6:44 PM","","Single Arm Triceps Pushdown (Cable)",,"",0,"normal",15,24,,,
"Push (recovery)","Jun 22, 2026, 5:22 PM","Jun 22, 2026, 6:44 PM","","Single Arm Triceps Pushdown (Cable)",,"",1,"normal",15,30,,,
"Push (recovery)","Jun 22, 2026, 5:22 PM","Jun 22, 2026, 6:44 PM","","Single Arm Triceps Pushdown (Cable)",,"",2,"normal",15,30,,,
"Recovery","Jun 20, 2026, 5:17 PM","Jun 20, 2026, 6:43 PM","","Stretching",,"",0,"normal",,,,221,
"Recovery","Jun 20, 2026, 5:17 PM","Jun 20, 2026, 6:43 PM","","Pull Up",,"",0,"normal",,15,,,
"Recovery","Jun 20, 2026, 5:17 PM","Jun 20, 2026, 6:43 PM","","Pull Up",,"",1,"normal",,15,,,
"Recovery","Jun 20, 2026, 5:17 PM","Jun 20, 2026, 6:43 PM","","Pull Up",,"",2,"normal",,15,,,
"Recovery","Jun 20, 2026, 5:17 PM","Jun 20, 2026, 6:43 PM","","Pull Up",,"",3,"normal",,15,,,
"Recovery","Jun 20, 2026, 5:17 PM","Jun 20, 2026, 6:43 PM","","Glute Bridge",,"Last set with 5 kg medic ball",0,"normal",,25,,,
"Recovery","Jun 20, 2026, 5:17 PM","Jun 20, 2026, 6:43 PM","","Glute Bridge",,"Last set with 5 kg medic ball",1,"normal",,15,,,
"Recovery","Jun 20, 2026, 5:17 PM","Jun 20, 2026, 6:43 PM","","Glute Bridge",,"Last set with 5 kg medic ball",2,"normal",,15,,,
"Recovery","Jun 20, 2026, 5:17 PM","Jun 20, 2026, 6:43 PM","","Crunch",,"",0,"normal",,50,,,
"Recovery","Jun 20, 2026, 5:17 PM","Jun 20, 2026, 6:43 PM","","Crunch",,"",1,"normal",,35,,,
"Recovery","Jun 20, 2026, 5:17 PM","Jun 20, 2026, 6:43 PM","","Crunch",,"",2,"normal",,30,,,
"Recovery","Jun 20, 2026, 5:17 PM","Jun 20, 2026, 6:43 PM","","Heel Taps",,"",0,"normal",,30,,,
"Recovery","Jun 20, 2026, 5:17 PM","Jun 20, 2026, 6:43 PM","","Heel Taps",,"",1,"normal",,30,,,
"Recovery","Jun 20, 2026, 5:17 PM","Jun 20, 2026, 6:43 PM","","Heel Taps",,"",2,"normal",,30,,,
"Recovery","Jun 20, 2026, 5:17 PM","Jun 20, 2026, 6:43 PM","","Dragon Flag",,"",0,"normal",,20,,,
"Recovery","Jun 20, 2026, 5:17 PM","Jun 20, 2026, 6:43 PM","","Dragon Flag",,"",1,"normal",,25,,,
"Recovery","Jun 20, 2026, 5:17 PM","Jun 20, 2026, 6:43 PM","","Dragon Flag",,"",2,"normal",,25,,,
"Legs","Jun 19, 2026, 5:17 PM","Jun 19, 2026, 6:23 PM","No upper body (elbow pain)","Stretching",,"",0,"normal",,,,365,
"Legs","Jun 19, 2026, 5:17 PM","Jun 19, 2026, 6:23 PM","No upper body (elbow pain)","Spinning",,"",0,"normal",,,,160,
"Legs","Jun 19, 2026, 5:17 PM","Jun 19, 2026, 6:23 PM","No upper body (elbow pain)","Lunge (Barbell)",,"",0,"normal",20,20,,,
"Legs","Jun 19, 2026, 5:17 PM","Jun 19, 2026, 6:23 PM","No upper body (elbow pain)","Lunge (Barbell)",,"",1,"normal",25,28,,,
"Legs","Jun 19, 2026, 5:17 PM","Jun 19, 2026, 6:23 PM","No upper body (elbow pain)","Hip Adduction (Machine)",0,"",0,"normal",70,15,,,
"Legs","Jun 19, 2026, 5:17 PM","Jun 19, 2026, 6:23 PM","No upper body (elbow pain)","Hip Adduction (Machine)",0,"",1,"normal",70,15,,,
"Legs","Jun 19, 2026, 5:17 PM","Jun 19, 2026, 6:23 PM","No upper body (elbow pain)","Hip Adduction (Machine)",0,"",2,"normal",70,15,,,
"Legs","Jun 19, 2026, 5:17 PM","Jun 19, 2026, 6:23 PM","No upper body (elbow pain)","Hip Abduction (Machine)",0,"",0,"normal",60,15,,,
"Legs","Jun 19, 2026, 5:17 PM","Jun 19, 2026, 6:23 PM","No upper body (elbow pain)","Hip Abduction (Machine)",0,"",1,"normal",70,15,,,
"Legs","Jun 19, 2026, 5:17 PM","Jun 19, 2026, 6:23 PM","No upper body (elbow pain)","Hip Abduction (Machine)",0,"",2,"normal",70,15,,,
"Legs","Jun 19, 2026, 5:17 PM","Jun 19, 2026, 6:23 PM","No upper body (elbow pain)","Single Leg Extensions",,"",0,"normal",25,24,,,
"Legs","Jun 19, 2026, 5:17 PM","Jun 19, 2026, 6:23 PM","No upper body (elbow pain)","Single Leg Extensions",,"",1,"normal",30,30,,,
"Legs","Jun 19, 2026, 5:17 PM","Jun 19, 2026, 6:23 PM","No upper body (elbow pain)","Single Leg Extensions",,"",2,"normal",35,30,,,
"Legs","Jun 19, 2026, 5:17 PM","Jun 19, 2026, 6:23 PM","No upper body (elbow pain)","Seated Leg Curl (Machine)",,"",0,"normal",55,20,,,
"Legs","Jun 19, 2026, 5:17 PM","Jun 19, 2026, 6:23 PM","No upper body (elbow pain)","Seated Leg Curl (Machine)",,"",1,"normal",65,15,,,
"Arms","Jun 18, 2026, 5:16 PM","Jun 18, 2026, 7:17 PM","","Stretching",,"• Wallstand : 2 x 45 seconds
• Fingertip Holds",0,"normal",,,,300,
"Arms","Jun 18, 2026, 5:16 PM","Jun 18, 2026, 7:17 PM","","Pike Pushup",,"",0,"normal",,12,,,
"Arms","Jun 18, 2026, 5:16 PM","Jun 18, 2026, 7:17 PM","","Pike Pushup",,"",1,"normal",,25,,,
"Arms","Jun 18, 2026, 5:16 PM","Jun 18, 2026, 7:17 PM","","Push Up",,"Wrist pushups",0,"normal",,25,,,
"Arms","Jun 18, 2026, 5:16 PM","Jun 18, 2026, 7:17 PM","","Dead Hang",,"",0,"normal",,,,41,
"Arms","Jun 18, 2026, 5:16 PM","Jun 18, 2026, 7:17 PM","","Seated Incline Curl (Dumbbell)",,"",0,"normal",25,15,,,
"Arms","Jun 18, 2026, 5:16 PM","Jun 18, 2026, 7:17 PM","","Seated Incline Curl (Dumbbell)",,"",1,"normal",30,7,,,
"Arms","Jun 18, 2026, 5:16 PM","Jun 18, 2026, 7:17 PM","","Seated Incline Curl (Dumbbell)",,"",2,"dropset",20,4,,,
"Arms","Jun 18, 2026, 5:16 PM","Jun 18, 2026, 7:17 PM","","Seated Incline Curl (Dumbbell)",,"",3,"normal",30,5,,,
"Arms","Jun 18, 2026, 5:16 PM","Jun 18, 2026, 7:17 PM","","Seated Incline Curl (Dumbbell)",,"",4,"normal",15,6,,,
"Arms","Jun 18, 2026, 5:16 PM","Jun 18, 2026, 7:17 PM","","Overhead Triceps Extension (Cable)",,"Bar",0,"normal",40,15,,,
"Arms","Jun 18, 2026, 5:16 PM","Jun 18, 2026, 7:17 PM","","Overhead Triceps Extension (Cable)",,"Bar",1,"normal",45,15,,,
"Arms","Jun 18, 2026, 5:16 PM","Jun 18, 2026, 7:17 PM","","Overhead Triceps Extension (Cable)",,"Bar",2,"normal",45,15,,,
"Arms","Jun 18, 2026, 5:16 PM","Jun 18, 2026, 7:17 PM","","Single Arm Curl (Cable)",,"",0,"normal",25,30,,,
"Arms","Jun 18, 2026, 5:16 PM","Jun 18, 2026, 7:17 PM","","Single Arm Curl (Cable)",,"",1,"normal",25,30,,,
"Arms","Jun 18, 2026, 5:16 PM","Jun 18, 2026, 7:17 PM","","Single Arm Curl (Cable)",,"",2,"normal",30,18,,,
"Arms","Jun 18, 2026, 5:16 PM","Jun 18, 2026, 7:17 PM","","Triceps Rope Pushdown",,"",0,"normal",35,15,,,
"Arms","Jun 18, 2026, 5:16 PM","Jun 18, 2026, 7:17 PM","","Triceps Rope Pushdown",,"",1,"normal",35,15,,,
"Arms","Jun 18, 2026, 5:16 PM","Jun 18, 2026, 7:17 PM","","Triceps Rope Pushdown",,"",2,"normal",35,18,,,
"Arms","Jun 18, 2026, 5:16 PM","Jun 18, 2026, 7:17 PM","","Hammer Curl (Cable)",,"",0,"normal",45,15,,,
"Arms","Jun 18, 2026, 5:16 PM","Jun 18, 2026, 7:17 PM","","Hammer Curl (Cable)",,"",1,"normal",45,15,,,
"Arms","Jun 18, 2026, 5:16 PM","Jun 18, 2026, 7:17 PM","","Hammer Curl (Cable)",,"",2,"normal",45,15,,,
"Arms","Jun 18, 2026, 5:16 PM","Jun 18, 2026, 7:17 PM","","Single Arm Triceps Pushdown (Cable)",,"Cbum var.",0,"normal",15,30,,,
"Arms","Jun 18, 2026, 5:16 PM","Jun 18, 2026, 7:17 PM","","Single Arm Triceps Pushdown (Cable)",,"Cbum var.",1,"normal",15,30,,,
"Arms","Jun 18, 2026, 5:16 PM","Jun 18, 2026, 7:17 PM","","Single Arm Triceps Pushdown (Cable)",,"Cbum var.",2,"normal",20,20,,,
"Arms","Jun 18, 2026, 5:16 PM","Jun 18, 2026, 7:17 PM","","Push Up",,"",0,"normal",,25,,,
"Arms","Jun 18, 2026, 5:16 PM","Jun 18, 2026, 7:17 PM","","Push Up",,"",1,"normal",,50,,,
"Arms","Jun 18, 2026, 5:16 PM","Jun 18, 2026, 7:17 PM","","Diamond Push Up",,"",0,"normal",,25,,,
"Arms","Jun 18, 2026, 5:16 PM","Jun 18, 2026, 7:17 PM","","Plank",,"Elbow",0,"normal",,,,30,
"Arms","Jun 18, 2026, 5:16 PM","Jun 18, 2026, 7:17 PM","","Seated Wrist Extension (Barbell)",,"Barbell",0,"normal",15,25,,,
"Arms","Jun 18, 2026, 5:16 PM","Jun 18, 2026, 7:17 PM","","Seated Wrist Extension (Barbell)",,"Barbell",1,"normal",20,16,,,
"Arms","Jun 18, 2026, 5:16 PM","Jun 18, 2026, 7:17 PM","","Seated Wrist Extension (Barbell)",,"Barbell",2,"normal",15,15,,,
"Arms","Jun 18, 2026, 5:16 PM","Jun 18, 2026, 7:17 PM","","Seated Palms Up Wrist Curl",,"Barbell",0,"normal",20,25,,,
"Arms","Jun 18, 2026, 5:16 PM","Jun 18, 2026, 7:17 PM","","Seated Palms Up Wrist Curl",,"Barbell",1,"normal",20,35,,,
"Arms","Jun 18, 2026, 5:16 PM","Jun 18, 2026, 7:17 PM","","Seated Palms Up Wrist Curl",,"Barbell",2,"normal",25,25,,,
"Legs","Jun 17, 2026, 5:23 PM","Jun 17, 2026, 7:13 PM","","Stretching",,"",0,"normal",,,,410,
"Legs","Jun 17, 2026, 5:23 PM","Jun 17, 2026, 7:13 PM","","Lunge (Barbell)",,"Walking",0,"normal",15,24,,,
"Legs","Jun 17, 2026, 5:23 PM","Jun 17, 2026, 7:13 PM","","Lunge (Barbell)",,"Walking",1,"normal",25,24,,,
"Legs","Jun 17, 2026, 5:23 PM","Jun 17, 2026, 7:13 PM","","Lunge (Barbell)",,"Walking",2,"normal",25,24,,,
"Legs","Jun 17, 2026, 5:23 PM","Jun 17, 2026, 7:13 PM","","Lunge (Barbell)",,"Walking",3,"normal",25,24,,,
"Legs","Jun 17, 2026, 5:23 PM","Jun 17, 2026, 7:13 PM","","Leg Extension (Machine)",,"",0,"warmup",55,18,,,
"Legs","Jun 17, 2026, 5:23 PM","Jun 17, 2026, 7:13 PM","","Leg Extension (Machine)",,"",1,"normal",80,18,,,
"Legs","Jun 17, 2026, 5:23 PM","Jun 17, 2026, 7:13 PM","","Leg Extension (Machine)",,"",2,"normal",80,18,,,
"Legs","Jun 17, 2026, 5:23 PM","Jun 17, 2026, 7:13 PM","","Seated Leg Curl (Machine)",,"",0,"normal",60,15,,,
"Legs","Jun 17, 2026, 5:23 PM","Jun 17, 2026, 7:13 PM","","Seated Leg Curl (Machine)",,"",1,"normal",70,15,,,
"Legs","Jun 17, 2026, 5:23 PM","Jun 17, 2026, 7:13 PM","","Seated Leg Curl (Machine)",,"",2,"normal",75,12,,,
"Legs","Jun 17, 2026, 5:23 PM","Jun 17, 2026, 7:13 PM","","Hip Adduction (Machine)",0,"",0,"normal",70,15,,,
"Legs","Jun 17, 2026, 5:23 PM","Jun 17, 2026, 7:13 PM","","Hip Adduction (Machine)",0,"",1,"normal",70,15,,,
"Legs","Jun 17, 2026, 5:23 PM","Jun 17, 2026, 7:13 PM","","Hip Abduction (Machine)",0,"",0,"normal",60,15,,,
"Legs","Jun 17, 2026, 5:23 PM","Jun 17, 2026, 7:13 PM","","Hip Abduction (Machine)",0,"",1,"normal",60,15,,,
"Legs","Jun 17, 2026, 5:23 PM","Jun 17, 2026, 7:13 PM","","Leg Press (Machine)",,"",0,"normal",130,15,,,
"Legs","Jun 17, 2026, 5:23 PM","Jun 17, 2026, 7:13 PM","","Leg Press (Machine)",,"",1,"normal",140,15,,,
"Legs","Jun 17, 2026, 5:23 PM","Jun 17, 2026, 7:13 PM","","Leg Press (Machine)",,"",2,"normal",180,15,,,
"Legs","Jun 17, 2026, 5:23 PM","Jun 17, 2026, 7:13 PM","","Leg Press (Machine)",,"",3,"normal",200,15,,,
"Legs","Jun 17, 2026, 5:23 PM","Jun 17, 2026, 7:13 PM","","Standing Calf Raise (Smith)",,"",0,"normal",55,18,,,
"Legs","Jun 17, 2026, 5:23 PM","Jun 17, 2026, 7:13 PM","","Standing Calf Raise (Smith)",,"",1,"normal",60,18,,,
"Legs","Jun 17, 2026, 5:23 PM","Jun 17, 2026, 7:13 PM","","Standing Calf Raise (Smith)",,"",2,"normal",60,18,,,
"Pull","Jun 16, 2026, 5:28 PM","Jun 16, 2026, 7:09 PM","","Stretching",,"",0,"normal",,,,390,
"Pull","Jun 16, 2026, 5:28 PM","Jun 16, 2026, 7:09 PM","","Pull Up",,"",0,"normal",,20,,,
"Pull","Jun 16, 2026, 5:28 PM","Jun 16, 2026, 7:09 PM","","Pull Up (Weighted)",,"",0,"normal",10,7,,,
"Pull","Jun 16, 2026, 5:28 PM","Jun 16, 2026, 7:09 PM","","Pull Up (Weighted)",,"",1,"normal",10,8,,,
"Pull","Jun 16, 2026, 5:28 PM","Jun 16, 2026, 7:09 PM","","Straight Arm Lat Pulldown (Cable)",,"",0,"normal",30,15,,,
"Pull","Jun 16, 2026, 5:28 PM","Jun 16, 2026, 7:09 PM","","Straight Arm Lat Pulldown (Cable)",,"",1,"normal",40,12,,,
"Pull","Jun 16, 2026, 5:28 PM","Jun 16, 2026, 7:09 PM","","Straight Arm Lat Pulldown (Cable)",,"",2,"normal",40,14,,,
"Pull","Jun 16, 2026, 5:28 PM","Jun 16, 2026, 7:09 PM","","Chest Supported Incline Row (Dumbbell)",,"Machine",0,"normal",35,15,,,
"Pull","Jun 16, 2026, 5:28 PM","Jun 16, 2026, 7:09 PM","","Chest Supported Incline Row (Dumbbell)",,"Machine",1,"normal",45,15,,,
"Pull","Jun 16, 2026, 5:28 PM","Jun 16, 2026, 7:09 PM","","Chest Supported Incline Row (Dumbbell)",,"Machine",2,"normal",50,12,,,
"Pull","Jun 16, 2026, 5:28 PM","Jun 16, 2026, 7:09 PM","","Lat Pulldown - Close Grip (Cable)",,"",0,"normal",65,12,,,
"Pull","Jun 16, 2026, 5:28 PM","Jun 16, 2026, 7:09 PM","","Lat Pulldown - Close Grip (Cable)",,"",1,"normal",65,10,,,
"Pull","Jun 16, 2026, 5:28 PM","Jun 16, 2026, 7:09 PM","","Rear Delt Reverse Fly (Machine)",,"",0,"normal",30,15,,,
"Pull","Jun 16, 2026, 5:28 PM","Jun 16, 2026, 7:09 PM","","Rear Delt Reverse Fly (Machine)",,"",1,"normal",35,15,,,
"Pull","Jun 16, 2026, 5:28 PM","Jun 16, 2026, 7:09 PM","","Rear Delt Reverse Fly (Machine)",,"",2,"normal",40,15,,,
"Pull","Jun 16, 2026, 5:28 PM","Jun 16, 2026, 7:09 PM","","Behind the Back Curl (Cable)",,"",0,"normal",40,15,,,
"Pull","Jun 16, 2026, 5:28 PM","Jun 16, 2026, 7:09 PM","","Behind the Back Curl (Cable)",,"",1,"normal",50,15,,,
"Pull","Jun 16, 2026, 5:28 PM","Jun 16, 2026, 7:09 PM","","Behind the Back Curl (Cable)",,"",2,"normal",50,15,,,
"Pull","Jun 16, 2026, 5:28 PM","Jun 16, 2026, 7:09 PM","","Cross Body Hammer Curl",,"",0,"normal",25,12,,,
"Pull","Jun 16, 2026, 5:28 PM","Jun 16, 2026, 7:09 PM","","Cross Body Hammer Curl",,"",1,"normal",35,12,,,
"Pull","Jun 16, 2026, 5:28 PM","Jun 16, 2026, 7:09 PM","","Cross Body Hammer Curl",,"",2,"normal",40,10,,,
"Push","Jun 15, 2026, 5:42 PM","Jun 15, 2026, 7:06 PM","","Stretching",,"",0,"normal",,,,372,
"Push","Jun 15, 2026, 5:42 PM","Jun 15, 2026, 7:06 PM","","Chest Fly (Machine)",,"",0,"normal",60,18,,,
"Push","Jun 15, 2026, 5:42 PM","Jun 15, 2026, 7:06 PM","","Chest Fly (Machine)",,"",1,"normal",82.5,12,,,
"Push","Jun 15, 2026, 5:42 PM","Jun 15, 2026, 7:06 PM","","Chest Fly (Machine)",,"",2,"normal",75,15,,,
"Push","Jun 15, 2026, 5:42 PM","Jun 15, 2026, 7:06 PM","","Chest Fly (Machine)",,"",3,"normal",90,10,,,
"Push","Jun 15, 2026, 5:42 PM","Jun 15, 2026, 7:06 PM","","Incline Bench Press (Dumbbell)",,"",0,"normal",45,15,,,
"Push","Jun 15, 2026, 5:42 PM","Jun 15, 2026, 7:06 PM","","Incline Bench Press (Dumbbell)",,"",1,"normal",50,15,,,
"Push","Jun 15, 2026, 5:42 PM","Jun 15, 2026, 7:06 PM","","Incline Bench Press (Dumbbell)",,"",2,"normal",60,10,,,
"Push","Jun 15, 2026, 5:42 PM","Jun 15, 2026, 7:06 PM","","Cable Fly Crossovers",,"",0,"normal",50,18,,,
"Push","Jun 15, 2026, 5:42 PM","Jun 15, 2026, 7:06 PM","","Cable Fly Crossovers",,"",1,"normal",60,15,,,
"Push","Jun 15, 2026, 5:42 PM","Jun 15, 2026, 7:06 PM","","Cable Fly Crossovers",,"",2,"normal",60,15,,,
"Push","Jun 15, 2026, 5:42 PM","Jun 15, 2026, 7:06 PM","","Lateral Raise (Dumbbell)",,"",0,"normal",20,15,,,
"Push","Jun 15, 2026, 5:42 PM","Jun 15, 2026, 7:06 PM","","Lateral Raise (Dumbbell)",,"",1,"normal",25,12,,,
"Push","Jun 15, 2026, 5:42 PM","Jun 15, 2026, 7:06 PM","","Lateral Raise (Dumbbell)",,"",2,"normal",25,12,,,
"Push","Jun 15, 2026, 5:42 PM","Jun 15, 2026, 7:06 PM","","Triceps Pushdown",,"",0,"normal",45,15,,,
"Push","Jun 15, 2026, 5:42 PM","Jun 15, 2026, 7:06 PM","","Triceps Pushdown",,"",1,"normal",50,15,,,
"Push","Jun 15, 2026, 5:42 PM","Jun 15, 2026, 7:06 PM","","Triceps Pushdown",,"",2,"normal",55,15,,,
"Push","Jun 15, 2026, 5:42 PM","Jun 15, 2026, 7:06 PM","","Triceps Extension (Cable)",,"",0,"normal",20,30,,,
"Push","Jun 15, 2026, 5:42 PM","Jun 15, 2026, 7:06 PM","","Triceps Extension (Cable)",,"",1,"normal",20,28,,,
"Push","Jun 15, 2026, 5:42 PM","Jun 15, 2026, 7:06 PM","","Triceps Extension (Cable)",,"",2,"normal",20,30,,,
"Push","Jun 15, 2026, 5:42 PM","Jun 15, 2026, 7:06 PM","","Plank",,"",0,"normal",,,,101,
"Push","Jun 15, 2026, 5:42 PM","Jun 15, 2026, 7:06 PM","","Plank",,"",1,"normal",,,,91,
"Legs & Abs (with DL)","Jun 13, 2026, 5:40 PM","Jun 13, 2026, 7:38 PM","","Stretching",,"",0,"normal",,,,600,
"Legs & Abs (with DL)","Jun 13, 2026, 5:40 PM","Jun 13, 2026, 7:38 PM","","Jumping Jack",,"",0,"normal",,50,,,
"Legs & Abs (with DL)","Jun 13, 2026, 5:40 PM","Jun 13, 2026, 7:38 PM","","Deadlift (Barbell)",,"130 failed",0,"warmup",60,9,,,
"Legs & Abs (with DL)","Jun 13, 2026, 5:40 PM","Jun 13, 2026, 7:38 PM","","Deadlift (Barbell)",,"130 failed",1,"normal",110,2,,,
"Legs & Abs (with DL)","Jun 13, 2026, 5:40 PM","Jun 13, 2026, 7:38 PM","","Deadlift (Barbell)",,"130 failed",2,"normal",120,1,,,
"Legs & Abs (with DL)","Jun 13, 2026, 5:40 PM","Jun 13, 2026, 7:38 PM","","Leg Extension (Machine)",,"",0,"warmup",50,15,,,
"Legs & Abs (with DL)","Jun 13, 2026, 5:40 PM","Jun 13, 2026, 7:38 PM","","Leg Extension (Machine)",,"",1,"normal",60,15,,,
"Legs & Abs (with DL)","Jun 13, 2026, 5:40 PM","Jun 13, 2026, 7:38 PM","","Leg Extension (Machine)",,"",2,"normal",80,20,,,
"Legs & Abs (with DL)","Jun 13, 2026, 5:40 PM","Jun 13, 2026, 7:38 PM","","Leg Extension (Machine)",,"",3,"dropset",60,15,,,
"Legs & Abs (with DL)","Jun 13, 2026, 5:40 PM","Jun 13, 2026, 7:38 PM","","Seated Leg Curl (Machine)",,"",0,"warmup",50,12,,,
"Legs & Abs (with DL)","Jun 13, 2026, 5:40 PM","Jun 13, 2026, 7:38 PM","","Seated Leg Curl (Machine)",,"",1,"normal",70,12,,,
"Legs & Abs (with DL)","Jun 13, 2026, 5:40 PM","Jun 13, 2026, 7:38 PM","","Seated Leg Curl (Machine)",,"",2,"normal",70,10,,,
"Legs & Abs (with DL)","Jun 13, 2026, 5:40 PM","Jun 13, 2026, 7:38 PM","","Hip Adduction (Machine)",,"",0,"normal",70,12,,,
"Legs & Abs (with DL)","Jun 13, 2026, 5:40 PM","Jun 13, 2026, 7:38 PM","","Hip Adduction (Machine)",,"",1,"normal",80,15,,,
"Legs & Abs (with DL)","Jun 13, 2026, 5:40 PM","Jun 13, 2026, 7:38 PM","","Dragon Flag",,"",0,"normal",,20,,,
"Legs & Abs (with DL)","Jun 13, 2026, 5:40 PM","Jun 13, 2026, 7:38 PM","","Dragon Flag",,"",1,"normal",,20,,,
"Legs & Abs (with DL)","Jun 13, 2026, 5:40 PM","Jun 13, 2026, 7:38 PM","","Dragon Flag",,"",2,"normal",,20,,,
"Legs & Abs (with DL)","Jun 13, 2026, 5:40 PM","Jun 13, 2026, 7:38 PM","","Cable Crunch",,"",0,"normal",50,20,,,
"Legs & Abs (with DL)","Jun 13, 2026, 5:40 PM","Jun 13, 2026, 7:38 PM","","Cable Crunch",,"",1,"normal",55,20,,,
"Legs & Abs (with DL)","Jun 13, 2026, 5:40 PM","Jun 13, 2026, 7:38 PM","","Cable Crunch",,"",2,"normal",50,20,,,
"Legs & Abs (with DL)","Jun 13, 2026, 5:40 PM","Jun 13, 2026, 7:38 PM","","Russian Twist (Bodyweight)",,"Hanging",0,"normal",,20,,,
"Legs & Abs (with DL)","Jun 13, 2026, 5:40 PM","Jun 13, 2026, 7:38 PM","","Russian Twist (Bodyweight)",,"Hanging",1,"normal",,24,,,
"Legs & Abs (with DL)","Jun 13, 2026, 5:40 PM","Jun 13, 2026, 7:38 PM","","Cable Twist (Up to down)",,"",0,"normal",25,30,,,
"Chest & Back","Jun 12, 2026, 6:16 PM","Jun 12, 2026, 7:29 PM","","Stretching",,"",0,"normal",,,,298,
"Chest & Back","Jun 12, 2026, 6:16 PM","Jun 12, 2026, 7:29 PM","","Pull Up",,"",0,"normal",,20,,,
"Chest & Back","Jun 12, 2026, 6:16 PM","Jun 12, 2026, 7:29 PM","","Pull Up (Weighted)",,"",0,"normal",10,10,,,
"Chest & Back","Jun 12, 2026, 6:16 PM","Jun 12, 2026, 7:29 PM","","Chest Fly (Machine)",,"",0,"normal",60,15,,,
"Chest & Back","Jun 12, 2026, 6:16 PM","Jun 12, 2026, 7:29 PM","","Chest Fly (Machine)",,"",1,"normal",82.5,15,,,
"Chest & Back","Jun 12, 2026, 6:16 PM","Jun 12, 2026, 7:29 PM","","Chest Fly (Machine)",,"",2,"normal",82.5,15,,,
"Chest & Back","Jun 12, 2026, 6:16 PM","Jun 12, 2026, 7:29 PM","","Incline Bench Press (Dumbbell)",,"",0,"warmup",40,15,,,
"Chest & Back","Jun 12, 2026, 6:16 PM","Jun 12, 2026, 7:29 PM","","Incline Bench Press (Dumbbell)",,"",1,"normal",50,15,,,
"Chest & Back","Jun 12, 2026, 6:16 PM","Jun 12, 2026, 7:29 PM","","Incline Bench Press (Dumbbell)",,"",2,"normal",60,12,,,
"Chest & Back","Jun 12, 2026, 6:16 PM","Jun 12, 2026, 7:29 PM","","Chest Supported Incline Row (Dumbbell)",,"Dumbell - Upper Back",0,"normal",25,15,,,
"Chest & Back","Jun 12, 2026, 6:16 PM","Jun 12, 2026, 7:29 PM","","Chest Supported Incline Row (Dumbbell)",,"Dumbell - Upper Back",1,"normal",30,12,,,
"Chest & Back","Jun 12, 2026, 6:16 PM","Jun 12, 2026, 7:29 PM","","Chest Supported Incline Row (Dumbbell)",,"Dumbell - Upper Back",2,"normal",30,15,,,
"Chest & Back","Jun 12, 2026, 6:16 PM","Jun 12, 2026, 7:29 PM","","Single Arm Lat Pulldown",,"Cable",0,"warmup",30,30,,,
"Chest & Back","Jun 12, 2026, 6:16 PM","Jun 12, 2026, 7:29 PM","","Single Arm Lat Pulldown",,"Cable",1,"normal",45,24,,,
"Chest & Back","Jun 12, 2026, 6:16 PM","Jun 12, 2026, 7:29 PM","","Reverse Grip Lat Pulldown (Cable)",,"",0,"normal",65,12,,,
"Chest & Back","Jun 12, 2026, 6:16 PM","Jun 12, 2026, 7:29 PM","","Reverse Grip Lat Pulldown (Cable)",,"",1,"normal",65,10,,,
"Chest & Back","Jun 12, 2026, 6:16 PM","Jun 12, 2026, 7:29 PM","","Straight Arm Lat Pulldown (Cable)",,"",0,"normal",35,12,,,
"Chest & Back","Jun 12, 2026, 6:16 PM","Jun 12, 2026, 7:29 PM","","Push Up",,"",0,"normal",,50,,,
"Arms","Jun 11, 2026, 5:53 PM","Jun 11, 2026, 7:30 PM","","Stretching",,"",0,"normal",,,,205,
"Arms","Jun 11, 2026, 5:53 PM","Jun 11, 2026, 7:30 PM","","Chin Up",,"",0,"normal",,13,,,
"Arms","Jun 11, 2026, 5:53 PM","Jun 11, 2026, 7:30 PM","","Diamond Push Up",,"",0,"normal",,30,,,
"Arms","Jun 11, 2026, 5:53 PM","Jun 11, 2026, 7:30 PM","","Seated Incline Curl (Dumbbell)",,"",0,"normal",20,15,,,
"Arms","Jun 11, 2026, 5:53 PM","Jun 11, 2026, 7:30 PM","","Seated Incline Curl (Dumbbell)",,"",1,"normal",25,12,,,
"Arms","Jun 11, 2026, 5:53 PM","Jun 11, 2026, 7:30 PM","","Seated Incline Curl (Dumbbell)",,"",2,"normal",25,12,,,
"Arms","Jun 11, 2026, 5:53 PM","Jun 11, 2026, 7:30 PM","","Triceps Pushdown",,"V bar",0,"normal",45,15,,,
"Arms","Jun 11, 2026, 5:53 PM","Jun 11, 2026, 7:30 PM","","Triceps Pushdown",,"V bar",1,"normal",50,15,,,
"Arms","Jun 11, 2026, 5:53 PM","Jun 11, 2026, 7:30 PM","","Triceps Pushdown",,"V bar",2,"normal",55,16,,,
"Arms","Jun 11, 2026, 5:53 PM","Jun 11, 2026, 7:30 PM","","Bicep Curl (Cable)",,"",0,"normal",40,15,,,
"Arms","Jun 11, 2026, 5:53 PM","Jun 11, 2026, 7:30 PM","","Bicep Curl (Cable)",,"",1,"normal",50,12,,,
"Arms","Jun 11, 2026, 5:53 PM","Jun 11, 2026, 7:30 PM","","Bicep Curl (Cable)",,"",2,"normal",50,12,,,
"Arms","Jun 11, 2026, 5:53 PM","Jun 11, 2026, 7:30 PM","","Overhead Triceps Extension (Cable)",,"Rope",0,"warmup",30,15,,,
"Arms","Jun 11, 2026, 5:53 PM","Jun 11, 2026, 7:30 PM","","Overhead Triceps Extension (Cable)",,"Rope",1,"normal",40,15,,,
"Arms","Jun 11, 2026, 5:53 PM","Jun 11, 2026, 7:30 PM","","Overhead Triceps Extension (Cable)",,"Rope",2,"normal",45,15,,,
"Arms","Jun 11, 2026, 5:53 PM","Jun 11, 2026, 7:30 PM","","Cross Body Hammer Curl",,"",0,"normal",25,12,,,
"Arms","Jun 11, 2026, 5:53 PM","Jun 11, 2026, 7:30 PM","","Cross Body Hammer Curl",,"",1,"normal",35,10,,,
"Arms","Jun 11, 2026, 5:53 PM","Jun 11, 2026, 7:30 PM","","Cross Body Hammer Curl",,"",2,"normal",35,12,,,
"Arms","Jun 11, 2026, 5:53 PM","Jun 11, 2026, 7:30 PM","","Seated Wrist Extension (Barbell)",,"",0,"normal",15,15,,,
"Arms","Jun 11, 2026, 5:53 PM","Jun 11, 2026, 7:30 PM","","Seated Wrist Extension (Barbell)",,"",1,"normal",15,25,,,
"Arms","Jun 11, 2026, 5:53 PM","Jun 11, 2026, 7:30 PM","","Seated Wrist Extension (Barbell)",,"",2,"normal",15,25,,,
"Arms","Jun 11, 2026, 5:53 PM","Jun 11, 2026, 7:30 PM","","Seated Palms Up Wrist Curl",,"Machine",0,"normal",25,25,,,
"Arms","Jun 11, 2026, 5:53 PM","Jun 11, 2026, 7:30 PM","","Seated Palms Up Wrist Curl",,"Machine",1,"normal",25,20,,,
"Arms","Jun 11, 2026, 5:53 PM","Jun 11, 2026, 7:30 PM","","Seated Palms Up Wrist Curl",,"Machine",2,"normal",30,15,,,
"Legs","Jun 10, 2026, 5:37 PM","Jun 10, 2026, 7:18 PM","","Stretching",,"",0,"normal",,,,288,
"Legs","Jun 10, 2026, 5:37 PM","Jun 10, 2026, 7:18 PM","","Lunge (Barbell)",,"Walking",0,"normal",20,24,,,
"Legs","Jun 10, 2026, 5:37 PM","Jun 10, 2026, 7:18 PM","","Lunge (Barbell)",,"Walking",1,"normal",25,24,,,
"Legs","Jun 10, 2026, 5:37 PM","Jun 10, 2026, 7:18 PM","","Leg Extension (Machine)",,"",0,"normal",45,15,,,
"Legs","Jun 10, 2026, 5:37 PM","Jun 10, 2026, 7:18 PM","","Leg Extension (Machine)",,"",1,"normal",60,15,,,
"Legs","Jun 10, 2026, 5:37 PM","Jun 10, 2026, 7:18 PM","","Leg Extension (Machine)",,"",2,"normal",60,15,,,
"Legs","Jun 10, 2026, 5:37 PM","Jun 10, 2026, 7:18 PM","","Seated Leg Curl (Machine)",,"",0,"normal",55,12,,,
"Legs","Jun 10, 2026, 5:37 PM","Jun 10, 2026, 7:18 PM","","Seated Leg Curl (Machine)",,"",1,"normal",60,12,,,
"Legs","Jun 10, 2026, 5:37 PM","Jun 10, 2026, 7:18 PM","","Seated Leg Curl (Machine)",,"",2,"normal",60,12,,,
"Legs","Jun 10, 2026, 5:37 PM","Jun 10, 2026, 7:18 PM","","Seated Leg Curl (Machine)",,"",3,"normal",70,11,,,
"Legs","Jun 10, 2026, 5:37 PM","Jun 10, 2026, 7:18 PM","","Hip Adduction (Machine)",0,"",0,"normal",70,15,,,
"Legs","Jun 10, 2026, 5:37 PM","Jun 10, 2026, 7:18 PM","","Hip Adduction (Machine)",0,"",1,"normal",80,12,,,
"Legs","Jun 10, 2026, 5:37 PM","Jun 10, 2026, 7:18 PM","","Hip Abduction (Machine)",0,"",0,"normal",60,15,,,
"Legs","Jun 10, 2026, 5:37 PM","Jun 10, 2026, 7:18 PM","","Hip Abduction (Machine)",0,"",1,"normal",60,15,,,
"Legs","Jun 10, 2026, 5:37 PM","Jun 10, 2026, 7:18 PM","","Leg Press (Machine)",,"",0,"normal",100,15,,,
"Legs","Jun 10, 2026, 5:37 PM","Jun 10, 2026, 7:18 PM","","Leg Press (Machine)",,"",1,"normal",130,15,,,
"Legs","Jun 10, 2026, 5:37 PM","Jun 10, 2026, 7:18 PM","","Leg Press (Machine)",,"",2,"normal",150,15,,,
"Legs","Jun 10, 2026, 5:37 PM","Jun 10, 2026, 7:18 PM","","Standing Calf Raise (Smith)",,"",0,"warmup",35,20,,,
"Legs","Jun 10, 2026, 5:37 PM","Jun 10, 2026, 7:18 PM","","Standing Calf Raise (Smith)",,"",1,"normal",55,18,,,
"Legs","Jun 10, 2026, 5:37 PM","Jun 10, 2026, 7:18 PM","","Standing Calf Raise (Smith)",,"",2,"normal",55,20,,,
"Pull","Jun 9, 2026, 8:02 PM","Jun 9, 2026, 8:53 PM","quickest yet 😋","Stretching",,"",0,"normal",,,,188,
"Pull","Jun 9, 2026, 8:02 PM","Jun 9, 2026, 8:53 PM","quickest yet 😋","Pull Up",,"",0,"normal",,20,,,
"Pull","Jun 9, 2026, 8:02 PM","Jun 9, 2026, 8:53 PM","quickest yet 😋","Pull Up",,"",1,"normal",,18,,,
"Pull","Jun 9, 2026, 8:02 PM","Jun 9, 2026, 8:53 PM","quickest yet 😋","Chest Supported Incline Row (Dumbbell)",,"Machine",0,"normal",40,12,,,
"Pull","Jun 9, 2026, 8:02 PM","Jun 9, 2026, 8:53 PM","quickest yet 😋","Chest Supported Incline Row (Dumbbell)",,"Machine",1,"normal",50,12,,,
"Pull","Jun 9, 2026, 8:02 PM","Jun 9, 2026, 8:53 PM","quickest yet 😋","Chest Supported Incline Row (Dumbbell)",,"Machine",2,"normal",50,10,,,
"Pull","Jun 9, 2026, 8:02 PM","Jun 9, 2026, 8:53 PM","quickest yet 😋","Straight Arm Lat Pulldown (Cable)",,"Standing",0,"normal",30,18,,,
"Pull","Jun 9, 2026, 8:02 PM","Jun 9, 2026, 8:53 PM","quickest yet 😋","Straight Arm Lat Pulldown (Cable)",,"Standing",1,"normal",35,12,,,
"Pull","Jun 9, 2026, 8:02 PM","Jun 9, 2026, 8:53 PM","quickest yet 😋","Straight Arm Lat Pulldown (Cable)",,"Standing",2,"normal",35,12,,,
"Pull","Jun 9, 2026, 8:02 PM","Jun 9, 2026, 8:53 PM","quickest yet 😋","Rear Delt Reverse Fly (Machine)",,"",0,"normal",45,15,,,
"Pull","Jun 9, 2026, 8:02 PM","Jun 9, 2026, 8:53 PM","quickest yet 😋","Rear Delt Reverse Fly (Machine)",,"",1,"normal",52.5,12,,,
"Pull","Jun 9, 2026, 8:02 PM","Jun 9, 2026, 8:53 PM","quickest yet 😋","Rear Delt Reverse Fly (Machine)",,"",2,"normal",52.5,12,,,
"Pull","Jun 9, 2026, 8:02 PM","Jun 9, 2026, 8:53 PM","quickest yet 😋","Iso-Lateral Row (Machine)",,"",0,"warmup",40,12,,,
"Pull","Jun 9, 2026, 8:02 PM","Jun 9, 2026, 8:53 PM","quickest yet 😋","Iso-Lateral Row (Machine)",,"",1,"normal",60,12,,,
"Pull","Jun 9, 2026, 8:02 PM","Jun 9, 2026, 8:53 PM","quickest yet 😋","Iso-Lateral Row (Machine)",,"",2,"normal",60,12,,,
"Pull","Jun 9, 2026, 8:02 PM","Jun 9, 2026, 8:53 PM","quickest yet 😋","Behind the Back Curl (Cable)",,"",0,"normal",40,12,,,
"Pull","Jun 9, 2026, 8:02 PM","Jun 9, 2026, 8:53 PM","quickest yet 😋","Behind the Back Curl (Cable)",,"",1,"normal",40,12,,,
"Pull","Jun 9, 2026, 8:02 PM","Jun 9, 2026, 8:53 PM","quickest yet 😋","Hammer Curl (Cable)",,"",0,"normal",35,15,,,
"Pull","Jun 9, 2026, 8:02 PM","Jun 9, 2026, 8:53 PM","quickest yet 😋","Hammer Curl (Cable)",,"",1,"normal",40,15,,,
"Pull","Jun 9, 2026, 8:02 PM","Jun 9, 2026, 8:53 PM","quickest yet 😋","Bicep Curl (Dumbbell)",,"",0,"normal",25,10,,,
"Pull","Jun 9, 2026, 8:02 PM","Jun 9, 2026, 8:53 PM","quickest yet 😋","Bicep Curl (Dumbbell)",,"",1,"normal",25,12,,,
"Push","Jun 8, 2026, 5:38 PM","Jun 8, 2026, 7:21 PM","","Stretching",,"",0,"normal",,,,374,
"Push","Jun 8, 2026, 5:38 PM","Jun 8, 2026, 7:21 PM","","Push Up",,"",0,"normal",,35,,,
"Push","Jun 8, 2026, 5:38 PM","Jun 8, 2026, 7:21 PM","","Cable Fly Crossovers",,"",0,"normal",50,15,,,
"Push","Jun 8, 2026, 5:38 PM","Jun 8, 2026, 7:21 PM","","Cable Fly Crossovers",,"",1,"normal",60,12,,,
"Push","Jun 8, 2026, 5:38 PM","Jun 8, 2026, 7:21 PM","","Cable Fly Crossovers",,"",2,"normal",50,18,,,
"Push","Jun 8, 2026, 5:38 PM","Jun 8, 2026, 7:21 PM","","Incline Bench Press (Smith Machine)",,"",0,"warmup",40,12,,,
"Push","Jun 8, 2026, 5:38 PM","Jun 8, 2026, 7:21 PM","","Incline Bench Press (Smith Machine)",,"",1,"normal",50,12,,,
"Push","Jun 8, 2026, 5:38 PM","Jun 8, 2026, 7:21 PM","","Incline Bench Press (Smith Machine)",,"",2,"normal",50,11,,,
"Push","Jun 8, 2026, 5:38 PM","Jun 8, 2026, 7:21 PM","","Bench Press (Dumbbell)",,"Elbows tucked in",0,"normal",45,12,,,
"Push","Jun 8, 2026, 5:38 PM","Jun 8, 2026, 7:21 PM","","Bench Press (Dumbbell)",,"Elbows tucked in",1,"normal",45,12,,,
"Push","Jun 8, 2026, 5:38 PM","Jun 8, 2026, 7:21 PM","","Triceps Extension (Cable)",,"",0,"normal",10,30,,,
"Push","Jun 8, 2026, 5:38 PM","Jun 8, 2026, 7:21 PM","","Triceps Extension (Cable)",,"",1,"normal",20,28,,,
"Push","Jun 8, 2026, 5:38 PM","Jun 8, 2026, 7:21 PM","","Triceps Extension (Cable)",,"",2,"normal",20,28,,,
"Push","Jun 8, 2026, 5:38 PM","Jun 8, 2026, 7:21 PM","","Triceps Rope Pushdown",,"",0,"normal",30,15,,,
"Push","Jun 8, 2026, 5:38 PM","Jun 8, 2026, 7:21 PM","","Triceps Rope Pushdown",,"",1,"normal",30,15,,,
"Push","Jun 8, 2026, 5:38 PM","Jun 8, 2026, 7:21 PM","","Triceps Rope Pushdown",,"",2,"normal",30,15,,,
"Push","Jun 8, 2026, 5:38 PM","Jun 8, 2026, 7:21 PM","","Single Arm Triceps Pushdown (Cable)",,"",0,"normal",15,30,,,
"Push","Jun 8, 2026, 5:38 PM","Jun 8, 2026, 7:21 PM","","Single Arm Triceps Pushdown (Cable)",,"",1,"normal",15,30,,,
"Push","Jun 8, 2026, 5:38 PM","Jun 8, 2026, 7:21 PM","","Single Arm Triceps Pushdown (Cable)",,"",2,"normal",15,30,,,
"Push","Jun 8, 2026, 5:38 PM","Jun 8, 2026, 7:21 PM","","Reverse Curl (Barbell)",0,"",0,"normal",1,15,,,
"Push","Jun 8, 2026, 5:38 PM","Jun 8, 2026, 7:21 PM","","Reverse Curl (Barbell)",0,"",1,"normal",20,15,,,
"Push","Jun 8, 2026, 5:38 PM","Jun 8, 2026, 7:21 PM","","Behind the Back Wrist Curl (Barbell)",0,"",0,"normal",25,28,,,
"Push","Jun 8, 2026, 5:38 PM","Jun 8, 2026, 7:21 PM","","Behind the Back Wrist Curl (Barbell)",0,"",1,"normal",30,24,,,
"Misc.","Jun 6, 2026, 5:19 PM","Jun 6, 2026, 6:59 PM","","Stretching",,"",0,"normal",,,,411,
"Misc.","Jun 6, 2026, 5:19 PM","Jun 6, 2026, 6:59 PM","","Single Arm Lateral Raise (Cable)",,"",0,"warmup",10,24,,,
"Misc.","Jun 6, 2026, 5:19 PM","Jun 6, 2026, 6:59 PM","","Single Arm Lateral Raise (Cable)",,"",1,"normal",20,24,,,
"Misc.","Jun 6, 2026, 5:19 PM","Jun 6, 2026, 6:59 PM","","Single Arm Lateral Raise (Cable)",,"",2,"normal",20,24,,,
"Misc.","Jun 6, 2026, 5:19 PM","Jun 6, 2026, 6:59 PM","","Shoulder Press (Machine Plates)",,"",0,"warmup",20,15,,,
"Misc.","Jun 6, 2026, 5:19 PM","Jun 6, 2026, 6:59 PM","","Shoulder Press (Machine Plates)",,"",1,"normal",50,15,,,
"Misc.","Jun 6, 2026, 5:19 PM","Jun 6, 2026, 6:59 PM","","Shoulder Press (Machine Plates)",,"",2,"normal",55,12,,,
"Misc.","Jun 6, 2026, 5:19 PM","Jun 6, 2026, 6:59 PM","","Face Pull",,"",0,"normal",45,15,,,
"Misc.","Jun 6, 2026, 5:19 PM","Jun 6, 2026, 6:59 PM","","Face Pull",,"",1,"normal",55,15,,,
"Misc.","Jun 6, 2026, 5:19 PM","Jun 6, 2026, 6:59 PM","","Face Pull",,"",2,"normal",55,15,,,
"Misc.","Jun 6, 2026, 5:19 PM","Jun 6, 2026, 6:59 PM","","Dragon Flag",,"",0,"normal",,18,,,
"Misc.","Jun 6, 2026, 5:19 PM","Jun 6, 2026, 6:59 PM","","Dragon Flag",,"",1,"normal",,20,,,
"Misc.","Jun 6, 2026, 5:19 PM","Jun 6, 2026, 6:59 PM","","Dragon Flag",,"",2,"normal",,20,,,
"Misc.","Jun 6, 2026, 5:19 PM","Jun 6, 2026, 6:59 PM","","Russian Twist (Bodyweight)",,"Hanging",0,"normal",,24,,,
"Misc.","Jun 6, 2026, 5:19 PM","Jun 6, 2026, 6:59 PM","","Russian Twist (Bodyweight)",,"Hanging",1,"normal",,24,,,
"Misc.","Jun 6, 2026, 5:19 PM","Jun 6, 2026, 6:59 PM","","Russian Twist (Bodyweight)",,"Hanging",2,"normal",,20,,,
"Misc.","Jun 6, 2026, 5:19 PM","Jun 6, 2026, 6:59 PM","","Cable Crunch",,"",0,"normal",50,18,,,
"Misc.","Jun 6, 2026, 5:19 PM","Jun 6, 2026, 6:59 PM","","Cable Crunch",,"",1,"normal",50,20,,,
"Misc.","Jun 6, 2026, 5:19 PM","Jun 6, 2026, 6:59 PM","","Crunch (Weighted)",,"",0,"normal",22.5,15,,,
"Misc.","Jun 6, 2026, 5:19 PM","Jun 6, 2026, 6:59 PM","","Stretching",,"Posture",0,"normal",,,,243,
"Misc.","Jun 6, 2026, 5:19 PM","Jun 6, 2026, 6:59 PM","","Seated Wrist Extension (Barbell)",,"Barbell",0,"normal",15,18,,,
"Misc.","Jun 6, 2026, 5:19 PM","Jun 6, 2026, 6:59 PM","","Seated Wrist Extension (Barbell)",,"Barbell",1,"normal",20,12,,,
"Misc.","Jun 6, 2026, 5:19 PM","Jun 6, 2026, 6:59 PM","","Seated Wrist Extension (Barbell)",,"Barbell",2,"normal",15,20,,,
"Misc.","Jun 6, 2026, 5:19 PM","Jun 6, 2026, 6:59 PM","","Behind the Back Wrist Curl (Barbell)",,"",0,"normal",20,30,,,
"Misc.","Jun 6, 2026, 5:19 PM","Jun 6, 2026, 6:59 PM","","Behind the Back Wrist Curl (Barbell)",,"",1,"normal",25,28,,,
"Misc.","Jun 6, 2026, 5:19 PM","Jun 6, 2026, 6:59 PM","","Behind the Back Wrist Curl (Barbell)",,"",2,"normal",25,30,,,
"Misc.","Jun 6, 2026, 5:19 PM","Jun 6, 2026, 6:59 PM","","Back Extension (Hyperextension)",,"",0,"normal",,20,,,
"Misc.","Jun 6, 2026, 5:19 PM","Jun 6, 2026, 6:59 PM","","Back Extension (Hyperextension)",,"",1,"normal",,20,,,
"Misc.","Jun 6, 2026, 5:19 PM","Jun 6, 2026, 6:59 PM","","Back Extension (Hyperextension)",,"",2,"normal",,20,,,
"Chest & Back + Cardio","Jun 5, 2026, 5:32 PM","Jun 5, 2026, 6:54 PM","can finish off fast too at times 😋","Stretching",,"Chest & Back",0,"normal",,,,370,
"Chest & Back + Cardio","Jun 5, 2026, 5:32 PM","Jun 5, 2026, 6:54 PM","can finish off fast too at times 😋","Push Up",,"",0,"normal",,40,,,
"Chest & Back + Cardio","Jun 5, 2026, 5:32 PM","Jun 5, 2026, 6:54 PM","can finish off fast too at times 😋","Pull Up",,"",0,"normal",,18,,,
"Chest & Back + Cardio","Jun 5, 2026, 5:32 PM","Jun 5, 2026, 6:54 PM","can finish off fast too at times 😋","Pull Up",,"",1,"normal",,15,,,
"Chest & Back + Cardio","Jun 5, 2026, 5:32 PM","Jun 5, 2026, 6:54 PM","can finish off fast too at times 😋","Pull Up",,"",2,"normal",,12,,,
"Chest & Back + Cardio","Jun 5, 2026, 5:32 PM","Jun 5, 2026, 6:54 PM","can finish off fast too at times 😋","Cable Fly Crossovers",,"",0,"normal",50,18,,,
"Chest & Back + Cardio","Jun 5, 2026, 5:32 PM","Jun 5, 2026, 6:54 PM","can finish off fast too at times 😋","Cable Fly Crossovers",,"",1,"normal",60,15,,,
"Chest & Back + Cardio","Jun 5, 2026, 5:32 PM","Jun 5, 2026, 6:54 PM","can finish off fast too at times 😋","Cable Fly Crossovers",,"",2,"normal",60,14,,,
"Chest & Back + Cardio","Jun 5, 2026, 5:32 PM","Jun 5, 2026, 6:54 PM","can finish off fast too at times 😋","Incline Bench Press (Dumbbell)",,"finally pushing 30kgs without support",0,"warmup",40,15,,,
"Chest & Back + Cardio","Jun 5, 2026, 5:32 PM","Jun 5, 2026, 6:54 PM","can finish off fast too at times 😋","Incline Bench Press (Dumbbell)",,"finally pushing 30kgs without support",1,"normal",50,15,,,
"Chest & Back + Cardio","Jun 5, 2026, 5:32 PM","Jun 5, 2026, 6:54 PM","can finish off fast too at times 😋","Incline Bench Press (Dumbbell)",,"finally pushing 30kgs without support",2,"normal",60,12,,,
"Chest & Back + Cardio","Jun 5, 2026, 5:32 PM","Jun 5, 2026, 6:54 PM","can finish off fast too at times 😋","Lat Pulldown (Machine)",,"",0,"normal",70,15,,,
"Chest & Back + Cardio","Jun 5, 2026, 5:32 PM","Jun 5, 2026, 6:54 PM","can finish off fast too at times 😋","Lat Pulldown (Machine)",,"",1,"normal",90,12,,,
"Chest & Back + Cardio","Jun 5, 2026, 5:32 PM","Jun 5, 2026, 6:54 PM","can finish off fast too at times 😋","Lat Pulldown (Machine)",,"",2,"normal",90,12,,,
"Chest & Back + Cardio","Jun 5, 2026, 5:32 PM","Jun 5, 2026, 6:54 PM","can finish off fast too at times 😋","Seated Cable Row - Bar Wide Grip",,"",0,"normal",65,15,,,
"Chest & Back + Cardio","Jun 5, 2026, 5:32 PM","Jun 5, 2026, 6:54 PM","can finish off fast too at times 😋","Seated Cable Row - Bar Wide Grip",,"",1,"normal",75,15,,,
"Chest & Back + Cardio","Jun 5, 2026, 5:32 PM","Jun 5, 2026, 6:54 PM","can finish off fast too at times 😋","Lat Pulldown - Close Grip (Cable)",,"",0,"normal",65,10,,,
"Chest & Back + Cardio","Jun 5, 2026, 5:32 PM","Jun 5, 2026, 6:54 PM","can finish off fast too at times 😋","Lat Pulldown - Close Grip (Cable)",,"",1,"normal",65,10,,,
"Chest & Back + Cardio","Jun 5, 2026, 5:32 PM","Jun 5, 2026, 6:54 PM","can finish off fast too at times 😋","Lat Pulldown - Close Grip (Cable)",,"",2,"dropset",52.5,4,,,
"Chest & Back + Cardio","Jun 5, 2026, 5:32 PM","Jun 5, 2026, 6:54 PM","can finish off fast too at times 😋","Chest Fly (Machine)",,"",0,"normal",75,12,,,
"Chest & Back + Cardio","Jun 5, 2026, 5:32 PM","Jun 5, 2026, 6:54 PM","can finish off fast too at times 😋","Chest Fly (Machine)",,"",1,"normal",82.5,12,,,
"Chest & Back + Cardio","Jun 5, 2026, 5:32 PM","Jun 5, 2026, 6:54 PM","can finish off fast too at times 😋","Chest Fly (Machine)",,"",2,"normal",90,12,,,
"Chest & Back + Cardio","Jun 5, 2026, 5:32 PM","Jun 5, 2026, 6:54 PM","can finish off fast too at times 😋","Treadmill",,"",0,"normal",,,1.3,480,
"Arms","Jun 4, 2026, 5:29 PM","Jun 4, 2026, 7:05 PM","","Stretching",,"",0,"normal",,,,253,
"Arms","Jun 4, 2026, 5:29 PM","Jun 4, 2026, 7:05 PM","","Seated Incline Curl (Dumbbell)",,"",0,"normal",20,15,,,
"Arms","Jun 4, 2026, 5:29 PM","Jun 4, 2026, 7:05 PM","","Seated Incline Curl (Dumbbell)",,"",1,"normal",25,10,,,
"Arms","Jun 4, 2026, 5:29 PM","Jun 4, 2026, 7:05 PM","","Seated Incline Curl (Dumbbell)",,"",2,"normal",25,10,,,
"Arms","Jun 4, 2026, 5:29 PM","Jun 4, 2026, 7:05 PM","","Seated Incline Curl (Dumbbell)",,"",3,"dropset",15,6,,,
"Arms","Jun 4, 2026, 5:29 PM","Jun 4, 2026, 7:05 PM","","Skullcrusher (Dumbbell)",,"Decline",0,"normal",20,15,,,
"Arms","Jun 4, 2026, 5:29 PM","Jun 4, 2026, 7:05 PM","","Skullcrusher (Dumbbell)",,"Decline",1,"normal",20,12,,,
"Arms","Jun 4, 2026, 5:29 PM","Jun 4, 2026, 7:05 PM","","Skullcrusher (Dumbbell)",,"Decline",2,"normal",20,14,,,
"Arms","Jun 4, 2026, 5:29 PM","Jun 4, 2026, 7:05 PM","","Single Arm Curl (Cable)",,"",0,"normal",25,30,,,
"Arms","Jun 4, 2026, 5:29 PM","Jun 4, 2026, 7:05 PM","","Single Arm Curl (Cable)",,"",1,"normal",25,30,,,
"Arms","Jun 4, 2026, 5:29 PM","Jun 4, 2026, 7:05 PM","","Single Arm Curl (Cable)",,"",2,"normal",30,18,,,
"Arms","Jun 4, 2026, 5:29 PM","Jun 4, 2026, 7:05 PM","","Overhead Triceps Extension (Cable)",,"Bar",0,"normal",40,15,,,
"Arms","Jun 4, 2026, 5:29 PM","Jun 4, 2026, 7:05 PM","","Overhead Triceps Extension (Cable)",,"Bar",1,"normal",45,15,,,
"Arms","Jun 4, 2026, 5:29 PM","Jun 4, 2026, 7:05 PM","","Overhead Triceps Extension (Cable)",,"Bar",2,"normal",50,15,,,
"Arms","Jun 4, 2026, 5:29 PM","Jun 4, 2026, 7:05 PM","","Cross Body Hammer Curl",,"",0,"normal",25,15,,,
"Arms","Jun 4, 2026, 5:29 PM","Jun 4, 2026, 7:05 PM","","Cross Body Hammer Curl",,"",1,"normal",30,12,,,
"Arms","Jun 4, 2026, 5:29 PM","Jun 4, 2026, 7:05 PM","","Cross Body Hammer Curl",,"",2,"normal",30,12,,,
"Arms","Jun 4, 2026, 5:29 PM","Jun 4, 2026, 7:05 PM","","Single Arm Triceps Pushdown (Cable)",,"",0,"normal",15,24,,,
"Arms","Jun 4, 2026, 5:29 PM","Jun 4, 2026, 7:05 PM","","Single Arm Triceps Pushdown (Cable)",,"",1,"normal",15,24,,,
"Arms","Jun 4, 2026, 5:29 PM","Jun 4, 2026, 7:05 PM","","Single Arm Triceps Pushdown (Cable)",,"",2,"normal",15,24,,,
"Arms","Jun 4, 2026, 5:29 PM","Jun 4, 2026, 7:05 PM","","Arm Curl (Forearms)",,"",0,"normal",30,30,,,
"Arms","Jun 4, 2026, 5:29 PM","Jun 4, 2026, 7:05 PM","","Arm Curl (Forearms)",,"",1,"normal",35,30,,,
"Arms","Jun 4, 2026, 5:29 PM","Jun 4, 2026, 7:05 PM","","Seated Palms Up Wrist Curl",0,"Machine",0,"normal",25,15,,,
"Arms","Jun 4, 2026, 5:29 PM","Jun 4, 2026, 7:05 PM","","Seated Wrist Extension (Barbell)",0,"Machine",0,"normal",15,15,,,
"Legs & Shouldies","Jun 3, 2026, 5:37 PM","Jun 3, 2026, 7:24 PM","","Stretching",,"",0,"normal",,,,483,
"Legs & Shouldies","Jun 3, 2026, 5:37 PM","Jun 3, 2026, 7:24 PM","","Hip Thrust (Machine)",,"",0,"normal",40,15,,,
"Legs & Shouldies","Jun 3, 2026, 5:37 PM","Jun 3, 2026, 7:24 PM","","Hip Thrust (Machine)",,"",1,"normal",60,12,,,
"Legs & Shouldies","Jun 3, 2026, 5:37 PM","Jun 3, 2026, 7:24 PM","","Squat (Smith Machine)",,"",0,"warmup",20,15,,,
"Legs & Shouldies","Jun 3, 2026, 5:37 PM","Jun 3, 2026, 7:24 PM","","Squat (Smith Machine)",,"",1,"normal",60,12,,,
"Legs & Shouldies","Jun 3, 2026, 5:37 PM","Jun 3, 2026, 7:24 PM","","Squat (Smith Machine)",,"",2,"normal",70,10,,,
"Legs & Shouldies","Jun 3, 2026, 5:37 PM","Jun 3, 2026, 7:24 PM","","Hip Adduction (Machine)",0,"",0,"normal",70,15,,,
"Legs & Shouldies","Jun 3, 2026, 5:37 PM","Jun 3, 2026, 7:24 PM","","Hip Adduction (Machine)",0,"",1,"normal",80,12,,,
"Legs & Shouldies","Jun 3, 2026, 5:37 PM","Jun 3, 2026, 7:24 PM","","Hip Abduction (Machine)",0,"",0,"normal",70,15,,,
"Legs & Shouldies","Jun 3, 2026, 5:37 PM","Jun 3, 2026, 7:24 PM","","Hip Abduction (Machine)",0,"",1,"normal",80,12,,,
"Legs & Shouldies","Jun 3, 2026, 5:37 PM","Jun 3, 2026, 7:24 PM","","Seated Leg Curl (Machine)",,"",0,"normal",60,12,,,
"Legs & Shouldies","Jun 3, 2026, 5:37 PM","Jun 3, 2026, 7:24 PM","","Seated Leg Curl (Machine)",,"",1,"normal",60,12,,,
"Legs & Shouldies","Jun 3, 2026, 5:37 PM","Jun 3, 2026, 7:24 PM","","Seated Leg Curl (Machine)",,"",2,"normal",60,12,,,
"Legs & Shouldies","Jun 3, 2026, 5:37 PM","Jun 3, 2026, 7:24 PM","","Standing Calf Raise (Smith)",,"",0,"normal",50,18,,,
"Legs & Shouldies","Jun 3, 2026, 5:37 PM","Jun 3, 2026, 7:24 PM","","Standing Calf Raise (Smith)",,"",1,"normal",60,18,,,
"Legs & Shouldies","Jun 3, 2026, 5:37 PM","Jun 3, 2026, 7:24 PM","","Standing Calf Raise (Smith)",,"",2,"normal",60,20,,,
"Legs & Shouldies","Jun 3, 2026, 5:37 PM","Jun 3, 2026, 7:24 PM","","Stretching",,"Shouldies",0,"normal",,,,287,
"Legs & Shouldies","Jun 3, 2026, 5:37 PM","Jun 3, 2026, 7:24 PM","","Shoulder Press (Dumbbell)",,"",0,"warmup",30,15,,,
"Legs & Shouldies","Jun 3, 2026, 5:37 PM","Jun 3, 2026, 7:24 PM","","Shoulder Press (Dumbbell)",,"",1,"normal",40,15,,,
"Legs & Shouldies","Jun 3, 2026, 5:37 PM","Jun 3, 2026, 7:24 PM","","Shoulder Press (Dumbbell)",,"",2,"normal",45,12,,,
"Legs & Shouldies","Jun 3, 2026, 5:37 PM","Jun 3, 2026, 7:24 PM","","Lateral Raise (Dumbbell)",,"",0,"warmup",15,15,,,
"Legs & Shouldies","Jun 3, 2026, 5:37 PM","Jun 3, 2026, 7:24 PM","","Lateral Raise (Dumbbell)",,"",1,"normal",25,10,,,
"Legs & Shouldies","Jun 3, 2026, 5:37 PM","Jun 3, 2026, 7:24 PM","","Lateral Raise (Dumbbell)",,"",2,"normal",25,7,,,
"Legs & Shouldies","Jun 3, 2026, 5:37 PM","Jun 3, 2026, 7:24 PM","","Lateral Raise (Dumbbell)",,"",3,"dropset",15,5,,,
"Pull","Jun 2, 2026, 5:32 PM","Jun 2, 2026, 7:29 PM","","Stretching",,"",0,"normal",,,,389,
"Pull","Jun 2, 2026, 5:32 PM","Jun 2, 2026, 7:29 PM","","Pull Up",,"",0,"normal",,15,,,
"Pull","Jun 2, 2026, 5:32 PM","Jun 2, 2026, 7:29 PM","","Pull Up",,"",1,"normal",,12,,,
"Pull","Jun 2, 2026, 5:32 PM","Jun 2, 2026, 7:29 PM","","Lat Pulldown (Cable)",,"",0,"normal",65,11,,,
"Pull","Jun 2, 2026, 5:32 PM","Jun 2, 2026, 7:29 PM","","Chest Supported Incline Row (Dumbbell)",0,"Machine",0,"normal",40,12,,,
"Pull","Jun 2, 2026, 5:32 PM","Jun 2, 2026, 7:29 PM","","Chest Supported Incline Row (Dumbbell)",0,"Machine",1,"normal",50,12,,,
"Pull","Jun 2, 2026, 5:32 PM","Jun 2, 2026, 7:29 PM","","Chest Supported Incline Row (Dumbbell)",0,"Machine",2,"normal",50,10,,,
"Pull","Jun 2, 2026, 5:32 PM","Jun 2, 2026, 7:29 PM","","Kelso Shrugs",0,"Machine",0,"normal",40,12,,,
"Pull","Jun 2, 2026, 5:32 PM","Jun 2, 2026, 7:29 PM","","Kelso Shrugs",0,"Machine",1,"normal",50,10,,,
"Pull","Jun 2, 2026, 5:32 PM","Jun 2, 2026, 7:29 PM","","Kelso Shrugs",0,"Machine",2,"normal",50,10,,,
"Pull","Jun 2, 2026, 5:32 PM","Jun 2, 2026, 7:29 PM","","Single Arm Lat Pulldown",,"Cable",0,"normal",35,30,,,
"Pull","Jun 2, 2026, 5:32 PM","Jun 2, 2026, 7:29 PM","","Single Arm Lat Pulldown",,"Cable",1,"normal",45,24,,,
"Pull","Jun 2, 2026, 5:32 PM","Jun 2, 2026, 7:29 PM","","Single Arm Lat Pulldown",,"Cable",2,"normal",45,24,,,
"Pull","Jun 2, 2026, 5:32 PM","Jun 2, 2026, 7:29 PM","","Straight Arm Lat Pulldown (Cable)",,"Seated",0,"normal",35,15,,,
"Pull","Jun 2, 2026, 5:32 PM","Jun 2, 2026, 7:29 PM","","Straight Arm Lat Pulldown (Cable)",,"Seated",1,"normal",35,15,,,
"Pull","Jun 2, 2026, 5:32 PM","Jun 2, 2026, 7:29 PM","","Rear Delt Reverse Fly (Machine)",,"",0,"normal",45,15,,,
"Pull","Jun 2, 2026, 5:32 PM","Jun 2, 2026, 7:29 PM","","Rear Delt Reverse Fly (Machine)",,"",1,"normal",52.5,12,,,
"Pull","Jun 2, 2026, 5:32 PM","Jun 2, 2026, 7:29 PM","","Rear Delt Reverse Fly (Machine)",,"",2,"normal",52.5,15,,,
"Pull","Jun 2, 2026, 5:32 PM","Jun 2, 2026, 7:29 PM","","Behind the Back Curl (Cable)",,"",0,"normal",40,12,,,
"Pull","Jun 2, 2026, 5:32 PM","Jun 2, 2026, 7:29 PM","","Behind the Back Curl (Cable)",,"",1,"normal",40,12,,,
"Pull","Jun 2, 2026, 5:32 PM","Jun 2, 2026, 7:29 PM","","Hammer Curl (Cable)",,"",0,"normal",35,15,,,
"Pull","Jun 2, 2026, 5:32 PM","Jun 2, 2026, 7:29 PM","","Hammer Curl (Cable)",,"",1,"normal",35,15,,,
"Pull","Jun 2, 2026, 5:32 PM","Jun 2, 2026, 7:29 PM","","Reverse Curl (Barbell)",,"",0,"normal",20,15,,,
"Pull","Jun 2, 2026, 5:32 PM","Jun 2, 2026, 7:29 PM","","Reverse Curl (Barbell)",,"",1,"normal",20,15,,,
"Push","Jun 1, 2026, 5:39 PM","Jun 1, 2026, 7:24 PM","","Stretching",,"",0,"normal",,,,336,
"Push","Jun 1, 2026, 5:39 PM","Jun 1, 2026, 7:24 PM","","Push Up",,"",0,"normal",,40,,,
"Push","Jun 1, 2026, 5:39 PM","Jun 1, 2026, 7:24 PM","","Chest Fly (Machine)",,"",0,"normal",60,15,,,
"Push","Jun 1, 2026, 5:39 PM","Jun 1, 2026, 7:24 PM","","Chest Fly (Machine)",,"",1,"normal",75,12,,,
"Push","Jun 1, 2026, 5:39 PM","Jun 1, 2026, 7:24 PM","","Chest Fly (Machine)",,"",2,"normal",82.5,12,,,
"Push","Jun 1, 2026, 5:39 PM","Jun 1, 2026, 7:24 PM","","Bench Press (Barbell)",,"sleep fcked - bench press fcked",0,"normal",60,8,,,
"Push","Jun 1, 2026, 5:39 PM","Jun 1, 2026, 7:24 PM","","Bench Press (Barbell)",,"sleep fcked - bench press fcked",1,"normal",70,6,,,
"Push","Jun 1, 2026, 5:39 PM","Jun 1, 2026, 7:24 PM","","Cable Fly Crossovers",,"",0,"normal",50,15,,,
"Push","Jun 1, 2026, 5:39 PM","Jun 1, 2026, 7:24 PM","","Cable Fly Crossovers",,"",1,"normal",50,15,,,
"Push","Jun 1, 2026, 5:39 PM","Jun 1, 2026, 7:24 PM","","Cable Fly Crossovers",,"",2,"normal",50,15,,,
"Push","Jun 1, 2026, 5:39 PM","Jun 1, 2026, 7:24 PM","","Incline Bench Press (Smith Machine)",,"",0,"warmup",40,12,,,
"Push","Jun 1, 2026, 5:39 PM","Jun 1, 2026, 7:24 PM","","Incline Bench Press (Smith Machine)",,"",1,"normal",50,10,,,
"Push","Jun 1, 2026, 5:39 PM","Jun 1, 2026, 7:24 PM","","Incline Bench Press (Smith Machine)",,"",2,"normal",50,12,,,
"Push","Jun 1, 2026, 5:39 PM","Jun 1, 2026, 7:24 PM","","Single Arm Lateral Raise (Cable)",,"",0,"normal",15,24,,,
"Push","Jun 1, 2026, 5:39 PM","Jun 1, 2026, 7:24 PM","","Single Arm Lateral Raise (Cable)",,"",1,"normal",20,24,,,
"Push","Jun 1, 2026, 5:39 PM","Jun 1, 2026, 7:24 PM","","Single Arm Lateral Raise (Cable)",,"",2,"normal",20,24,,,
"Push","Jun 1, 2026, 5:39 PM","Jun 1, 2026, 7:24 PM","","Triceps Rope Pushdown",,"",0,"normal",30,15,,,
"Push","Jun 1, 2026, 5:39 PM","Jun 1, 2026, 7:24 PM","","Triceps Rope Pushdown",,"",1,"normal",35,15,,,
"Push","Jun 1, 2026, 5:39 PM","Jun 1, 2026, 7:24 PM","","Triceps Rope Pushdown",,"",2,"normal",35,15,,,
"Push","Jun 1, 2026, 5:39 PM","Jun 1, 2026, 7:24 PM","","Triceps Extension (Cable)",,"",0,"normal",20,24,,,
"Push","Jun 1, 2026, 5:39 PM","Jun 1, 2026, 7:24 PM","","Triceps Extension (Cable)",,"",1,"normal",20,24,,,
"Push","Jun 1, 2026, 5:39 PM","Jun 1, 2026, 7:24 PM","","Triceps Extension (Cable)",,"",2,"normal",20,24,,,
"Push","Jun 1, 2026, 5:39 PM","Jun 1, 2026, 7:24 PM","","Seated Triceps Press",,"",0,"normal",90,15,,,
"Push","Jun 1, 2026, 5:39 PM","Jun 1, 2026, 7:24 PM","","Seated Triceps Press",,"",1,"normal",90,15,,,
"Push","Jun 1, 2026, 5:39 PM","Jun 1, 2026, 7:24 PM","","Seated Triceps Press",,"",2,"normal",95,15,,,
"Shouldies, Abs & Cardio","May 30, 2026, 5:40 PM","May 30, 2026, 7:12 PM","first decent shoulder pump","Stretching",,"",0,"normal",,,,317,
"Shouldies, Abs & Cardio","May 30, 2026, 5:40 PM","May 30, 2026, 7:12 PM","first decent shoulder pump","Shoulder Press (Dumbbell)",,"",0,"warmup",25,12,,,
"Shouldies, Abs & Cardio","May 30, 2026, 5:40 PM","May 30, 2026, 7:12 PM","first decent shoulder pump","Shoulder Press (Dumbbell)",,"",1,"normal",40,15,,,
"Shouldies, Abs & Cardio","May 30, 2026, 5:40 PM","May 30, 2026, 7:12 PM","first decent shoulder pump","Shoulder Press (Dumbbell)",,"",2,"normal",40,15,,,
"Shouldies, Abs & Cardio","May 30, 2026, 5:40 PM","May 30, 2026, 7:12 PM","first decent shoulder pump","Lateral Raise (Dumbbell)",,"",0,"warmup",15,15,,,
"Shouldies, Abs & Cardio","May 30, 2026, 5:40 PM","May 30, 2026, 7:12 PM","first decent shoulder pump","Lateral Raise (Dumbbell)",,"",1,"normal",25,10,,,
"Shouldies, Abs & Cardio","May 30, 2026, 5:40 PM","May 30, 2026, 7:12 PM","first decent shoulder pump","Lateral Raise (Dumbbell)",,"",2,"normal",20,15,,,
"Shouldies, Abs & Cardio","May 30, 2026, 5:40 PM","May 30, 2026, 7:12 PM","first decent shoulder pump","Face Pull",,"",0,"normal",40,15,,,
"Shouldies, Abs & Cardio","May 30, 2026, 5:40 PM","May 30, 2026, 7:12 PM","first decent shoulder pump","Face Pull",,"",1,"normal",45,18,,,
"Shouldies, Abs & Cardio","May 30, 2026, 5:40 PM","May 30, 2026, 7:12 PM","first decent shoulder pump","Face Pull",,"",2,"normal",50,20,,,
"Shouldies, Abs & Cardio","May 30, 2026, 5:40 PM","May 30, 2026, 7:12 PM","first decent shoulder pump","Shrug (Smith Machine)",,"",0,"warmup",40,20,,,
"Shouldies, Abs & Cardio","May 30, 2026, 5:40 PM","May 30, 2026, 7:12 PM","first decent shoulder pump","Shrug (Smith Machine)",,"",1,"normal",60,18,,,
"Shouldies, Abs & Cardio","May 30, 2026, 5:40 PM","May 30, 2026, 7:12 PM","first decent shoulder pump","Shrug (Smith Machine)",,"",2,"normal",60,20,,,
"Shouldies, Abs & Cardio","May 30, 2026, 5:40 PM","May 30, 2026, 7:12 PM","first decent shoulder pump","Dragon Flag",0,"1st set - Superset with Toes to Bar
• Hold after eccentric - crazy burn",0,"normal",,15,,,
"Shouldies, Abs & Cardio","May 30, 2026, 5:40 PM","May 30, 2026, 7:12 PM","first decent shoulder pump","Dragon Flag",0,"1st set - Superset with Toes to Bar
• Hold after eccentric - crazy burn",1,"normal",,15,,,
"Shouldies, Abs & Cardio","May 30, 2026, 5:40 PM","May 30, 2026, 7:12 PM","first decent shoulder pump","Dragon Flag",0,"1st set - Superset with Toes to Bar
• Hold after eccentric - crazy burn",2,"normal",,15,,,
"Shouldies, Abs & Cardio","May 30, 2026, 5:40 PM","May 30, 2026, 7:12 PM","first decent shoulder pump","Toes to Bar",0,"",0,"normal",,12,,,
"Shouldies, Abs & Cardio","May 30, 2026, 5:40 PM","May 30, 2026, 7:12 PM","first decent shoulder pump","Cable Crunch",,"",0,"normal",50,20,,,
"Shouldies, Abs & Cardio","May 30, 2026, 5:40 PM","May 30, 2026, 7:12 PM","first decent shoulder pump","Cable Crunch",,"",1,"normal",55,20,,,
"Shouldies, Abs & Cardio","May 30, 2026, 5:40 PM","May 30, 2026, 7:12 PM","first decent shoulder pump","Cable Crunch",,"",2,"normal",55,20,,,
"Shouldies, Abs & Cardio","May 30, 2026, 5:40 PM","May 30, 2026, 7:12 PM","first decent shoulder pump","Cable Twist (Up to down)",,"",0,"normal",25,30,,,
"Shouldies, Abs & Cardio","May 30, 2026, 5:40 PM","May 30, 2026, 7:12 PM","first decent shoulder pump","Cable Twist (Up to down)",,"",1,"normal",25,30,,,
"Shouldies, Abs & Cardio","May 30, 2026, 5:40 PM","May 30, 2026, 7:12 PM","first decent shoulder pump","Cable Twist (Up to down)",,"",2,"normal",25,30,,,
"Shouldies, Abs & Cardio","May 30, 2026, 5:40 PM","May 30, 2026, 7:12 PM","first decent shoulder pump","Treadmill",,"",0,"normal",,,1.02,450,
"Chest & Back","May 29, 2026, 5:40 PM","May 29, 2026, 7:24 PM","","Stretching",,"",0,"normal",,,,302,
"Chest & Back","May 29, 2026, 5:40 PM","May 29, 2026, 7:24 PM","","Push Up",,"",0,"normal",,40,,,
"Chest & Back","May 29, 2026, 5:40 PM","May 29, 2026, 7:24 PM","","Chest Fly (Machine)",,"",0,"normal",60,15,,,
"Chest & Back","May 29, 2026, 5:40 PM","May 29, 2026, 7:24 PM","","Chest Fly (Machine)",,"",1,"normal",82.5,12,,,
"Chest & Back","May 29, 2026, 5:40 PM","May 29, 2026, 7:24 PM","","Chest Fly (Machine)",,"",2,"normal",82.5,12,,,
"Chest & Back","May 29, 2026, 5:40 PM","May 29, 2026, 7:24 PM","","Incline Bench Press (Dumbbell)",,"",0,"warmup",40,15,,,
"Chest & Back","May 29, 2026, 5:40 PM","May 29, 2026, 7:24 PM","","Incline Bench Press (Dumbbell)",,"",1,"normal",60,12,,,
"Chest & Back","May 29, 2026, 5:40 PM","May 29, 2026, 7:24 PM","","Incline Bench Press (Dumbbell)",,"",2,"normal",60,10,,,
"Chest & Back","May 29, 2026, 5:40 PM","May 29, 2026, 7:24 PM","","Cable Fly Crossovers",,"",0,"normal",50,15,,,
"Chest & Back","May 29, 2026, 5:40 PM","May 29, 2026, 7:24 PM","","Cable Fly Crossovers",,"",1,"normal",50,15,,,
"Chest & Back","May 29, 2026, 5:40 PM","May 29, 2026, 7:24 PM","","Cable Fly Crossovers",,"",2,"normal",50,15,,,
"Chest & Back","May 29, 2026, 5:40 PM","May 29, 2026, 7:24 PM","","Pull Up",,"",0,"normal",,12,,,
"Chest & Back","May 29, 2026, 5:40 PM","May 29, 2026, 7:24 PM","","Pull Up",,"",1,"normal",,12,,,
"Chest & Back","May 29, 2026, 5:40 PM","May 29, 2026, 7:24 PM","","Bent Over Row (Barbell)",,"",0,"warmup",20,15,,,
"Chest & Back","May 29, 2026, 5:40 PM","May 29, 2026, 7:24 PM","","Bent Over Row (Barbell)",,"",1,"normal",40,15,,,
"Chest & Back","May 29, 2026, 5:40 PM","May 29, 2026, 7:24 PM","","Bent Over Row (Barbell)",,"",2,"normal",55,12,,,
"Chest & Back","May 29, 2026, 5:40 PM","May 29, 2026, 7:24 PM","","Single Arm Lat Pulldown",,"Cable",0,"normal",35,24,,,
"Chest & Back","May 29, 2026, 5:40 PM","May 29, 2026, 7:24 PM","","Single Arm Lat Pulldown",,"Cable",1,"normal",40,24,,,
"Chest & Back","May 29, 2026, 5:40 PM","May 29, 2026, 7:24 PM","","Single Arm Lat Pulldown",,"Cable",2,"normal",45,24,,,
"Chest & Back","May 29, 2026, 5:40 PM","May 29, 2026, 7:24 PM","","Pullover (Dumbbell)",,"",0,"normal",12.5,15,,,
"Chest & Back","May 29, 2026, 5:40 PM","May 29, 2026, 7:24 PM","","Pullover (Dumbbell)",,"",1,"normal",12.5,15,,,
"Arms","May 28, 2026, 5:17 PM","May 28, 2026, 7:07 PM","","Stretching",,"",0,"normal",,,,328,
"Arms","May 28, 2026, 5:17 PM","May 28, 2026, 7:07 PM","","Battle Ropes",,"",0,"normal",,,,54,
"Arms","May 28, 2026, 5:17 PM","May 28, 2026, 7:07 PM","","Chin Up",,"",0,"normal",,20,,,
"Arms","May 28, 2026, 5:17 PM","May 28, 2026, 7:07 PM","","Diamond Push Up",,"",0,"normal",,25,,,
"Arms","May 28, 2026, 5:17 PM","May 28, 2026, 7:07 PM","","Seated Incline Curl (Dumbbell)",,"Last set - Less angle",0,"normal",25,11,,,
"Arms","May 28, 2026, 5:17 PM","May 28, 2026, 7:07 PM","","Seated Incline Curl (Dumbbell)",,"Last set - Less angle",1,"normal",25,8,,,
"Arms","May 28, 2026, 5:17 PM","May 28, 2026, 7:07 PM","","Seated Incline Curl (Dumbbell)",,"Last set - Less angle",2,"normal",25,7,,,
"Arms","May 28, 2026, 5:17 PM","May 28, 2026, 7:07 PM","","Seated Incline Curl (Dumbbell)",,"Last set - Less angle",3,"dropset",15,5,,,
"Arms","May 28, 2026, 5:17 PM","May 28, 2026, 7:07 PM","","Triceps Pushdown",,"V bar",0,"normal",40,15,,,
"Arms","May 28, 2026, 5:17 PM","May 28, 2026, 7:07 PM","","Triceps Pushdown",,"V bar",1,"normal",50,15,,,
"Arms","May 28, 2026, 5:17 PM","May 28, 2026, 7:07 PM","","Triceps Pushdown",,"V bar",2,"normal",60,15,,,
"Arms","May 28, 2026, 5:17 PM","May 28, 2026, 7:07 PM","","Preacher Curl (Dumbbell)",,"",0,"normal",12.5,24,,,
"Arms","May 28, 2026, 5:17 PM","May 28, 2026, 7:07 PM","","Preacher Curl (Dumbbell)",,"",1,"normal",15,24,,,
"Arms","May 28, 2026, 5:17 PM","May 28, 2026, 7:07 PM","","Preacher Curl (Dumbbell)",,"",2,"normal",15,24,,,
"Arms","May 28, 2026, 5:17 PM","May 28, 2026, 7:07 PM","","Overhead Triceps Extension (Cable)",,"Rope",0,"normal",30,15,,,
"Arms","May 28, 2026, 5:17 PM","May 28, 2026, 7:07 PM","","Overhead Triceps Extension (Cable)",,"Rope",1,"normal",35,15,,,
"Arms","May 28, 2026, 5:17 PM","May 28, 2026, 7:07 PM","","Overhead Triceps Extension (Cable)",,"Rope",2,"normal",40,15,,,
"Arms","May 28, 2026, 5:17 PM","May 28, 2026, 7:07 PM","","Hammer Curl (Cable)",,"Stretch focused",0,"normal",30,15,,,
"Arms","May 28, 2026, 5:17 PM","May 28, 2026, 7:07 PM","","Hammer Curl (Cable)",,"Stretch focused",1,"normal",40,12,,,
"Arms","May 28, 2026, 5:17 PM","May 28, 2026, 7:07 PM","","Hammer Curl (Cable)",,"Stretch focused",2,"normal",40,15,,,
"Arms","May 28, 2026, 5:17 PM","May 28, 2026, 7:07 PM","","Single Arm Triceps Pushdown (Cable)",,"Cbum var.",0,"normal",15,24,,,
"Arms","May 28, 2026, 5:17 PM","May 28, 2026, 7:07 PM","","Single Arm Triceps Pushdown (Cable)",,"Cbum var.",1,"normal",15,24,,,
"Arms","May 28, 2026, 5:17 PM","May 28, 2026, 7:07 PM","","Single Arm Triceps Pushdown (Cable)",,"Cbum var.",2,"normal",15,24,,,
"Arms","May 28, 2026, 5:17 PM","May 28, 2026, 7:07 PM","","Single Arm Triceps Pushdown (Cable)",,"Cbum var.",3,"dropset",10,12,,,
"Arms","May 28, 2026, 5:17 PM","May 28, 2026, 7:07 PM","","Reverse Curl (Barbell)",,"",0,"normal",20,15,,,
"Arms","May 28, 2026, 5:17 PM","May 28, 2026, 7:07 PM","","Reverse Curl (Barbell)",,"",1,"normal",20,15,,,
"Arms","May 28, 2026, 5:17 PM","May 28, 2026, 7:07 PM","","Reverse Curl (Barbell)",,"",2,"normal",20,14,,,
"Arms","May 28, 2026, 5:17 PM","May 28, 2026, 7:07 PM","","Seated Palms Up Wrist Curl",,"Barbell",0,"normal",20,18,,,
"Arms","May 28, 2026, 5:17 PM","May 28, 2026, 7:07 PM","","Seated Palms Up Wrist Curl",,"Barbell",1,"normal",20,25,,,
"Arms","May 28, 2026, 5:17 PM","May 28, 2026, 7:07 PM","","Seated Palms Up Wrist Curl",,"Barbell",2,"normal",20,25,,,
"Legs & Core","May 27, 2026, 5:40 PM","May 27, 2026, 7:20 PM","","Stretching",,"",0,"normal",,,,588,
"Legs & Core","May 27, 2026, 5:40 PM","May 27, 2026, 7:20 PM","","Lunge (Dumbbell)",,"",0,"warmup",20,15,,,
"Legs & Core","May 27, 2026, 5:40 PM","May 27, 2026, 7:20 PM","","Lunge (Dumbbell)",,"",1,"normal",30,12,,,
"Legs & Core","May 27, 2026, 5:40 PM","May 27, 2026, 7:20 PM","","Lunge (Dumbbell)",,"",2,"normal",30,12,,,
"Legs & Core","May 27, 2026, 5:40 PM","May 27, 2026, 7:20 PM","","Leg Extension (Machine)",,"",0,"normal",50,15,,,
"Legs & Core","May 27, 2026, 5:40 PM","May 27, 2026, 7:20 PM","","Leg Extension (Machine)",,"",1,"normal",55,15,,,
"Legs & Core","May 27, 2026, 5:40 PM","May 27, 2026, 7:20 PM","","Leg Extension (Machine)",,"",2,"normal",60,15,,,
"Legs & Core","May 27, 2026, 5:40 PM","May 27, 2026, 7:20 PM","","Seated Leg Curl (Machine)",,"",0,"normal",55,12,,,
"Legs & Core","May 27, 2026, 5:40 PM","May 27, 2026, 7:20 PM","","Seated Leg Curl (Machine)",,"",1,"normal",60,12,,,
"Legs & Core","May 27, 2026, 5:40 PM","May 27, 2026, 7:20 PM","","Seated Leg Curl (Machine)",,"",2,"normal",60,12,,,
"Legs & Core","May 27, 2026, 5:40 PM","May 27, 2026, 7:20 PM","","Hip Adduction (Machine)",0,"",0,"normal",60,12,,,
"Legs & Core","May 27, 2026, 5:40 PM","May 27, 2026, 7:20 PM","","Hip Adduction (Machine)",0,"",1,"normal",60,12,,,
"Legs & Core","May 27, 2026, 5:40 PM","May 27, 2026, 7:20 PM","","Hip Abduction (Machine)",0,"",0,"normal",60,15,,,
"Legs & Core","May 27, 2026, 5:40 PM","May 27, 2026, 7:20 PM","","Hip Abduction (Machine)",0,"",1,"normal",60,15,,,
"Legs & Core","May 27, 2026, 5:40 PM","May 27, 2026, 7:20 PM","","Leg Press (Machine)",,"",0,"normal",120,12,,,
"Legs & Core","May 27, 2026, 5:40 PM","May 27, 2026, 7:20 PM","","Leg Press (Machine)",,"",1,"normal",140,12,,,
"Legs & Core","May 27, 2026, 5:40 PM","May 27, 2026, 7:20 PM","","Leg Press (Machine)",,"",2,"normal",140,15,,,
"Legs & Core","May 27, 2026, 5:40 PM","May 27, 2026, 7:20 PM","","Standing Calf Raise (Smith)",,"",0,"normal",50,18,,,
"Legs & Core","May 27, 2026, 5:40 PM","May 27, 2026, 7:20 PM","","Standing Calf Raise (Smith)",,"",1,"normal",55,18,,,
"Legs & Core","May 27, 2026, 5:40 PM","May 27, 2026, 7:20 PM","","Standing Calf Raise (Smith)",,"",2,"normal",55,18,,,
"Legs & Core","May 27, 2026, 5:40 PM","May 27, 2026, 7:20 PM","","Cable Twist (Up to down)",,"",0,"normal",25,30,,,
"Legs & Core","May 27, 2026, 5:40 PM","May 27, 2026, 7:20 PM","","Cable Twist (Up to down)",,"",1,"normal",25,30,,,
"Legs & Core","May 27, 2026, 5:40 PM","May 27, 2026, 7:20 PM","","Cable Twist (Up to down)",,"",2,"normal",25,30,,,
"Legs & Core","May 27, 2026, 5:40 PM","May 27, 2026, 7:20 PM","","Toes to Bar",,"",0,"normal",,12,,,
"Legs & Core","May 27, 2026, 5:40 PM","May 27, 2026, 7:20 PM","","Toes to Bar",,"",1,"normal",,12,,,
"Pull","May 26, 2026, 5:27 PM","May 26, 2026, 7:28 PM","","Stretching",,"",0,"normal",,,,398,
"Pull","May 26, 2026, 5:27 PM","May 26, 2026, 7:28 PM","","Pull Up",,"",0,"normal",,15,,,
"Pull","May 26, 2026, 5:27 PM","May 26, 2026, 7:28 PM","","Pull Up",,"",1,"normal",,15,,,
"Pull","May 26, 2026, 5:27 PM","May 26, 2026, 7:28 PM","","Chest Supported Incline Row (Dumbbell)",,"1st 3sets - Machine ( Upper Back )
Last 3sets - Dumbell ( Lats )",0,"normal",40,12,,,
"Pull","May 26, 2026, 5:27 PM","May 26, 2026, 7:28 PM","","Chest Supported Incline Row (Dumbbell)",,"1st 3sets - Machine ( Upper Back )
Last 3sets - Dumbell ( Lats )",1,"normal",45,12,,,
"Pull","May 26, 2026, 5:27 PM","May 26, 2026, 7:28 PM","","Chest Supported Incline Row (Dumbbell)",,"1st 3sets - Machine ( Upper Back )
Last 3sets - Dumbell ( Lats )",2,"normal",45,12,,,
"Pull","May 26, 2026, 5:27 PM","May 26, 2026, 7:28 PM","","Chest Supported Incline Row (Dumbbell)",,"1st 3sets - Machine ( Upper Back )
Last 3sets - Dumbell ( Lats )",3,"normal",25,15,,,
"Pull","May 26, 2026, 5:27 PM","May 26, 2026, 7:28 PM","","Chest Supported Incline Row (Dumbbell)",,"1st 3sets - Machine ( Upper Back )
Last 3sets - Dumbell ( Lats )",4,"normal",30,15,,,
"Pull","May 26, 2026, 5:27 PM","May 26, 2026, 7:28 PM","","Chest Supported Incline Row (Dumbbell)",,"1st 3sets - Machine ( Upper Back )
Last 3sets - Dumbell ( Lats )",5,"normal",35,15,,,
"Pull","May 26, 2026, 5:27 PM","May 26, 2026, 7:28 PM","","Rope Straight Arm Pulldown",,"",0,"normal",30,13,,,
"Pull","May 26, 2026, 5:27 PM","May 26, 2026, 7:28 PM","","Rope Straight Arm Pulldown",,"",1,"normal",30,15,,,
"Pull","May 26, 2026, 5:27 PM","May 26, 2026, 7:28 PM","","Rope Straight Arm Pulldown",,"",2,"normal",30,15,,,
"Pull","May 26, 2026, 5:27 PM","May 26, 2026, 7:28 PM","","Reverse Grip Lat Pulldown (Cable)",,"",0,"normal",65,12,,,
"Pull","May 26, 2026, 5:27 PM","May 26, 2026, 7:28 PM","","Reverse Grip Lat Pulldown (Cable)",,"",1,"normal",65,10,,,
"Pull","May 26, 2026, 5:27 PM","May 26, 2026, 7:28 PM","","Rear Delt Reverse Fly (Machine)",,"",0,"normal",45,15,,,
"Pull","May 26, 2026, 5:27 PM","May 26, 2026, 7:28 PM","","Rear Delt Reverse Fly (Machine)",,"",1,"normal",52.5,12,,,
"Pull","May 26, 2026, 5:27 PM","May 26, 2026, 7:28 PM","","Rear Delt Reverse Fly (Machine)",,"",2,"normal",52.5,14,,,
"Pull","May 26, 2026, 5:27 PM","May 26, 2026, 7:28 PM","","Behind the Back Curl (Cable)",,"2nd set - Both hands",0,"normal",40,12,,,
"Pull","May 26, 2026, 5:27 PM","May 26, 2026, 7:28 PM","","Behind the Back Curl (Cable)",,"2nd set - Both hands",1,"normal",30,12,,,
"Pull","May 26, 2026, 5:27 PM","May 26, 2026, 7:28 PM","","Behind the Back Curl (Cable)",,"2nd set - Both hands",2,"normal",40,15,,,
"Pull","May 26, 2026, 5:27 PM","May 26, 2026, 7:28 PM","","Bicep Curl (Barbell)",,"",0,"normal",25,12,,,
"Pull","May 26, 2026, 5:27 PM","May 26, 2026, 7:28 PM","","Bicep Curl (Barbell)",,"",1,"normal",30,9,,,
"Pull","May 26, 2026, 5:27 PM","May 26, 2026, 7:28 PM","","Bicep Curl (Barbell)",,"",2,"normal",30,9,,,
"Pull","May 26, 2026, 5:27 PM","May 26, 2026, 7:28 PM","","Cross Body Hammer Curl",,"",0,"normal",25,12,,,
"Pull","May 26, 2026, 5:27 PM","May 26, 2026, 7:28 PM","","Cross Body Hammer Curl",,"",1,"normal",25,12,,,
"Pull","May 26, 2026, 5:27 PM","May 26, 2026, 7:28 PM","","Cross Body Hammer Curl",,"",2,"normal",25,13,,,
"Pull","May 26, 2026, 5:27 PM","May 26, 2026, 7:28 PM","","Seated Palms Up Wrist Curl",0,"Machine",0,"normal",20,18,,,
"Pull","May 26, 2026, 5:27 PM","May 26, 2026, 7:28 PM","","Seated Palms Up Wrist Curl",0,"Machine",1,"normal",20,18,,,
"Pull","May 26, 2026, 5:27 PM","May 26, 2026, 7:28 PM","","Seated Wrist Extension (Barbell)",0,"Machine",0,"normal",15,12,,,
"Pull","May 26, 2026, 5:27 PM","May 26, 2026, 7:28 PM","","Seated Wrist Extension (Barbell)",0,"Machine",1,"normal",15,12,,,
"Push","May 25, 2026, 5:26 PM","May 25, 2026, 7:21 PM","","Stretching",,"",0,"normal",,,,296,
"Push","May 25, 2026, 5:26 PM","May 25, 2026, 7:21 PM","","Push Up",,"",0,"normal",,30,,,
"Push","May 25, 2026, 5:26 PM","May 25, 2026, 7:21 PM","","Chest Fly (Machine)",,"",0,"normal",67.5,12,,,
"Push","May 25, 2026, 5:26 PM","May 25, 2026, 7:21 PM","","Chest Fly (Machine)",,"",1,"normal",75,12,,,
"Push","May 25, 2026, 5:26 PM","May 25, 2026, 7:21 PM","","Chest Fly (Machine)",,"",2,"normal",82.5,12,,,
"Push","May 25, 2026, 5:26 PM","May 25, 2026, 7:21 PM","","Chest Fly (Machine)",,"",3,"dropset",52.5,7,,,
"Push","May 25, 2026, 5:26 PM","May 25, 2026, 7:21 PM","","Bench Press (Barbell)",,"Full ROM in 3rd set",0,"normal",50,12,,,
"Push","May 25, 2026, 5:26 PM","May 25, 2026, 7:21 PM","","Bench Press (Barbell)",,"Full ROM in 3rd set",1,"normal",80,6,,,
"Push","May 25, 2026, 5:26 PM","May 25, 2026, 7:21 PM","","Bench Press (Barbell)",,"Full ROM in 3rd set",2,"normal",80,1,,,
"Push","May 25, 2026, 5:26 PM","May 25, 2026, 7:21 PM","","Incline Bench Press (Smith Machine)",,"",0,"warmup",40,12,,,
"Push","May 25, 2026, 5:26 PM","May 25, 2026, 7:21 PM","","Incline Bench Press (Smith Machine)",,"",1,"normal",50,10,,,
"Push","May 25, 2026, 5:26 PM","May 25, 2026, 7:21 PM","","Incline Bench Press (Smith Machine)",,"",2,"normal",50,9,,,
"Push","May 25, 2026, 5:26 PM","May 25, 2026, 7:21 PM","","Single Arm Lateral Raise (Cable)",,"",0,"normal",15,24,,,
"Push","May 25, 2026, 5:26 PM","May 25, 2026, 7:21 PM","","Single Arm Lateral Raise (Cable)",,"",1,"normal",15,30,,,
"Push","May 25, 2026, 5:26 PM","May 25, 2026, 7:21 PM","","Single Arm Lateral Raise (Cable)",,"",2,"normal",20,24,,,
"Push","May 25, 2026, 5:26 PM","May 25, 2026, 7:21 PM","","Triceps Extension (Cable)",,"",0,"normal",15,24,,,
"Push","May 25, 2026, 5:26 PM","May 25, 2026, 7:21 PM","","Triceps Extension (Cable)",,"",1,"normal",20,30,,,
"Push","May 25, 2026, 5:26 PM","May 25, 2026, 7:21 PM","","Triceps Extension (Cable)",,"",2,"normal",20,30,,,
"Push","May 25, 2026, 5:26 PM","May 25, 2026, 7:21 PM","","Seated Triceps Press",,"",0,"normal",90,15,,,
"Push","May 25, 2026, 5:26 PM","May 25, 2026, 7:21 PM","","Seated Triceps Press",,"",1,"normal",90,15,,,
"Push","May 25, 2026, 5:26 PM","May 25, 2026, 7:21 PM","","Triceps Rope Pushdown",,"",0,"normal",30,15,,,
"Push","May 25, 2026, 5:26 PM","May 25, 2026, 7:21 PM","","Triceps Rope Pushdown",,"",1,"normal",35,15,,,
"Push","May 25, 2026, 5:26 PM","May 25, 2026, 7:21 PM","","Triceps Rope Pushdown",,"",2,"normal",35,15,,,
"Shouldies & Core","May 23, 2026, 5:42 PM","May 23, 2026, 7:14 PM","","Stretching",,"",0,"normal",,,,286,
"Shouldies & Core","May 23, 2026, 5:42 PM","May 23, 2026, 7:14 PM","","Seated Overhead Press (Barbell)",,"",0,"warmup",20,15,,,
"Shouldies & Core","May 23, 2026, 5:42 PM","May 23, 2026, 7:14 PM","","Seated Overhead Press (Barbell)",,"",1,"normal",35,12,,,
"Shouldies & Core","May 23, 2026, 5:42 PM","May 23, 2026, 7:14 PM","","Seated Overhead Press (Barbell)",,"",2,"normal",40,12,,,
"Shouldies & Core","May 23, 2026, 5:42 PM","May 23, 2026, 7:14 PM","","Seated Overhead Press (Barbell)",,"",3,"normal",45,9,,,
"Shouldies & Core","May 23, 2026, 5:42 PM","May 23, 2026, 7:14 PM","","Single Arm Lateral Raise (Cable)",,"",0,"normal",15,30,,,
"Shouldies & Core","May 23, 2026, 5:42 PM","May 23, 2026, 7:14 PM","","Single Arm Lateral Raise (Cable)",,"",1,"normal",20,24,,,
"Shouldies & Core","May 23, 2026, 5:42 PM","May 23, 2026, 7:14 PM","","Reverse Fly Single Arm (Cable)",,"",0,"normal",10,28,,,
"Shouldies & Core","May 23, 2026, 5:42 PM","May 23, 2026, 7:14 PM","","Reverse Fly Single Arm (Cable)",,"",1,"normal",10,30,,,
"Shouldies & Core","May 23, 2026, 5:42 PM","May 23, 2026, 7:14 PM","","Face Pull",,"",0,"normal",40,18,,,
"Shouldies & Core","May 23, 2026, 5:42 PM","May 23, 2026, 7:14 PM","","Face Pull",,"",1,"normal",45,15,,,
"Shouldies & Core","May 23, 2026, 5:42 PM","May 23, 2026, 7:14 PM","","Upright Row (Barbell)",,"",0,"normal",25,12,,,
"Shouldies & Core","May 23, 2026, 5:42 PM","May 23, 2026, 7:14 PM","","Upright Row (Barbell)",,"",1,"normal",25,12,,,
"Shouldies & Core","May 23, 2026, 5:42 PM","May 23, 2026, 7:14 PM","","Shrug (Dumbbell)",,"",0,"normal",60,12,,,
"Shouldies & Core","May 23, 2026, 5:42 PM","May 23, 2026, 7:14 PM","","Shrug (Smith Machine)",,"",0,"normal",60,18,,,
"Shouldies & Core","May 23, 2026, 5:42 PM","May 23, 2026, 7:14 PM","","Shrug (Smith Machine)",,"",1,"normal",65,18,,,
"Shouldies & Core","May 23, 2026, 5:42 PM","May 23, 2026, 7:14 PM","","Cable Crunch",,"",0,"normal",50,20,,,
"Shouldies & Core","May 23, 2026, 5:42 PM","May 23, 2026, 7:14 PM","","Cable Crunch",,"",1,"normal",55,20,,,
"Shouldies & Core","May 23, 2026, 5:42 PM","May 23, 2026, 7:14 PM","","Cable Crunch",,"",2,"normal",60,12,,,
"Shouldies & Core","May 23, 2026, 5:42 PM","May 23, 2026, 7:14 PM","","Cable Crunch",,"",3,"dropset",45,12,,,
"Shouldies & Core","May 23, 2026, 5:42 PM","May 23, 2026, 7:14 PM","","Cable Twist (Up to down)",,"",0,"normal",25,30,,,
"Shouldies & Core","May 23, 2026, 5:42 PM","May 23, 2026, 7:14 PM","","Cable Twist (Up to down)",,"",1,"normal",25,30,,,
"Shouldies & Core","May 23, 2026, 5:42 PM","May 23, 2026, 7:14 PM","","Cable Twist (Up to down)",,"",2,"normal",25,30,,,
"Shouldies & Core","May 23, 2026, 5:42 PM","May 23, 2026, 7:14 PM","","Toes to Bar",,"",0,"normal",,12,,,
"Shouldies & Core","May 23, 2026, 5:42 PM","May 23, 2026, 7:14 PM","","Toes to Bar",,"",1,"normal",,15,,,
"Chest & Back","May 22, 2026, 5:41 PM","May 22, 2026, 7:24 PM","","Stretching",,"",0,"normal",,,,186,
"Chest & Back","May 22, 2026, 5:41 PM","May 22, 2026, 7:24 PM","","One Arm Push Up",,"",0,"normal",,8,,,
"Chest & Back","May 22, 2026, 5:41 PM","May 22, 2026, 7:24 PM","","Cable Fly Crossovers",,"",0,"normal",40,15,,,
"Chest & Back","May 22, 2026, 5:41 PM","May 22, 2026, 7:24 PM","","Cable Fly Crossovers",,"",1,"normal",50,15,,,
"Chest & Back","May 22, 2026, 5:41 PM","May 22, 2026, 7:24 PM","","Cable Fly Crossovers",,"",2,"normal",50,15,,,
"Chest & Back","May 22, 2026, 5:41 PM","May 22, 2026, 7:24 PM","","Incline Bench Press (Dumbbell)",,"",0,"warmup",30,15,,,
"Chest & Back","May 22, 2026, 5:41 PM","May 22, 2026, 7:24 PM","","Incline Bench Press (Dumbbell)",,"",1,"normal",60,12,,,
"Chest & Back","May 22, 2026, 5:41 PM","May 22, 2026, 7:24 PM","","Incline Bench Press (Dumbbell)",,"",2,"normal",60,12,,,
"Chest & Back","May 22, 2026, 5:41 PM","May 22, 2026, 7:24 PM","","Incline Chest Fly (Dumbbell)",,"Dumbell",0,"warmup",15,15,,,
"Chest & Back","May 22, 2026, 5:41 PM","May 22, 2026, 7:24 PM","","Incline Chest Fly (Dumbbell)",,"Dumbell",1,"normal",25,12,,,
"Chest & Back","May 22, 2026, 5:41 PM","May 22, 2026, 7:24 PM","","Incline Chest Fly (Dumbbell)",,"Dumbell",2,"normal",25,11,,,
"Chest & Back","May 22, 2026, 5:41 PM","May 22, 2026, 7:24 PM","","Incline Chest Fly (Dumbbell)",,"Dumbell",3,"dropset",15,6,,,
"Chest & Back","May 22, 2026, 5:41 PM","May 22, 2026, 7:24 PM","","Muscle Up",,"Assisted (Band)",0,"normal",,3,,,
"Chest & Back","May 22, 2026, 5:41 PM","May 22, 2026, 7:24 PM","","Pull Up",,"",0,"normal",,12,,,
"Chest & Back","May 22, 2026, 5:41 PM","May 22, 2026, 7:24 PM","","Pull Up",,"",1,"normal",,12,,,
"Chest & Back","May 22, 2026, 5:41 PM","May 22, 2026, 7:24 PM","","Seated Cable Row - V Grip (Cable)",,"",0,"normal",75,12,,,
"Chest & Back","May 22, 2026, 5:41 PM","May 22, 2026, 7:24 PM","","Seated Cable Row - V Grip (Cable)",,"",1,"normal",80,14,,,
"Chest & Back","May 22, 2026, 5:41 PM","May 22, 2026, 7:24 PM","","Seated Cable Row - V Grip (Cable)",,"",2,"normal",80,12,,,
"Chest & Back","May 22, 2026, 5:41 PM","May 22, 2026, 7:24 PM","","Lat Pulldown - Close Grip (Cable)",,"",0,"normal",58.5,12,,,
"Chest & Back","May 22, 2026, 5:41 PM","May 22, 2026, 7:24 PM","","Lat Pulldown - Close Grip (Cable)",,"",1,"normal",65,10,,,
"Chest & Back","May 22, 2026, 5:41 PM","May 22, 2026, 7:24 PM","","Lat Pulldown - Close Grip (Cable)",,"",2,"normal",65,10,,,
"Chest & Back","May 22, 2026, 5:41 PM","May 22, 2026, 7:24 PM","","Seated Cable Row - Bar Grip",,"Less weight - Stretch focused",0,"normal",55,12,,,
"Chest & Back","May 22, 2026, 5:41 PM","May 22, 2026, 7:24 PM","","Seated Cable Row - Bar Grip",,"Less weight - Stretch focused",1,"normal",60,15,,,
"Chest & Back","May 22, 2026, 5:41 PM","May 22, 2026, 7:24 PM","","Seated Cable Row - Bar Grip",,"Less weight - Stretch focused",2,"normal",65,15,,,
"Arms","May 21, 2026, 5:29 PM","May 21, 2026, 7:20 PM","","Stretching",,"",0,"normal",,,,339,
"Arms","May 21, 2026, 5:29 PM","May 21, 2026, 7:20 PM","","Chin Up",,"",0,"normal",,12,,,
"Arms","May 21, 2026, 5:29 PM","May 21, 2026, 7:20 PM","","Muscle Up",,"Assisted (band)",0,"normal",,2,,,
"Arms","May 21, 2026, 5:29 PM","May 21, 2026, 7:20 PM","","Muscle Up",,"Assisted (band)",1,"normal",,1,,,
"Arms","May 21, 2026, 5:29 PM","May 21, 2026, 7:20 PM","","Muscle Up",,"Assisted (band)",2,"normal",,3,,,
"Arms","May 21, 2026, 5:29 PM","May 21, 2026, 7:20 PM","","Seated Incline Curl (Dumbbell)",,"",0,"normal",25,12,,,
"Arms","May 21, 2026, 5:29 PM","May 21, 2026, 7:20 PM","","Seated Incline Curl (Dumbbell)",,"",1,"normal",25,10,,,
"Arms","May 21, 2026, 5:29 PM","May 21, 2026, 7:20 PM","","Seated Incline Curl (Dumbbell)",,"",2,"normal",25,12,,,
"Arms","May 21, 2026, 5:29 PM","May 21, 2026, 7:20 PM","","Seated Incline Curl (Dumbbell)",,"",3,"dropset",10,8,,,
"Arms","May 21, 2026, 5:29 PM","May 21, 2026, 7:20 PM","","Triceps Pushdown",,"Bar",0,"normal",40,12,,,
"Arms","May 21, 2026, 5:29 PM","May 21, 2026, 7:20 PM","","Triceps Pushdown",,"Bar",1,"normal",45,12,,,
"Arms","May 21, 2026, 5:29 PM","May 21, 2026, 7:20 PM","","Triceps Pushdown",,"Bar",2,"normal",55,12,,,
"Arms","May 21, 2026, 5:29 PM","May 21, 2026, 7:20 PM","","Triceps Pushdown",,"Bar",3,"dropset",30,8,,,
"Arms","May 21, 2026, 5:29 PM","May 21, 2026, 7:20 PM","","Single Arm Curl (Cable)",,"",0,"normal",20,24,,,
"Arms","May 21, 2026, 5:29 PM","May 21, 2026, 7:20 PM","","Single Arm Curl (Cable)",,"",1,"normal",25,24,,,
"Arms","May 21, 2026, 5:29 PM","May 21, 2026, 7:20 PM","","Single Arm Curl (Cable)",,"",2,"normal",25,24,,,
"Arms","May 21, 2026, 5:29 PM","May 21, 2026, 7:20 PM","","Triceps Extension (Cable)",,"",0,"normal",15,24,,,
"Arms","May 21, 2026, 5:29 PM","May 21, 2026, 7:20 PM","","Triceps Extension (Cable)",,"",1,"normal",20,30,,,
"Arms","May 21, 2026, 5:29 PM","May 21, 2026, 7:20 PM","","Triceps Extension (Cable)",,"",2,"normal",20,30,,,
"Arms","May 21, 2026, 5:29 PM","May 21, 2026, 7:20 PM","","Hammer Curl (Cable)",,"Stretch focused",0,"normal",25,15,,,
"Arms","May 21, 2026, 5:29 PM","May 21, 2026, 7:20 PM","","Hammer Curl (Cable)",,"Stretch focused",1,"normal",30,15,,,
"Arms","May 21, 2026, 5:29 PM","May 21, 2026, 7:20 PM","","Hammer Curl (Cable)",,"Stretch focused",2,"normal",35,15,,,
"Arms","May 21, 2026, 5:29 PM","May 21, 2026, 7:20 PM","","Seated Palms Up Wrist Curl",0,"",0,"normal",25,18,,,
"Arms","May 21, 2026, 5:29 PM","May 21, 2026, 7:20 PM","","Seated Palms Up Wrist Curl",0,"",1,"normal",30,20,,,
"Arms","May 21, 2026, 5:29 PM","May 21, 2026, 7:20 PM","","Seated Wrist Extension (Barbell)",0,"",0,"normal",20,18,,,
"Arms","May 21, 2026, 5:29 PM","May 21, 2026, 7:20 PM","","Seated Wrist Extension (Barbell)",0,"",1,"normal",20,18,,,
"Arms","May 21, 2026, 5:29 PM","May 21, 2026, 7:20 PM","","Arm Curl (Forearms)",,"",0,"normal",30,36,,,
"Arms","May 21, 2026, 5:29 PM","May 21, 2026, 7:20 PM","","Arm Curl (Forearms)",,"",1,"normal",35,36,,,
"Arms","May 21, 2026, 5:29 PM","May 21, 2026, 7:20 PM","","Arm Curl (Forearms)",,"",2,"normal",40,36,,,
"Legs & Abs","May 20, 2026, 5:37 PM","May 20, 2026, 7:29 PM","","Stretching",,"",0,"normal",,,,344,
"Legs & Abs","May 20, 2026, 5:37 PM","May 20, 2026, 7:29 PM","","Squat (Smith Machine)",,"",0,"warmup",20,12,,,
"Legs & Abs","May 20, 2026, 5:37 PM","May 20, 2026, 7:29 PM","","Squat (Smith Machine)",,"",1,"normal",50,14,,,
"Legs & Abs","May 20, 2026, 5:37 PM","May 20, 2026, 7:29 PM","","Squat (Smith Machine)",,"",2,"normal",70,11,,,
"Legs & Abs","May 20, 2026, 5:37 PM","May 20, 2026, 7:29 PM","","Seated Leg Curl (Machine)",,"",0,"normal",55,12,,,
"Legs & Abs","May 20, 2026, 5:37 PM","May 20, 2026, 7:29 PM","","Seated Leg Curl (Machine)",,"",1,"normal",60,12,,,
"Legs & Abs","May 20, 2026, 5:37 PM","May 20, 2026, 7:29 PM","","Seated Leg Curl (Machine)",,"",2,"normal",60,12,,,
"Legs & Abs","May 20, 2026, 5:37 PM","May 20, 2026, 7:29 PM","","Single Leg Extensions",,"",0,"normal",30,24,,,
"Legs & Abs","May 20, 2026, 5:37 PM","May 20, 2026, 7:29 PM","","Single Leg Extensions",,"",1,"normal",30,24,,,
"Legs & Abs","May 20, 2026, 5:37 PM","May 20, 2026, 7:29 PM","","Single Leg Extensions",,"",2,"normal",30,24,,,
"Legs & Abs","May 20, 2026, 5:37 PM","May 20, 2026, 7:29 PM","","Hip Adduction (Machine)",0,"",0,"normal",60,12,,,
"Legs & Abs","May 20, 2026, 5:37 PM","May 20, 2026, 7:29 PM","","Hip Adduction (Machine)",0,"",1,"normal",80,12,,,
"Legs & Abs","May 20, 2026, 5:37 PM","May 20, 2026, 7:29 PM","","Hip Abduction (Machine)",0,"",0,"normal",60,15,,,
"Legs & Abs","May 20, 2026, 5:37 PM","May 20, 2026, 7:29 PM","","Hip Abduction (Machine)",0,"",1,"normal",80,15,,,
"Legs & Abs","May 20, 2026, 5:37 PM","May 20, 2026, 7:29 PM","","Standing Calf Raise (Smith)",,"",0,"normal",45,18,,,
"Legs & Abs","May 20, 2026, 5:37 PM","May 20, 2026, 7:29 PM","","Standing Calf Raise (Smith)",,"",1,"normal",60,15,,,
"Legs & Abs","May 20, 2026, 5:37 PM","May 20, 2026, 7:29 PM","","Standing Calf Raise (Smith)",,"",2,"normal",60,15,,,
"Legs & Abs","May 20, 2026, 5:37 PM","May 20, 2026, 7:29 PM","","Toes to Bar",,"",0,"normal",,12,,,
"Legs & Abs","May 20, 2026, 5:37 PM","May 20, 2026, 7:29 PM","","Toes to Bar",,"",1,"normal",,12,,,
"Legs & Abs","May 20, 2026, 5:37 PM","May 20, 2026, 7:29 PM","","Toes to Bar",,"",2,"normal",,10,,,
"Legs & Abs","May 20, 2026, 5:37 PM","May 20, 2026, 7:29 PM","","Cable Crunch",,"",0,"normal",50,22,,,
"Legs & Abs","May 20, 2026, 5:37 PM","May 20, 2026, 7:29 PM","","Cable Crunch",,"",1,"normal",55,20,,,
"Legs & Abs","May 20, 2026, 5:37 PM","May 20, 2026, 7:29 PM","","Cable Crunch",,"",2,"normal",60,20,,,
"Pull","May 19, 2026, 5:16 PM","May 19, 2026, 7:23 PM","","Stretching",,"Back",0,"normal",,,,275,
"Pull","May 19, 2026, 5:16 PM","May 19, 2026, 7:23 PM","","Pull Up",,"",0,"normal",,15,,,
"Pull","May 19, 2026, 5:16 PM","May 19, 2026, 7:23 PM","","Pull Up",,"",1,"normal",,12,,,
"Pull","May 19, 2026, 5:16 PM","May 19, 2026, 7:23 PM","","Lat Pulldown (Cable)",,"",0,"normal",65,12,,,
"Pull","May 19, 2026, 5:16 PM","May 19, 2026, 7:23 PM","","Chest Supported Incline Row (Dumbbell)",,"Dumbell 
(7- upper back, 7- lats)",0,"normal",25,14,,,
"Pull","May 19, 2026, 5:16 PM","May 19, 2026, 7:23 PM","","Chest Supported Incline Row (Dumbbell)",,"Dumbell 
(7- upper back, 7- lats)",1,"normal",30,14,,,
"Pull","May 19, 2026, 5:16 PM","May 19, 2026, 7:23 PM","","Chest Supported Incline Row (Dumbbell)",,"Dumbell 
(7- upper back, 7- lats)",2,"normal",35,14,,,
"Pull","May 19, 2026, 5:16 PM","May 19, 2026, 7:23 PM","","Single Arm Lat Pulldown",,"Cable",0,"normal",35,24,,,
"Pull","May 19, 2026, 5:16 PM","May 19, 2026, 7:23 PM","","Single Arm Lat Pulldown",,"Cable",1,"normal",40,24,,,
"Pull","May 19, 2026, 5:16 PM","May 19, 2026, 7:23 PM","","Single Arm Lat Pulldown",,"Cable",2,"normal",45,24,,,
"Pull","May 19, 2026, 5:16 PM","May 19, 2026, 7:23 PM","","Straight Arm Lat Pulldown (Cable)",,"Seated",0,"normal",40,12,,,
"Pull","May 19, 2026, 5:16 PM","May 19, 2026, 7:23 PM","","Straight Arm Lat Pulldown (Cable)",,"Seated",1,"normal",40,12,,,
"Pull","May 19, 2026, 5:16 PM","May 19, 2026, 7:23 PM","","Straight Arm Lat Pulldown (Cable)",,"Seated",2,"normal",40,15,,,
"Pull","May 19, 2026, 5:16 PM","May 19, 2026, 7:23 PM","","Behind the Back Curl (Cable)",,"",0,"normal",40,12,,,
"Pull","May 19, 2026, 5:16 PM","May 19, 2026, 7:23 PM","","Behind the Back Curl (Cable)",,"",1,"normal",50,12,,,
"Pull","May 19, 2026, 5:16 PM","May 19, 2026, 7:23 PM","","Behind the Back Curl (Cable)",,"",2,"normal",50,12,,,
"Pull","May 19, 2026, 5:16 PM","May 19, 2026, 7:23 PM","","Bicep Curl (Cable)",,"",0,"normal",50,12,,,
"Pull","May 19, 2026, 5:16 PM","May 19, 2026, 7:23 PM","","Bicep Curl (Cable)",,"",1,"normal",50,10,,,
"Pull","May 19, 2026, 5:16 PM","May 19, 2026, 7:23 PM","","Bicep Curl (Cable)",,"",2,"normal",40,15,,,
"Pull","May 19, 2026, 5:16 PM","May 19, 2026, 7:23 PM","","Cross Body Hammer Curl",,"",0,"normal",25,12,,,
"Pull","May 19, 2026, 5:16 PM","May 19, 2026, 7:23 PM","","Cross Body Hammer Curl",,"",1,"normal",30,12,,,
"Pull","May 19, 2026, 5:16 PM","May 19, 2026, 7:23 PM","","Cross Body Hammer Curl",,"",2,"normal",30,12,,,
"Pull","May 19, 2026, 5:16 PM","May 19, 2026, 7:23 PM","","Reverse Curl (Barbell)",,"",0,"normal",20,12,,,
"Pull","May 19, 2026, 5:16 PM","May 19, 2026, 7:23 PM","","Reverse Curl (Barbell)",,"",1,"normal",25,11,,,
"Pull","May 19, 2026, 5:16 PM","May 19, 2026, 7:23 PM","","Reverse Curl (Barbell)",,"",2,"normal",25,8,,,
"Pull","May 19, 2026, 5:16 PM","May 19, 2026, 7:23 PM","","Reverse Curl (Barbell)",,"",3,"dropset",20,4,,,
"Pull","May 19, 2026, 5:16 PM","May 19, 2026, 7:23 PM","","Behind the Back Wrist Curl (Barbell)",,"",0,"normal",35,18,,,
"Pull","May 19, 2026, 5:16 PM","May 19, 2026, 7:23 PM","","Behind the Back Wrist Curl (Barbell)",,"",1,"normal",40,15,,,
"Pull","May 19, 2026, 5:16 PM","May 19, 2026, 7:23 PM","","Behind the Back Wrist Curl (Barbell)",,"",2,"normal",25,25,,,
"Push & Abs","May 18, 2026, 5:32 PM","May 18, 2026, 7:12 PM","","Stretching",,"",0,"normal",,,,287,
"Push & Abs","May 18, 2026, 5:32 PM","May 18, 2026, 7:12 PM","","Clap Push Ups",,"",0,"normal",,22,,,
"Push & Abs","May 18, 2026, 5:32 PM","May 18, 2026, 7:12 PM","","One Arm Push Up",,"",0,"normal",,1,,,
"Push & Abs","May 18, 2026, 5:32 PM","May 18, 2026, 7:12 PM","","Chest Fly (Machine)",,"",0,"normal",52.5,15,,,
"Push & Abs","May 18, 2026, 5:32 PM","May 18, 2026, 7:12 PM","","Chest Fly (Machine)",,"",1,"normal",82.5,12,,,
"Push & Abs","May 18, 2026, 5:32 PM","May 18, 2026, 7:12 PM","","Chest Fly (Machine)",,"",2,"normal",82.5,12,,,
"Push & Abs","May 18, 2026, 5:32 PM","May 18, 2026, 7:12 PM","","Bench Press (Barbell)",,"",0,"normal",50,10,,,
"Push & Abs","May 18, 2026, 5:32 PM","May 18, 2026, 7:12 PM","","Bench Press (Barbell)",,"",1,"normal",75,6,,,
"Push & Abs","May 18, 2026, 5:32 PM","May 18, 2026, 7:12 PM","","Bench Press (Barbell)",,"",2,"normal",80,3,,,
"Push & Abs","May 18, 2026, 5:32 PM","May 18, 2026, 7:12 PM","","Incline Bench Press (Smith Machine)",,"",0,"warmup",35,12,,,
"Push & Abs","May 18, 2026, 5:32 PM","May 18, 2026, 7:12 PM","","Incline Bench Press (Smith Machine)",,"",1,"normal",55,10,,,
"Push & Abs","May 18, 2026, 5:32 PM","May 18, 2026, 7:12 PM","","Incline Bench Press (Smith Machine)",,"",2,"normal",55,6,,,
"Push & Abs","May 18, 2026, 5:32 PM","May 18, 2026, 7:12 PM","","Overhead Triceps Extension (Cable)",,"V bar",0,"normal",35,15,,,
"Push & Abs","May 18, 2026, 5:32 PM","May 18, 2026, 7:12 PM","","Overhead Triceps Extension (Cable)",,"V bar",1,"normal",45,15,,,
"Push & Abs","May 18, 2026, 5:32 PM","May 18, 2026, 7:12 PM","","Overhead Triceps Extension (Cable)",,"V bar",2,"normal",55,12,,,
"Push & Abs","May 18, 2026, 5:32 PM","May 18, 2026, 7:12 PM","","Triceps Rope Pushdown",,"",0,"normal",35,15,,,
"Push & Abs","May 18, 2026, 5:32 PM","May 18, 2026, 7:12 PM","","Triceps Rope Pushdown",,"",1,"normal",35,15,,,
"Push & Abs","May 18, 2026, 5:32 PM","May 18, 2026, 7:12 PM","","Triceps Rope Pushdown",,"",2,"normal",35,12,,,
"Push & Abs","May 18, 2026, 5:32 PM","May 18, 2026, 7:12 PM","","Lateral Raise (Dumbbell)",,"",0,"warmup",15,12,,,
"Push & Abs","May 18, 2026, 5:32 PM","May 18, 2026, 7:12 PM","","Lateral Raise (Dumbbell)",,"",1,"normal",25,12,,,
"Push & Abs","May 18, 2026, 5:32 PM","May 18, 2026, 7:12 PM","","Lateral Raise (Dumbbell)",,"",2,"normal",25,12,,,
"Push & Abs","May 18, 2026, 5:32 PM","May 18, 2026, 7:12 PM","","Cable Crunch",,"",0,"normal",45,15,,,
"Push & Abs","May 18, 2026, 5:32 PM","May 18, 2026, 7:12 PM","","Cable Crunch",,"",1,"normal",50,20,,,
"Push & Abs","May 18, 2026, 5:32 PM","May 18, 2026, 7:12 PM","","Cable Crunch",,"",2,"normal",55,20,,,
"Push & Abs","May 18, 2026, 5:32 PM","May 18, 2026, 7:12 PM","","Cable Twist (Up to down)",,"",0,"normal",25,30,,,
"Push & Abs","May 18, 2026, 5:32 PM","May 18, 2026, 7:12 PM","","Cable Twist (Up to down)",,"",1,"normal",25,30,,,
"Push & Abs","May 18, 2026, 5:32 PM","May 18, 2026, 7:12 PM","","Toes to Bar",,"",0,"normal",,12,,,
"Push & Abs","May 18, 2026, 5:32 PM","May 18, 2026, 7:12 PM","","Toes to Bar",,"",1,"normal",,12,,,
"Shouldies, Abs & Cardio","May 16, 2026, 5:58 PM","May 16, 2026, 7:35 PM","","Stretching",,"",0,"normal",,,,254,
"Shouldies, Abs & Cardio","May 16, 2026, 5:58 PM","May 16, 2026, 7:35 PM","","Shoulder Press (Dumbbell)",,"",0,"normal",30,15,,,
"Shouldies, Abs & Cardio","May 16, 2026, 5:58 PM","May 16, 2026, 7:35 PM","","Shoulder Press (Dumbbell)",,"",1,"normal",40,12,,,
"Shouldies, Abs & Cardio","May 16, 2026, 5:58 PM","May 16, 2026, 7:35 PM","","Shoulder Press (Dumbbell)",,"",2,"normal",40,12,,,
"Shouldies, Abs & Cardio","May 16, 2026, 5:58 PM","May 16, 2026, 7:35 PM","","Single Arm Lateral Raise (Cable)",,"",0,"normal",15,30,,,
"Shouldies, Abs & Cardio","May 16, 2026, 5:58 PM","May 16, 2026, 7:35 PM","","Single Arm Lateral Raise (Cable)",,"",1,"normal",15,30,,,
"Shouldies, Abs & Cardio","May 16, 2026, 5:58 PM","May 16, 2026, 7:35 PM","","Single Arm Lateral Raise (Cable)",,"",2,"normal",20,24,,,
"Shouldies, Abs & Cardio","May 16, 2026, 5:58 PM","May 16, 2026, 7:35 PM","","Rear Delt Reverse Fly (Dumbbell)",,"",0,"normal",15,15,,,
"Shouldies, Abs & Cardio","May 16, 2026, 5:58 PM","May 16, 2026, 7:35 PM","","Rear Delt Reverse Fly (Dumbbell)",,"",1,"normal",20,10,,,
"Shouldies, Abs & Cardio","May 16, 2026, 5:58 PM","May 16, 2026, 7:35 PM","","Rear Delt Reverse Fly (Dumbbell)",,"",2,"normal",20,10,,,
"Shouldies, Abs & Cardio","May 16, 2026, 5:58 PM","May 16, 2026, 7:35 PM","","Toes to Bar",,"",0,"normal",,12,,,
"Shouldies, Abs & Cardio","May 16, 2026, 5:58 PM","May 16, 2026, 7:35 PM","","Toes to Bar",,"",1,"normal",,12,,,
"Shouldies, Abs & Cardio","May 16, 2026, 5:58 PM","May 16, 2026, 7:35 PM","","Toes to Bar",,"",2,"normal",,9,,,
"Shouldies, Abs & Cardio","May 16, 2026, 5:58 PM","May 16, 2026, 7:35 PM","","Cable Twist (Up to down)",,"",0,"normal",20,30,,,
"Shouldies, Abs & Cardio","May 16, 2026, 5:58 PM","May 16, 2026, 7:35 PM","","Cable Twist (Up to down)",,"",1,"normal",25,30,,,
"Shouldies, Abs & Cardio","May 16, 2026, 5:58 PM","May 16, 2026, 7:35 PM","","Crunch (Weighted)",,"",0,"normal",22.5,12,,,
"Shouldies, Abs & Cardio","May 16, 2026, 5:58 PM","May 16, 2026, 7:35 PM","","Crunch (Weighted)",,"",1,"normal",22.5,12,,,
"Shouldies, Abs & Cardio","May 16, 2026, 5:58 PM","May 16, 2026, 7:35 PM","","Crunch (Weighted)",,"",2,"normal",22.5,12,,,
"Shouldies, Abs & Cardio","May 16, 2026, 5:58 PM","May 16, 2026, 7:35 PM","","Crunch (Weighted)",,"",3,"normal",27.5,12,,,
"Shouldies, Abs & Cardio","May 16, 2026, 5:58 PM","May 16, 2026, 7:35 PM","","Crunch (Weighted)",,"",4,"normal",27.5,12,,,
"Shouldies, Abs & Cardio","May 16, 2026, 5:58 PM","May 16, 2026, 7:35 PM","","Crunch (Weighted)",,"",5,"normal",27.5,12,,,
"Shouldies, Abs & Cardio","May 16, 2026, 5:58 PM","May 16, 2026, 7:35 PM","","Jumping Jack",,"",0,"normal",,50,,,
"Shouldies, Abs & Cardio","May 16, 2026, 5:58 PM","May 16, 2026, 7:35 PM","","Sprints",,"",0,"normal",,,0.1,10,
"Shouldies, Abs & Cardio","May 16, 2026, 5:58 PM","May 16, 2026, 7:35 PM","","Sprints",,"",1,"normal",,,0.17,16,
"Chest & Back","May 15, 2026, 5:54 PM","May 15, 2026, 7:31 PM","","Stretching",,"",0,"normal",,,,401,
"Chest & Back","May 15, 2026, 5:54 PM","May 15, 2026, 7:31 PM","","Push Up",,"",0,"normal",,35,,,
"Chest & Back","May 15, 2026, 5:54 PM","May 15, 2026, 7:31 PM","","Cable Fly Crossovers",,"",0,"normal",40,15,,,
"Chest & Back","May 15, 2026, 5:54 PM","May 15, 2026, 7:31 PM","","Cable Fly Crossovers",,"",1,"normal",50,12,,,
"Chest & Back","May 15, 2026, 5:54 PM","May 15, 2026, 7:31 PM","","Cable Fly Crossovers",,"",2,"normal",50,15,,,
"Chest & Back","May 15, 2026, 5:54 PM","May 15, 2026, 7:31 PM","","Incline Bench Press (Dumbbell)",,"",0,"warmup",30,15,,,
"Chest & Back","May 15, 2026, 5:54 PM","May 15, 2026, 7:31 PM","","Incline Bench Press (Dumbbell)",,"",1,"normal",50,12,,,
"Chest & Back","May 15, 2026, 5:54 PM","May 15, 2026, 7:31 PM","","Incline Bench Press (Dumbbell)",,"",2,"normal",60,12,,,
"Chest & Back","May 15, 2026, 5:54 PM","May 15, 2026, 7:31 PM","","Incline Chest Fly (Dumbbell)",,"Cable",0,"normal",40,12,,,
"Chest & Back","May 15, 2026, 5:54 PM","May 15, 2026, 7:31 PM","","Incline Chest Fly (Dumbbell)",,"Cable",1,"normal",40,12,,,
"Chest & Back","May 15, 2026, 5:54 PM","May 15, 2026, 7:31 PM","","Incline Chest Fly (Dumbbell)",,"Cable",2,"normal",40,12,,,
"Chest & Back","May 15, 2026, 5:54 PM","May 15, 2026, 7:31 PM","","Pull Up",,"",0,"normal",,12,,,
"Chest & Back","May 15, 2026, 5:54 PM","May 15, 2026, 7:31 PM","","Pull Up",,"",1,"normal",,12,,,
"Chest & Back","May 15, 2026, 5:54 PM","May 15, 2026, 7:31 PM","","Lat Pulldown - Close Grip (Cable)",,"",0,"normal",58.5,12,,,
"Chest & Back","May 15, 2026, 5:54 PM","May 15, 2026, 7:31 PM","","Lat Pulldown - Close Grip (Cable)",,"",1,"normal",58.5,12,,,
"Chest & Back","May 15, 2026, 5:54 PM","May 15, 2026, 7:31 PM","","Lat Pulldown - Close Grip (Cable)",,"",2,"normal",58.5,10,,,
"Chest & Back","May 15, 2026, 5:54 PM","May 15, 2026, 7:31 PM","","Single Arm Lat Pulldown",,"Cable",0,"normal",35,24,,,
"Chest & Back","May 15, 2026, 5:54 PM","May 15, 2026, 7:31 PM","","Single Arm Lat Pulldown",,"Cable",1,"normal",35,24,,,
"Chest & Back","May 15, 2026, 5:54 PM","May 15, 2026, 7:31 PM","","Bent Over Row (Barbell)",,"",0,"warmup",20,12,,,
"Chest & Back","May 15, 2026, 5:54 PM","May 15, 2026, 7:31 PM","","Bent Over Row (Barbell)",,"",1,"normal",40,15,,,
"Chest & Back","May 15, 2026, 5:54 PM","May 15, 2026, 7:31 PM","","Bent Over Row (Barbell)",,"",2,"normal",60,12,,,
"Chest & Back","May 15, 2026, 5:54 PM","May 15, 2026, 7:31 PM","","Shrug (Barbell)",,"",0,"normal",60,16,,,
"Chest & Back","May 15, 2026, 5:54 PM","May 15, 2026, 7:31 PM","","Shrug (Barbell)",,"",1,"normal",60,15,,,
"Chest & Back","May 15, 2026, 5:54 PM","May 15, 2026, 7:31 PM","","Shrug (Barbell)",,"",2,"normal",70,15,,,
"Chest & Back","May 15, 2026, 5:54 PM","May 15, 2026, 7:31 PM","","Dead Hang",,"",0,"normal",,,,33,
"Chest & Back","May 15, 2026, 5:54 PM","May 15, 2026, 7:31 PM","","Dead Hang",,"",1,"normal",,,,34,
"Arms","May 14, 2026, 5:53 PM","May 14, 2026, 7:25 PM","","Stretching",,"",0,"normal",,,,214,
"Arms","May 14, 2026, 5:53 PM","May 14, 2026, 7:25 PM","","Chin Up",,"",0,"normal",,12,,,
"Arms","May 14, 2026, 5:53 PM","May 14, 2026, 7:25 PM","","Seated Incline Curl (Dumbbell)",,"",0,"normal",25,11,,,
"Arms","May 14, 2026, 5:53 PM","May 14, 2026, 7:25 PM","","Seated Incline Curl (Dumbbell)",,"",1,"normal",25,12,,,
"Arms","May 14, 2026, 5:53 PM","May 14, 2026, 7:25 PM","","Seated Incline Curl (Dumbbell)",,"",2,"normal",25,7,,,
"Arms","May 14, 2026, 5:53 PM","May 14, 2026, 7:25 PM","","Seated Incline Curl (Dumbbell)",,"",3,"dropset",15,6,,,
"Arms","May 14, 2026, 5:53 PM","May 14, 2026, 7:25 PM","","Diamond Push Up",,"",0,"normal",,20,,,
"Arms","May 14, 2026, 5:53 PM","May 14, 2026, 7:25 PM","","Skullcrusher (Barbell)",,"",0,"normal",25,12,,,
"Arms","May 14, 2026, 5:53 PM","May 14, 2026, 7:25 PM","","Skullcrusher (Barbell)",,"",1,"normal",25,15,,,
"Arms","May 14, 2026, 5:53 PM","May 14, 2026, 7:25 PM","","Skullcrusher (Barbell)",,"",2,"normal",30,10,,,
"Arms","May 14, 2026, 5:53 PM","May 14, 2026, 7:25 PM","","Hammer Curl (Dumbbell)",,"Strict",0,"normal",25,12,,,
"Arms","May 14, 2026, 5:53 PM","May 14, 2026, 7:25 PM","","Hammer Curl (Dumbbell)",,"Strict",1,"normal",25,12,,,
"Arms","May 14, 2026, 5:53 PM","May 14, 2026, 7:25 PM","","Hammer Curl (Dumbbell)",,"Strict",2,"normal",25,12,,,
"Arms","May 14, 2026, 5:53 PM","May 14, 2026, 7:25 PM","","Triceps Rope Pushdown",,"",0,"normal",30,15,,,
"Arms","May 14, 2026, 5:53 PM","May 14, 2026, 7:25 PM","","Triceps Rope Pushdown",,"",1,"normal",35,12,,,
"Arms","May 14, 2026, 5:53 PM","May 14, 2026, 7:25 PM","","Triceps Rope Pushdown",,"",2,"normal",35,12,,,
"Arms","May 14, 2026, 5:53 PM","May 14, 2026, 7:25 PM","","Triceps Rope Pushdown",,"",3,"dropset",20,12,,,
"Arms","May 14, 2026, 5:53 PM","May 14, 2026, 7:25 PM","","Single Arm Curl (Cable)",,"",0,"normal",25,24,,,
"Arms","May 14, 2026, 5:53 PM","May 14, 2026, 7:25 PM","","Single Arm Curl (Cable)",,"",1,"normal",25,24,,,
"Arms","May 14, 2026, 5:53 PM","May 14, 2026, 7:25 PM","","Bicep Curl (Cable)",,"",0,"normal",45,15,,,
"Arms","May 14, 2026, 5:53 PM","May 14, 2026, 7:25 PM","","Single Arm Triceps Pushdown (Cable)",,"Cbum var.",0,"normal",10,30,,,
"Arms","May 14, 2026, 5:53 PM","May 14, 2026, 7:25 PM","","Single Arm Triceps Pushdown (Cable)",,"Cbum var.",1,"normal",15,24,,,
"Arms","May 14, 2026, 5:53 PM","May 14, 2026, 7:25 PM","","Seated Palms Up Wrist Curl",0,"",0,"normal",25,15,,,
"Arms","May 14, 2026, 5:53 PM","May 14, 2026, 7:25 PM","","Seated Palms Up Wrist Curl",0,"",1,"normal",30,15,,,
"Arms","May 14, 2026, 5:53 PM","May 14, 2026, 7:25 PM","","Seated Wrist Extension (Barbell)",0,"",0,"normal",15,18,,,
"Arms","May 14, 2026, 5:53 PM","May 14, 2026, 7:25 PM","","Seated Wrist Extension (Barbell)",0,"",1,"normal",20,18,,,
"Legs","May 13, 2026, 6:02 PM","May 13, 2026, 7:28 PM","","Stretching",,"Legs",0,"normal",,,,330,
"Legs","May 13, 2026, 6:02 PM","May 13, 2026, 7:28 PM","","Bulgarian Split Squat (Dumbbell)",,"",0,"normal",20,12,,,
"Legs","May 13, 2026, 6:02 PM","May 13, 2026, 7:28 PM","","Bulgarian Split Squat (Dumbbell)",,"",1,"normal",25,12,,,
"Legs","May 13, 2026, 6:02 PM","May 13, 2026, 7:28 PM","","Bulgarian Split Squat (Dumbbell)",,"",2,"normal",25,12,,,
"Legs","May 13, 2026, 6:02 PM","May 13, 2026, 7:28 PM","","Seated Leg Curl (Machine)",,"",0,"normal",55,12,,,
"Legs","May 13, 2026, 6:02 PM","May 13, 2026, 7:28 PM","","Seated Leg Curl (Machine)",,"",1,"normal",55,12,,,
"Legs","May 13, 2026, 6:02 PM","May 13, 2026, 7:28 PM","","Seated Leg Curl (Machine)",,"",2,"normal",55,12,,,
"Legs","May 13, 2026, 6:02 PM","May 13, 2026, 7:28 PM","","Leg Extension (Machine)",,"",0,"normal",50,12,,,
"Legs","May 13, 2026, 6:02 PM","May 13, 2026, 7:28 PM","","Leg Extension (Machine)",,"",1,"normal",55,12,,,
"Legs","May 13, 2026, 6:02 PM","May 13, 2026, 7:28 PM","","Leg Extension (Machine)",,"",2,"normal",60,12,,,
"Legs","May 13, 2026, 6:02 PM","May 13, 2026, 7:28 PM","","Hip Abduction (Machine)",0,"",0,"normal",70,12,,,
"Legs","May 13, 2026, 6:02 PM","May 13, 2026, 7:28 PM","","Hip Abduction (Machine)",0,"",1,"normal",70,15,,,
"Legs","May 13, 2026, 6:02 PM","May 13, 2026, 7:28 PM","","Hip Adduction (Machine)",0,"",0,"normal",70,12,,,
"Legs","May 13, 2026, 6:02 PM","May 13, 2026, 7:28 PM","","Hip Adduction (Machine)",0,"",1,"normal",70,15,,,
"Legs","May 13, 2026, 6:02 PM","May 13, 2026, 7:28 PM","","Standing Calf Raise (Smith)",,"",0,"normal",50,15,,,
"Legs","May 13, 2026, 6:02 PM","May 13, 2026, 7:28 PM","","Standing Calf Raise (Smith)",,"",1,"normal",50,15,,,
"Legs","May 13, 2026, 6:02 PM","May 13, 2026, 7:28 PM","","Standing Calf Raise (Smith)",,"",2,"normal",50,15,,,
"Legs","May 13, 2026, 6:02 PM","May 13, 2026, 7:28 PM","","Leg Press (Machine)",,"",0,"normal",100,12,,,
"Legs","May 13, 2026, 6:02 PM","May 13, 2026, 7:28 PM","","Leg Press (Machine)",,"",1,"normal",140,12,,,
"Legs","May 13, 2026, 6:02 PM","May 13, 2026, 7:28 PM","","Leg Press (Machine)",,"",2,"normal",155,12,,,
"Pull","May 12, 2026, 5:48 PM","May 12, 2026, 7:22 PM","","Stretching",,"Back",0,"normal",,,,426,
"Pull","May 12, 2026, 5:48 PM","May 12, 2026, 7:22 PM","","Pull Up",,"",0,"normal",,15,,,
"Pull","May 12, 2026, 5:48 PM","May 12, 2026, 7:22 PM","","Pull Up",,"",1,"normal",,12,,,
"Pull","May 12, 2026, 5:48 PM","May 12, 2026, 7:22 PM","","Lat Pulldown (Cable)",,"",0,"normal",65,12,,,
"Pull","May 12, 2026, 5:48 PM","May 12, 2026, 7:22 PM","","Chest Supported Incline Row (Dumbbell)",,"",0,"normal",40,12,,,
"Pull","May 12, 2026, 5:48 PM","May 12, 2026, 7:22 PM","","Chest Supported Incline Row (Dumbbell)",,"",1,"normal",45,12,,,
"Pull","May 12, 2026, 5:48 PM","May 12, 2026, 7:22 PM","","Chest Supported Incline Row (Dumbbell)",,"",2,"normal",50,8,,,
"Pull","May 12, 2026, 5:48 PM","May 12, 2026, 7:22 PM","","Straight Arm Lat Pulldown (Cable)",,"Seated",0,"normal",30,12,,,
"Pull","May 12, 2026, 5:48 PM","May 12, 2026, 7:22 PM","","Straight Arm Lat Pulldown (Cable)",,"Seated",1,"normal",35,12,,,
"Pull","May 12, 2026, 5:48 PM","May 12, 2026, 7:22 PM","","Straight Arm Lat Pulldown (Cable)",,"Seated",2,"normal",35,15,,,
"Pull","May 12, 2026, 5:48 PM","May 12, 2026, 7:22 PM","","Reverse Grip Lat Pulldown (Cable)",,"",0,"normal",65,12,,,
"Pull","May 12, 2026, 5:48 PM","May 12, 2026, 7:22 PM","","Reverse Grip Lat Pulldown (Cable)",,"",1,"normal",65,11,,,
"Pull","May 12, 2026, 5:48 PM","May 12, 2026, 7:22 PM","","Face Pull",,"",0,"normal",35,12,,,
"Pull","May 12, 2026, 5:48 PM","May 12, 2026, 7:22 PM","","Face Pull",,"",1,"normal",40,12,,,
"Pull","May 12, 2026, 5:48 PM","May 12, 2026, 7:22 PM","","Face Pull",,"",2,"normal",45,15,,,
"Pull","May 12, 2026, 5:48 PM","May 12, 2026, 7:22 PM","","Behind the Back Curl (Cable)",,"",0,"normal",40,12,,,
"Pull","May 12, 2026, 5:48 PM","May 12, 2026, 7:22 PM","","Behind the Back Curl (Cable)",,"",1,"normal",40,12,,,
"Pull","May 12, 2026, 5:48 PM","May 12, 2026, 7:22 PM","","Behind the Back Curl (Cable)",,"",2,"normal",40,11,,,
"Pull","May 12, 2026, 5:48 PM","May 12, 2026, 7:22 PM","","Bicep Curl (Cable)",0,"",0,"normal",35,12,,,
"Pull","May 12, 2026, 5:48 PM","May 12, 2026, 7:22 PM","","Bicep Curl (Cable)",0,"",1,"normal",35,12,,,
"Pull","May 12, 2026, 5:48 PM","May 12, 2026, 7:22 PM","","Reverse Curl (Cable)",0,"",0,"normal",30,12,,,
"Pull","May 12, 2026, 5:48 PM","May 12, 2026, 7:22 PM","","Reverse Curl (Cable)",0,"",1,"normal",30,10,,,
"Pull","May 12, 2026, 5:48 PM","May 12, 2026, 7:22 PM","","Hammer Curl (Cable)",,"",0,"normal",35,12,,,
"Pull","May 12, 2026, 5:48 PM","May 12, 2026, 7:22 PM","","Hammer Curl (Cable)",,"",1,"normal",30,12,,,
"Push + Abs","May 11, 2026, 5:50 PM","May 11, 2026, 7:22 PM","","Stretching",,"",0,"normal",,,,137,
"Push + Abs","May 11, 2026, 5:50 PM","May 11, 2026, 7:22 PM","","Push Up",,"",0,"normal",,30,,,
"Push + Abs","May 11, 2026, 5:50 PM","May 11, 2026, 7:22 PM","","Chest Fly (Machine)",,"",0,"warmup",45,12,,,
"Push + Abs","May 11, 2026, 5:50 PM","May 11, 2026, 7:22 PM","","Chest Fly (Machine)",,"",1,"normal",75,12,,,
"Push + Abs","May 11, 2026, 5:50 PM","May 11, 2026, 7:22 PM","","Chest Fly (Machine)",,"",2,"normal",75,12,,,
"Push + Abs","May 11, 2026, 5:50 PM","May 11, 2026, 7:22 PM","","Incline Bench Press (Smith Machine)",,"",0,"warmup",40,12,,,
"Push + Abs","May 11, 2026, 5:50 PM","May 11, 2026, 7:22 PM","","Incline Bench Press (Smith Machine)",,"",1,"normal",50,12,,,
"Push + Abs","May 11, 2026, 5:50 PM","May 11, 2026, 7:22 PM","","Incline Bench Press (Smith Machine)",,"",2,"normal",50,9,,,
"Push + Abs","May 11, 2026, 5:50 PM","May 11, 2026, 7:22 PM","","Bench Press (Dumbbell)",,"",0,"normal",40,12,,,
"Push + Abs","May 11, 2026, 5:50 PM","May 11, 2026, 7:22 PM","","Bench Press (Dumbbell)",,"",1,"normal",50,10,,,
"Push + Abs","May 11, 2026, 5:50 PM","May 11, 2026, 7:22 PM","","Triceps Rope Pushdown",,"",0,"normal",35,12,,,
"Push + Abs","May 11, 2026, 5:50 PM","May 11, 2026, 7:22 PM","","Triceps Rope Pushdown",,"",1,"normal",30,12,,,
"Push + Abs","May 11, 2026, 5:50 PM","May 11, 2026, 7:22 PM","","Triceps Rope Pushdown",,"",2,"normal",30,15,,,
"Push + Abs","May 11, 2026, 5:50 PM","May 11, 2026, 7:22 PM","","Overhead Triceps Extension (Cable)",,"V bar",0,"normal",25,15,,,
"Push + Abs","May 11, 2026, 5:50 PM","May 11, 2026, 7:22 PM","","Overhead Triceps Extension (Cable)",,"V bar",1,"normal",40,12,,,
"Push + Abs","May 11, 2026, 5:50 PM","May 11, 2026, 7:22 PM","","Overhead Triceps Extension (Cable)",,"V bar",2,"normal",40,12,,,
"Push + Abs","May 11, 2026, 5:50 PM","May 11, 2026, 7:22 PM","","Seated Triceps Press",,"",0,"normal",90,12,,,
"Push + Abs","May 11, 2026, 5:50 PM","May 11, 2026, 7:22 PM","","Seated Triceps Press",,"",1,"normal",95,15,,,
"Push + Abs","May 11, 2026, 5:50 PM","May 11, 2026, 7:22 PM","","Lateral Raise (Dumbbell)",,"",0,"normal",20,12,,,
"Push + Abs","May 11, 2026, 5:50 PM","May 11, 2026, 7:22 PM","","Lateral Raise (Dumbbell)",,"",1,"normal",25,10,,,
"Push + Abs","May 11, 2026, 5:50 PM","May 11, 2026, 7:22 PM","","Toes to Bar",,"",0,"normal",,12,,,
"Push + Abs","May 11, 2026, 5:50 PM","May 11, 2026, 7:22 PM","","Toes to Bar",,"",1,"normal",,12,,,
"Push + Abs","May 11, 2026, 5:50 PM","May 11, 2026, 7:22 PM","","Russian Twist (Bodyweight)",,"Hanging",0,"normal",,24,,,
"Legs & Deadlift","May 9, 2026, 5:44 PM","May 9, 2026, 7:22 PM","130 DL 💋","Stretching",,"",0,"normal",,,,392,
"Legs & Deadlift","May 9, 2026, 5:44 PM","May 9, 2026, 7:22 PM","130 DL 💋","Deadlift (Barbell)",,"",0,"warmup",60,6,,,
"Legs & Deadlift","May 9, 2026, 5:44 PM","May 9, 2026, 7:22 PM","130 DL 💋","Deadlift (Barbell)",,"",1,"normal",100,3,,,
"Legs & Deadlift","May 9, 2026, 5:44 PM","May 9, 2026, 7:22 PM","130 DL 💋","Deadlift (Barbell)",,"",2,"normal",110,3,,,
"Legs & Deadlift","May 9, 2026, 5:44 PM","May 9, 2026, 7:22 PM","130 DL 💋","Deadlift (Barbell)",,"",3,"normal",120,3,,,
"Legs & Deadlift","May 9, 2026, 5:44 PM","May 9, 2026, 7:22 PM","130 DL 💋","Deadlift (Barbell)",,"",4,"normal",130,1,,,
"Legs & Deadlift","May 9, 2026, 5:44 PM","May 9, 2026, 7:22 PM","130 DL 💋","Leg Extension (Machine)",,"",0,"normal",50,12,,,
"Legs & Deadlift","May 9, 2026, 5:44 PM","May 9, 2026, 7:22 PM","130 DL 💋","Leg Extension (Machine)",,"",1,"normal",60,12,,,
"Legs & Deadlift","May 9, 2026, 5:44 PM","May 9, 2026, 7:22 PM","130 DL 💋","Leg Extension (Machine)",,"",2,"normal",70,12,,,
"Legs & Deadlift","May 9, 2026, 5:44 PM","May 9, 2026, 7:22 PM","130 DL 💋","Seated Leg Curl (Machine)",,"",0,"normal",55,12,,,
"Legs & Deadlift","May 9, 2026, 5:44 PM","May 9, 2026, 7:22 PM","130 DL 💋","Seated Leg Curl (Machine)",,"",1,"normal",60,12,,,
"Legs & Deadlift","May 9, 2026, 5:44 PM","May 9, 2026, 7:22 PM","130 DL 💋","Seated Leg Curl (Machine)",,"",2,"normal",60,12,,,
"Legs & Deadlift","May 9, 2026, 5:44 PM","May 9, 2026, 7:22 PM","130 DL 💋","Hip Adduction (Machine)",0,"",0,"normal",70,12,,,
"Legs & Deadlift","May 9, 2026, 5:44 PM","May 9, 2026, 7:22 PM","130 DL 💋","Hip Adduction (Machine)",0,"",1,"normal",80,12,,,
"Legs & Deadlift","May 9, 2026, 5:44 PM","May 9, 2026, 7:22 PM","130 DL 💋","Hip Adduction (Machine)",0,"",2,"normal",80,12,,,
"Legs & Deadlift","May 9, 2026, 5:44 PM","May 9, 2026, 7:22 PM","130 DL 💋","Hip Abduction (Machine)",0,"",0,"normal",70,12,,,
"Legs & Deadlift","May 9, 2026, 5:44 PM","May 9, 2026, 7:22 PM","130 DL 💋","Hip Abduction (Machine)",0,"",1,"normal",70,15,,,
"Legs & Deadlift","May 9, 2026, 5:44 PM","May 9, 2026, 7:22 PM","130 DL 💋","Hip Abduction (Machine)",0,"",2,"normal",80,12,,,
"Legs & Deadlift","May 9, 2026, 5:44 PM","May 9, 2026, 7:22 PM","130 DL 💋","Standing Calf Raise (Smith)",,"",0,"normal",40,15,,,
"Legs & Deadlift","May 9, 2026, 5:44 PM","May 9, 2026, 7:22 PM","130 DL 💋","Standing Calf Raise (Smith)",,"",1,"normal",50,18,,,
"Legs & Deadlift","May 9, 2026, 5:44 PM","May 9, 2026, 7:22 PM","130 DL 💋","Standing Calf Raise (Smith)",,"",2,"normal",50,18,,,
"Lol","May 8, 2026, 5:53 PM","May 8, 2026, 6:56 PM","","Stretching",,"Misc.",0,"normal",,,,219,
"Lol","May 8, 2026, 5:53 PM","May 8, 2026, 6:56 PM","","Dead Hang",,"",0,"normal",,,,43,
"Lol","May 8, 2026, 5:53 PM","May 8, 2026, 6:56 PM","","Dead Hang",,"",1,"normal",,,,42,
"Lol","May 8, 2026, 5:53 PM","May 8, 2026, 6:56 PM","","Dead Hang",,"",2,"normal",,,,36,
"Lol","May 8, 2026, 5:53 PM","May 8, 2026, 6:56 PM","","Back Extension (Hyperextension)",,"",0,"normal",,16,,,
"Lol","May 8, 2026, 5:53 PM","May 8, 2026, 6:56 PM","","Back Extension (Hyperextension)",,"",1,"normal",,18,,,
"Lol","May 8, 2026, 5:53 PM","May 8, 2026, 6:56 PM","","Back Extension (Hyperextension)",,"",2,"normal",,18,,,
"Arms","May 7, 2026, 5:44 PM","May 7, 2026, 7:17 PM","150th wk💋","Stretching",,"Arms",0,"normal",,,,86,
"Arms","May 7, 2026, 5:44 PM","May 7, 2026, 7:17 PM","150th wk💋","Diamond Push Up",,"",0,"normal",,15,,,
"Arms","May 7, 2026, 5:44 PM","May 7, 2026, 7:17 PM","150th wk💋","Chin Up",,"",0,"normal",,12,,,
"Arms","May 7, 2026, 5:44 PM","May 7, 2026, 7:17 PM","150th wk💋","Front Raise (Cable)",,"",0,"normal",20,12,,,
"Arms","May 7, 2026, 5:44 PM","May 7, 2026, 7:17 PM","150th wk💋","Front Raise (Cable)",,"",1,"normal",30,12,,,
"Arms","May 7, 2026, 5:44 PM","May 7, 2026, 7:17 PM","150th wk💋","Front Raise (Cable)",,"",2,"normal",30,12,,,
"Arms","May 7, 2026, 5:44 PM","May 7, 2026, 7:17 PM","150th wk💋","Seated Incline Curl (Dumbbell)",,"",0,"normal",25,10,,,
"Arms","May 7, 2026, 5:44 PM","May 7, 2026, 7:17 PM","150th wk💋","Seated Incline Curl (Dumbbell)",,"",1,"normal",25,9,,,
"Arms","May 7, 2026, 5:44 PM","May 7, 2026, 7:17 PM","150th wk💋","Seated Incline Curl (Dumbbell)",,"",2,"normal",25,7,,,
"Arms","May 7, 2026, 5:44 PM","May 7, 2026, 7:17 PM","150th wk💋","Seated Incline Curl (Dumbbell)",,"",3,"dropset",15,6,,,
"Arms","May 7, 2026, 5:44 PM","May 7, 2026, 7:17 PM","150th wk💋","Seated Triceps Press",,"",0,"normal",90,12,,,
"Arms","May 7, 2026, 5:44 PM","May 7, 2026, 7:17 PM","150th wk💋","Seated Triceps Press",,"",1,"normal",90,12,,,
"Arms","May 7, 2026, 5:44 PM","May 7, 2026, 7:17 PM","150th wk💋","Seated Triceps Press",,"",2,"normal",100,10,,,
"Arms","May 7, 2026, 5:44 PM","May 7, 2026, 7:17 PM","150th wk💋","Single Arm Curl (Cable)",,"",0,"normal",20,24,,,
"Arms","May 7, 2026, 5:44 PM","May 7, 2026, 7:17 PM","150th wk💋","Single Arm Curl (Cable)",,"",1,"normal",25,22,,,
"Arms","May 7, 2026, 5:44 PM","May 7, 2026, 7:17 PM","150th wk💋","Single Arm Curl (Cable)",,"",2,"normal",25,20,,,
"Arms","May 7, 2026, 5:44 PM","May 7, 2026, 7:17 PM","150th wk💋","Triceps Rope Pushdown",,"",0,"normal",30,15,,,
"Arms","May 7, 2026, 5:44 PM","May 7, 2026, 7:17 PM","150th wk💋","Triceps Rope Pushdown",,"",1,"normal",35,12,,,
"Arms","May 7, 2026, 5:44 PM","May 7, 2026, 7:17 PM","150th wk💋","Triceps Rope Pushdown",,"",2,"normal",30,18,,,
"Arms","May 7, 2026, 5:44 PM","May 7, 2026, 7:17 PM","150th wk💋","Hammer Curl (Dumbbell)",,"Preacher",0,"normal",25,12,,,
"Arms","May 7, 2026, 5:44 PM","May 7, 2026, 7:17 PM","150th wk💋","Hammer Curl (Dumbbell)",,"Preacher",1,"normal",25,12,,,
"Arms","May 7, 2026, 5:44 PM","May 7, 2026, 7:17 PM","150th wk💋","Hammer Curl (Dumbbell)",,"Preacher",2,"normal",30,10,,,
"Arms","May 7, 2026, 5:44 PM","May 7, 2026, 7:17 PM","150th wk💋","Seated Palms Up Wrist Curl",0,"Barbell (thnx to bhaiya for 25)",0,"normal",20,15,,,
"Arms","May 7, 2026, 5:44 PM","May 7, 2026, 7:17 PM","150th wk💋","Seated Palms Up Wrist Curl",0,"Barbell (thnx to bhaiya for 25)",1,"normal",25,15,,,
"Arms","May 7, 2026, 5:44 PM","May 7, 2026, 7:17 PM","150th wk💋","Reverse Curl (Barbell)",0,"",0,"normal",20,12,,,
"Arms","May 7, 2026, 5:44 PM","May 7, 2026, 7:17 PM","150th wk💋","Reverse Curl (Barbell)",0,"",1,"normal",20,12,,,
"Legs","May 6, 2026, 6:03 PM","May 6, 2026, 7:23 PM","","Stretching",,"",0,"normal",,,,496,
"Legs","May 6, 2026, 6:03 PM","May 6, 2026, 7:23 PM","","Lunge (Dumbbell)",,"Walking",0,"normal",25,12,,,
"Legs","May 6, 2026, 6:03 PM","May 6, 2026, 7:23 PM","","Lunge (Dumbbell)",,"Walking",1,"normal",30,12,,,
"Legs","May 6, 2026, 6:03 PM","May 6, 2026, 7:23 PM","","Leg Press (Machine)",,"💋",0,"normal",110,12,,,
"Legs","May 6, 2026, 6:03 PM","May 6, 2026, 7:23 PM","","Leg Press (Machine)",,"💋",1,"normal",130,12,,,
"Legs","May 6, 2026, 6:03 PM","May 6, 2026, 7:23 PM","","Leg Press (Machine)",,"💋",2,"normal",160,12,,,
"Legs","May 6, 2026, 6:03 PM","May 6, 2026, 7:23 PM","","Seated Leg Curl (Machine)",,"",0,"normal",55,12,,,
"Legs","May 6, 2026, 6:03 PM","May 6, 2026, 7:23 PM","","Seated Leg Curl (Machine)",,"",1,"normal",60,12,,,
"Legs","May 6, 2026, 6:03 PM","May 6, 2026, 7:23 PM","","Hip Abduction (Machine)",0,"",0,"normal",70,12,,,
"Legs","May 6, 2026, 6:03 PM","May 6, 2026, 7:23 PM","","Hip Abduction (Machine)",0,"",1,"normal",70,12,,,
"Legs","May 6, 2026, 6:03 PM","May 6, 2026, 7:23 PM","","Hip Adduction (Machine)",0,"",0,"normal",70,12,,,
"Legs","May 6, 2026, 6:03 PM","May 6, 2026, 7:23 PM","","Hip Adduction (Machine)",0,"",1,"normal",70,12,,,
"Legs","May 6, 2026, 6:03 PM","May 6, 2026, 7:23 PM","","Standing Calf Raise (Smith)",,"",0,"normal",50,15,,,
"Legs","May 6, 2026, 6:03 PM","May 6, 2026, 7:23 PM","","Standing Calf Raise (Smith)",,"",1,"normal",50,18,,,
"Push","May 5, 2026, 5:51 PM","May 5, 2026, 7:28 PM","","Stretching",,"",0,"normal",,,,437,
"Push","May 5, 2026, 5:51 PM","May 5, 2026, 7:28 PM","","Push Up",,"",0,"normal",,30,,,
"Push","May 5, 2026, 5:51 PM","May 5, 2026, 7:28 PM","","Incline Bench Press (Dumbbell)",,"",0,"warmup",25,12,,,
"Push","May 5, 2026, 5:51 PM","May 5, 2026, 7:28 PM","","Incline Bench Press (Dumbbell)",,"",1,"normal",50,10,,,
"Push","May 5, 2026, 5:51 PM","May 5, 2026, 7:28 PM","","Incline Bench Press (Dumbbell)",,"",2,"normal",50,10,,,
"Push","May 5, 2026, 5:51 PM","May 5, 2026, 7:28 PM","","Chest Fly (Machine)",,"",0,"normal",75,12,,,
"Push","May 5, 2026, 5:51 PM","May 5, 2026, 7:28 PM","","Chest Fly (Machine)",,"",1,"normal",75,12,,,
"Push","May 5, 2026, 5:51 PM","May 5, 2026, 7:28 PM","","Chest Fly (Machine)",,"",2,"normal",75,12,,,
"Push","May 5, 2026, 5:51 PM","May 5, 2026, 7:28 PM","","Cable Fly Crossovers",,"",0,"normal",50,12,,,
"Push","May 5, 2026, 5:51 PM","May 5, 2026, 7:28 PM","","Cable Fly Crossovers",,"",1,"normal",50,15,,,
"Push","May 5, 2026, 5:51 PM","May 5, 2026, 7:28 PM","","Cable Fly Crossovers",,"",2,"normal",50,15,,,
"Push","May 5, 2026, 5:51 PM","May 5, 2026, 7:28 PM","","Triceps Extension (Cable)",,"",0,"normal",10,24,,,
"Push","May 5, 2026, 5:51 PM","May 5, 2026, 7:28 PM","","Triceps Extension (Cable)",,"",1,"normal",15,24,,,
"Push","May 5, 2026, 5:51 PM","May 5, 2026, 7:28 PM","","Triceps Extension (Cable)",,"",2,"normal",15,24,,,
"Push","May 5, 2026, 5:51 PM","May 5, 2026, 7:28 PM","","Triceps Rope Pushdown",,"",0,"normal",35,12,,,
"Push","May 5, 2026, 5:51 PM","May 5, 2026, 7:28 PM","","Triceps Rope Pushdown",,"",1,"normal",30,15,,,
"Push","May 5, 2026, 5:51 PM","May 5, 2026, 7:28 PM","","Triceps Rope Pushdown",,"",2,"normal",30,15,,,
"Push","May 5, 2026, 5:51 PM","May 5, 2026, 7:28 PM","","Seated Triceps Press",,"",0,"normal",70,15,,,
"Push","May 5, 2026, 5:51 PM","May 5, 2026, 7:28 PM","","Seated Triceps Press",,"",1,"normal",85,12,,,
"Push","May 5, 2026, 5:51 PM","May 5, 2026, 7:28 PM","","Seated Triceps Press",,"",2,"normal",85,12,,,
"Push","May 5, 2026, 5:51 PM","May 5, 2026, 7:28 PM","","Lateral Raise (Dumbbell)",,"",0,"normal",20,12,,,
"Push","May 5, 2026, 5:51 PM","May 5, 2026, 7:28 PM","","Lateral Raise (Dumbbell)",,"",1,"normal",20,12,,,
"Push","May 5, 2026, 5:51 PM","May 5, 2026, 7:28 PM","","Lateral Raise (Dumbbell)",,"",2,"normal",20,12,,,
"Push","May 5, 2026, 5:51 PM","May 5, 2026, 7:28 PM","","Rear Delt Reverse Fly (Dumbbell)",,"",0,"normal",15,12,,,
"Push","May 5, 2026, 5:51 PM","May 5, 2026, 7:28 PM","","Rear Delt Reverse Fly (Dumbbell)",,"",1,"normal",15,12,,,
"Push","May 5, 2026, 5:51 PM","May 5, 2026, 7:28 PM","","Rear Delt Reverse Fly (Dumbbell)",,"",2,"normal",15,12,,,
"Pull","May 4, 2026, 5:21 PM","May 4, 2026, 6:43 PM","","Stretching",,"",0,"normal",,,,374,
"Pull","May 4, 2026, 5:21 PM","May 4, 2026, 6:43 PM","","Pull Up",,"",0,"normal",,12,,,
"Pull","May 4, 2026, 5:21 PM","May 4, 2026, 6:43 PM","","Pull Up",,"",1,"normal",,12,,,
"Pull","May 4, 2026, 5:21 PM","May 4, 2026, 6:43 PM","","Pull Up",,"",2,"normal",,12,,,
"Pull","May 4, 2026, 5:21 PM","May 4, 2026, 6:43 PM","","Iso-Lateral Row (Machine)",,"",0,"normal",50,12,,,
"Pull","May 4, 2026, 5:21 PM","May 4, 2026, 6:43 PM","","Iso-Lateral Row (Machine)",,"",1,"normal",50,12,,,
"Pull","May 4, 2026, 5:21 PM","May 4, 2026, 6:43 PM","","Iso-Lateral Row (Machine)",,"",2,"normal",60,12,,,
"Pull","May 4, 2026, 5:21 PM","May 4, 2026, 6:43 PM","","Lat Pulldown - Close Grip (Cable)",,"",0,"normal",58.5,12,,,
"Pull","May 4, 2026, 5:21 PM","May 4, 2026, 6:43 PM","","Lat Pulldown - Close Grip (Cable)",,"",1,"normal",58.5,12,,,
"Pull","May 4, 2026, 5:21 PM","May 4, 2026, 6:43 PM","","Chest Supported Incline Row (Dumbbell)",,"",0,"normal",40,12,,,
"Pull","May 4, 2026, 5:21 PM","May 4, 2026, 6:43 PM","","Chest Supported Incline Row (Dumbbell)",,"",1,"normal",45,12,,,
"Pull","May 4, 2026, 5:21 PM","May 4, 2026, 6:43 PM","","Chest Supported Incline Row (Dumbbell)",,"",2,"normal",45,12,,,
"Pull","May 4, 2026, 5:21 PM","May 4, 2026, 6:43 PM","","Behind the Back Curl (Cable)",,"",0,"normal",40,12,,,
"Pull","May 4, 2026, 5:21 PM","May 4, 2026, 6:43 PM","","Behind the Back Curl (Cable)",,"",1,"normal",40,12,,,
"Pull","May 4, 2026, 5:21 PM","May 4, 2026, 6:43 PM","","Behind the Back Curl (Cable)",,"",2,"normal",40,12,,,
"Pull","May 4, 2026, 5:21 PM","May 4, 2026, 6:43 PM","","Bicep Curl (Cable)",,"",0,"normal",40,12,,,
"Pull","May 4, 2026, 5:21 PM","May 4, 2026, 6:43 PM","","Bicep Curl (Cable)",,"",1,"normal",45,12,,,
"Legs & Shouldies","May 2, 2026, 5:51 PM","May 2, 2026, 7:29 PM","nicest.","Stretching",,"Legs",0,"normal",,,,299,
"Legs & Shouldies","May 2, 2026, 5:51 PM","May 2, 2026, 7:29 PM","nicest.","Leg Extension (Machine)",,"",0,"warmup",30,12,,,
"Legs & Shouldies","May 2, 2026, 5:51 PM","May 2, 2026, 7:29 PM","nicest.","Leg Extension (Machine)",,"",1,"normal",55,12,,,
"Legs & Shouldies","May 2, 2026, 5:51 PM","May 2, 2026, 7:29 PM","nicest.","Leg Extension (Machine)",,"",2,"normal",60,12,,,
"Legs & Shouldies","May 2, 2026, 5:51 PM","May 2, 2026, 7:29 PM","nicest.","Seated Leg Curl (Machine)",,"",0,"normal",55,15,,,
"Legs & Shouldies","May 2, 2026, 5:51 PM","May 2, 2026, 7:29 PM","nicest.","Seated Leg Curl (Machine)",,"",1,"normal",60,12,,,
"Legs & Shouldies","May 2, 2026, 5:51 PM","May 2, 2026, 7:29 PM","nicest.","Hip Adduction (Machine)",0,"",0,"normal",70,12,,,
"Legs & Shouldies","May 2, 2026, 5:51 PM","May 2, 2026, 7:29 PM","nicest.","Hip Adduction (Machine)",0,"",1,"normal",80,15,,,
"Legs & Shouldies","May 2, 2026, 5:51 PM","May 2, 2026, 7:29 PM","nicest.","Hip Adduction (Machine)",0,"",2,"normal",80,15,,,
"Legs & Shouldies","May 2, 2026, 5:51 PM","May 2, 2026, 7:29 PM","nicest.","Hip Abduction (Machine)",0,"",0,"normal",70,15,,,
"Legs & Shouldies","May 2, 2026, 5:51 PM","May 2, 2026, 7:29 PM","nicest.","Hip Abduction (Machine)",0,"",1,"normal",80,15,,,
"Legs & Shouldies","May 2, 2026, 5:51 PM","May 2, 2026, 7:29 PM","nicest.","Hip Abduction (Machine)",0,"",2,"normal",80,15,,,
"Legs & Shouldies","May 2, 2026, 5:51 PM","May 2, 2026, 7:29 PM","nicest.","Leg Press (Machine)",,"",0,"normal",100,12,,,
"Legs & Shouldies","May 2, 2026, 5:51 PM","May 2, 2026, 7:29 PM","nicest.","Leg Press (Machine)",,"",1,"normal",130,12,,,
"Legs & Shouldies","May 2, 2026, 5:51 PM","May 2, 2026, 7:29 PM","nicest.","Leg Press (Machine)",,"",2,"normal",150,12,,,
"Legs & Shouldies","May 2, 2026, 5:51 PM","May 2, 2026, 7:29 PM","nicest.","Stretching",,"",0,"normal",,,,151,
"Legs & Shouldies","May 2, 2026, 5:51 PM","May 2, 2026, 7:29 PM","nicest.","Shoulder Press (Dumbbell)",,"",0,"normal",25,12,,,
"Legs & Shouldies","May 2, 2026, 5:51 PM","May 2, 2026, 7:29 PM","nicest.","Shoulder Press (Dumbbell)",,"",1,"normal",35,12,,,
"Legs & Shouldies","May 2, 2026, 5:51 PM","May 2, 2026, 7:29 PM","nicest.","Shoulder Press (Dumbbell)",,"",2,"normal",40,8,,,
"Legs & Shouldies","May 2, 2026, 5:51 PM","May 2, 2026, 7:29 PM","nicest.","Lateral Raise (Dumbbell)",,"",0,"normal",20,14,,,
"Legs & Shouldies","May 2, 2026, 5:51 PM","May 2, 2026, 7:29 PM","nicest.","Lateral Raise (Dumbbell)",,"",1,"normal",25,10,,,
"Legs & Shouldies","May 2, 2026, 5:51 PM","May 2, 2026, 7:29 PM","nicest.","Spinning",,"",0,"normal",,,,92,
"Chest & Back","May 1, 2026, 6:03 PM","May 1, 2026, 7:34 PM","70 kgs bench 💋","Stretching",,"Chest",0,"normal",,,,215,
"Chest & Back","May 1, 2026, 6:03 PM","May 1, 2026, 7:34 PM","70 kgs bench 💋","Push Up",,"",0,"normal",,35,,,
"Chest & Back","May 1, 2026, 6:03 PM","May 1, 2026, 7:34 PM","70 kgs bench 💋","Bench Press (Barbell)",,"💋",0,"warmup",40,15,,,
"Chest & Back","May 1, 2026, 6:03 PM","May 1, 2026, 7:34 PM","70 kgs bench 💋","Bench Press (Barbell)",,"💋",1,"normal",70,9,,,
"Chest & Back","May 1, 2026, 6:03 PM","May 1, 2026, 7:34 PM","70 kgs bench 💋","Bench Press (Barbell)",,"💋",2,"normal",70,6,,,
"Chest & Back","May 1, 2026, 6:03 PM","May 1, 2026, 7:34 PM","70 kgs bench 💋","Low Cable Fly Crossovers",,"",0,"normal",30,12,,,
"Chest & Back","May 1, 2026, 6:03 PM","May 1, 2026, 7:34 PM","70 kgs bench 💋","Low Cable Fly Crossovers",,"",1,"normal",25,12,,,
"Chest & Back","May 1, 2026, 6:03 PM","May 1, 2026, 7:34 PM","70 kgs bench 💋","Low Cable Fly Crossovers",,"",2,"normal",25,12,,,
"Chest & Back","May 1, 2026, 6:03 PM","May 1, 2026, 7:34 PM","70 kgs bench 💋","Incline Chest Fly (Dumbbell)",,"Cable",0,"normal",20,12,,,
"Chest & Back","May 1, 2026, 6:03 PM","May 1, 2026, 7:34 PM","70 kgs bench 💋","Incline Chest Fly (Dumbbell)",,"Cable",1,"normal",30,12,,,
"Chest & Back","May 1, 2026, 6:03 PM","May 1, 2026, 7:34 PM","70 kgs bench 💋","Incline Chest Fly (Dumbbell)",,"Cable",2,"normal",30,12,,,
"Chest & Back","May 1, 2026, 6:03 PM","May 1, 2026, 7:34 PM","70 kgs bench 💋","Pull Up",,"",0,"normal",,15,,,
"Chest & Back","May 1, 2026, 6:03 PM","May 1, 2026, 7:34 PM","70 kgs bench 💋","Pull Up",,"",1,"normal",,11,,,
"Chest & Back","May 1, 2026, 6:03 PM","May 1, 2026, 7:34 PM","70 kgs bench 💋","Seated Cable Row - Bar Wide Grip",,"",0,"normal",75,12,,,
"Chest & Back","May 1, 2026, 6:03 PM","May 1, 2026, 7:34 PM","70 kgs bench 💋","Seated Cable Row - Bar Wide Grip",,"",1,"normal",75,12,,,
"Chest & Back","May 1, 2026, 6:03 PM","May 1, 2026, 7:34 PM","70 kgs bench 💋","Single Arm Lat Pulldown",,"Cable",0,"normal",35,24,,,
"Chest & Back","May 1, 2026, 6:03 PM","May 1, 2026, 7:34 PM","70 kgs bench 💋","Single Arm Lat Pulldown",,"Cable",1,"normal",35,24,,,
"Chest & Back","May 1, 2026, 6:03 PM","May 1, 2026, 7:34 PM","70 kgs bench 💋","Single Arm Lat Pulldown",,"Cable",2,"normal",40,24,,,
"Chest & Back","May 1, 2026, 6:03 PM","May 1, 2026, 7:34 PM","70 kgs bench 💋","Straight Arm Lat Pulldown (Cable)",,"Seated",0,"normal",35,12,,,
"Chest & Back","May 1, 2026, 6:03 PM","May 1, 2026, 7:34 PM","70 kgs bench 💋","Straight Arm Lat Pulldown (Cable)",,"Seated",1,"normal",35,15,,,
"Chest & Back","May 1, 2026, 6:03 PM","May 1, 2026, 7:34 PM","70 kgs bench 💋","Straight Arm Lat Pulldown (Cable)",,"Seated",2,"normal",40,12,,,
"Chest & Back","May 1, 2026, 6:03 PM","May 1, 2026, 7:34 PM","70 kgs bench 💋","Dead Hang",,"",0,"normal",,,,38,
"Chest & Back","May 1, 2026, 6:03 PM","May 1, 2026, 7:34 PM","70 kgs bench 💋","Back Extension (Hyperextension)",,"",0,"normal",,20,,,
"Chest & Back","May 1, 2026, 6:03 PM","May 1, 2026, 7:34 PM","70 kgs bench 💋","Back Extension (Hyperextension)",,"",1,"normal",,20,,,
"Chest & Back","May 1, 2026, 6:03 PM","May 1, 2026, 7:34 PM","70 kgs bench 💋","Back Extension (Hyperextension)",,"",2,"normal",,14,,,
"Arms","Apr 30, 2026, 5:50 PM","Apr 30, 2026, 7:28 PM","nicest so far? (weather)","Stretching",,"",0,"normal",,,,163,
"Arms","Apr 30, 2026, 5:50 PM","Apr 30, 2026, 7:28 PM","nicest so far? (weather)","Chin Up",0,"",0,"normal",,11,,,
"Arms","Apr 30, 2026, 5:50 PM","Apr 30, 2026, 7:28 PM","nicest so far? (weather)","Diamond Push Up",0,"",0,"normal",,20,,,
"Arms","Apr 30, 2026, 5:50 PM","Apr 30, 2026, 7:28 PM","nicest so far? (weather)","Seated Incline Curl (Dumbbell)",,"💋",0,"normal",25,9,,,
"Arms","Apr 30, 2026, 5:50 PM","Apr 30, 2026, 7:28 PM","nicest so far? (weather)","Seated Incline Curl (Dumbbell)",,"💋",1,"normal",25,8,,,
"Arms","Apr 30, 2026, 5:50 PM","Apr 30, 2026, 7:28 PM","nicest so far? (weather)","Seated Incline Curl (Dumbbell)",,"💋",2,"normal",25,7,,,
"Arms","Apr 30, 2026, 5:50 PM","Apr 30, 2026, 7:28 PM","nicest so far? (weather)","Seated Incline Curl (Dumbbell)",,"💋",3,"dropset",15,5,,,
"Arms","Apr 30, 2026, 5:50 PM","Apr 30, 2026, 7:28 PM","nicest so far? (weather)","Skullcrusher (Barbell)",,"",0,"normal",15,15,,,
"Arms","Apr 30, 2026, 5:50 PM","Apr 30, 2026, 7:28 PM","nicest so far? (weather)","Skullcrusher (Barbell)",,"",1,"normal",20,12,,,
"Arms","Apr 30, 2026, 5:50 PM","Apr 30, 2026, 7:28 PM","nicest so far? (weather)","Skullcrusher (Barbell)",,"",2,"normal",25,12,,,
"Arms","Apr 30, 2026, 5:50 PM","Apr 30, 2026, 7:28 PM","nicest so far? (weather)","Hammer Curl (Dumbbell)",,"Preacher",0,"normal",25,12,,,
"Arms","Apr 30, 2026, 5:50 PM","Apr 30, 2026, 7:28 PM","nicest so far? (weather)","Hammer Curl (Dumbbell)",,"Preacher",1,"normal",30,10,,,
"Arms","Apr 30, 2026, 5:50 PM","Apr 30, 2026, 7:28 PM","nicest so far? (weather)","Hammer Curl (Dumbbell)",,"Preacher",2,"normal",30,12,,,
"Arms","Apr 30, 2026, 5:50 PM","Apr 30, 2026, 7:28 PM","nicest so far? (weather)","Seated Triceps Press",,"",0,"normal",70,15,,,
"Arms","Apr 30, 2026, 5:50 PM","Apr 30, 2026, 7:28 PM","nicest so far? (weather)","Seated Triceps Press",,"",1,"normal",70,15,,,
"Arms","Apr 30, 2026, 5:50 PM","Apr 30, 2026, 7:28 PM","nicest so far? (weather)","Seated Triceps Press",,"",2,"normal",80,12,,,
"Arms","Apr 30, 2026, 5:50 PM","Apr 30, 2026, 7:28 PM","nicest so far? (weather)","Single Arm Curl (Cable)",,"",0,"normal",20,24,,,
"Arms","Apr 30, 2026, 5:50 PM","Apr 30, 2026, 7:28 PM","nicest so far? (weather)","Single Arm Curl (Cable)",,"",1,"normal",25,20,,,
"Arms","Apr 30, 2026, 5:50 PM","Apr 30, 2026, 7:28 PM","nicest so far? (weather)","Single Arm Curl (Cable)",,"",2,"normal",25,18,,,
"Arms","Apr 30, 2026, 5:50 PM","Apr 30, 2026, 7:28 PM","nicest so far? (weather)","Single Arm Curl (Cable)",,"",3,"dropset",15,12,,,
"Arms","Apr 30, 2026, 5:50 PM","Apr 30, 2026, 7:28 PM","nicest so far? (weather)","Triceps Rope Pushdown",,"",0,"normal",30,12,,,
"Arms","Apr 30, 2026, 5:50 PM","Apr 30, 2026, 7:28 PM","nicest so far? (weather)","Triceps Rope Pushdown",,"",1,"normal",35,15,,,
"Arms","Apr 30, 2026, 5:50 PM","Apr 30, 2026, 7:28 PM","nicest so far? (weather)","Triceps Rope Pushdown",,"",2,"normal",35,15,,,
"Arms","Apr 30, 2026, 5:50 PM","Apr 30, 2026, 7:28 PM","nicest so far? (weather)","Reverse Curl (Barbell)",,"",0,"normal",20,15,,,
"Arms","Apr 30, 2026, 5:50 PM","Apr 30, 2026, 7:28 PM","nicest so far? (weather)","Reverse Curl (Barbell)",,"",1,"normal",20,13,,,
"Arms","Apr 30, 2026, 5:50 PM","Apr 30, 2026, 7:28 PM","nicest so far? (weather)","Reverse Curl (Barbell)",,"",2,"normal",20,12,,,
"Arms","Apr 30, 2026, 5:50 PM","Apr 30, 2026, 7:28 PM","nicest so far? (weather)","Behind the Back Wrist Curl (Barbell)",,"",0,"normal",35,20,,,
"Arms","Apr 30, 2026, 5:50 PM","Apr 30, 2026, 7:28 PM","nicest so far? (weather)","Behind the Back Wrist Curl (Barbell)",,"",1,"normal",35,18,,,
"Arms","Apr 30, 2026, 5:50 PM","Apr 30, 2026, 7:28 PM","nicest so far? (weather)","Behind the Back Wrist Curl (Barbell)",,"",2,"normal",35,18,,,
"Legs","Apr 29, 2026, 6:19 PM","Apr 29, 2026, 7:26 PM","how can it be nice?","Stretching",,"",0,"normal",,,,357,
"Legs","Apr 29, 2026, 6:19 PM","Apr 29, 2026, 7:26 PM","how can it be nice?","Seated Leg Curl (Machine)",,"",0,"normal",55,12,,,
"Legs","Apr 29, 2026, 6:19 PM","Apr 29, 2026, 7:26 PM","how can it be nice?","Seated Leg Curl (Machine)",,"",1,"normal",55,12,,,
"Legs","Apr 29, 2026, 6:19 PM","Apr 29, 2026, 7:26 PM","how can it be nice?","Seated Leg Curl (Machine)",,"",2,"normal",55,12,,,
"Legs","Apr 29, 2026, 6:19 PM","Apr 29, 2026, 7:26 PM","how can it be nice?","Single Leg Extensions",,"",0,"normal",30,24,,,
"Legs","Apr 29, 2026, 6:19 PM","Apr 29, 2026, 7:26 PM","how can it be nice?","Single Leg Extensions",,"",1,"normal",30,24,,,
"Legs","Apr 29, 2026, 6:19 PM","Apr 29, 2026, 7:26 PM","how can it be nice?","Single Leg Extensions",,"",2,"normal",30,24,,,
"Legs","Apr 29, 2026, 6:19 PM","Apr 29, 2026, 7:26 PM","how can it be nice?","Hip Adduction (Machine)",0,"",0,"normal",60,15,,,
"Legs","Apr 29, 2026, 6:19 PM","Apr 29, 2026, 7:26 PM","how can it be nice?","Hip Adduction (Machine)",0,"",1,"normal",70,12,,,
"Legs","Apr 29, 2026, 6:19 PM","Apr 29, 2026, 7:26 PM","how can it be nice?","Hip Adduction (Machine)",0,"",2,"normal",80,12,,,
"Legs","Apr 29, 2026, 6:19 PM","Apr 29, 2026, 7:26 PM","how can it be nice?","Hip Abduction (Machine)",0,"",0,"normal",60,15,,,
"Legs","Apr 29, 2026, 6:19 PM","Apr 29, 2026, 7:26 PM","how can it be nice?","Hip Abduction (Machine)",0,"",1,"normal",70,15,,,
"Legs","Apr 29, 2026, 6:19 PM","Apr 29, 2026, 7:26 PM","how can it be nice?","Hip Abduction (Machine)",0,"",2,"normal",80,12,,,
"Legs","Apr 29, 2026, 6:19 PM","Apr 29, 2026, 7:26 PM","how can it be nice?","Leg Press (Machine)",,"",0,"normal",100,12,,,
"Legs","Apr 29, 2026, 6:19 PM","Apr 29, 2026, 7:26 PM","how can it be nice?","Leg Press (Machine)",,"",1,"normal",130,12,,,
"Legs","Apr 29, 2026, 6:19 PM","Apr 29, 2026, 7:26 PM","how can it be nice?","Leg Press (Machine)",,"",2,"normal",150,12,,,
"Legs","Apr 29, 2026, 6:19 PM","Apr 29, 2026, 7:26 PM","how can it be nice?","Standing Calf Raise (Smith)",,"",0,"normal",50,15,,,
"Legs","Apr 29, 2026, 6:19 PM","Apr 29, 2026, 7:26 PM","how can it be nice?","Standing Calf Raise (Smith)",,"",1,"normal",50,18,,,
"Legs","Apr 29, 2026, 6:19 PM","Apr 29, 2026, 7:26 PM","how can it be nice?","Standing Calf Raise (Smith)",,"",2,"normal",50,15,,,
"Push","Apr 28, 2026, 5:58 PM","Apr 28, 2026, 7:26 PM","not quick but nicest 
10/10","Stretching",,"Chest",0,"normal",,,,321,
"Push","Apr 28, 2026, 5:58 PM","Apr 28, 2026, 7:26 PM","not quick but nicest 
10/10","Bench Press (Dumbbell)",,"",0,"warmup",30,12,,,
"Push","Apr 28, 2026, 5:58 PM","Apr 28, 2026, 7:26 PM","not quick but nicest 
10/10","Bench Press (Dumbbell)",,"",1,"normal",50,12,,,
"Push","Apr 28, 2026, 5:58 PM","Apr 28, 2026, 7:26 PM","not quick but nicest 
10/10","Bench Press (Dumbbell)",,"",2,"normal",50,12,,,
"Push","Apr 28, 2026, 5:58 PM","Apr 28, 2026, 7:26 PM","not quick but nicest 
10/10","Cable Fly Crossovers",,"",0,"normal",50,15,,,
"Push","Apr 28, 2026, 5:58 PM","Apr 28, 2026, 7:26 PM","not quick but nicest 
10/10","Cable Fly Crossovers",,"",1,"normal",50,12,,,
"Push","Apr 28, 2026, 5:58 PM","Apr 28, 2026, 7:26 PM","not quick but nicest 
10/10","Cable Fly Crossovers",,"",2,"normal",50,12,,,
"Push","Apr 28, 2026, 5:58 PM","Apr 28, 2026, 7:26 PM","not quick but nicest 
10/10","Low Cable Fly Crossovers",,"",0,"normal",20,15,,,
"Push","Apr 28, 2026, 5:58 PM","Apr 28, 2026, 7:26 PM","not quick but nicest 
10/10","Low Cable Fly Crossovers",,"",1,"normal",20,12,,,
"Push","Apr 28, 2026, 5:58 PM","Apr 28, 2026, 7:26 PM","not quick but nicest 
10/10","Low Cable Fly Crossovers",,"",2,"normal",20,12,,,
"Push","Apr 28, 2026, 5:58 PM","Apr 28, 2026, 7:26 PM","not quick but nicest 
10/10","Single Arm Triceps Pushdown (Cable)",,"",0,"normal",15,24,,,
"Push","Apr 28, 2026, 5:58 PM","Apr 28, 2026, 7:26 PM","not quick but nicest 
10/10","Single Arm Triceps Pushdown (Cable)",,"",1,"normal",15,24,,,
"Push","Apr 28, 2026, 5:58 PM","Apr 28, 2026, 7:26 PM","not quick but nicest 
10/10","Single Arm Triceps Pushdown (Cable)",,"",2,"normal",15,24,,,
"Push","Apr 28, 2026, 5:58 PM","Apr 28, 2026, 7:26 PM","not quick but nicest 
10/10","Triceps Extension (Cable)",,"",0,"normal",15,24,,,
"Push","Apr 28, 2026, 5:58 PM","Apr 28, 2026, 7:26 PM","not quick but nicest 
10/10","Triceps Extension (Cable)",,"",1,"normal",15,24,,,
"Push","Apr 28, 2026, 5:58 PM","Apr 28, 2026, 7:26 PM","not quick but nicest 
10/10","Triceps Extension (Cable)",,"",2,"normal",10,24,,,
"Push","Apr 28, 2026, 5:58 PM","Apr 28, 2026, 7:26 PM","not quick but nicest 
10/10","Single Arm Lateral Raise (Cable)",,"",0,"normal",15,24,,,
"Push","Apr 28, 2026, 5:58 PM","Apr 28, 2026, 7:26 PM","not quick but nicest 
10/10","Single Arm Lateral Raise (Cable)",,"",1,"normal",15,24,,,
"Push","Apr 28, 2026, 5:58 PM","Apr 28, 2026, 7:26 PM","not quick but nicest 
10/10","Single Arm Lateral Raise (Cable)",,"",2,"normal",15,24,,,
"Pull","Apr 27, 2026, 6:26 PM","Apr 27, 2026, 7:27 PM","quick but nice","Stretching",,"Back",0,"normal",,,,337,
"Pull","Apr 27, 2026, 6:26 PM","Apr 27, 2026, 7:27 PM","quick but nice","Pull Up",,"",0,"normal",,15,,,
"Pull","Apr 27, 2026, 6:26 PM","Apr 27, 2026, 7:27 PM","quick but nice","Pull Up",,"",1,"normal",,12,,,
"Pull","Apr 27, 2026, 6:26 PM","Apr 27, 2026, 7:27 PM","quick but nice","Lat Pulldown (Cable)",,"",0,"normal",65,10,,,
"Pull","Apr 27, 2026, 6:26 PM","Apr 27, 2026, 7:27 PM","quick but nice","Seated Cable Row - Bar Grip",,"",0,"normal",75,12,,,
"Pull","Apr 27, 2026, 6:26 PM","Apr 27, 2026, 7:27 PM","quick but nice","Seated Cable Row - Bar Grip",,"",1,"normal",75,12,,,
"Pull","Apr 27, 2026, 6:26 PM","Apr 27, 2026, 7:27 PM","quick but nice","Seated Cable Row - Bar Grip",,"",2,"normal",80,12,,,
"Pull","Apr 27, 2026, 6:26 PM","Apr 27, 2026, 7:27 PM","quick but nice","Straight Arm Lat Pulldown (Cable)",,"",0,"normal",30,15,,,
"Pull","Apr 27, 2026, 6:26 PM","Apr 27, 2026, 7:27 PM","quick but nice","Straight Arm Lat Pulldown (Cable)",,"",1,"normal",35,10,,,
"Pull","Apr 27, 2026, 6:26 PM","Apr 27, 2026, 7:27 PM","quick but nice","Straight Arm Lat Pulldown (Cable)",,"",2,"normal",35,8,,,
"Pull","Apr 27, 2026, 6:26 PM","Apr 27, 2026, 7:27 PM","quick but nice","Single Arm Curl (Cable)",,"",0,"normal",15,24,,,
"Pull","Apr 27, 2026, 6:26 PM","Apr 27, 2026, 7:27 PM","quick but nice","Single Arm Curl (Cable)",,"",1,"normal",20,24,,,
"Pull","Apr 27, 2026, 6:26 PM","Apr 27, 2026, 7:27 PM","quick but nice","Hammer Curl (Cable)",,"",0,"normal",40,12,,,
"Pull","Apr 27, 2026, 6:26 PM","Apr 27, 2026, 7:27 PM","quick but nice","Hammer Curl (Cable)",,"",1,"normal",40,12,,,
"Pull","Apr 27, 2026, 6:26 PM","Apr 27, 2026, 7:27 PM","quick but nice","Reverse Curl (Barbell)",,"",0,"normal",15,15,,,
"Pull","Apr 27, 2026, 6:26 PM","Apr 27, 2026, 7:27 PM","quick but nice","Reverse Curl (Barbell)",,"",1,"normal",20,12,,,
"Pull","Apr 27, 2026, 6:26 PM","Apr 27, 2026, 7:27 PM","quick but nice","Reverse Curl (Barbell)",,"",2,"normal",20,12,,,
"Pull","Apr 27, 2026, 6:26 PM","Apr 27, 2026, 7:27 PM","quick but nice","Seated Palms Up Wrist Curl",,"Machine",0,"normal",20,20,,,
"Pull","Apr 27, 2026, 6:26 PM","Apr 27, 2026, 7:27 PM","quick but nice","Seated Palms Up Wrist Curl",,"Machine",1,"normal",20,20,,,
"Arms & Abs","Apr 25, 2026, 6:35 PM","Apr 25, 2026, 7:56 PM","","Stretching",,"",0,"normal",,,,252,
"Arms & Abs","Apr 25, 2026, 6:35 PM","Apr 25, 2026, 7:56 PM","","Shoulder Press (Machine Plates)",,"",0,"warmup",25,12,,,
"Arms & Abs","Apr 25, 2026, 6:35 PM","Apr 25, 2026, 7:56 PM","","Shoulder Press (Machine Plates)",,"",1,"normal",40,12,,,
"Arms & Abs","Apr 25, 2026, 6:35 PM","Apr 25, 2026, 7:56 PM","","Shoulder Press (Machine Plates)",,"",2,"normal",50,12,,,
"Arms & Abs","Apr 25, 2026, 6:35 PM","Apr 25, 2026, 7:56 PM","","Lateral Raise (Dumbbell)",,"",0,"normal",20,14,,,
"Arms & Abs","Apr 25, 2026, 6:35 PM","Apr 25, 2026, 7:56 PM","","Lateral Raise (Dumbbell)",,"",1,"normal",20,12,,,
"Arms & Abs","Apr 25, 2026, 6:35 PM","Apr 25, 2026, 7:56 PM","","Bicep Curl (Barbell)",,"",0,"normal",20,12,,,
"Arms & Abs","Apr 25, 2026, 6:35 PM","Apr 25, 2026, 7:56 PM","","Bicep Curl (Barbell)",,"",1,"normal",25,12,,,
"Arms & Abs","Apr 25, 2026, 6:35 PM","Apr 25, 2026, 7:56 PM","","Hammer Curl (Dumbbell)",,"",0,"normal",25,12,,,
"Arms & Abs","Apr 25, 2026, 6:35 PM","Apr 25, 2026, 7:56 PM","","Hammer Curl (Dumbbell)",,"",1,"normal",25,10,,,
"Arms & Abs","Apr 25, 2026, 6:35 PM","Apr 25, 2026, 7:56 PM","","Triceps Pushdown",,"",0,"normal",35,15,,,
"Arms & Abs","Apr 25, 2026, 6:35 PM","Apr 25, 2026, 7:56 PM","","Triceps Pushdown",,"",1,"normal",40,12,,,
"Arms & Abs","Apr 25, 2026, 6:35 PM","Apr 25, 2026, 7:56 PM","","Rear Delt Reverse Fly (Dumbbell)",,"",0,"normal",15,12,,,
"Arms & Abs","Apr 25, 2026, 6:35 PM","Apr 25, 2026, 7:56 PM","","Rear Delt Reverse Fly (Dumbbell)",,"",1,"normal",15,12,,,
"Arms & Abs","Apr 25, 2026, 6:35 PM","Apr 25, 2026, 7:56 PM","","Cable Crunch",,"",0,"normal",45,15,,,
"Arms & Abs","Apr 25, 2026, 6:35 PM","Apr 25, 2026, 7:56 PM","","Cable Crunch",,"",1,"normal",50,20,,,
"Arms & Abs","Apr 25, 2026, 6:35 PM","Apr 25, 2026, 7:56 PM","","Cable Twist (Up to down)",,"",0,"normal",15,30,,,
"Arms & Abs","Apr 25, 2026, 6:35 PM","Apr 25, 2026, 7:56 PM","","Cable Twist (Up to down)",,"",1,"normal",20,30,,,
"Arms & Abs","Apr 25, 2026, 6:35 PM","Apr 25, 2026, 7:56 PM","","Cable Twist (Up to down)",,"",2,"normal",25,30,,,
"Arms & Abs","Apr 25, 2026, 6:35 PM","Apr 25, 2026, 7:56 PM","","Hanging Leg Raise",,"",0,"normal",,15,,,
"Arms & Abs","Apr 25, 2026, 6:35 PM","Apr 25, 2026, 7:56 PM","","Hanging Leg Raise",,"",1,"normal",,15,,,
"Chest & Back","Apr 24, 2026, 5:52 PM","Apr 24, 2026, 7:07 PM","","Stretching",,"",0,"normal",,,,285,
"Chest & Back","Apr 24, 2026, 5:52 PM","Apr 24, 2026, 7:07 PM","","Incline Bench Press (Dumbbell)",,"💋",0,"warmup",30,12,,,
"Chest & Back","Apr 24, 2026, 5:52 PM","Apr 24, 2026, 7:07 PM","","Incline Bench Press (Dumbbell)",,"💋",1,"normal",50,12,,,
"Chest & Back","Apr 24, 2026, 5:52 PM","Apr 24, 2026, 7:07 PM","","Incline Bench Press (Dumbbell)",,"💋",2,"normal",60,10,,,
"Chest & Back","Apr 24, 2026, 5:52 PM","Apr 24, 2026, 7:07 PM","","Cable Fly Crossovers",,"",0,"normal",50,15,,,
"Chest & Back","Apr 24, 2026, 5:52 PM","Apr 24, 2026, 7:07 PM","","Cable Fly Crossovers",,"",1,"normal",50,15,,,
"Chest & Back","Apr 24, 2026, 5:52 PM","Apr 24, 2026, 7:07 PM","","Cable Fly Crossovers",,"",2,"normal",50,15,,,
"Chest & Back","Apr 24, 2026, 5:52 PM","Apr 24, 2026, 7:07 PM","","Pull Up",,"",0,"normal",,12,,,
"Chest & Back","Apr 24, 2026, 5:52 PM","Apr 24, 2026, 7:07 PM","","Lat Pulldown (Cable)",,"",0,"normal",65,8,,,
"Chest & Back","Apr 24, 2026, 5:52 PM","Apr 24, 2026, 7:07 PM","","Lat Pulldown - Close Grip (Cable)",,"",0,"normal",58.5,12,,,
"Chest & Back","Apr 24, 2026, 5:52 PM","Apr 24, 2026, 7:07 PM","","Lat Pulldown - Close Grip (Cable)",,"",1,"normal",58.5,10,,,
"Chest & Back","Apr 24, 2026, 5:52 PM","Apr 24, 2026, 7:07 PM","","Chest Supported Incline Row (Dumbbell)",,"",0,"normal",30,12,,,
"Chest & Back","Apr 24, 2026, 5:52 PM","Apr 24, 2026, 7:07 PM","","Chest Supported Incline Row (Dumbbell)",,"",1,"normal",40,12,,,
"Chest & Back","Apr 24, 2026, 5:52 PM","Apr 24, 2026, 7:07 PM","","Chest Supported Incline Row (Dumbbell)",,"",2,"normal",40,12,,,
"Arms","Apr 23, 2026, 5:42 PM","Apr 23, 2026, 7:07 PM","","Stretching",,"Arms",0,"normal",,,,380,
"Arms","Apr 23, 2026, 5:42 PM","Apr 23, 2026, 7:07 PM","","Chin Up",,"",0,"normal",,8,,,
"Arms","Apr 23, 2026, 5:42 PM","Apr 23, 2026, 7:07 PM","","Seated Incline Curl (Dumbbell)",,"",0,"normal",20,12,,,
"Arms","Apr 23, 2026, 5:42 PM","Apr 23, 2026, 7:07 PM","","Seated Incline Curl (Dumbbell)",,"",1,"normal",20,12,,,
"Arms","Apr 23, 2026, 5:42 PM","Apr 23, 2026, 7:07 PM","","Seated Incline Curl (Dumbbell)",,"",2,"normal",20,12,,,
"Arms","Apr 23, 2026, 5:42 PM","Apr 23, 2026, 7:07 PM","","Skullcrusher (Dumbbell)",,"",0,"normal",15,15,,,
"Arms","Apr 23, 2026, 5:42 PM","Apr 23, 2026, 7:07 PM","","Skullcrusher (Dumbbell)",,"",1,"normal",20,12,,,
"Arms","Apr 23, 2026, 5:42 PM","Apr 23, 2026, 7:07 PM","","Skullcrusher (Dumbbell)",,"",2,"normal",20,8,,,
"Arms","Apr 23, 2026, 5:42 PM","Apr 23, 2026, 7:07 PM","","Bicep Curl (Cable)",,"",0,"normal",35,15,,,
"Arms","Apr 23, 2026, 5:42 PM","Apr 23, 2026, 7:07 PM","","Bicep Curl (Cable)",,"",1,"normal",35,12,,,
"Arms","Apr 23, 2026, 5:42 PM","Apr 23, 2026, 7:07 PM","","Bicep Curl (Cable)",,"",2,"normal",40,12,,,
"Arms","Apr 23, 2026, 5:42 PM","Apr 23, 2026, 7:07 PM","","Triceps Rope Pushdown",,"",0,"normal",30,12,,,
"Arms","Apr 23, 2026, 5:42 PM","Apr 23, 2026, 7:07 PM","","Triceps Rope Pushdown",,"",1,"normal",30,15,,,
"Arms","Apr 23, 2026, 5:42 PM","Apr 23, 2026, 7:07 PM","","Triceps Rope Pushdown",,"",2,"normal",30,15,,,
"Arms","Apr 23, 2026, 5:42 PM","Apr 23, 2026, 7:07 PM","","Hammer Curl (Cable)",,"",0,"normal",35,12,,,
"Arms","Apr 23, 2026, 5:42 PM","Apr 23, 2026, 7:07 PM","","Hammer Curl (Cable)",,"",1,"normal",40,12,,,
"Arms","Apr 23, 2026, 5:42 PM","Apr 23, 2026, 7:07 PM","","Hammer Curl (Cable)",,"",2,"normal",40,12,,,
"Arms","Apr 23, 2026, 5:42 PM","Apr 23, 2026, 7:07 PM","","Single Arm Triceps Pushdown (Cable)",,"",0,"normal",10,24,,,
"Arms","Apr 23, 2026, 5:42 PM","Apr 23, 2026, 7:07 PM","","Single Arm Triceps Pushdown (Cable)",,"",1,"normal",10,24,,,
"Legs","Apr 22, 2026, 5:58 PM","Apr 22, 2026, 7:25 PM","","Stretching",,"Legs",0,"normal",,,,416,
"Legs","Apr 22, 2026, 5:58 PM","Apr 22, 2026, 7:25 PM","","Hip Thrust (Machine)",,"",0,"warmup",25,15,,,
"Legs","Apr 22, 2026, 5:58 PM","Apr 22, 2026, 7:25 PM","","Hip Thrust (Machine)",,"",1,"normal",45,12,,,
"Legs","Apr 22, 2026, 5:58 PM","Apr 22, 2026, 7:25 PM","","Hip Thrust (Machine)",,"",2,"normal",45,15,,,
"Legs","Apr 22, 2026, 5:58 PM","Apr 22, 2026, 7:25 PM","","Leg Press (Machine)",,"",0,"normal",100,12,,,
"Legs","Apr 22, 2026, 5:58 PM","Apr 22, 2026, 7:25 PM","","Leg Press (Machine)",,"",1,"normal",130,15,,,
"Legs","Apr 22, 2026, 5:58 PM","Apr 22, 2026, 7:25 PM","","Leg Press (Machine)",,"",2,"normal",150,12,,,
"Legs","Apr 22, 2026, 5:58 PM","Apr 22, 2026, 7:25 PM","","Hip Adduction (Machine)",0,"",0,"normal",70,12,,,
"Legs","Apr 22, 2026, 5:58 PM","Apr 22, 2026, 7:25 PM","","Hip Adduction (Machine)",0,"",1,"normal",70,12,,,
"Legs","Apr 22, 2026, 5:58 PM","Apr 22, 2026, 7:25 PM","","Hip Abduction (Machine)",0,"",0,"normal",70,15,,,
"Legs","Apr 22, 2026, 5:58 PM","Apr 22, 2026, 7:25 PM","","Hip Abduction (Machine)",0,"",1,"normal",70,15,,,
"Legs","Apr 22, 2026, 5:58 PM","Apr 22, 2026, 7:25 PM","","Standing Calf Raise (Smith)",,"",0,"normal",50,12,,,
"Legs","Apr 22, 2026, 5:58 PM","Apr 22, 2026, 7:25 PM","","Standing Calf Raise (Smith)",,"",1,"normal",50,15,,,
"Legs","Apr 22, 2026, 5:58 PM","Apr 22, 2026, 7:25 PM","","Standing Calf Raise (Smith)",,"",2,"normal",50,15,,,
"Legs","Apr 22, 2026, 5:58 PM","Apr 22, 2026, 7:25 PM","","Seated Leg Curl (Machine)",,"",0,"normal",50,15,,,
"Legs","Apr 22, 2026, 5:58 PM","Apr 22, 2026, 7:25 PM","","Seated Leg Curl (Machine)",,"",1,"normal",55,12,,,
"Push","Apr 21, 2026, 5:41 PM","Apr 21, 2026, 7:14 PM","","Stretching",,"Chest",0,"normal",,,,354,
"Push","Apr 21, 2026, 5:41 PM","Apr 21, 2026, 7:14 PM","","Push Up",,"",0,"normal",,30,,,
"Push","Apr 21, 2026, 5:41 PM","Apr 21, 2026, 7:14 PM","","Incline Bench Press (Dumbbell)",,"💋",0,"warmup",35,12,,,
"Push","Apr 21, 2026, 5:41 PM","Apr 21, 2026, 7:14 PM","","Incline Bench Press (Dumbbell)",,"💋",1,"normal",50,12,,,
"Push","Apr 21, 2026, 5:41 PM","Apr 21, 2026, 7:14 PM","","Incline Bench Press (Dumbbell)",,"💋",2,"normal",50,12,,,
"Push","Apr 21, 2026, 5:41 PM","Apr 21, 2026, 7:14 PM","","Cable Fly Crossovers",,"💋",0,"normal",50,15,,,
"Push","Apr 21, 2026, 5:41 PM","Apr 21, 2026, 7:14 PM","","Cable Fly Crossovers",,"💋",1,"normal",60,12,,,
"Push","Apr 21, 2026, 5:41 PM","Apr 21, 2026, 7:14 PM","","Cable Fly Crossovers",,"💋",2,"normal",60,11,,,
"Push","Apr 21, 2026, 5:41 PM","Apr 21, 2026, 7:14 PM","","Chest Fly (Machine)",,"",0,"normal",75,12,,,
"Push","Apr 21, 2026, 5:41 PM","Apr 21, 2026, 7:14 PM","","Chest Fly (Machine)",,"",1,"normal",75,11,,,
"Push","Apr 21, 2026, 5:41 PM","Apr 21, 2026, 7:14 PM","","Chest Fly (Machine)",,"",2,"normal",60,12,,,
"Push","Apr 21, 2026, 5:41 PM","Apr 21, 2026, 7:14 PM","","Lateral Raise (Dumbbell)",,"",0,"normal",20,12,,,
"Push","Apr 21, 2026, 5:41 PM","Apr 21, 2026, 7:14 PM","","Lateral Raise (Dumbbell)",,"",1,"normal",20,12,,,
"Push","Apr 21, 2026, 5:41 PM","Apr 21, 2026, 7:14 PM","","Lateral Raise (Dumbbell)",,"",2,"normal",20,12,,,
"Push","Apr 21, 2026, 5:41 PM","Apr 21, 2026, 7:14 PM","","Seated Triceps Press",,"💋",0,"normal",40,15,,,
"Push","Apr 21, 2026, 5:41 PM","Apr 21, 2026, 7:14 PM","","Seated Triceps Press",,"💋",1,"normal",50,15,,,
"Push","Apr 21, 2026, 5:41 PM","Apr 21, 2026, 7:14 PM","","Seated Triceps Press",,"💋",2,"normal",60,15,,,
"Push","Apr 21, 2026, 5:41 PM","Apr 21, 2026, 7:14 PM","","Triceps Rope Pushdown",,"",0,"normal",30,15,,,
"Push","Apr 21, 2026, 5:41 PM","Apr 21, 2026, 7:14 PM","","Triceps Rope Pushdown",,"",1,"normal",30,15,,,
"Push","Apr 21, 2026, 5:41 PM","Apr 21, 2026, 7:14 PM","","Triceps Rope Pushdown",,"",2,"normal",30,15,,,
"Push","Apr 21, 2026, 5:41 PM","Apr 21, 2026, 7:14 PM","","Single Arm Triceps Pushdown (Cable)",,"1,2 - Cbum var",0,"normal",10,24,,,
"Push","Apr 21, 2026, 5:41 PM","Apr 21, 2026, 7:14 PM","","Single Arm Triceps Pushdown (Cable)",,"1,2 - Cbum var",1,"normal",10,24,,,
"Push","Apr 21, 2026, 5:41 PM","Apr 21, 2026, 7:14 PM","","Single Arm Triceps Pushdown (Cable)",,"1,2 - Cbum var",2,"normal",15,24,,,
"Pull","Apr 20, 2026, 5:38 PM","Apr 20, 2026, 7:23 PM","","Stretching",,"",0,"normal",,,,357,
"Pull","Apr 20, 2026, 5:38 PM","Apr 20, 2026, 7:23 PM","","Pull Up",,"",0,"normal",,12,,,
"Pull","Apr 20, 2026, 5:38 PM","Apr 20, 2026, 7:23 PM","","Pull Up",,"",1,"normal",,12,,,
"Pull","Apr 20, 2026, 5:38 PM","Apr 20, 2026, 7:23 PM","","Lat Pulldown (Cable)",,"",0,"normal",65,10,,,
"Pull","Apr 20, 2026, 5:38 PM","Apr 20, 2026, 7:23 PM","","Chest Supported Incline Row (Dumbbell)",,"",0,"normal",25,12,,,
"Pull","Apr 20, 2026, 5:38 PM","Apr 20, 2026, 7:23 PM","","Chest Supported Incline Row (Dumbbell)",,"",1,"normal",25,12,,,
"Pull","Apr 20, 2026, 5:38 PM","Apr 20, 2026, 7:23 PM","","Chest Supported Incline Row (Dumbbell)",,"",2,"normal",25,12,,,
"Pull","Apr 20, 2026, 5:38 PM","Apr 20, 2026, 7:23 PM","","Seated Cable Row - V Grip (Cable)",,"",0,"normal",75,12,,,
"Pull","Apr 20, 2026, 5:38 PM","Apr 20, 2026, 7:23 PM","","Seated Cable Row - V Grip (Cable)",,"",1,"normal",75,12,,,
"Pull","Apr 20, 2026, 5:38 PM","Apr 20, 2026, 7:23 PM","","Seated Cable Row - V Grip (Cable)",,"",2,"normal",80,12,,,
"Pull","Apr 20, 2026, 5:38 PM","Apr 20, 2026, 7:23 PM","","Straight Arm Lat Pulldown (Cable)",,"",0,"normal",30,12,,,
"Pull","Apr 20, 2026, 5:38 PM","Apr 20, 2026, 7:23 PM","","Straight Arm Lat Pulldown (Cable)",,"",1,"normal",30,12,,,
"Pull","Apr 20, 2026, 5:38 PM","Apr 20, 2026, 7:23 PM","","Straight Arm Lat Pulldown (Cable)",,"",2,"normal",30,12,,,
"Pull","Apr 20, 2026, 5:38 PM","Apr 20, 2026, 7:23 PM","","Behind the Back Curl (Cable)",,"",0,"normal",30,12,,,
"Pull","Apr 20, 2026, 5:38 PM","Apr 20, 2026, 7:23 PM","","Behind the Back Curl (Cable)",,"",1,"normal",30,15,,,
"Pull","Apr 20, 2026, 5:38 PM","Apr 20, 2026, 7:23 PM","","Behind the Back Curl (Cable)",,"",2,"normal",40,12,,,
"Pull","Apr 20, 2026, 5:38 PM","Apr 20, 2026, 7:23 PM","","Bicep Curl (Cable)",,"",0,"normal",35,12,,,
"Pull","Apr 20, 2026, 5:38 PM","Apr 20, 2026, 7:23 PM","","Bicep Curl (Cable)",,"",1,"normal",35,15,,,
"Pull","Apr 20, 2026, 5:38 PM","Apr 20, 2026, 7:23 PM","","Bicep Curl (Cable)",,"",2,"normal",40,12,,,
"Pull","Apr 20, 2026, 5:38 PM","Apr 20, 2026, 7:23 PM","","Bicep Curl (Cable)",,"",3,"dropset",20,8,,,
"Pull","Apr 20, 2026, 5:38 PM","Apr 20, 2026, 7:23 PM","","Hammer Curl (Cable)",,"",0,"normal",35,12,,,
"Pull","Apr 20, 2026, 5:38 PM","Apr 20, 2026, 7:23 PM","","Hammer Curl (Cable)",,"",1,"normal",40,12,,,
"Pull","Apr 20, 2026, 5:38 PM","Apr 20, 2026, 7:23 PM","","Hammer Curl (Cable)",,"",2,"normal",40,12,,,
"Pull","Apr 20, 2026, 5:38 PM","Apr 20, 2026, 7:23 PM","","Hammer Curl (Cable)",,"",3,"dropset",20,10,,,
"Misc","Apr 18, 2026, 5:42 PM","Apr 18, 2026, 7:22 PM","","Stretching",,"",0,"normal",,,,438,
"Misc","Apr 18, 2026, 5:42 PM","Apr 18, 2026, 7:22 PM","","Single Arm Lateral Raise (Cable)",,"",0,"normal",10,24,,,
"Misc","Apr 18, 2026, 5:42 PM","Apr 18, 2026, 7:22 PM","","Single Arm Lateral Raise (Cable)",,"",1,"normal",15,24,,,
"Misc","Apr 18, 2026, 5:42 PM","Apr 18, 2026, 7:22 PM","","Single Arm Lateral Raise (Cable)",,"",2,"normal",15,24,,,
"Misc","Apr 18, 2026, 5:42 PM","Apr 18, 2026, 7:22 PM","","Shoulder Press (Machine Plates)",,"",0,"normal",40,12,,,
"Misc","Apr 18, 2026, 5:42 PM","Apr 18, 2026, 7:22 PM","","Shoulder Press (Machine Plates)",,"",1,"normal",45,12,,,
"Misc","Apr 18, 2026, 5:42 PM","Apr 18, 2026, 7:22 PM","","Shoulder Press (Machine Plates)",,"",2,"normal",50,12,,,
"Misc","Apr 18, 2026, 5:42 PM","Apr 18, 2026, 7:22 PM","","Face Pull",,"Seated",0,"normal",35,12,,,
"Misc","Apr 18, 2026, 5:42 PM","Apr 18, 2026, 7:22 PM","","Face Pull",,"Seated",1,"normal",40,12,,,
"Misc","Apr 18, 2026, 5:42 PM","Apr 18, 2026, 7:22 PM","","Face Pull",,"Seated",2,"normal",45,12,,,
"Misc","Apr 18, 2026, 5:42 PM","Apr 18, 2026, 7:22 PM","","Chest Fly (Machine)",,"",0,"warmup",37.5,12,,,
"Misc","Apr 18, 2026, 5:42 PM","Apr 18, 2026, 7:22 PM","","Chest Fly (Machine)",,"",1,"normal",75,12,,,
"Misc","Apr 18, 2026, 5:42 PM","Apr 18, 2026, 7:22 PM","","Chest Fly (Machine)",,"",2,"normal",75,12,,,
"Misc","Apr 18, 2026, 5:42 PM","Apr 18, 2026, 7:22 PM","","Incline Bench Press (Dumbbell)",,"",0,"normal",50,8,,,
"Misc","Apr 18, 2026, 5:42 PM","Apr 18, 2026, 7:22 PM","","Incline Bench Press (Dumbbell)",,"",1,"normal",50,8,,,
"Misc","Apr 18, 2026, 5:42 PM","Apr 18, 2026, 7:22 PM","","Cable Twist (Up to down)",,"",0,"normal",10,30,,,
"Misc","Apr 18, 2026, 5:42 PM","Apr 18, 2026, 7:22 PM","","Cable Twist (Up to down)",,"",1,"normal",15,30,,,
"Misc","Apr 18, 2026, 5:42 PM","Apr 18, 2026, 7:22 PM","","Cable Twist (Up to down)",,"",2,"normal",15,30,,,
"Misc","Apr 18, 2026, 5:42 PM","Apr 18, 2026, 7:22 PM","","Cable Crunch",,"",0,"normal",45,12,,,
"Misc","Apr 18, 2026, 5:42 PM","Apr 18, 2026, 7:22 PM","","Cable Crunch",,"",1,"normal",50,20,,,
"Misc","Apr 18, 2026, 5:42 PM","Apr 18, 2026, 7:22 PM","","Cable Crunch",,"",2,"normal",55,15,,,
"Misc","Apr 18, 2026, 5:42 PM","Apr 18, 2026, 7:22 PM","","Hanging Leg Raise",,"",0,"normal",,15,,,
"Misc","Apr 18, 2026, 5:42 PM","Apr 18, 2026, 7:22 PM","","Hanging Leg Raise",,"",1,"normal",,15,,,
"Misc","Apr 18, 2026, 5:42 PM","Apr 18, 2026, 7:22 PM","","Reverse Curl",,"Cable",0,"normal",35,15,,,
"Misc","Apr 18, 2026, 5:42 PM","Apr 18, 2026, 7:22 PM","","Reverse Curl",,"Cable",1,"normal",35,12,,,
"Misc","Apr 18, 2026, 5:42 PM","Apr 18, 2026, 7:22 PM","","Reverse Curl",,"Cable",2,"normal",35,10,,,
".","Apr 17, 2026, 6:44 PM","Apr 17, 2026, 7:26 PM","","Stretching",,"",0,"normal",,,,274,
".","Apr 17, 2026, 6:44 PM","Apr 17, 2026, 7:26 PM","","Lat Pulldown (Cable)",,"",0,"warmup",32.5,6,,,
".","Apr 17, 2026, 6:44 PM","Apr 17, 2026, 7:26 PM","","Lat Pulldown (Cable)",,"",1,"normal",65,8,,,
".","Apr 17, 2026, 6:44 PM","Apr 17, 2026, 7:26 PM","","Lat Pulldown (Cable)",,"",2,"normal",65,10,,,
".","Apr 17, 2026, 6:44 PM","Apr 17, 2026, 7:26 PM","","Single Arm Lat Pulldown",,"",0,"normal",35,24,,,
".","Apr 17, 2026, 6:44 PM","Apr 17, 2026, 7:26 PM","","Single Arm Lat Pulldown",,"",1,"normal",35,24,,,
".","Apr 17, 2026, 6:44 PM","Apr 17, 2026, 7:26 PM","","Straight Arm Lat Pulldown (Cable)",,"",0,"normal",35,12,,,
".","Apr 17, 2026, 6:44 PM","Apr 17, 2026, 7:26 PM","","Straight Arm Lat Pulldown (Cable)",,"",1,"normal",35,15,,,
".","Apr 17, 2026, 6:44 PM","Apr 17, 2026, 7:26 PM","","Straight Arm Lat Pulldown (Cable)",,"",2,"normal",35,12,,,
".","Apr 17, 2026, 6:44 PM","Apr 17, 2026, 7:26 PM","","Cable Fly Crossovers",,"",0,"normal",50,12,,,
".","Apr 17, 2026, 6:44 PM","Apr 17, 2026, 7:26 PM","","Cable Fly Crossovers",,"",1,"normal",50,12,,,
".","Apr 17, 2026, 6:44 PM","Apr 17, 2026, 7:26 PM","","Cable Fly Crossovers",,"",2,"normal",50,12,,,
"Arms","Apr 16, 2026, 6:10 PM","Apr 16, 2026, 7:24 PM","","Stretching",,"Arms",0,"normal",,,,346,
"Arms","Apr 16, 2026, 6:10 PM","Apr 16, 2026, 7:24 PM","","Seated Incline Curl (Dumbbell)",,"",0,"normal",20,12,,,
"Arms","Apr 16, 2026, 6:10 PM","Apr 16, 2026, 7:24 PM","","Seated Incline Curl (Dumbbell)",,"",1,"normal",20,12,,,
"Arms","Apr 16, 2026, 6:10 PM","Apr 16, 2026, 7:24 PM","","Seated Incline Curl (Dumbbell)",,"",2,"normal",20,10,,,
"Arms","Apr 16, 2026, 6:10 PM","Apr 16, 2026, 7:24 PM","","Seated Incline Curl (Dumbbell)",,"",3,"dropset",10,6,,,
"Arms","Apr 16, 2026, 6:10 PM","Apr 16, 2026, 7:24 PM","","Skullcrusher (Barbell)",,"",0,"normal",15,12,,,
"Arms","Apr 16, 2026, 6:10 PM","Apr 16, 2026, 7:24 PM","","Skullcrusher (Barbell)",,"",1,"normal",15,12,,,
"Arms","Apr 16, 2026, 6:10 PM","Apr 16, 2026, 7:24 PM","","Skullcrusher (Barbell)",,"",2,"normal",15,12,,,
"Arms","Apr 16, 2026, 6:10 PM","Apr 16, 2026, 7:24 PM","","Bicep Curl (Cable)",,"",0,"normal",35,12,,,
"Arms","Apr 16, 2026, 6:10 PM","Apr 16, 2026, 7:24 PM","","Bicep Curl (Cable)",,"",1,"normal",40,12,,,
"Arms","Apr 16, 2026, 6:10 PM","Apr 16, 2026, 7:24 PM","","Bicep Curl (Cable)",,"",2,"normal",40,12,,,
"Arms","Apr 16, 2026, 6:10 PM","Apr 16, 2026, 7:24 PM","","Triceps Rope Pushdown",,"",0,"normal",30,12,,,
"Arms","Apr 16, 2026, 6:10 PM","Apr 16, 2026, 7:24 PM","","Triceps Rope Pushdown",,"",1,"normal",35,11,,,
"Arms","Apr 16, 2026, 6:10 PM","Apr 16, 2026, 7:24 PM","","Triceps Rope Pushdown",,"",2,"normal",35,8,,,
"Arms","Apr 16, 2026, 6:10 PM","Apr 16, 2026, 7:24 PM","","Triceps Rope Pushdown",,"",3,"dropset",25,8,,,
"Arms","Apr 16, 2026, 6:10 PM","Apr 16, 2026, 7:24 PM","","Hammer Curl (Cable)",,"",0,"normal",35,15,,,
"Arms","Apr 16, 2026, 6:10 PM","Apr 16, 2026, 7:24 PM","","Hammer Curl (Cable)",,"",1,"normal",40,12,,,
"Arms","Apr 16, 2026, 6:10 PM","Apr 16, 2026, 7:24 PM","","Hammer Curl (Cable)",,"",2,"normal",40,12,,,
"Arms","Apr 16, 2026, 6:10 PM","Apr 16, 2026, 7:24 PM","","Single Arm Triceps Pushdown (Cable)",,"",0,"normal",10,24,,,
"Arms","Apr 16, 2026, 6:10 PM","Apr 16, 2026, 7:24 PM","","Single Arm Triceps Pushdown (Cable)",,"",1,"normal",10,24,,,
"Arms","Apr 16, 2026, 6:10 PM","Apr 16, 2026, 7:24 PM","","Single Arm Triceps Pushdown (Cable)",,"",2,"normal",10,24,,,
"Legs","Apr 15, 2026, 5:28 PM","Apr 15, 2026, 6:38 PM","","Stretching",,"",0,"normal",,,,297,
"Legs","Apr 15, 2026, 5:28 PM","Apr 15, 2026, 6:38 PM","","Squat (Smith Machine)",,"Deep stretch",0,"warmup",20,12,,,
"Legs","Apr 15, 2026, 5:28 PM","Apr 15, 2026, 6:38 PM","","Squat (Smith Machine)",,"Deep stretch",1,"normal",50,10,,,
"Legs","Apr 15, 2026, 5:28 PM","Apr 15, 2026, 6:38 PM","","Squat (Smith Machine)",,"Deep stretch",2,"normal",60,8,,,
"Legs","Apr 15, 2026, 5:28 PM","Apr 15, 2026, 6:38 PM","","Single Leg Extensions",,"",0,"normal",30,24,,,
"Legs","Apr 15, 2026, 5:28 PM","Apr 15, 2026, 6:38 PM","","Single Leg Extensions",,"",1,"normal",30,24,,,
"Legs","Apr 15, 2026, 5:28 PM","Apr 15, 2026, 6:38 PM","","Single Leg Extensions",,"",2,"normal",30,24,,,
"Legs","Apr 15, 2026, 5:28 PM","Apr 15, 2026, 6:38 PM","","Seated Leg Curl (Machine)",,"",0,"normal",50,12,,,
"Legs","Apr 15, 2026, 5:28 PM","Apr 15, 2026, 6:38 PM","","Seated Leg Curl (Machine)",,"",1,"normal",50,12,,,
"Legs","Apr 15, 2026, 5:28 PM","Apr 15, 2026, 6:38 PM","","Seated Leg Curl (Machine)",,"",2,"normal",55,12,,,
"Legs","Apr 15, 2026, 5:28 PM","Apr 15, 2026, 6:38 PM","","Hip Adduction (Machine)",0,"",0,"normal",70,15,,,
"Legs","Apr 15, 2026, 5:28 PM","Apr 15, 2026, 6:38 PM","","Hip Adduction (Machine)",0,"",1,"normal",80,15,,,
"Legs","Apr 15, 2026, 5:28 PM","Apr 15, 2026, 6:38 PM","","Hip Abduction (Machine)",0,"",0,"normal",70,15,,,
"Legs","Apr 15, 2026, 5:28 PM","Apr 15, 2026, 6:38 PM","","Hip Abduction (Machine)",0,"",1,"normal",80,15,,,
"Legs","Apr 15, 2026, 5:28 PM","Apr 15, 2026, 6:38 PM","","Standing Calf Raise (Smith)",,"",0,"normal",40,15,,,
"Legs","Apr 15, 2026, 5:28 PM","Apr 15, 2026, 6:38 PM","","Standing Calf Raise (Smith)",,"",1,"normal",45,15,,,
"Legs","Apr 15, 2026, 5:28 PM","Apr 15, 2026, 6:38 PM","","Standing Calf Raise (Smith)",,"",2,"normal",45,15,,,
"Push","Apr 14, 2026, 5:42 PM","Apr 14, 2026, 7:12 PM","","Stretching",,"",0,"normal",,,,194,
"Push","Apr 14, 2026, 5:42 PM","Apr 14, 2026, 7:12 PM","","Push Up",,"",0,"normal",,30,,,
"Push","Apr 14, 2026, 5:42 PM","Apr 14, 2026, 7:12 PM","","Bench Press (Barbell)",,"",0,"warmup",40,12,,,
"Push","Apr 14, 2026, 5:42 PM","Apr 14, 2026, 7:12 PM","","Bench Press (Barbell)",,"",1,"normal",65,11,,,
"Push","Apr 14, 2026, 5:42 PM","Apr 14, 2026, 7:12 PM","","Bench Press (Barbell)",,"",2,"normal",65,8,,,
"Push","Apr 14, 2026, 5:42 PM","Apr 14, 2026, 7:12 PM","","Cable Fly Crossovers",,"",0,"normal",50,12,,,
"Push","Apr 14, 2026, 5:42 PM","Apr 14, 2026, 7:12 PM","","Cable Fly Crossovers",,"",1,"normal",50,12,,,
"Push","Apr 14, 2026, 5:42 PM","Apr 14, 2026, 7:12 PM","","Cable Fly Crossovers",,"",2,"normal",50,12,,,
"Push","Apr 14, 2026, 5:42 PM","Apr 14, 2026, 7:12 PM","","Cable Fly Crossovers",,"",3,"dropset",30,8,,,
"Push","Apr 14, 2026, 5:42 PM","Apr 14, 2026, 7:12 PM","","Incline Bench Press (Dumbbell)",,"",0,"normal",45,12,,,
"Push","Apr 14, 2026, 5:42 PM","Apr 14, 2026, 7:12 PM","","Incline Bench Press (Dumbbell)",,"",1,"normal",50,8,,,
"Push","Apr 14, 2026, 5:42 PM","Apr 14, 2026, 7:12 PM","","Chest Fly (Machine)",,"Last - single hand",0,"normal",75,12,,,
"Push","Apr 14, 2026, 5:42 PM","Apr 14, 2026, 7:12 PM","","Chest Fly (Machine)",,"Last - single hand",1,"normal",75,12,,,
"Push","Apr 14, 2026, 5:42 PM","Apr 14, 2026, 7:12 PM","","Chest Fly (Machine)",,"Last - single hand",2,"normal",52.5,12,,,
"Push","Apr 14, 2026, 5:42 PM","Apr 14, 2026, 7:12 PM","","Overhead Triceps Extension (Cable)",,"Bar",0,"normal",35,15,,,
"Push","Apr 14, 2026, 5:42 PM","Apr 14, 2026, 7:12 PM","","Overhead Triceps Extension (Cable)",,"Bar",1,"normal",40,15,,,
"Push","Apr 14, 2026, 5:42 PM","Apr 14, 2026, 7:12 PM","","Overhead Triceps Extension (Cable)",,"Bar",2,"normal",45,15,,,
"Push","Apr 14, 2026, 5:42 PM","Apr 14, 2026, 7:12 PM","","Triceps Rope Pushdown",,"",0,"normal",30,12,,,
"Push","Apr 14, 2026, 5:42 PM","Apr 14, 2026, 7:12 PM","","Triceps Rope Pushdown",,"",1,"normal",30,12,,,
"Push","Apr 14, 2026, 5:42 PM","Apr 14, 2026, 7:12 PM","","Triceps Rope Pushdown",,"",2,"normal",30,12,,,
"Push","Apr 14, 2026, 5:42 PM","Apr 14, 2026, 7:12 PM","","Single Arm Triceps Pushdown (Cable)",,"",0,"normal",10,24,,,
"Push","Apr 14, 2026, 5:42 PM","Apr 14, 2026, 7:12 PM","","Single Arm Triceps Pushdown (Cable)",,"",1,"normal",10,24,,,
"Push","Apr 14, 2026, 5:42 PM","Apr 14, 2026, 7:12 PM","","Single Arm Triceps Pushdown (Cable)",,"",2,"normal",10,24,,,
"Pull","Apr 13, 2026, 5:24 PM","Apr 13, 2026, 7:29 PM","","Stretching",,"Back",0,"normal",,,,217,
"Pull","Apr 13, 2026, 5:24 PM","Apr 13, 2026, 7:29 PM","","Hanging Leg Raise",,"",0,"normal",,12,,,
"Pull","Apr 13, 2026, 5:24 PM","Apr 13, 2026, 7:29 PM","","Hanging Leg Raise",,"",1,"normal",,12,,,
"Pull","Apr 13, 2026, 5:24 PM","Apr 13, 2026, 7:29 PM","","Hanging Leg Raise",,"",2,"normal",,12,,,
"Pull","Apr 13, 2026, 5:24 PM","Apr 13, 2026, 7:29 PM","","Cable Twist (Up to down)",,"",0,"normal",10,36,,,
"Pull","Apr 13, 2026, 5:24 PM","Apr 13, 2026, 7:29 PM","","Cable Twist (Up to down)",,"",1,"normal",15,30,,,
"Pull","Apr 13, 2026, 5:24 PM","Apr 13, 2026, 7:29 PM","","Cable Twist (Up to down)",,"",2,"normal",15,30,,,
"Pull","Apr 13, 2026, 5:24 PM","Apr 13, 2026, 7:29 PM","","Cable Crunch",,"",0,"normal",45,15,,,
"Pull","Apr 13, 2026, 5:24 PM","Apr 13, 2026, 7:29 PM","","Cable Crunch",,"",1,"normal",50,15,,,
"Pull","Apr 13, 2026, 5:24 PM","Apr 13, 2026, 7:29 PM","","Cable Crunch",,"",2,"normal",55,15,,,
"Pull","Apr 13, 2026, 5:24 PM","Apr 13, 2026, 7:29 PM","","Dead Hang",,"",0,"normal",,,,45,
"Pull","Apr 13, 2026, 5:24 PM","Apr 13, 2026, 7:29 PM","","Dead Hang",,"",1,"normal",,,,39,
"Pull","Apr 13, 2026, 5:24 PM","Apr 13, 2026, 7:29 PM","","Pull Up",,"",0,"normal",,14,,,
"Pull","Apr 13, 2026, 5:24 PM","Apr 13, 2026, 7:29 PM","","Pull Up",,"",1,"normal",,12,,,
"Pull","Apr 13, 2026, 5:24 PM","Apr 13, 2026, 7:29 PM","","Rear Delt Reverse Fly (Dumbbell)",,"",0,"normal",10,15,,,
"Pull","Apr 13, 2026, 5:24 PM","Apr 13, 2026, 7:29 PM","","Rear Delt Reverse Fly (Dumbbell)",,"",1,"normal",15,12,,,
"Pull","Apr 13, 2026, 5:24 PM","Apr 13, 2026, 7:29 PM","","Rear Delt Reverse Fly (Dumbbell)",,"",2,"normal",15,10,,,
"Pull","Apr 13, 2026, 5:24 PM","Apr 13, 2026, 7:29 PM","","Shrug (Dumbbell)",,"",0,"normal",45,18,,,
"Pull","Apr 13, 2026, 5:24 PM","Apr 13, 2026, 7:29 PM","","Shrug (Dumbbell)",,"",1,"normal",60,15,,,
"Pull","Apr 13, 2026, 5:24 PM","Apr 13, 2026, 7:29 PM","","Lat Pulldown (Cable)",,"",0,"normal",65,12,,,
"Pull","Apr 13, 2026, 5:24 PM","Apr 13, 2026, 7:29 PM","","Lat Pulldown (Cable)",,"",1,"normal",65,10,,,
"Pull","Apr 13, 2026, 5:24 PM","Apr 13, 2026, 7:29 PM","","Lat Pulldown (Cable)",,"",2,"normal",65,10,,,
"Pull","Apr 13, 2026, 5:24 PM","Apr 13, 2026, 7:29 PM","","Seated Cable Row - Bar Grip",,"",0,"normal",80,12,,,
"Pull","Apr 13, 2026, 5:24 PM","Apr 13, 2026, 7:29 PM","","Seated Cable Row - Bar Grip",,"",1,"normal",85,12,,,
"Pull","Apr 13, 2026, 5:24 PM","Apr 13, 2026, 7:29 PM","","Seated Cable Row - Bar Grip",,"",2,"normal",90,10,,,
"Pull","Apr 13, 2026, 5:24 PM","Apr 13, 2026, 7:29 PM","","Single Arm Lat Pulldown",,"",0,"normal",30,24,,,
"Pull","Apr 13, 2026, 5:24 PM","Apr 13, 2026, 7:29 PM","","Single Arm Lat Pulldown",,"",1,"normal",35,24,,,
"Pull","Apr 13, 2026, 5:24 PM","Apr 13, 2026, 7:29 PM","","Single Arm Lat Pulldown",,"",2,"normal",40,24,,,
"Pull","Apr 13, 2026, 5:24 PM","Apr 13, 2026, 7:29 PM","","Seated Incline Curl (Dumbbell)",,"",0,"normal",20,12,,,
"Pull","Apr 13, 2026, 5:24 PM","Apr 13, 2026, 7:29 PM","","Seated Incline Curl (Dumbbell)",,"",1,"normal",20,9,,,
"Pull","Apr 13, 2026, 5:24 PM","Apr 13, 2026, 7:29 PM","","Hammer Curl (Dumbbell)",,"Preacher",0,"normal",20,13,,,
"Pull","Apr 13, 2026, 5:24 PM","Apr 13, 2026, 7:29 PM","","Hammer Curl (Dumbbell)",,"Preacher",1,"normal",25,10,,,
"Pull","Apr 13, 2026, 5:24 PM","Apr 13, 2026, 7:29 PM","","Hammer Curl (Dumbbell)",,"Preacher",2,"normal",25,12,,,
"Legs","Apr 11, 2026, 5:35 PM","Apr 11, 2026, 6:48 PM","","Stretching",,"Legs",0,"normal",,,,288,
"Legs","Apr 11, 2026, 5:35 PM","Apr 11, 2026, 6:48 PM","","Squat (Smith Machine)",,"",0,"warmup",20,12,,,
"Legs","Apr 11, 2026, 5:35 PM","Apr 11, 2026, 6:48 PM","","Squat (Smith Machine)",,"",1,"normal",40,12,,,
"Legs","Apr 11, 2026, 5:35 PM","Apr 11, 2026, 6:48 PM","","Squat (Smith Machine)",,"",2,"normal",50,10,,,
"Legs","Apr 11, 2026, 5:35 PM","Apr 11, 2026, 6:48 PM","","Hip Thrust (Machine)",,"",0,"normal",30,12,,,
"Legs","Apr 11, 2026, 5:35 PM","Apr 11, 2026, 6:48 PM","","Hip Thrust (Machine)",,"",1,"normal",40,12,,,
"Legs","Apr 11, 2026, 5:35 PM","Apr 11, 2026, 6:48 PM","","Single Leg Extensions",,"",0,"normal",30,24,,,
"Legs","Apr 11, 2026, 5:35 PM","Apr 11, 2026, 6:48 PM","","Single Leg Extensions",,"",1,"normal",35,20,,,
"Legs","Apr 11, 2026, 5:35 PM","Apr 11, 2026, 6:48 PM","","Single Leg Extensions",,"",2,"normal",35,20,,,
"Legs","Apr 11, 2026, 5:35 PM","Apr 11, 2026, 6:48 PM","","Hip Adduction (Machine)",0,"",0,"normal",70,12,,,
"Legs","Apr 11, 2026, 5:35 PM","Apr 11, 2026, 6:48 PM","","Hip Adduction (Machine)",0,"",1,"normal",70,12,,,
"Legs","Apr 11, 2026, 5:35 PM","Apr 11, 2026, 6:48 PM","","Hip Abduction (Machine)",0,"",0,"normal",70,15,,,
"Legs","Apr 11, 2026, 5:35 PM","Apr 11, 2026, 6:48 PM","","Hip Abduction (Machine)",0,"",1,"normal",70,15,,,
"Legs","Apr 11, 2026, 5:35 PM","Apr 11, 2026, 6:48 PM","","Standing Calf Raise (Smith)",,"",0,"normal",40,15,,,
"Legs","Apr 11, 2026, 5:35 PM","Apr 11, 2026, 6:48 PM","","Standing Calf Raise (Smith)",,"",1,"normal",40,15,,,
"Legs","Apr 11, 2026, 5:35 PM","Apr 11, 2026, 6:48 PM","","Dead Hang",,"",0,"normal",,,,40,
"Chest & Back","Apr 10, 2026, 5:35 PM","Apr 10, 2026, 6:33 PM","low intensity, low volume","Stretching",,"",0,"normal",,,,267,
"Chest & Back","Apr 10, 2026, 5:35 PM","Apr 10, 2026, 6:33 PM","low intensity, low volume","Incline Bench Press (Dumbbell)",,"",0,"warmup",25,12,,,
"Chest & Back","Apr 10, 2026, 5:35 PM","Apr 10, 2026, 6:33 PM","low intensity, low volume","Incline Bench Press (Dumbbell)",,"",1,"normal",45,12,,,
"Chest & Back","Apr 10, 2026, 5:35 PM","Apr 10, 2026, 6:33 PM","low intensity, low volume","Incline Bench Press (Dumbbell)",,"",2,"normal",45,12,,,
"Chest & Back","Apr 10, 2026, 5:35 PM","Apr 10, 2026, 6:33 PM","low intensity, low volume","Cable Fly Crossovers",,"",0,"normal",50,12,,,
"Chest & Back","Apr 10, 2026, 5:35 PM","Apr 10, 2026, 6:33 PM","low intensity, low volume","Cable Fly Crossovers",,"",1,"normal",50,12,,,
"Chest & Back","Apr 10, 2026, 5:35 PM","Apr 10, 2026, 6:33 PM","low intensity, low volume","Cable Fly Crossovers",,"",2,"normal",50,8,,,
"Chest & Back","Apr 10, 2026, 5:35 PM","Apr 10, 2026, 6:33 PM","low intensity, low volume","Cable Fly Crossovers",,"",3,"dropset",40,8,,,
"Chest & Back","Apr 10, 2026, 5:35 PM","Apr 10, 2026, 6:33 PM","low intensity, low volume","Pull Up",,"",0,"normal",,10,,,
"Chest & Back","Apr 10, 2026, 5:35 PM","Apr 10, 2026, 6:33 PM","low intensity, low volume","Pull Up",,"",1,"normal",,10,,,
"Chest & Back","Apr 10, 2026, 5:35 PM","Apr 10, 2026, 6:33 PM","low intensity, low volume","Chest Supported Incline Row (Dumbbell)",,"Dumbell",0,"normal",25,12,,,
"Chest & Back","Apr 10, 2026, 5:35 PM","Apr 10, 2026, 6:33 PM","low intensity, low volume","Chest Supported Incline Row (Dumbbell)",,"Dumbell",1,"normal",25,12,,,
"Chest & Back","Apr 10, 2026, 5:35 PM","Apr 10, 2026, 6:33 PM","low intensity, low volume","Chest Supported Incline Row (Dumbbell)",,"Dumbell",2,"normal",25,12,,,
"Chest & Back","Apr 10, 2026, 5:35 PM","Apr 10, 2026, 6:33 PM","low intensity, low volume","Straight Arm Lat Pulldown (Cable)",,"",0,"normal",30,12,,,
"Chest & Back","Apr 10, 2026, 5:35 PM","Apr 10, 2026, 6:33 PM","low intensity, low volume","Straight Arm Lat Pulldown (Cable)",,"",1,"normal",35,12,,,
"Chest & Back","Apr 10, 2026, 5:35 PM","Apr 10, 2026, 6:33 PM","low intensity, low volume","Straight Arm Lat Pulldown (Cable)",,"",2,"normal",35,12,,,
"Arms & Abs","Apr 9, 2026, 5:04 PM","Apr 9, 2026, 6:44 PM","","Stretching",,"Arms",0,"normal",,,,239,
"Arms & Abs","Apr 9, 2026, 5:04 PM","Apr 9, 2026, 6:44 PM","","Chin Up",,"",0,"normal",,12,,,
"Arms & Abs","Apr 9, 2026, 5:04 PM","Apr 9, 2026, 6:44 PM","","Diamond Push Up",,"",0,"normal",,25,,,
"Arms & Abs","Apr 9, 2026, 5:04 PM","Apr 9, 2026, 6:44 PM","","Seated Incline Curl (Dumbbell)",,"",0,"normal",20,12,,,
"Arms & Abs","Apr 9, 2026, 5:04 PM","Apr 9, 2026, 6:44 PM","","Seated Incline Curl (Dumbbell)",,"",1,"normal",20,9,,,
"Arms & Abs","Apr 9, 2026, 5:04 PM","Apr 9, 2026, 6:44 PM","","Seated Incline Curl (Dumbbell)",,"",2,"normal",20,8,,,
"Arms & Abs","Apr 9, 2026, 5:04 PM","Apr 9, 2026, 6:44 PM","","Triceps Rope Pushdown",,"",0,"normal",35,14,,,
"Arms & Abs","Apr 9, 2026, 5:04 PM","Apr 9, 2026, 6:44 PM","","Triceps Rope Pushdown",,"",1,"normal",35,11,,,
"Arms & Abs","Apr 9, 2026, 5:04 PM","Apr 9, 2026, 6:44 PM","","Triceps Rope Pushdown",,"",2,"normal",35,11,,,
"Arms & Abs","Apr 9, 2026, 5:04 PM","Apr 9, 2026, 6:44 PM","","Bicep Curl (Cable)",,"",0,"normal",35,12,,,
"Arms & Abs","Apr 9, 2026, 5:04 PM","Apr 9, 2026, 6:44 PM","","Bicep Curl (Cable)",,"",1,"normal",35,12,,,
"Arms & Abs","Apr 9, 2026, 5:04 PM","Apr 9, 2026, 6:44 PM","","Bicep Curl (Cable)",,"",2,"normal",35,12,,,
"Arms & Abs","Apr 9, 2026, 5:04 PM","Apr 9, 2026, 6:44 PM","","Overhead Triceps Extension (Cable)",,"",0,"normal",35,15,,,
"Arms & Abs","Apr 9, 2026, 5:04 PM","Apr 9, 2026, 6:44 PM","","Overhead Triceps Extension (Cable)",,"",1,"normal",40,15,,,
"Arms & Abs","Apr 9, 2026, 5:04 PM","Apr 9, 2026, 6:44 PM","","Overhead Triceps Extension (Cable)",,"",2,"normal",45,12,,,
"Arms & Abs","Apr 9, 2026, 5:04 PM","Apr 9, 2026, 6:44 PM","","Hammer Curl (Dumbbell)",,"",0,"normal",25,12,,,
"Arms & Abs","Apr 9, 2026, 5:04 PM","Apr 9, 2026, 6:44 PM","","Hammer Curl (Dumbbell)",,"",1,"normal",25,12,,,
"Arms & Abs","Apr 9, 2026, 5:04 PM","Apr 9, 2026, 6:44 PM","","Hammer Curl (Dumbbell)",,"",2,"normal",25,9,,,
"Arms & Abs","Apr 9, 2026, 5:04 PM","Apr 9, 2026, 6:44 PM","","Single Arm Triceps Pushdown (Cable)",,"Cbum var.",0,"normal",10,24,,,
"Arms & Abs","Apr 9, 2026, 5:04 PM","Apr 9, 2026, 6:44 PM","","Single Arm Triceps Pushdown (Cable)",,"Cbum var.",1,"normal",10,24,,,
"Arms & Abs","Apr 9, 2026, 5:04 PM","Apr 9, 2026, 6:44 PM","","Behind the Back Wrist Curl (Barbell)",0,"",0,"normal",35,15,,,
"Arms & Abs","Apr 9, 2026, 5:04 PM","Apr 9, 2026, 6:44 PM","","Behind the Back Wrist Curl (Barbell)",0,"",1,"normal",35,18,,,
"Arms & Abs","Apr 9, 2026, 5:04 PM","Apr 9, 2026, 6:44 PM","","Behind the Back Wrist Curl (Barbell)",0,"",2,"normal",35,15,,,
"Arms & Abs","Apr 9, 2026, 5:04 PM","Apr 9, 2026, 6:44 PM","","Reverse Curl",0,"Barbell",0,"normal",15,15,,,
"Arms & Abs","Apr 9, 2026, 5:04 PM","Apr 9, 2026, 6:44 PM","","Reverse Curl",0,"Barbell",1,"normal",20,12,,,
"Arms & Abs","Apr 9, 2026, 5:04 PM","Apr 9, 2026, 6:44 PM","","Reverse Curl",0,"Barbell",2,"normal",20,10,,,
"Arms & Abs","Apr 9, 2026, 5:04 PM","Apr 9, 2026, 6:44 PM","","Cable Twist (Up to down)",,"",0,"normal",10,15,,,
"Arms & Abs","Apr 9, 2026, 5:04 PM","Apr 9, 2026, 6:44 PM","","Cable Twist (Up to down)",,"",1,"normal",10,12,,,
"Arms & Abs","Apr 9, 2026, 5:04 PM","Apr 9, 2026, 6:44 PM","","Hanging Leg Raise",,"",0,"normal",,15,,,
"Arms & Abs","Apr 9, 2026, 5:04 PM","Apr 9, 2026, 6:44 PM","","Hanging Leg Raise",,"",1,"normal",,15,,,
"Arms & Abs","Apr 9, 2026, 5:04 PM","Apr 9, 2026, 6:44 PM","","Hanging Leg Raise",,"",2,"normal",,12,,,
"Arms & Abs","Apr 9, 2026, 5:04 PM","Apr 9, 2026, 6:44 PM","","Cable Crunch",,"",0,"normal",45,12,,,
"Arms & Abs","Apr 9, 2026, 5:04 PM","Apr 9, 2026, 6:44 PM","","Cable Crunch",,"",1,"normal",50,12,,,
"Arms & Abs","Apr 9, 2026, 5:04 PM","Apr 9, 2026, 6:44 PM","","Cable Crunch",,"",2,"normal",50,15,,,
"Legs & Shouldies","Apr 8, 2026, 6:03 PM","Apr 8, 2026, 7:28 PM","","Stretching",,"Legs",0,"normal",,,,208,
"Legs & Shouldies","Apr 8, 2026, 6:03 PM","Apr 8, 2026, 7:28 PM","","Leg Extension (Machine)",,"",0,"normal",50,12,,,
"Legs & Shouldies","Apr 8, 2026, 6:03 PM","Apr 8, 2026, 7:28 PM","","Leg Extension (Machine)",,"",1,"normal",55,12,,,
"Legs & Shouldies","Apr 8, 2026, 6:03 PM","Apr 8, 2026, 7:28 PM","","Leg Extension (Machine)",,"",2,"normal",60,12,,,
"Legs & Shouldies","Apr 8, 2026, 6:03 PM","Apr 8, 2026, 7:28 PM","","Seated Leg Curl (Machine)",,"",0,"normal",50,12,,,
"Legs & Shouldies","Apr 8, 2026, 6:03 PM","Apr 8, 2026, 7:28 PM","","Seated Leg Curl (Machine)",,"",1,"normal",55,12,,,
"Legs & Shouldies","Apr 8, 2026, 6:03 PM","Apr 8, 2026, 7:28 PM","","Seated Leg Curl (Machine)",,"",2,"normal",55,12,,,
"Legs & Shouldies","Apr 8, 2026, 6:03 PM","Apr 8, 2026, 7:28 PM","","Hip Adduction (Machine)",0,"",0,"normal",60,12,,,
"Legs & Shouldies","Apr 8, 2026, 6:03 PM","Apr 8, 2026, 7:28 PM","","Hip Adduction (Machine)",0,"",1,"normal",70,12,,,
"Legs & Shouldies","Apr 8, 2026, 6:03 PM","Apr 8, 2026, 7:28 PM","","Hip Abduction (Machine)",0,"",0,"normal",60,15,,,
"Legs & Shouldies","Apr 8, 2026, 6:03 PM","Apr 8, 2026, 7:28 PM","","Hip Abduction (Machine)",0,"",1,"normal",70,15,,,
"Legs & Shouldies","Apr 8, 2026, 6:03 PM","Apr 8, 2026, 7:28 PM","","Standing Calf Raise (Smith)",,"",0,"normal",40,15,,,
"Legs & Shouldies","Apr 8, 2026, 6:03 PM","Apr 8, 2026, 7:28 PM","","Standing Calf Raise (Smith)",,"",1,"normal",45,15,,,
"Legs & Shouldies","Apr 8, 2026, 6:03 PM","Apr 8, 2026, 7:28 PM","","Standing Calf Raise (Smith)",,"",2,"normal",45,15,,,
"Legs & Shouldies","Apr 8, 2026, 6:03 PM","Apr 8, 2026, 7:28 PM","","Stretching",,"Shouldies",0,"normal",,,,172,
"Legs & Shouldies","Apr 8, 2026, 6:03 PM","Apr 8, 2026, 7:28 PM","","Shoulder Press (Dumbbell)",,"",0,"warmup",20,12,,,
"Legs & Shouldies","Apr 8, 2026, 6:03 PM","Apr 8, 2026, 7:28 PM","","Shoulder Press (Dumbbell)",,"",1,"normal",35,12,,,
"Legs & Shouldies","Apr 8, 2026, 6:03 PM","Apr 8, 2026, 7:28 PM","","Shoulder Press (Dumbbell)",,"",2,"normal",40,12,,,
"Legs & Shouldies","Apr 8, 2026, 6:03 PM","Apr 8, 2026, 7:28 PM","","Shoulder Press (Dumbbell)",,"",3,"normal",40,9,,,
"Legs & Shouldies","Apr 8, 2026, 6:03 PM","Apr 8, 2026, 7:28 PM","","Lateral Raise (Dumbbell)",,"",0,"warmup",10,8,,,
"Legs & Shouldies","Apr 8, 2026, 6:03 PM","Apr 8, 2026, 7:28 PM","","Lateral Raise (Dumbbell)",,"",1,"normal",20,10,,,
"Legs & Shouldies","Apr 8, 2026, 6:03 PM","Apr 8, 2026, 7:28 PM","","Lateral Raise (Dumbbell)",,"",2,"normal",20,12,,,
"Legs & Shouldies","Apr 8, 2026, 6:03 PM","Apr 8, 2026, 7:28 PM","","Lateral Raise (Dumbbell)",,"",3,"normal",20,9,,,
"Legs & Shouldies","Apr 8, 2026, 6:03 PM","Apr 8, 2026, 7:28 PM","","Face Pull",,"",0,"normal",30,12,,,
"Legs & Shouldies","Apr 8, 2026, 6:03 PM","Apr 8, 2026, 7:28 PM","","Face Pull",,"",1,"normal",35,12,,,
"Legs & Shouldies","Apr 8, 2026, 6:03 PM","Apr 8, 2026, 7:28 PM","","Face Pull",,"",2,"normal",40,15,,,
"Chest & Triceps","Apr 7, 2026, 6:08 PM","Apr 7, 2026, 7:30 PM","","Stretching",,"Chest",0,"normal",,,,374,
"Chest & Triceps","Apr 7, 2026, 6:08 PM","Apr 7, 2026, 7:30 PM","","Push Up",,"",0,"normal",,30,,,
"Chest & Triceps","Apr 7, 2026, 6:08 PM","Apr 7, 2026, 7:30 PM","","Incline Bench Press (Dumbbell)",,"",0,"warmup",30,12,,,
"Chest & Triceps","Apr 7, 2026, 6:08 PM","Apr 7, 2026, 7:30 PM","","Incline Bench Press (Dumbbell)",,"",1,"normal",45,12,,,
"Chest & Triceps","Apr 7, 2026, 6:08 PM","Apr 7, 2026, 7:30 PM","","Incline Bench Press (Dumbbell)",,"",2,"normal",50,8,,,
"Chest & Triceps","Apr 7, 2026, 6:08 PM","Apr 7, 2026, 7:30 PM","","Chest Fly (Machine)",,"",0,"normal",75,12,,,
"Chest & Triceps","Apr 7, 2026, 6:08 PM","Apr 7, 2026, 7:30 PM","","Chest Fly (Machine)",,"",1,"normal",82.5,10,,,
"Chest & Triceps","Apr 7, 2026, 6:08 PM","Apr 7, 2026, 7:30 PM","","Cable Fly Crossovers",,"Stretch focused",0,"normal",40,12,,,
"Chest & Triceps","Apr 7, 2026, 6:08 PM","Apr 7, 2026, 7:30 PM","","Cable Fly Crossovers",,"Stretch focused",1,"normal",40,12,,,
"Chest & Triceps","Apr 7, 2026, 6:08 PM","Apr 7, 2026, 7:30 PM","","Cable Fly Crossovers",,"Stretch focused",2,"normal",40,12,,,
"Chest & Triceps","Apr 7, 2026, 6:08 PM","Apr 7, 2026, 7:30 PM","","Bench Press (Barbell)",,"",0,"normal",60,10,,,
"Chest & Triceps","Apr 7, 2026, 6:08 PM","Apr 7, 2026, 7:30 PM","","Bench Press - Close Grip (Barbell)",,"",0,"normal",40,13,,,
"Chest & Triceps","Apr 7, 2026, 6:08 PM","Apr 7, 2026, 7:30 PM","","Bench Press - Close Grip (Barbell)",,"",1,"normal",40,10,,,
"Chest & Triceps","Apr 7, 2026, 6:08 PM","Apr 7, 2026, 7:30 PM","","Bench Press - Close Grip (Barbell)",,"",2,"normal",40,10,,,
"Chest & Triceps","Apr 7, 2026, 6:08 PM","Apr 7, 2026, 7:30 PM","","Triceps Rope Pushdown",,"",0,"normal",30,15,,,
"Chest & Triceps","Apr 7, 2026, 6:08 PM","Apr 7, 2026, 7:30 PM","","Triceps Rope Pushdown",,"",1,"normal",35,10,,,
"Chest & Triceps","Apr 7, 2026, 6:08 PM","Apr 7, 2026, 7:30 PM","","Triceps Rope Pushdown",,"",2,"normal",30,15,,,
"Chest & Triceps","Apr 7, 2026, 6:08 PM","Apr 7, 2026, 7:30 PM","","Overhead Triceps Extension (Cable)",,"Rope",0,"normal",30,12,,,
"Chest & Triceps","Apr 7, 2026, 6:08 PM","Apr 7, 2026, 7:30 PM","","Overhead Triceps Extension (Cable)",,"Rope",1,"normal",30,10,,,
"Chest & Triceps","Apr 7, 2026, 6:08 PM","Apr 7, 2026, 7:30 PM","","Overhead Triceps Extension (Cable)",,"Rope",2,"normal",30,12,,,
"Back & Biceps","Apr 6, 2026, 6:18 PM","Apr 6, 2026, 7:34 PM","","Stretching",,"",0,"normal",,,,237,
"Back & Biceps","Apr 6, 2026, 6:18 PM","Apr 6, 2026, 7:34 PM","","Pull Up",,"",0,"normal",,12,,,
"Back & Biceps","Apr 6, 2026, 6:18 PM","Apr 6, 2026, 7:34 PM","","Pull Up",,"",1,"normal",,12,,,
"Back & Biceps","Apr 6, 2026, 6:18 PM","Apr 6, 2026, 7:34 PM","","Lat Pulldown (Cable)",,"",0,"normal",65,8,,,
"Back & Biceps","Apr 6, 2026, 6:18 PM","Apr 6, 2026, 7:34 PM","","Seated Cable Row - Bar Grip",,"",0,"normal",80,12,,,
"Back & Biceps","Apr 6, 2026, 6:18 PM","Apr 6, 2026, 7:34 PM","","Seated Cable Row - Bar Grip",,"",1,"normal",85,12,,,
"Back & Biceps","Apr 6, 2026, 6:18 PM","Apr 6, 2026, 7:34 PM","","Seated Cable Row - Bar Grip",,"",2,"normal",90,10,,,
"Back & Biceps","Apr 6, 2026, 6:18 PM","Apr 6, 2026, 7:34 PM","","Single Arm Lat Pulldown",,"Cable",0,"normal",30,24,,,
"Back & Biceps","Apr 6, 2026, 6:18 PM","Apr 6, 2026, 7:34 PM","","Single Arm Lat Pulldown",,"Cable",1,"normal",35,24,,,
"Back & Biceps","Apr 6, 2026, 6:18 PM","Apr 6, 2026, 7:34 PM","","Single Arm Lat Pulldown",,"Cable",2,"normal",40,24,,,
"Back & Biceps","Apr 6, 2026, 6:18 PM","Apr 6, 2026, 7:34 PM","","Straight Arm Lat Pulldown (Cable)",,"",0,"normal",30,15,,,
"Back & Biceps","Apr 6, 2026, 6:18 PM","Apr 6, 2026, 7:34 PM","","Straight Arm Lat Pulldown (Cable)",,"",1,"normal",35,14,,,
"Back & Biceps","Apr 6, 2026, 6:18 PM","Apr 6, 2026, 7:34 PM","","Straight Arm Lat Pulldown (Cable)",,"",2,"normal",35,12,,,
"Back & Biceps","Apr 6, 2026, 6:18 PM","Apr 6, 2026, 7:34 PM","","Preacher Curl (Barbell)",,"",0,"normal",20,15,,,
"Back & Biceps","Apr 6, 2026, 6:18 PM","Apr 6, 2026, 7:34 PM","","Preacher Curl (Barbell)",,"",1,"normal",25,10,,,
"Back & Biceps","Apr 6, 2026, 6:18 PM","Apr 6, 2026, 7:34 PM","","Preacher Curl (Barbell)",,"",2,"normal",25,12,,,
"Back & Biceps","Apr 6, 2026, 6:18 PM","Apr 6, 2026, 7:34 PM","","Behind the Back Curl (Cable)",,"",0,"normal",30,12,,,
"Back & Biceps","Apr 6, 2026, 6:18 PM","Apr 6, 2026, 7:34 PM","","Behind the Back Curl (Cable)",,"",1,"normal",30,12,,,
"Legs","Apr 4, 2026, 5:38 PM","Apr 4, 2026, 6:56 PM","","Stretching",,"Legs",0,"normal",,,,388,
"Legs","Apr 4, 2026, 5:38 PM","Apr 4, 2026, 6:56 PM","","Deadlift (Barbell)",,"",0,"warmup",60,6,,,
"Legs","Apr 4, 2026, 5:38 PM","Apr 4, 2026, 6:56 PM","","Deadlift (Barbell)",,"",1,"normal",90,5,,,
"Legs","Apr 4, 2026, 5:38 PM","Apr 4, 2026, 6:56 PM","","Deadlift (Barbell)",,"",2,"normal",110,3,,,
"Legs","Apr 4, 2026, 5:38 PM","Apr 4, 2026, 6:56 PM","","Leg Extension (Machine)",,"",0,"normal",50,12,,,
"Legs","Apr 4, 2026, 5:38 PM","Apr 4, 2026, 6:56 PM","","Leg Extension (Machine)",,"",1,"normal",55,12,,,
"Legs","Apr 4, 2026, 5:38 PM","Apr 4, 2026, 6:56 PM","","Leg Extension (Machine)",,"",2,"normal",60,12,,,
"Legs","Apr 4, 2026, 5:38 PM","Apr 4, 2026, 6:56 PM","","Seated Leg Curl (Machine)",,"",0,"normal",55,12,,,
"Legs","Apr 4, 2026, 5:38 PM","Apr 4, 2026, 6:56 PM","","Seated Leg Curl (Machine)",,"",1,"normal",60,10,,,
"Legs","Apr 4, 2026, 5:38 PM","Apr 4, 2026, 6:56 PM","","Seated Leg Curl (Machine)",,"",2,"normal",60,10,,,
"Legs","Apr 4, 2026, 5:38 PM","Apr 4, 2026, 6:56 PM","","Standing Calf Raise (Smith)",,"",0,"normal",40,15,,,
"Legs","Apr 4, 2026, 5:38 PM","Apr 4, 2026, 6:56 PM","","Standing Calf Raise (Smith)",,"",1,"normal",45,15,,,
"Legs","Apr 4, 2026, 5:38 PM","Apr 4, 2026, 6:56 PM","","Standing Calf Raise (Smith)",,"",2,"normal",45,15,,,
"Legs","Apr 4, 2026, 5:38 PM","Apr 4, 2026, 6:56 PM","","Leg Press (Machine)",,"",0,"normal",100,15,,,
"Legs","Apr 4, 2026, 5:38 PM","Apr 4, 2026, 6:56 PM","","Leg Press (Machine)",,"",1,"normal",120,12,,,
"Legs","Apr 4, 2026, 5:38 PM","Apr 4, 2026, 6:56 PM","","Leg Press (Machine)",,"",2,"normal",140,12,,,
"Chest & Back (Forearms)","Apr 3, 2026, 5:37 PM","Apr 3, 2026, 7:12 PM","9.5/10","Stretching",,"Chest",0,"normal",,,,228,
"Chest & Back (Forearms)","Apr 3, 2026, 5:37 PM","Apr 3, 2026, 7:12 PM","9.5/10","Push Up",,"",0,"normal",,30,,,
"Chest & Back (Forearms)","Apr 3, 2026, 5:37 PM","Apr 3, 2026, 7:12 PM","9.5/10","Push Up",,"",1,"normal",,25,,,
"Chest & Back (Forearms)","Apr 3, 2026, 5:37 PM","Apr 3, 2026, 7:12 PM","9.5/10","Incline Bench Press (Dumbbell)",,"📈",0,"normal",45,10,,,
"Chest & Back (Forearms)","Apr 3, 2026, 5:37 PM","Apr 3, 2026, 7:12 PM","9.5/10","Incline Bench Press (Dumbbell)",,"📈",1,"normal",50,8,,,
"Chest & Back (Forearms)","Apr 3, 2026, 5:37 PM","Apr 3, 2026, 7:12 PM","9.5/10","Incline Bench Press (Dumbbell)",,"📈",2,"normal",50,9,,,
"Chest & Back (Forearms)","Apr 3, 2026, 5:37 PM","Apr 3, 2026, 7:12 PM","9.5/10","Cable Fly Crossovers",,"",0,"normal",50,12,,,
"Chest & Back (Forearms)","Apr 3, 2026, 5:37 PM","Apr 3, 2026, 7:12 PM","9.5/10","Cable Fly Crossovers",,"",1,"normal",60,7,,,
"Chest & Back (Forearms)","Apr 3, 2026, 5:37 PM","Apr 3, 2026, 7:12 PM","9.5/10","Cable Fly Crossovers",,"",2,"dropset",40,7,,,
"Chest & Back (Forearms)","Apr 3, 2026, 5:37 PM","Apr 3, 2026, 7:12 PM","9.5/10","Cable Fly Crossovers",,"",3,"normal",60,7,,,
"Chest & Back (Forearms)","Apr 3, 2026, 5:37 PM","Apr 3, 2026, 7:12 PM","9.5/10","Cable Fly Crossovers",,"",4,"dropset",30,12,,,
"Chest & Back (Forearms)","Apr 3, 2026, 5:37 PM","Apr 3, 2026, 7:12 PM","9.5/10","Low Cable Fly Crossovers",,"",0,"normal",30,10,,,
"Chest & Back (Forearms)","Apr 3, 2026, 5:37 PM","Apr 3, 2026, 7:12 PM","9.5/10","Low Cable Fly Crossovers",,"",1,"normal",20,14,,,
"Chest & Back (Forearms)","Apr 3, 2026, 5:37 PM","Apr 3, 2026, 7:12 PM","9.5/10","Lat Pulldown (Cable)",,"📈",0,"normal",58.5,12,,,
"Chest & Back (Forearms)","Apr 3, 2026, 5:37 PM","Apr 3, 2026, 7:12 PM","9.5/10","Lat Pulldown (Cable)",,"📈",1,"normal",65,8,,,
"Chest & Back (Forearms)","Apr 3, 2026, 5:37 PM","Apr 3, 2026, 7:12 PM","9.5/10","Seated Cable Row - Bar Grip",,"",0,"normal",80,12,,,
"Chest & Back (Forearms)","Apr 3, 2026, 5:37 PM","Apr 3, 2026, 7:12 PM","9.5/10","Seated Cable Row - Bar Grip",,"",1,"normal",80,12,,,
"Chest & Back (Forearms)","Apr 3, 2026, 5:37 PM","Apr 3, 2026, 7:12 PM","9.5/10","Seated Cable Row - Bar Grip",,"",2,"normal",80,12,,,
"Chest & Back (Forearms)","Apr 3, 2026, 5:37 PM","Apr 3, 2026, 7:12 PM","9.5/10","Straight Arm Lat Pulldown (Cable)",,"Seated",0,"normal",25,14,,,
"Chest & Back (Forearms)","Apr 3, 2026, 5:37 PM","Apr 3, 2026, 7:12 PM","9.5/10","Straight Arm Lat Pulldown (Cable)",,"Seated",1,"normal",30,15,,,
"Chest & Back (Forearms)","Apr 3, 2026, 5:37 PM","Apr 3, 2026, 7:12 PM","9.5/10","Straight Arm Lat Pulldown (Cable)",,"Seated",2,"normal",35,12,,,
"Chest & Back (Forearms)","Apr 3, 2026, 5:37 PM","Apr 3, 2026, 7:12 PM","9.5/10","Seated Palms Up Wrist Curl",0,"Dumbell",0,"normal",20,18,,,
"Chest & Back (Forearms)","Apr 3, 2026, 5:37 PM","Apr 3, 2026, 7:12 PM","9.5/10","Seated Palms Up Wrist Curl",0,"Dumbell",1,"normal",20,18,,,
"Chest & Back (Forearms)","Apr 3, 2026, 5:37 PM","Apr 3, 2026, 7:12 PM","9.5/10","Seated Palms Up Wrist Curl",0,"Dumbell",2,"normal",20,20,,,
"Chest & Back (Forearms)","Apr 3, 2026, 5:37 PM","Apr 3, 2026, 7:12 PM","9.5/10","Seated Wrist Extension (Barbell)",0,"Dumbell",0,"normal",15,14,,,
"Chest & Back (Forearms)","Apr 3, 2026, 5:37 PM","Apr 3, 2026, 7:12 PM","9.5/10","Seated Wrist Extension (Barbell)",0,"Dumbell",1,"normal",15,18,,,
"Chest & Back (Forearms)","Apr 3, 2026, 5:37 PM","Apr 3, 2026, 7:12 PM","9.5/10","Seated Wrist Extension (Barbell)",0,"Dumbell",2,"normal",15,18,,,
"Arms","Apr 2, 2026, 6:11 PM","Apr 2, 2026, 7:30 PM","","Stretching",,"",0,"normal",,,,270,
"Arms","Apr 2, 2026, 6:11 PM","Apr 2, 2026, 7:30 PM","","Seated Incline Curl (Dumbbell)",,"",0,"normal",20,12,,,
"Arms","Apr 2, 2026, 6:11 PM","Apr 2, 2026, 7:30 PM","","Seated Incline Curl (Dumbbell)",,"",1,"normal",20,12,,,
"Arms","Apr 2, 2026, 6:11 PM","Apr 2, 2026, 7:30 PM","","Seated Incline Curl (Dumbbell)",,"",2,"normal",20,10,,,
"Arms","Apr 2, 2026, 6:11 PM","Apr 2, 2026, 7:30 PM","","Seated Incline Curl (Dumbbell)",,"",3,"dropset",10,8,,,
"Arms","Apr 2, 2026, 6:11 PM","Apr 2, 2026, 7:30 PM","","Triceps Rope Pushdown",,"",0,"normal",35,12,,,
"Arms","Apr 2, 2026, 6:11 PM","Apr 2, 2026, 7:30 PM","","Triceps Rope Pushdown",,"",1,"normal",35,12,,,
"Arms","Apr 2, 2026, 6:11 PM","Apr 2, 2026, 7:30 PM","","Triceps Rope Pushdown",,"",2,"normal",35,9,,,
"Arms","Apr 2, 2026, 6:11 PM","Apr 2, 2026, 7:30 PM","","Triceps Rope Pushdown",,"",3,"dropset",25,10,,,
"Arms","Apr 2, 2026, 6:11 PM","Apr 2, 2026, 7:30 PM","","Bicep Curl (Cable)",,"",0,"normal",35,12,,,
"Arms","Apr 2, 2026, 6:11 PM","Apr 2, 2026, 7:30 PM","","Bicep Curl (Cable)",,"",1,"normal",35,12,,,
"Arms","Apr 2, 2026, 6:11 PM","Apr 2, 2026, 7:30 PM","","Bicep Curl (Cable)",,"",2,"normal",35,11,,,
"Arms","Apr 2, 2026, 6:11 PM","Apr 2, 2026, 7:30 PM","","Single Arm Triceps Pushdown (Cable)",,"Cbum var.",0,"normal",10,24,,,
"Arms","Apr 2, 2026, 6:11 PM","Apr 2, 2026, 7:30 PM","","Single Arm Triceps Pushdown (Cable)",,"Cbum var.",1,"normal",10,24,,,
"Arms","Apr 2, 2026, 6:11 PM","Apr 2, 2026, 7:30 PM","","Single Arm Triceps Pushdown (Cable)",,"Cbum var.",2,"normal",10,24,,,
"Arms","Apr 2, 2026, 6:11 PM","Apr 2, 2026, 7:30 PM","","Hammer Curl (Cable)",0,"",0,"normal",35,15,,,
"Arms","Apr 2, 2026, 6:11 PM","Apr 2, 2026, 7:30 PM","","Hammer Curl (Cable)",0,"",1,"normal",40,12,,,
"Arms","Apr 2, 2026, 6:11 PM","Apr 2, 2026, 7:30 PM","","Hammer Curl (Cable)",0,"",2,"normal",40,12,,,
"Arms","Apr 2, 2026, 6:11 PM","Apr 2, 2026, 7:30 PM","","Overhead Triceps Extension (Cable)",0,"Rope",0,"normal",35,12,,,
"Arms","Apr 2, 2026, 6:11 PM","Apr 2, 2026, 7:30 PM","","Overhead Triceps Extension (Cable)",0,"Rope",1,"normal",40,12,,,
"Arms","Apr 2, 2026, 6:11 PM","Apr 2, 2026, 7:30 PM","","Overhead Triceps Extension (Cable)",0,"Rope",2,"normal",35,12,,,
"Arms","Apr 2, 2026, 6:11 PM","Apr 2, 2026, 7:30 PM","","Reverse Curl",,"Cable",0,"normal",30,12,,,
"Arms","Apr 2, 2026, 6:11 PM","Apr 2, 2026, 7:30 PM","","Reverse Curl",,"Cable",1,"normal",35,12,,,
"Arms","Apr 2, 2026, 6:11 PM","Apr 2, 2026, 7:30 PM","","Reverse Curl",,"Cable",2,"normal",35,12,,,
"Shoulders & Abs","Apr 1, 2026, 5:34 PM","Apr 1, 2026, 6:42 PM","4/10","Stretching",,"Shouldies",0,"normal",,,,386,
"Shoulders & Abs","Apr 1, 2026, 5:34 PM","Apr 1, 2026, 6:42 PM","4/10","Lateral Raise (Dumbbell)",,"",0,"warmup",10,12,,,
"Shoulders & Abs","Apr 1, 2026, 5:34 PM","Apr 1, 2026, 6:42 PM","4/10","Lateral Raise (Dumbbell)",,"",1,"normal",20,12,,,
"Shoulders & Abs","Apr 1, 2026, 5:34 PM","Apr 1, 2026, 6:42 PM","4/10","Lateral Raise (Dumbbell)",,"",2,"normal",20,12,,,
"Shoulders & Abs","Apr 1, 2026, 5:34 PM","Apr 1, 2026, 6:42 PM","4/10","Lateral Raise (Dumbbell)",,"",3,"normal",20,12,,,
"Shoulders & Abs","Apr 1, 2026, 5:34 PM","Apr 1, 2026, 6:42 PM","4/10","Shoulder Press (Machine Plates)",,"",0,"warmup",20,12,,,
"Shoulders & Abs","Apr 1, 2026, 5:34 PM","Apr 1, 2026, 6:42 PM","4/10","Shoulder Press (Machine Plates)",,"",1,"normal",40,12,,,
"Shoulders & Abs","Apr 1, 2026, 5:34 PM","Apr 1, 2026, 6:42 PM","4/10","Shoulder Press (Machine Plates)",,"",2,"normal",50,8,,,
"Shoulders & Abs","Apr 1, 2026, 5:34 PM","Apr 1, 2026, 6:42 PM","4/10","Shoulder Press (Machine Plates)",,"",3,"normal",50,10,,,
"Shoulders & Abs","Apr 1, 2026, 5:34 PM","Apr 1, 2026, 6:42 PM","4/10","Rear Delt Reverse Fly (Machine)",,"",0,"normal",45,12,,,
"Shoulders & Abs","Apr 1, 2026, 5:34 PM","Apr 1, 2026, 6:42 PM","4/10","Rear Delt Reverse Fly (Machine)",,"",1,"normal",45,12,,,
"Shoulders & Abs","Apr 1, 2026, 5:34 PM","Apr 1, 2026, 6:42 PM","4/10","Rear Delt Reverse Fly (Machine)",,"",2,"normal",45,12,,,
"Shoulders & Abs","Apr 1, 2026, 5:34 PM","Apr 1, 2026, 6:42 PM","4/10","Cable Crunch",,"",0,"normal",45,15,,,
"Shoulders & Abs","Apr 1, 2026, 5:34 PM","Apr 1, 2026, 6:42 PM","4/10","Cable Crunch",,"",1,"normal",50,15,,,
"Shoulders & Abs","Apr 1, 2026, 5:34 PM","Apr 1, 2026, 6:42 PM","4/10","Cable Crunch",,"",2,"normal",55,15,,,
"Shoulders & Abs","Apr 1, 2026, 5:34 PM","Apr 1, 2026, 6:42 PM","4/10","Hanging Leg Raise",,"",0,"normal",,15,,,
"Shoulders & Abs","Apr 1, 2026, 5:34 PM","Apr 1, 2026, 6:42 PM","4/10","Hanging Leg Raise",,"",1,"normal",,12,,,
"Shoulders & Abs","Apr 1, 2026, 5:34 PM","Apr 1, 2026, 6:42 PM","4/10","Hanging Leg Raise",,"",2,"normal",,12,,,
"Chest & Triceps","Mar 31, 2026, 5:48 PM","Mar 31, 2026, 7:17 PM","","Stretching",,"Chest",0,"normal",,,,320,
"Chest & Triceps","Mar 31, 2026, 5:48 PM","Mar 31, 2026, 7:17 PM","","Push Up",,"",0,"normal",,25,,,
"Chest & Triceps","Mar 31, 2026, 5:48 PM","Mar 31, 2026, 7:17 PM","","Push Up",,"",1,"normal",,20,,,
"Chest & Triceps","Mar 31, 2026, 5:48 PM","Mar 31, 2026, 7:17 PM","","Bench Press (Barbell)",,"",0,"warmup",40,12,,,
"Chest & Triceps","Mar 31, 2026, 5:48 PM","Mar 31, 2026, 7:17 PM","","Bench Press (Barbell)",,"",1,"normal",60,10,,,
"Chest & Triceps","Mar 31, 2026, 5:48 PM","Mar 31, 2026, 7:17 PM","","Bench Press (Barbell)",,"",2,"normal",65,8,,,
"Chest & Triceps","Mar 31, 2026, 5:48 PM","Mar 31, 2026, 7:17 PM","","Cable Fly Crossovers",,"",0,"normal",50,12,,,
"Chest & Triceps","Mar 31, 2026, 5:48 PM","Mar 31, 2026, 7:17 PM","","Cable Fly Crossovers",,"",1,"normal",50,10,,,
"Chest & Triceps","Mar 31, 2026, 5:48 PM","Mar 31, 2026, 7:17 PM","","Cable Fly Crossovers",,"",2,"normal",50,8,,,
"Chest & Triceps","Mar 31, 2026, 5:48 PM","Mar 31, 2026, 7:17 PM","","Cable Fly Crossovers",,"",3,"dropset",30,8,,,
"Chest & Triceps","Mar 31, 2026, 5:48 PM","Mar 31, 2026, 7:17 PM","","Incline Bench Press (Smith Machine)",,"",0,"normal",40,12,,,
"Chest & Triceps","Mar 31, 2026, 5:48 PM","Mar 31, 2026, 7:17 PM","","Incline Bench Press (Smith Machine)",,"",1,"normal",45,9,,,
"Chest & Triceps","Mar 31, 2026, 5:48 PM","Mar 31, 2026, 7:17 PM","","Incline Bench Press (Smith Machine)",,"",2,"normal",45,10,,,
"Chest & Triceps","Mar 31, 2026, 5:48 PM","Mar 31, 2026, 7:17 PM","","Chest Fly (Machine)",,"",0,"normal",67.5,10,,,
"Chest & Triceps","Mar 31, 2026, 5:48 PM","Mar 31, 2026, 7:17 PM","","Chest Fly (Machine)",,"",1,"normal",67.5,10,,,
"Chest & Triceps","Mar 31, 2026, 5:48 PM","Mar 31, 2026, 7:17 PM","","Chest Fly (Machine)",,"",2,"dropset",45,8,,,
"Chest & Triceps","Mar 31, 2026, 5:48 PM","Mar 31, 2026, 7:17 PM","","Overhead Triceps Extension (Cable)",,"V bar",0,"normal",35,15,,,
"Chest & Triceps","Mar 31, 2026, 5:48 PM","Mar 31, 2026, 7:17 PM","","Overhead Triceps Extension (Cable)",,"V bar",1,"normal",40,12,,,
"Chest & Triceps","Mar 31, 2026, 5:48 PM","Mar 31, 2026, 7:17 PM","","Overhead Triceps Extension (Cable)",,"V bar",2,"normal",45,10,,,
"Chest & Triceps","Mar 31, 2026, 5:48 PM","Mar 31, 2026, 7:17 PM","","Single Arm Triceps Pushdown (Cable)",,"1st set - cbum variation",0,"normal",10,24,,,
"Chest & Triceps","Mar 31, 2026, 5:48 PM","Mar 31, 2026, 7:17 PM","","Single Arm Triceps Pushdown (Cable)",,"1st set - cbum variation",1,"normal",15,22,,,
"Chest & Triceps","Mar 31, 2026, 5:48 PM","Mar 31, 2026, 7:17 PM","","Triceps Rope Pushdown",,"",0,"normal",30,10,,,
"Chest & Triceps","Mar 31, 2026, 5:48 PM","Mar 31, 2026, 7:17 PM","","Triceps Rope Pushdown",,"",1,"normal",30,10,,,
"Chest & Triceps","Mar 31, 2026, 5:48 PM","Mar 31, 2026, 7:17 PM","","Triceps Rope Pushdown",,"",2,"normal",30,10,,,
"Back & Biceps (Forearms)","Mar 30, 2026, 5:31 PM","Mar 30, 2026, 7:19 PM","9/10","Stretching",,"Back",0,"normal",,,,313,
"Back & Biceps (Forearms)","Mar 30, 2026, 5:31 PM","Mar 30, 2026, 7:19 PM","9/10","Pull Up",,"",0,"normal",,13,,,
"Back & Biceps (Forearms)","Mar 30, 2026, 5:31 PM","Mar 30, 2026, 7:19 PM","9/10","Pull Up",,"",1,"normal",,12,,,
"Back & Biceps (Forearms)","Mar 30, 2026, 5:31 PM","Mar 30, 2026, 7:19 PM","9/10","Pull Up",,"",2,"normal",,9,,,
"Back & Biceps (Forearms)","Mar 30, 2026, 5:31 PM","Mar 30, 2026, 7:19 PM","9/10","Reverse Grip Lat Pulldown (Cable)",,"📈",0,"normal",58.5,12,,,
"Back & Biceps (Forearms)","Mar 30, 2026, 5:31 PM","Mar 30, 2026, 7:19 PM","9/10","Reverse Grip Lat Pulldown (Cable)",,"📈",1,"normal",58.5,11,,,
"Back & Biceps (Forearms)","Mar 30, 2026, 5:31 PM","Mar 30, 2026, 7:19 PM","9/10","Chest Supported Incline Row (Dumbbell)",,"Dumbell (harder)",0,"normal",30,12,,,
"Back & Biceps (Forearms)","Mar 30, 2026, 5:31 PM","Mar 30, 2026, 7:19 PM","9/10","Chest Supported Incline Row (Dumbbell)",,"Dumbell (harder)",1,"normal",30,12,,,
"Back & Biceps (Forearms)","Mar 30, 2026, 5:31 PM","Mar 30, 2026, 7:19 PM","9/10","Chest Supported Incline Row (Dumbbell)",,"Dumbell (harder)",2,"normal",25,12,,,
"Back & Biceps (Forearms)","Mar 30, 2026, 5:31 PM","Mar 30, 2026, 7:19 PM","9/10","Seated Cable Row - V Grip (Cable)",,"",0,"normal",75,12,,,
"Back & Biceps (Forearms)","Mar 30, 2026, 5:31 PM","Mar 30, 2026, 7:19 PM","9/10","Seated Cable Row - V Grip (Cable)",,"",1,"normal",75,12,,,
"Back & Biceps (Forearms)","Mar 30, 2026, 5:31 PM","Mar 30, 2026, 7:19 PM","9/10","Seated Cable Row - V Grip (Cable)",,"",2,"normal",80,12,,,
"Back & Biceps (Forearms)","Mar 30, 2026, 5:31 PM","Mar 30, 2026, 7:19 PM","9/10","Single Arm Lat Pulldown",,"Cable",0,"normal",30,24,,,
"Back & Biceps (Forearms)","Mar 30, 2026, 5:31 PM","Mar 30, 2026, 7:19 PM","9/10","Single Arm Lat Pulldown",,"Cable",1,"normal",35,24,,,
"Back & Biceps (Forearms)","Mar 30, 2026, 5:31 PM","Mar 30, 2026, 7:19 PM","9/10","Single Arm Lat Pulldown",,"Cable",2,"normal",40,24,,,
"Back & Biceps (Forearms)","Mar 30, 2026, 5:31 PM","Mar 30, 2026, 7:19 PM","9/10","Behind the Back Curl (Cable)",,"",0,"normal",40,12,,,
"Back & Biceps (Forearms)","Mar 30, 2026, 5:31 PM","Mar 30, 2026, 7:19 PM","9/10","Behind the Back Curl (Cable)",,"",1,"normal",40,11,,,
"Back & Biceps (Forearms)","Mar 30, 2026, 5:31 PM","Mar 30, 2026, 7:19 PM","9/10","Behind the Back Curl (Cable)",,"",2,"normal",40,11,,,
"Back & Biceps (Forearms)","Mar 30, 2026, 5:31 PM","Mar 30, 2026, 7:19 PM","9/10","Bicep Curl (Cable)",,"",0,"normal",35,12,,,
"Back & Biceps (Forearms)","Mar 30, 2026, 5:31 PM","Mar 30, 2026, 7:19 PM","9/10","Bicep Curl (Cable)",,"",1,"normal",40,9,,,
"Back & Biceps (Forearms)","Mar 30, 2026, 5:31 PM","Mar 30, 2026, 7:19 PM","9/10","Bicep Curl (Cable)",,"",2,"normal",40,12,,,
"Back & Biceps (Forearms)","Mar 30, 2026, 5:31 PM","Mar 30, 2026, 7:19 PM","9/10","Bicep Curl (Cable)",,"",3,"dropset",25,8,,,
"Back & Biceps (Forearms)","Mar 30, 2026, 5:31 PM","Mar 30, 2026, 7:19 PM","9/10","Hammer Curl (Dumbbell)",,"",0,"normal",20,12,,,
"Back & Biceps (Forearms)","Mar 30, 2026, 5:31 PM","Mar 30, 2026, 7:19 PM","9/10","Hammer Curl (Dumbbell)",,"",1,"normal",20,12,,,
"Back & Biceps (Forearms)","Mar 30, 2026, 5:31 PM","Mar 30, 2026, 7:19 PM","9/10","Behind the Back Wrist Curl (Barbell)",0,"",0,"normal",30,15,,,
"Back & Biceps (Forearms)","Mar 30, 2026, 5:31 PM","Mar 30, 2026, 7:19 PM","9/10","Behind the Back Wrist Curl (Barbell)",0,"",1,"normal",35,12,,,
"Back & Biceps (Forearms)","Mar 30, 2026, 5:31 PM","Mar 30, 2026, 7:19 PM","9/10","Reverse Curl",0,"Barbell",0,"normal",15,12,,,
"Back & Biceps (Forearms)","Mar 30, 2026, 5:31 PM","Mar 30, 2026, 7:19 PM","9/10","Reverse Curl",0,"Barbell",1,"normal",15,12,,,
"Legs","Mar 28, 2026, 5:45 PM","Mar 28, 2026, 6:46 PM","","Stretching",,"Legs",0,"normal",,,,328,
"Legs","Mar 28, 2026, 5:45 PM","Mar 28, 2026, 6:46 PM","","Hip Adduction (Machine)",0,"",0,"normal",70,12,,,
"Legs","Mar 28, 2026, 5:45 PM","Mar 28, 2026, 6:46 PM","","Hip Adduction (Machine)",0,"",1,"normal",80,15,,,
"Legs","Mar 28, 2026, 5:45 PM","Mar 28, 2026, 6:46 PM","","Hip Abduction (Machine)",0,"",0,"normal",70,15,,,
"Legs","Mar 28, 2026, 5:45 PM","Mar 28, 2026, 6:46 PM","","Hip Abduction (Machine)",0,"",1,"normal",80,15,,,
"Legs","Mar 28, 2026, 5:45 PM","Mar 28, 2026, 6:46 PM","","Leg Extension (Machine)",,"",0,"normal",50,12,,,
"Legs","Mar 28, 2026, 5:45 PM","Mar 28, 2026, 6:46 PM","","Leg Extension (Machine)",,"",1,"normal",55,12,,,
"Legs","Mar 28, 2026, 5:45 PM","Mar 28, 2026, 6:46 PM","","Leg Extension (Machine)",,"",2,"normal",60,12,,,
"Legs","Mar 28, 2026, 5:45 PM","Mar 28, 2026, 6:46 PM","","Seated Leg Curl (Machine)",,"",0,"normal",50,12,,,
"Legs","Mar 28, 2026, 5:45 PM","Mar 28, 2026, 6:46 PM","","Seated Leg Curl (Machine)",,"",1,"normal",55,12,,,
"Legs","Mar 28, 2026, 5:45 PM","Mar 28, 2026, 6:46 PM","","Seated Leg Curl (Machine)",,"",2,"normal",60,12,,,
"Legs","Mar 28, 2026, 5:45 PM","Mar 28, 2026, 6:46 PM","","Treadmill",,"Incline",0,"normal",,,0.7,600,
"Chest & Back","Mar 27, 2026, 5:55 PM","Mar 27, 2026, 7:35 PM","7/10","Stretching",,"Chest & Back",0,"normal",,,,475,
"Chest & Back","Mar 27, 2026, 5:55 PM","Mar 27, 2026, 7:35 PM","7/10","Push Up",,"slow reps",0,"normal",,20,,,
"Chest & Back","Mar 27, 2026, 5:55 PM","Mar 27, 2026, 7:35 PM","7/10","Push Up",,"slow reps",1,"normal",,20,,,
"Chest & Back","Mar 27, 2026, 5:55 PM","Mar 27, 2026, 7:35 PM","7/10","Incline Bench Press (Dumbbell)",,"",0,"warmup",25,12,,,
"Chest & Back","Mar 27, 2026, 5:55 PM","Mar 27, 2026, 7:35 PM","7/10","Incline Bench Press (Dumbbell)",,"",1,"normal",40,12,,,
"Chest & Back","Mar 27, 2026, 5:55 PM","Mar 27, 2026, 7:35 PM","7/10","Incline Bench Press (Dumbbell)",,"",2,"normal",45,10,,,
"Chest & Back","Mar 27, 2026, 5:55 PM","Mar 27, 2026, 7:35 PM","7/10","Chest Fly (Machine)",,"",0,"normal",75,12,,,
"Chest & Back","Mar 27, 2026, 5:55 PM","Mar 27, 2026, 7:35 PM","7/10","Chest Fly (Machine)",,"",1,"normal",82.5,12,,,
"Chest & Back","Mar 27, 2026, 5:55 PM","Mar 27, 2026, 7:35 PM","7/10","Chest Fly (Machine)",,"",2,"normal",75,10,,,
"Chest & Back","Mar 27, 2026, 5:55 PM","Mar 27, 2026, 7:35 PM","7/10","Cable Fly Crossovers",,"",0,"normal",40,12,,,
"Chest & Back","Mar 27, 2026, 5:55 PM","Mar 27, 2026, 7:35 PM","7/10","Cable Fly Crossovers",,"",1,"normal",50,12,,,
"Chest & Back","Mar 27, 2026, 5:55 PM","Mar 27, 2026, 7:35 PM","7/10","Cable Fly Crossovers",,"",2,"normal",50,10,,,
"Chest & Back","Mar 27, 2026, 5:55 PM","Mar 27, 2026, 7:35 PM","7/10","Single Arm Lat Pulldown",,"Cable",0,"normal",30,24,,,
"Chest & Back","Mar 27, 2026, 5:55 PM","Mar 27, 2026, 7:35 PM","7/10","Single Arm Lat Pulldown",,"Cable",1,"normal",35,24,,,
"Chest & Back","Mar 27, 2026, 5:55 PM","Mar 27, 2026, 7:35 PM","7/10","Single Arm Lat Pulldown",,"Cable",2,"normal",35,24,,,
"Chest & Back","Mar 27, 2026, 5:55 PM","Mar 27, 2026, 7:35 PM","7/10","Seated Cable Row - Bar Grip",,"",0,"normal",75,12,,,
"Chest & Back","Mar 27, 2026, 5:55 PM","Mar 27, 2026, 7:35 PM","7/10","Seated Cable Row - Bar Grip",,"",1,"normal",80,12,,,
"Chest & Back","Mar 27, 2026, 5:55 PM","Mar 27, 2026, 7:35 PM","7/10","Seated Cable Row - Bar Grip",,"",2,"normal",85,12,,,
"Chest & Back","Mar 27, 2026, 5:55 PM","Mar 27, 2026, 7:35 PM","7/10","Straight Arm Lat Pulldown (Cable)",,"",0,"normal",30,12,,,
"Chest & Back","Mar 27, 2026, 5:55 PM","Mar 27, 2026, 7:35 PM","7/10","Straight Arm Lat Pulldown (Cable)",,"",1,"normal",30,12,,,
"Chest & Back","Mar 27, 2026, 5:55 PM","Mar 27, 2026, 7:35 PM","7/10","Straight Arm Lat Pulldown (Cable)",,"",2,"normal",30,8,,,
"Chest & Back","Mar 27, 2026, 5:55 PM","Mar 27, 2026, 7:35 PM","7/10","Reverse Curl",,"Cable",0,"normal",30,15,,,
"Chest & Back","Mar 27, 2026, 5:55 PM","Mar 27, 2026, 7:35 PM","7/10","Reverse Curl",,"Cable",1,"normal",35,13,,,
"Chest & Back","Mar 27, 2026, 5:55 PM","Mar 27, 2026, 7:35 PM","7/10","Reverse Curl",,"Cable",2,"normal",35,13,,,
"Arms, Abs & Cardio","Mar 26, 2026, 5:26 PM","Mar 26, 2026, 7:27 PM","8.5/10","Stretching",,"",0,"normal",,,,183,
"Arms, Abs & Cardio","Mar 26, 2026, 5:26 PM","Mar 26, 2026, 7:27 PM","8.5/10","Chin Up",,"",0,"normal",,10,,,
"Arms, Abs & Cardio","Mar 26, 2026, 5:26 PM","Mar 26, 2026, 7:27 PM","8.5/10","Diamond Push Up",,"",0,"normal",,20,,,
"Arms, Abs & Cardio","Mar 26, 2026, 5:26 PM","Mar 26, 2026, 7:27 PM","8.5/10","Seated Incline Curl (Dumbbell)",,"",0,"normal",20,12,,,
"Arms, Abs & Cardio","Mar 26, 2026, 5:26 PM","Mar 26, 2026, 7:27 PM","8.5/10","Seated Incline Curl (Dumbbell)",,"",1,"normal",20,8,,,
"Arms, Abs & Cardio","Mar 26, 2026, 5:26 PM","Mar 26, 2026, 7:27 PM","8.5/10","Seated Incline Curl (Dumbbell)",,"",2,"normal",20,9,,,
"Arms, Abs & Cardio","Mar 26, 2026, 5:26 PM","Mar 26, 2026, 7:27 PM","8.5/10","Seated Incline Curl (Dumbbell)",,"",3,"dropset",10,6,,,
"Arms, Abs & Cardio","Mar 26, 2026, 5:26 PM","Mar 26, 2026, 7:27 PM","8.5/10","Overhead Triceps Extension (Cable)",,"",0,"normal",35,15,,,
"Arms, Abs & Cardio","Mar 26, 2026, 5:26 PM","Mar 26, 2026, 7:27 PM","8.5/10","Overhead Triceps Extension (Cable)",,"",1,"normal",40,15,,,
"Arms, Abs & Cardio","Mar 26, 2026, 5:26 PM","Mar 26, 2026, 7:27 PM","8.5/10","Overhead Triceps Extension (Cable)",,"",2,"normal",45,12,,,
"Arms, Abs & Cardio","Mar 26, 2026, 5:26 PM","Mar 26, 2026, 7:27 PM","8.5/10","Bicep Curl (Cable)",,"📈",0,"normal",30,15,,,
"Arms, Abs & Cardio","Mar 26, 2026, 5:26 PM","Mar 26, 2026, 7:27 PM","8.5/10","Bicep Curl (Cable)",,"📈",1,"normal",35,15,,,
"Arms, Abs & Cardio","Mar 26, 2026, 5:26 PM","Mar 26, 2026, 7:27 PM","8.5/10","Bicep Curl (Cable)",,"📈",2,"normal",40,12,,,
"Arms, Abs & Cardio","Mar 26, 2026, 5:26 PM","Mar 26, 2026, 7:27 PM","8.5/10","Bicep Curl (Cable)",,"📈",3,"dropset",25,8,,,
"Arms, Abs & Cardio","Mar 26, 2026, 5:26 PM","Mar 26, 2026, 7:27 PM","8.5/10","Single Arm Triceps Pushdown (Cable)",,"cbum variation",0,"normal",10,24,,,
"Arms, Abs & Cardio","Mar 26, 2026, 5:26 PM","Mar 26, 2026, 7:27 PM","8.5/10","Single Arm Triceps Pushdown (Cable)",,"cbum variation",1,"normal",10,24,,,
"Arms, Abs & Cardio","Mar 26, 2026, 5:26 PM","Mar 26, 2026, 7:27 PM","8.5/10","Single Arm Triceps Pushdown (Cable)",,"cbum variation",2,"normal",10,24,,,
"Arms, Abs & Cardio","Mar 26, 2026, 5:26 PM","Mar 26, 2026, 7:27 PM","8.5/10","Hammer Curl (Cable)",,"📈",0,"normal",35,15,,,
"Arms, Abs & Cardio","Mar 26, 2026, 5:26 PM","Mar 26, 2026, 7:27 PM","8.5/10","Hammer Curl (Cable)",,"📈",1,"normal",40,12,,,
"Arms, Abs & Cardio","Mar 26, 2026, 5:26 PM","Mar 26, 2026, 7:27 PM","8.5/10","Hammer Curl (Cable)",,"📈",2,"normal",45,10,,,
"Arms, Abs & Cardio","Mar 26, 2026, 5:26 PM","Mar 26, 2026, 7:27 PM","8.5/10","Hammer Curl (Cable)",,"📈",3,"dropset",25,10,,,
"Arms, Abs & Cardio","Mar 26, 2026, 5:26 PM","Mar 26, 2026, 7:27 PM","8.5/10","Triceps Rope Pushdown",,"",0,"normal",30,15,,,
"Arms, Abs & Cardio","Mar 26, 2026, 5:26 PM","Mar 26, 2026, 7:27 PM","8.5/10","Triceps Rope Pushdown",,"",1,"normal",35,12,,,
"Arms, Abs & Cardio","Mar 26, 2026, 5:26 PM","Mar 26, 2026, 7:27 PM","8.5/10","Triceps Rope Pushdown",,"",2,"normal",35,10,,,
"Arms, Abs & Cardio","Mar 26, 2026, 5:26 PM","Mar 26, 2026, 7:27 PM","8.5/10","Triceps Rope Pushdown",,"",3,"dropset",20,10,,,
"Arms, Abs & Cardio","Mar 26, 2026, 5:26 PM","Mar 26, 2026, 7:27 PM","8.5/10","Hanging Leg Raise",,"",0,"normal",,12,,,
"Arms, Abs & Cardio","Mar 26, 2026, 5:26 PM","Mar 26, 2026, 7:27 PM","8.5/10","Hanging Leg Raise",,"",1,"normal",,12,,,
"Arms, Abs & Cardio","Mar 26, 2026, 5:26 PM","Mar 26, 2026, 7:27 PM","8.5/10","Hanging Leg Raise",,"",2,"normal",,12,,,
"Arms, Abs & Cardio","Mar 26, 2026, 5:26 PM","Mar 26, 2026, 7:27 PM","8.5/10","Cable Crunch",,"",0,"normal",35,15,,,
"Arms, Abs & Cardio","Mar 26, 2026, 5:26 PM","Mar 26, 2026, 7:27 PM","8.5/10","Cable Crunch",,"",1,"normal",40,15,,,
"Arms, Abs & Cardio","Mar 26, 2026, 5:26 PM","Mar 26, 2026, 7:27 PM","8.5/10","Cable Crunch",,"",2,"normal",50,15,,,
"Arms, Abs & Cardio","Mar 26, 2026, 5:26 PM","Mar 26, 2026, 7:27 PM","8.5/10","Treadmill",,"",0,"normal",,,1,450,
"Legs","Mar 25, 2026, 6:24 PM","Mar 25, 2026, 7:32 PM","8/10","Stretching",,"",0,"normal",,,,337,
"Legs","Mar 25, 2026, 6:24 PM","Mar 25, 2026, 7:32 PM","8/10","Lunge (Dumbbell)",,"",0,"normal",20,12,,,
"Legs","Mar 25, 2026, 6:24 PM","Mar 25, 2026, 7:32 PM","8/10","Lunge (Dumbbell)",,"",1,"normal",25,12,,,
"Legs","Mar 25, 2026, 6:24 PM","Mar 25, 2026, 7:32 PM","8/10","Leg Extension (Machine)",,"",0,"normal",50,12,,,
"Legs","Mar 25, 2026, 6:24 PM","Mar 25, 2026, 7:32 PM","8/10","Leg Extension (Machine)",,"",1,"normal",55,12,,,
"Legs","Mar 25, 2026, 6:24 PM","Mar 25, 2026, 7:32 PM","8/10","Leg Extension (Machine)",,"",2,"normal",60,12,,,
"Legs","Mar 25, 2026, 6:24 PM","Mar 25, 2026, 7:32 PM","8/10","Seated Leg Curl (Machine)",,"",0,"normal",55,12,,,
"Legs","Mar 25, 2026, 6:24 PM","Mar 25, 2026, 7:32 PM","8/10","Seated Leg Curl (Machine)",,"",1,"normal",60,11,,,
"Legs","Mar 25, 2026, 6:24 PM","Mar 25, 2026, 7:32 PM","8/10","Seated Leg Curl (Machine)",,"",2,"normal",60,10,,,
"Legs","Mar 25, 2026, 6:24 PM","Mar 25, 2026, 7:32 PM","8/10","Leg Press (Machine)",,"",0,"normal",100,15,,,
"Legs","Mar 25, 2026, 6:24 PM","Mar 25, 2026, 7:32 PM","8/10","Leg Press (Machine)",,"",1,"normal",120,15,,,
"Legs","Mar 25, 2026, 6:24 PM","Mar 25, 2026, 7:32 PM","8/10","Leg Press (Machine)",,"",2,"normal",130,12,,,
"Legs","Mar 25, 2026, 6:24 PM","Mar 25, 2026, 7:32 PM","8/10","Standing Calf Raise (Smith)",,"",0,"normal",40,15,,,
"Legs","Mar 25, 2026, 6:24 PM","Mar 25, 2026, 7:32 PM","8/10","Standing Calf Raise (Smith)",,"",1,"normal",40,15,,,
"Legs","Mar 25, 2026, 6:24 PM","Mar 25, 2026, 7:32 PM","8/10","Standing Calf Raise (Smith)",,"",2,"normal",45,15,,,
"Chest & Triceps","Mar 24, 2026, 6:03 PM","Mar 24, 2026, 7:35 PM","7.5/10","Stretching",,"",0,"normal",,,,270,
"Chest & Triceps","Mar 24, 2026, 6:03 PM","Mar 24, 2026, 7:35 PM","7.5/10","Push Up",,"slow reps",0,"normal",,30,,,
"Chest & Triceps","Mar 24, 2026, 6:03 PM","Mar 24, 2026, 7:35 PM","7.5/10","Push Up",,"slow reps",1,"normal",,25,,,
"Chest & Triceps","Mar 24, 2026, 6:03 PM","Mar 24, 2026, 7:35 PM","7.5/10","Push Up",,"slow reps",2,"normal",,20,,,
"Chest & Triceps","Mar 24, 2026, 6:03 PM","Mar 24, 2026, 7:35 PM","7.5/10","Chest Fly (Machine)",,"",0,"normal",75,12,,,
"Chest & Triceps","Mar 24, 2026, 6:03 PM","Mar 24, 2026, 7:35 PM","7.5/10","Chest Fly (Machine)",,"",1,"normal",82.5,11,,,
"Chest & Triceps","Mar 24, 2026, 6:03 PM","Mar 24, 2026, 7:35 PM","7.5/10","Chest Fly (Machine)",,"",2,"normal",90,6,,,
"Chest & Triceps","Mar 24, 2026, 6:03 PM","Mar 24, 2026, 7:35 PM","7.5/10","Chest Fly (Machine)",,"",3,"dropset",60,6,,,
"Chest & Triceps","Mar 24, 2026, 6:03 PM","Mar 24, 2026, 7:35 PM","7.5/10","Cable Fly Crossovers",,"",0,"normal",50,12,,,
"Chest & Triceps","Mar 24, 2026, 6:03 PM","Mar 24, 2026, 7:35 PM","7.5/10","Cable Fly Crossovers",,"",1,"normal",50,12,,,
"Chest & Triceps","Mar 24, 2026, 6:03 PM","Mar 24, 2026, 7:35 PM","7.5/10","Cable Fly Crossovers",,"",2,"normal",50,10,,,
"Chest & Triceps","Mar 24, 2026, 6:03 PM","Mar 24, 2026, 7:35 PM","7.5/10","Cable Fly Crossovers",,"",3,"dropset",30,6,,,
"Chest & Triceps","Mar 24, 2026, 6:03 PM","Mar 24, 2026, 7:35 PM","7.5/10","Incline Bench Press (Dumbbell)",,"",0,"normal",40,9,,,
"Chest & Triceps","Mar 24, 2026, 6:03 PM","Mar 24, 2026, 7:35 PM","7.5/10","Incline Bench Press (Dumbbell)",,"",1,"normal",40,9,,,
"Chest & Triceps","Mar 24, 2026, 6:03 PM","Mar 24, 2026, 7:35 PM","7.5/10","Incline Bench Press (Dumbbell)",,"",2,"normal",40,9,,,
"Chest & Triceps","Mar 24, 2026, 6:03 PM","Mar 24, 2026, 7:35 PM","7.5/10","Overhead Triceps Extension (Cable)",,"",0,"normal",35,15,,,
"Chest & Triceps","Mar 24, 2026, 6:03 PM","Mar 24, 2026, 7:35 PM","7.5/10","Overhead Triceps Extension (Cable)",,"",1,"normal",40,13,,,
"Chest & Triceps","Mar 24, 2026, 6:03 PM","Mar 24, 2026, 7:35 PM","7.5/10","Overhead Triceps Extension (Cable)",,"",2,"normal",45,10,,,
"Chest & Triceps","Mar 24, 2026, 6:03 PM","Mar 24, 2026, 7:35 PM","7.5/10","Single Arm Triceps Pushdown (Cable)",,"",0,"normal",10,24,,,
"Chest & Triceps","Mar 24, 2026, 6:03 PM","Mar 24, 2026, 7:35 PM","7.5/10","Single Arm Triceps Pushdown (Cable)",,"",1,"normal",10,24,,,
"Chest & Triceps","Mar 24, 2026, 6:03 PM","Mar 24, 2026, 7:35 PM","7.5/10","Single Arm Triceps Pushdown (Cable)",,"",2,"normal",10,24,,,
"Chest & Triceps","Mar 24, 2026, 6:03 PM","Mar 24, 2026, 7:35 PM","7.5/10","Triceps Rope Pushdown",,"",0,"normal",35,12,,,
"Chest & Triceps","Mar 24, 2026, 6:03 PM","Mar 24, 2026, 7:35 PM","7.5/10","Triceps Rope Pushdown",,"",1,"normal",35,6,,,
"Chest & Triceps","Mar 24, 2026, 6:03 PM","Mar 24, 2026, 7:35 PM","7.5/10","Triceps Rope Pushdown",,"",2,"dropset",25,8,,,
"Chest & Triceps","Mar 24, 2026, 6:03 PM","Mar 24, 2026, 7:35 PM","7.5/10","Triceps Rope Pushdown",,"",3,"normal",35,8,,,
"Chest & Triceps","Mar 24, 2026, 6:03 PM","Mar 24, 2026, 7:35 PM","7.5/10","Triceps Rope Pushdown",,"",4,"dropset",35,8,,,
"Back & Biceps","Mar 23, 2026, 5:55 PM","Mar 23, 2026, 7:43 PM","7.5/10","Stretching",,"",0,"normal",,,,577,
"Back & Biceps","Mar 23, 2026, 5:55 PM","Mar 23, 2026, 7:43 PM","7.5/10","Pull Up",,"",0,"normal",,13,,,
"Back & Biceps","Mar 23, 2026, 5:55 PM","Mar 23, 2026, 7:43 PM","7.5/10","Pull Up",,"",1,"normal",,8,,,
"Back & Biceps","Mar 23, 2026, 5:55 PM","Mar 23, 2026, 7:43 PM","7.5/10","Pull Up",,"",2,"normal",,8,,,
"Back & Biceps","Mar 23, 2026, 5:55 PM","Mar 23, 2026, 7:43 PM","7.5/10","Reverse Grip Lat Pulldown (Cable)",,"",0,"normal",58.5,10,,,
"Back & Biceps","Mar 23, 2026, 5:55 PM","Mar 23, 2026, 7:43 PM","7.5/10","Reverse Grip Lat Pulldown (Cable)",,"",1,"normal",58.5,9,,,
"Back & Biceps","Mar 23, 2026, 5:55 PM","Mar 23, 2026, 7:43 PM","7.5/10","Reverse Grip Lat Pulldown (Cable)",,"",2,"normal",58.5,10,,,
"Back & Biceps","Mar 23, 2026, 5:55 PM","Mar 23, 2026, 7:43 PM","7.5/10","Single Arm Lat Pulldown",,"Cable",0,"normal",30,24,,,
"Back & Biceps","Mar 23, 2026, 5:55 PM","Mar 23, 2026, 7:43 PM","7.5/10","Single Arm Lat Pulldown",,"Cable",1,"normal",35,24,,,
"Back & Biceps","Mar 23, 2026, 5:55 PM","Mar 23, 2026, 7:43 PM","7.5/10","Single Arm Lat Pulldown",,"Cable",2,"normal",40,24,,,
"Back & Biceps","Mar 23, 2026, 5:55 PM","Mar 23, 2026, 7:43 PM","7.5/10","Seated Cable Row - Bar Grip",,"",0,"normal",75,12,,,
"Back & Biceps","Mar 23, 2026, 5:55 PM","Mar 23, 2026, 7:43 PM","7.5/10","Seated Cable Row - Bar Grip",,"",1,"normal",85,12,,,
"Back & Biceps","Mar 23, 2026, 5:55 PM","Mar 23, 2026, 7:43 PM","7.5/10","Seated Cable Row - Bar Grip",,"",2,"normal",85,12,,,
"Back & Biceps","Mar 23, 2026, 5:55 PM","Mar 23, 2026, 7:43 PM","7.5/10","Chest Supported Incline Row (Dumbbell)",,"",0,"normal",45,10,,,
"Back & Biceps","Mar 23, 2026, 5:55 PM","Mar 23, 2026, 7:43 PM","7.5/10","Chest Supported Incline Row (Dumbbell)",,"",1,"normal",45,10,,,
"Back & Biceps","Mar 23, 2026, 5:55 PM","Mar 23, 2026, 7:43 PM","7.5/10","Chest Supported Incline Row (Dumbbell)",,"",2,"normal",45,12,,,
"Back & Biceps","Mar 23, 2026, 5:55 PM","Mar 23, 2026, 7:43 PM","7.5/10","Behind the Back Curl (Cable)",,"",0,"normal",30,12,,,
"Back & Biceps","Mar 23, 2026, 5:55 PM","Mar 23, 2026, 7:43 PM","7.5/10","Behind the Back Curl (Cable)",,"",1,"normal",40,12,,,
"Back & Biceps","Mar 23, 2026, 5:55 PM","Mar 23, 2026, 7:43 PM","7.5/10","Behind the Back Curl (Cable)",,"",2,"normal",40,12,,,
"Back & Biceps","Mar 23, 2026, 5:55 PM","Mar 23, 2026, 7:43 PM","7.5/10","Hammer Curl (Cable)",,"",0,"normal",35,12,,,
"Back & Biceps","Mar 23, 2026, 5:55 PM","Mar 23, 2026, 7:43 PM","7.5/10","Hammer Curl (Cable)",,"",1,"normal",40,12,,,
"Back & Biceps","Mar 23, 2026, 5:55 PM","Mar 23, 2026, 7:43 PM","7.5/10","Hammer Curl (Cable)",,"",2,"normal",45,9,,,
"Back & Biceps","Mar 23, 2026, 5:55 PM","Mar 23, 2026, 7:43 PM","7.5/10","Hammer Curl (Cable)",,"",3,"dropset",35,6,,,
"Back & Biceps","Mar 23, 2026, 5:55 PM","Mar 23, 2026, 7:43 PM","7.5/10","Hammer Curl (Cable)",,"",4,"dropset",25,4,,,
"Shouldies & Legs","Mar 21, 2026, 5:46 PM","Mar 21, 2026, 7:18 PM","","Stretching",,"Shouldies",0,"normal",,,,377,
"Shouldies & Legs","Mar 21, 2026, 5:46 PM","Mar 21, 2026, 7:18 PM","","Overhead Press (Barbell)",,"",0,"warmup",20,15,,,
"Shouldies & Legs","Mar 21, 2026, 5:46 PM","Mar 21, 2026, 7:18 PM","","Overhead Press (Barbell)",,"",1,"normal",30,12,,,
"Shouldies & Legs","Mar 21, 2026, 5:46 PM","Mar 21, 2026, 7:18 PM","","Overhead Press (Barbell)",,"",2,"normal",35,10,,,
"Shouldies & Legs","Mar 21, 2026, 5:46 PM","Mar 21, 2026, 7:18 PM","","Overhead Press (Barbell)",,"",3,"normal",35,10,,,
"Shouldies & Legs","Mar 21, 2026, 5:46 PM","Mar 21, 2026, 7:18 PM","","Single Arm Lateral Raise (Cable)",,"",0,"normal",15,24,,,
"Shouldies & Legs","Mar 21, 2026, 5:46 PM","Mar 21, 2026, 7:18 PM","","Single Arm Lateral Raise (Cable)",,"",1,"normal",15,24,,,
"Shouldies & Legs","Mar 21, 2026, 5:46 PM","Mar 21, 2026, 7:18 PM","","Single Arm Lateral Raise (Cable)",,"",2,"normal",15,24,,,
"Shouldies & Legs","Mar 21, 2026, 5:46 PM","Mar 21, 2026, 7:18 PM","","Face Pull",,"",0,"normal",30,15,,,
"Shouldies & Legs","Mar 21, 2026, 5:46 PM","Mar 21, 2026, 7:18 PM","","Face Pull",,"",1,"normal",30,12,,,
"Shouldies & Legs","Mar 21, 2026, 5:46 PM","Mar 21, 2026, 7:18 PM","","Face Pull",,"",2,"normal",30,12,,,
"Shouldies & Legs","Mar 21, 2026, 5:46 PM","Mar 21, 2026, 7:18 PM","","Stretching",,"Legs",0,"normal",,,,262,
"Shouldies & Legs","Mar 21, 2026, 5:46 PM","Mar 21, 2026, 7:18 PM","","Hip Thrust (Machine)",,"",0,"normal",25,12,,,
"Shouldies & Legs","Mar 21, 2026, 5:46 PM","Mar 21, 2026, 7:18 PM","","Hip Thrust (Machine)",,"",1,"normal",35,12,,,
"Shouldies & Legs","Mar 21, 2026, 5:46 PM","Mar 21, 2026, 7:18 PM","","Hip Thrust (Machine)",,"",2,"normal",45,15,,,
"Shouldies & Legs","Mar 21, 2026, 5:46 PM","Mar 21, 2026, 7:18 PM","","Leg Extension (Machine)",,"",0,"normal",50,12,,,
"Shouldies & Legs","Mar 21, 2026, 5:46 PM","Mar 21, 2026, 7:18 PM","","Leg Extension (Machine)",,"",1,"normal",50,12,,,
"Shouldies & Legs","Mar 21, 2026, 5:46 PM","Mar 21, 2026, 7:18 PM","","Leg Extension (Machine)",,"",2,"normal",60,12,,,
"Shouldies & Legs","Mar 21, 2026, 5:46 PM","Mar 21, 2026, 7:18 PM","","Standing Calf Raise (Smith)",,"",0,"normal",40,15,,,
"Shouldies & Legs","Mar 21, 2026, 5:46 PM","Mar 21, 2026, 7:18 PM","","Standing Calf Raise (Smith)",,"",1,"normal",40,15,,,
"Shouldies & Legs","Mar 21, 2026, 5:46 PM","Mar 21, 2026, 7:18 PM","","Standing Calf Raise (Smith)",,"",2,"normal",40,15,,,
"Chest & Back","Mar 20, 2026, 5:52 PM","Mar 20, 2026, 7:45 PM","8/10","Stretching",,"Chest & Back",0,"normal",,,,357,
"Chest & Back","Mar 20, 2026, 5:52 PM","Mar 20, 2026, 7:45 PM","8/10","Push Up",,"",0,"normal",,20,,,
"Chest & Back","Mar 20, 2026, 5:52 PM","Mar 20, 2026, 7:45 PM","8/10","Push Up (Weighted)",,"",0,"normal",5,20,,,
"Chest & Back","Mar 20, 2026, 5:52 PM","Mar 20, 2026, 7:45 PM","8/10","Push Up (Weighted)",,"",1,"normal",10,20,,,
"Chest & Back","Mar 20, 2026, 5:52 PM","Mar 20, 2026, 7:45 PM","8/10","Incline Bench Press (Dumbbell)",,"",0,"normal",40,12,,,
"Chest & Back","Mar 20, 2026, 5:52 PM","Mar 20, 2026, 7:45 PM","8/10","Incline Bench Press (Dumbbell)",,"",1,"normal",40,12,,,
"Chest & Back","Mar 20, 2026, 5:52 PM","Mar 20, 2026, 7:45 PM","8/10","Incline Bench Press (Dumbbell)",,"",2,"normal",40,10,,,
"Chest & Back","Mar 20, 2026, 5:52 PM","Mar 20, 2026, 7:45 PM","8/10","Cable Fly Crossovers",,"",0,"normal",50,12,,,
"Chest & Back","Mar 20, 2026, 5:52 PM","Mar 20, 2026, 7:45 PM","8/10","Cable Fly Crossovers",,"",1,"normal",50,10,,,
"Chest & Back","Mar 20, 2026, 5:52 PM","Mar 20, 2026, 7:45 PM","8/10","Cable Fly Crossovers",,"",2,"normal",50,8,,,
"Chest & Back","Mar 20, 2026, 5:52 PM","Mar 20, 2026, 7:45 PM","8/10","Cable Fly Crossovers",,"",3,"dropset",40,8,,,
"Chest & Back","Mar 20, 2026, 5:52 PM","Mar 20, 2026, 7:45 PM","8/10","Pull Up",,"",0,"normal",,12,,,
"Chest & Back","Mar 20, 2026, 5:52 PM","Mar 20, 2026, 7:45 PM","8/10","Pull Up",,"",1,"normal",,10,,,
"Chest & Back","Mar 20, 2026, 5:52 PM","Mar 20, 2026, 7:45 PM","8/10","Straight Arm Lat Pulldown (Cable)",,"",0,"normal",30,10,,,
"Chest & Back","Mar 20, 2026, 5:52 PM","Mar 20, 2026, 7:45 PM","8/10","Straight Arm Lat Pulldown (Cable)",,"",1,"normal",30,12,,,
"Chest & Back","Mar 20, 2026, 5:52 PM","Mar 20, 2026, 7:45 PM","8/10","Straight Arm Lat Pulldown (Cable)",,"",2,"normal",30,10,,,
"Chest & Back","Mar 20, 2026, 5:52 PM","Mar 20, 2026, 7:45 PM","8/10","Single Arm Lat Pulldown",,"Cable (far better strech)",0,"normal",20,24,,,
"Chest & Back","Mar 20, 2026, 5:52 PM","Mar 20, 2026, 7:45 PM","8/10","Single Arm Lat Pulldown",,"Cable (far better strech)",1,"normal",20,24,,,
"Chest & Back","Mar 20, 2026, 5:52 PM","Mar 20, 2026, 7:45 PM","8/10","Single Arm Lat Pulldown",,"Cable (far better strech)",2,"normal",30,24,,,
"Chest & Back","Mar 20, 2026, 5:52 PM","Mar 20, 2026, 7:45 PM","8/10","Seated Cable Row - Bar Grip",,"",0,"normal",70,12,,,
"Chest & Back","Mar 20, 2026, 5:52 PM","Mar 20, 2026, 7:45 PM","8/10","Seated Cable Row - Bar Grip",,"",1,"normal",80,12,,,
"Chest & Back","Mar 20, 2026, 5:52 PM","Mar 20, 2026, 7:45 PM","8/10","Seated Cable Row - Bar Grip",,"",2,"normal",85,12,,,
"Chest & Back","Mar 20, 2026, 5:52 PM","Mar 20, 2026, 7:45 PM","8/10","Hanging Leg Raise",,"",0,"normal",,15,,,
"Chest & Back","Mar 20, 2026, 5:52 PM","Mar 20, 2026, 7:45 PM","8/10","Hanging Leg Raise",,"",1,"normal",,15,,,
"Chest & Back","Mar 20, 2026, 5:52 PM","Mar 20, 2026, 7:45 PM","8/10","Cable Crunch",,"",0,"normal",25,12,,,
"Chest & Back","Mar 20, 2026, 5:52 PM","Mar 20, 2026, 7:45 PM","8/10","Crunch (Weighted)",,"",0,"normal",22.5,15,,,
"Arms","Mar 19, 2026, 6:12 PM","Mar 19, 2026, 7:39 PM","9/10 📈","Stretching",,"Arms",0,"normal",,,,443,
"Arms","Mar 19, 2026, 6:12 PM","Mar 19, 2026, 7:39 PM","9/10 📈","Chin Up",,"",0,"normal",,10,,,
"Arms","Mar 19, 2026, 6:12 PM","Mar 19, 2026, 7:39 PM","9/10 📈","Diamond Push Up",,"",0,"normal",,20,,,
"Arms","Mar 19, 2026, 6:12 PM","Mar 19, 2026, 7:39 PM","9/10 📈","Seated Incline Curl (Dumbbell)",,"",0,"normal",20,12,,,
"Arms","Mar 19, 2026, 6:12 PM","Mar 19, 2026, 7:39 PM","9/10 📈","Seated Incline Curl (Dumbbell)",,"",1,"dropset",10,6,,,
"Arms","Mar 19, 2026, 6:12 PM","Mar 19, 2026, 7:39 PM","9/10 📈","Seated Incline Curl (Dumbbell)",,"",2,"normal",20,8,,,
"Arms","Mar 19, 2026, 6:12 PM","Mar 19, 2026, 7:39 PM","9/10 📈","Seated Incline Curl (Dumbbell)",,"",3,"dropset",10,8,,,
"Arms","Mar 19, 2026, 6:12 PM","Mar 19, 2026, 7:39 PM","9/10 📈","Seated Incline Curl (Dumbbell)",,"",4,"normal",20,9,,,
"Arms","Mar 19, 2026, 6:12 PM","Mar 19, 2026, 7:39 PM","9/10 📈","Overhead Triceps Extension (Cable)",,"Bar",0,"normal",35,15,,,
"Arms","Mar 19, 2026, 6:12 PM","Mar 19, 2026, 7:39 PM","9/10 📈","Overhead Triceps Extension (Cable)",,"Bar",1,"normal",40,15,,,
"Arms","Mar 19, 2026, 6:12 PM","Mar 19, 2026, 7:39 PM","9/10 📈","Overhead Triceps Extension (Cable)",,"Bar",2,"normal",45,15,,,
"Arms","Mar 19, 2026, 6:12 PM","Mar 19, 2026, 7:39 PM","9/10 📈","Preacher Curl (Barbell)",,"1st - EZ, 2nd - Normal Barbell",0,"normal",25,15,,,
"Arms","Mar 19, 2026, 6:12 PM","Mar 19, 2026, 7:39 PM","9/10 📈","Preacher Curl (Barbell)",,"1st - EZ, 2nd - Normal Barbell",1,"normal",20,12,,,
"Arms","Mar 19, 2026, 6:12 PM","Mar 19, 2026, 7:39 PM","9/10 📈","Preacher Curl (Dumbbell)",,"",0,"normal",10,28,,,
"Arms","Mar 19, 2026, 6:12 PM","Mar 19, 2026, 7:39 PM","9/10 📈","Single Arm Triceps Pushdown (Cable)",,"Cbum variation",0,"normal",10,30,,,
"Arms","Mar 19, 2026, 6:12 PM","Mar 19, 2026, 7:39 PM","9/10 📈","Single Arm Triceps Pushdown (Cable)",,"Cbum variation",1,"normal",15,22,,,
"Arms","Mar 19, 2026, 6:12 PM","Mar 19, 2026, 7:39 PM","9/10 📈","Single Arm Triceps Pushdown (Cable)",,"Cbum variation",2,"normal",15,20,,,
"Arms","Mar 19, 2026, 6:12 PM","Mar 19, 2026, 7:39 PM","9/10 📈","Hammer Curl (Cable)",0,"",0,"normal",30,15,,,
"Arms","Mar 19, 2026, 6:12 PM","Mar 19, 2026, 7:39 PM","9/10 📈","Hammer Curl (Cable)",0,"",1,"normal",35,13,,,
"Arms","Mar 19, 2026, 6:12 PM","Mar 19, 2026, 7:39 PM","9/10 📈","Hammer Curl (Cable)",0,"",2,"normal",35,12,,,
"Arms","Mar 19, 2026, 6:12 PM","Mar 19, 2026, 7:39 PM","9/10 📈","Triceps Rope Pushdown",0,"",0,"normal",30,12,,,
"Arms","Mar 19, 2026, 6:12 PM","Mar 19, 2026, 7:39 PM","9/10 📈","Triceps Rope Pushdown",0,"",1,"normal",35,11,,,
"Arms","Mar 19, 2026, 6:12 PM","Mar 19, 2026, 7:39 PM","9/10 📈","Triceps Rope Pushdown",0,"",2,"normal",35,10,,,
"Arms","Mar 19, 2026, 6:12 PM","Mar 19, 2026, 7:39 PM","9/10 📈","Reverse Curl",,"Cable",0,"normal",25,15,,,
"Arms","Mar 19, 2026, 6:12 PM","Mar 19, 2026, 7:39 PM","9/10 📈","Reverse Curl",,"Cable",1,"normal",30,12,,,
"Arms","Mar 19, 2026, 6:12 PM","Mar 19, 2026, 7:39 PM","9/10 📈","Reverse Curl",,"Cable",2,"normal",35,12,,,
"Arms","Mar 19, 2026, 6:12 PM","Mar 19, 2026, 7:39 PM","9/10 📈","Behind the Back Wrist Curl (Barbell)",,"",0,"normal",35,18,,,
"Arms","Mar 19, 2026, 6:12 PM","Mar 19, 2026, 7:39 PM","9/10 📈","Behind the Back Wrist Curl (Barbell)",,"",1,"normal",40,15,,,
"Shouldies & Legs","Mar 18, 2026, 6:17 PM","Mar 18, 2026, 7:30 PM","📉","Stretching",,"Legs",0,"normal",,,,436,
"Shouldies & Legs","Mar 18, 2026, 6:17 PM","Mar 18, 2026, 7:30 PM","📉","Single Leg Extensions",,"",0,"warmup",20,20,,,
"Shouldies & Legs","Mar 18, 2026, 6:17 PM","Mar 18, 2026, 7:30 PM","📉","Leg Extension (Machine)",,"",0,"normal",50,12,,,
"Shouldies & Legs","Mar 18, 2026, 6:17 PM","Mar 18, 2026, 7:30 PM","📉","Leg Extension (Machine)",,"",1,"normal",50,12,,,
"Shouldies & Legs","Mar 18, 2026, 6:17 PM","Mar 18, 2026, 7:30 PM","📉","Leg Extension (Machine)",,"",2,"normal",55,12,,,
"Shouldies & Legs","Mar 18, 2026, 6:17 PM","Mar 18, 2026, 7:30 PM","📉","Seated Leg Curl (Machine)",,"",0,"normal",55,12,,,
"Shouldies & Legs","Mar 18, 2026, 6:17 PM","Mar 18, 2026, 7:30 PM","📉","Seated Leg Curl (Machine)",,"",1,"normal",60,10,,,
"Shouldies & Legs","Mar 18, 2026, 6:17 PM","Mar 18, 2026, 7:30 PM","📉","Seated Leg Curl (Machine)",,"",2,"normal",60,12,,,
"Shouldies & Legs","Mar 18, 2026, 6:17 PM","Mar 18, 2026, 7:30 PM","📉","Hip Abduction (Machine)",0,"",0,"normal",60,15,,,
"Shouldies & Legs","Mar 18, 2026, 6:17 PM","Mar 18, 2026, 7:30 PM","📉","Hip Abduction (Machine)",0,"",1,"normal",70,12,,,
"Shouldies & Legs","Mar 18, 2026, 6:17 PM","Mar 18, 2026, 7:30 PM","📉","Hip Adduction (Machine)",0,"",0,"normal",60,12,,,
"Shouldies & Legs","Mar 18, 2026, 6:17 PM","Mar 18, 2026, 7:30 PM","📉","Hip Adduction (Machine)",0,"",1,"normal",70,12,,,
"Shouldies & Legs","Mar 18, 2026, 6:17 PM","Mar 18, 2026, 7:30 PM","📉","Standing Calf Raise (Smith)",,"",0,"normal",40,15,,,
"Shouldies & Legs","Mar 18, 2026, 6:17 PM","Mar 18, 2026, 7:30 PM","📉","Standing Calf Raise (Smith)",,"",1,"normal",50,15,,,
"Shouldies & Legs","Mar 18, 2026, 6:17 PM","Mar 18, 2026, 7:30 PM","📉","Standing Calf Raise (Smith)",,"",2,"normal",50,15,,,
"Shouldies & Legs","Mar 18, 2026, 6:17 PM","Mar 18, 2026, 7:30 PM","📉","Stretching",,"Shouldies",0,"normal",,,,215,
"Shouldies & Legs","Mar 18, 2026, 6:17 PM","Mar 18, 2026, 7:30 PM","📉","Lateral Raise (Dumbbell)",,"Cbum variation",0,"warmup",10,12,,,
"Shouldies & Legs","Mar 18, 2026, 6:17 PM","Mar 18, 2026, 7:30 PM","📉","Lateral Raise (Dumbbell)",,"Cbum variation",1,"normal",20,12,,,
"Shouldies & Legs","Mar 18, 2026, 6:17 PM","Mar 18, 2026, 7:30 PM","📉","Lateral Raise (Dumbbell)",,"Cbum variation",2,"normal",20,12,,,
"Shouldies & Legs","Mar 18, 2026, 6:17 PM","Mar 18, 2026, 7:30 PM","📉","Lateral Raise (Dumbbell)",,"Cbum variation",3,"dropset",15,6,,,
"Shouldies & Legs","Mar 18, 2026, 6:17 PM","Mar 18, 2026, 7:30 PM","📉","Lateral Raise (Dumbbell)",,"Cbum variation",4,"normal",20,12,,,
"Chest & Triceps","Mar 17, 2026, 5:51 PM","Mar 17, 2026, 7:33 PM","8.5/10","Stretching",,"Chest",0,"normal",,,,435,
"Chest & Triceps","Mar 17, 2026, 5:51 PM","Mar 17, 2026, 7:33 PM","8.5/10","Push Up",,"📈",0,"normal",,50,,,
"Chest & Triceps","Mar 17, 2026, 5:51 PM","Mar 17, 2026, 7:33 PM","8.5/10","Incline Bench Press (Smith Machine)",,"📈",0,"normal",50,10,,,
"Chest & Triceps","Mar 17, 2026, 5:51 PM","Mar 17, 2026, 7:33 PM","8.5/10","Incline Bench Press (Smith Machine)",,"📈",1,"normal",50,12,,,
"Chest & Triceps","Mar 17, 2026, 5:51 PM","Mar 17, 2026, 7:33 PM","8.5/10","Incline Bench Press (Smith Machine)",,"📈",2,"normal",50,8,,,
"Chest & Triceps","Mar 17, 2026, 5:51 PM","Mar 17, 2026, 7:33 PM","8.5/10","Incline Bench Press (Smith Machine)",,"📈",3,"dropset",40,6,,,
"Chest & Triceps","Mar 17, 2026, 5:51 PM","Mar 17, 2026, 7:33 PM","8.5/10","Chest Fly (Machine)",,"",0,"normal",67.5,13,,,
"Chest & Triceps","Mar 17, 2026, 5:51 PM","Mar 17, 2026, 7:33 PM","8.5/10","Chest Fly (Machine)",,"",1,"normal",75,12,,,
"Chest & Triceps","Mar 17, 2026, 5:51 PM","Mar 17, 2026, 7:33 PM","8.5/10","Chest Fly (Machine)",,"",2,"normal",82.5,12,,,
"Chest & Triceps","Mar 17, 2026, 5:51 PM","Mar 17, 2026, 7:33 PM","8.5/10","Cable Fly Crossovers",,"",0,"normal",50,10,,,
"Chest & Triceps","Mar 17, 2026, 5:51 PM","Mar 17, 2026, 7:33 PM","8.5/10","Cable Fly Crossovers",,"",1,"dropset",40,8,,,
"Chest & Triceps","Mar 17, 2026, 5:51 PM","Mar 17, 2026, 7:33 PM","8.5/10","Cable Fly Crossovers",,"",2,"normal",50,14,,,
"Chest & Triceps","Mar 17, 2026, 5:51 PM","Mar 17, 2026, 7:33 PM","8.5/10","Cable Fly Crossovers",,"",3,"dropset",40,12,,,
"Chest & Triceps","Mar 17, 2026, 5:51 PM","Mar 17, 2026, 7:33 PM","8.5/10","Cable Fly Crossovers",,"",4,"normal",50,12,,,
"Chest & Triceps","Mar 17, 2026, 5:51 PM","Mar 17, 2026, 7:33 PM","8.5/10","Cable Fly Crossovers",,"",5,"dropset",40,12,,,
"Chest & Triceps","Mar 17, 2026, 5:51 PM","Mar 17, 2026, 7:33 PM","8.5/10","Low Cable Fly Crossovers",,"",0,"normal",30,12,,,
"Chest & Triceps","Mar 17, 2026, 5:51 PM","Mar 17, 2026, 7:33 PM","8.5/10","Low Cable Fly Crossovers",,"",1,"normal",30,9,,,
"Chest & Triceps","Mar 17, 2026, 5:51 PM","Mar 17, 2026, 7:33 PM","8.5/10","Low Cable Fly Crossovers",,"",2,"normal",30,11,,,
"Chest & Triceps","Mar 17, 2026, 5:51 PM","Mar 17, 2026, 7:33 PM","8.5/10","Overhead Triceps Extension (Cable)",,"Bar",0,"normal",30,15,,,
"Chest & Triceps","Mar 17, 2026, 5:51 PM","Mar 17, 2026, 7:33 PM","8.5/10","Overhead Triceps Extension (Cable)",,"Bar",1,"normal",35,12,,,
"Chest & Triceps","Mar 17, 2026, 5:51 PM","Mar 17, 2026, 7:33 PM","8.5/10","Overhead Triceps Extension (Cable)",,"Bar",2,"normal",40,15,,,
"Chest & Triceps","Mar 17, 2026, 5:51 PM","Mar 17, 2026, 7:33 PM","8.5/10","Triceps Rope Pushdown",,"",0,"normal",30,15,,,
"Chest & Triceps","Mar 17, 2026, 5:51 PM","Mar 17, 2026, 7:33 PM","8.5/10","Triceps Rope Pushdown",,"",1,"normal",35,12,,,
"Chest & Triceps","Mar 17, 2026, 5:51 PM","Mar 17, 2026, 7:33 PM","8.5/10","Triceps Rope Pushdown",,"",2,"normal",40,8,,,
"Chest & Triceps","Mar 17, 2026, 5:51 PM","Mar 17, 2026, 7:33 PM","8.5/10","Triceps Rope Pushdown",,"",3,"dropset",25,13,,,
"Chest & Triceps","Mar 17, 2026, 5:51 PM","Mar 17, 2026, 7:33 PM","8.5/10","Single Arm Triceps Pushdown (Cable)",,"Cbum variation",0,"normal",10,24,,,
"Chest & Triceps","Mar 17, 2026, 5:51 PM","Mar 17, 2026, 7:33 PM","8.5/10","Single Arm Triceps Pushdown (Cable)",,"Cbum variation",1,"normal",10,24,,,
"Chest & Triceps","Mar 17, 2026, 5:51 PM","Mar 17, 2026, 7:33 PM","8.5/10","Single Arm Triceps Pushdown (Cable)",,"Cbum variation",2,"normal",10,24,,,
"Back & Biceps","Mar 16, 2026, 5:42 PM","Mar 16, 2026, 7:52 PM","","Stretching",,"Back",0,"normal",,,,524,
"Back & Biceps","Mar 16, 2026, 5:42 PM","Mar 16, 2026, 7:52 PM","","Pull Up",,"",0,"normal",,14,,,
"Back & Biceps","Mar 16, 2026, 5:42 PM","Mar 16, 2026, 7:52 PM","","Pull Up",,"",1,"normal",,10,,,
"Back & Biceps","Mar 16, 2026, 5:42 PM","Mar 16, 2026, 7:52 PM","","Pull Up",,"",2,"normal",,10,,,
"Back & Biceps","Mar 16, 2026, 5:42 PM","Mar 16, 2026, 7:52 PM","","Seated Row (Machine)",,"",0,"normal",50,12,,,
"Back & Biceps","Mar 16, 2026, 5:42 PM","Mar 16, 2026, 7:52 PM","","Seated Row (Machine)",,"",1,"normal",50,12,,,
"Back & Biceps","Mar 16, 2026, 5:42 PM","Mar 16, 2026, 7:52 PM","","Seated Row (Machine)",,"",2,"normal",50,12,,,
"Back & Biceps","Mar 16, 2026, 5:42 PM","Mar 16, 2026, 7:52 PM","","Single Arm Lat Pulldown",,"",0,"normal",40,24,,,
"Back & Biceps","Mar 16, 2026, 5:42 PM","Mar 16, 2026, 7:52 PM","","Single Arm Lat Pulldown",,"",1,"normal",40,24,,,
"Back & Biceps","Mar 16, 2026, 5:42 PM","Mar 16, 2026, 7:52 PM","","Single Arm Lat Pulldown",,"",2,"normal",40,24,,,
"Back & Biceps","Mar 16, 2026, 5:42 PM","Mar 16, 2026, 7:52 PM","","Rear Delt Reverse Fly (Machine)",,"",0,"warmup",30,10,,,
"Back & Biceps","Mar 16, 2026, 5:42 PM","Mar 16, 2026, 7:52 PM","","Rear Delt Reverse Fly (Machine)",,"",1,"normal",45,10,,,
"Back & Biceps","Mar 16, 2026, 5:42 PM","Mar 16, 2026, 7:52 PM","","Rear Delt Reverse Fly (Machine)",,"",2,"normal",45,12,,,
"Back & Biceps","Mar 16, 2026, 5:42 PM","Mar 16, 2026, 7:52 PM","","Rear Delt Reverse Fly (Machine)",,"",3,"normal",45,12,,,
"Back & Biceps","Mar 16, 2026, 5:42 PM","Mar 16, 2026, 7:52 PM","","Shrug (Smith Machine)",,"",0,"normal",40,18,,,
"Back & Biceps","Mar 16, 2026, 5:42 PM","Mar 16, 2026, 7:52 PM","","Shrug (Smith Machine)",,"",1,"normal",50,17,,,
"Back & Biceps","Mar 16, 2026, 5:42 PM","Mar 16, 2026, 7:52 PM","","Shrug (Smith Machine)",,"",2,"normal",50,18,,,
"Back & Biceps","Mar 16, 2026, 5:42 PM","Mar 16, 2026, 7:52 PM","","Seated Cable Row - Bar Wide Grip",,"",0,"normal",60,12,,,
"Back & Biceps","Mar 16, 2026, 5:42 PM","Mar 16, 2026, 7:52 PM","","Seated Cable Row - Bar Wide Grip",,"",1,"normal",65,12,,,
"Back & Biceps","Mar 16, 2026, 5:42 PM","Mar 16, 2026, 7:52 PM","","Seated Cable Row - Bar Wide Grip",,"",2,"normal",80,12,,,
"Back & Biceps","Mar 16, 2026, 5:42 PM","Mar 16, 2026, 7:52 PM","","Lat Pulldown - Close Grip (Cable)",,"",0,"normal",58.5,8,,,
"Back & Biceps","Mar 16, 2026, 5:42 PM","Mar 16, 2026, 7:52 PM","","Lat Pulldown - Close Grip (Cable)",,"",1,"normal",58.5,8,,,
"Back & Biceps","Mar 16, 2026, 5:42 PM","Mar 16, 2026, 7:52 PM","","Preacher Curl (Barbell)",,"",0,"normal",20,12,,,
"Back & Biceps","Mar 16, 2026, 5:42 PM","Mar 16, 2026, 7:52 PM","","Preacher Curl (Barbell)",,"",1,"normal",25,12,,,
"Back & Biceps","Mar 16, 2026, 5:42 PM","Mar 16, 2026, 7:52 PM","","Preacher Curl (Barbell)",,"",2,"normal",25,12,,,
"Back & Biceps","Mar 16, 2026, 5:42 PM","Mar 16, 2026, 7:52 PM","","Behind the Back Curl (Cable)",,"",0,"normal",30,12,,,
"Back & Biceps","Mar 16, 2026, 5:42 PM","Mar 16, 2026, 7:52 PM","","Behind the Back Curl (Cable)",,"",1,"normal",30,12,,,
"Back & Biceps","Mar 16, 2026, 5:42 PM","Mar 16, 2026, 7:52 PM","","Behind the Back Curl (Cable)",,"",2,"normal",40,10,,,
"Misc.","Mar 14, 2026, 3:27 PM","Mar 14, 2026, 4:56 PM","","Stretching",,"Shouldies",0,"normal",,,,424,
"Misc.","Mar 14, 2026, 3:27 PM","Mar 14, 2026, 4:56 PM","","Shoulder Press (Dumbbell)",,"",0,"warmup",20,12,,,
"Misc.","Mar 14, 2026, 3:27 PM","Mar 14, 2026, 4:56 PM","","Shoulder Press (Dumbbell)",,"",1,"normal",40,10,,,
"Misc.","Mar 14, 2026, 3:27 PM","Mar 14, 2026, 4:56 PM","","Shoulder Press (Dumbbell)",,"",2,"normal",40,11,,,
"Misc.","Mar 14, 2026, 3:27 PM","Mar 14, 2026, 4:56 PM","","Shoulder Press (Dumbbell)",,"",3,"normal",40,9,,,
"Misc.","Mar 14, 2026, 3:27 PM","Mar 14, 2026, 4:56 PM","","Single Arm Lateral Raise (Cable)",,"",0,"normal",10,24,,,
"Misc.","Mar 14, 2026, 3:27 PM","Mar 14, 2026, 4:56 PM","","Single Arm Lateral Raise (Cable)",,"",1,"normal",15,22,,,
"Misc.","Mar 14, 2026, 3:27 PM","Mar 14, 2026, 4:56 PM","","Single Arm Lateral Raise (Cable)",,"",2,"normal",15,24,,,
"Misc.","Mar 14, 2026, 3:27 PM","Mar 14, 2026, 4:56 PM","","Warm Up",,"Legs",0,"normal",,,,410,
"Misc.","Mar 14, 2026, 3:27 PM","Mar 14, 2026, 4:56 PM","","Deadlift (Barbell)",,"",0,"normal",60,9,,,
"Misc.","Mar 14, 2026, 3:27 PM","Mar 14, 2026, 4:56 PM","","Deadlift (Barbell)",,"",1,"normal",80,12,,,
"Misc.","Mar 14, 2026, 3:27 PM","Mar 14, 2026, 4:56 PM","","Deadlift (Barbell)",,"",2,"normal",80,12,,,
"Misc.","Mar 14, 2026, 3:27 PM","Mar 14, 2026, 4:56 PM","","Leg Extension (Machine)",,"",0,"normal",55,12,,,
"Misc.","Mar 14, 2026, 3:27 PM","Mar 14, 2026, 4:56 PM","","Leg Extension (Machine)",,"",1,"normal",60,12,,,
"Misc.","Mar 14, 2026, 3:27 PM","Mar 14, 2026, 4:56 PM","","Leg Extension (Machine)",,"",2,"normal",65,12,,,
"Misc.","Mar 14, 2026, 3:27 PM","Mar 14, 2026, 4:56 PM","","Seated Leg Curl (Machine)",,"",0,"normal",55,12,,,
"Misc.","Mar 14, 2026, 3:27 PM","Mar 14, 2026, 4:56 PM","","Seated Leg Curl (Machine)",,"",1,"normal",60,12,,,
"Chest & Back","Mar 13, 2026, 5:49 PM","Mar 13, 2026, 7:26 PM","","Stretching",,"Chest & Back",0,"normal",,,,593,
"Chest & Back","Mar 13, 2026, 5:49 PM","Mar 13, 2026, 7:26 PM","","Push Up",,"",0,"normal",,25,,,
"Chest & Back","Mar 13, 2026, 5:49 PM","Mar 13, 2026, 7:26 PM","","Push Up",,"",1,"normal",,40,,,
"Chest & Back","Mar 13, 2026, 5:49 PM","Mar 13, 2026, 7:26 PM","","Bench Press (Barbell)",,"",0,"normal",55,12,,,
"Chest & Back","Mar 13, 2026, 5:49 PM","Mar 13, 2026, 7:26 PM","","Bench Press (Barbell)",,"",1,"normal",60,11,,,
"Chest & Back","Mar 13, 2026, 5:49 PM","Mar 13, 2026, 7:26 PM","","Incline Bench Press (Dumbbell)",,"",0,"normal",35,12,,,
"Chest & Back","Mar 13, 2026, 5:49 PM","Mar 13, 2026, 7:26 PM","","Incline Bench Press (Dumbbell)",,"",1,"normal",40,12,,,
"Chest & Back","Mar 13, 2026, 5:49 PM","Mar 13, 2026, 7:26 PM","","Incline Bench Press (Dumbbell)",,"",2,"normal",40,12,,,
"Chest & Back","Mar 13, 2026, 5:49 PM","Mar 13, 2026, 7:26 PM","","Incline Chest Fly (Dumbbell)",,"",0,"normal",15,12,,,
"Chest & Back","Mar 13, 2026, 5:49 PM","Mar 13, 2026, 7:26 PM","","Incline Chest Fly (Dumbbell)",,"",1,"normal",15,12,,,
"Chest & Back","Mar 13, 2026, 5:49 PM","Mar 13, 2026, 7:26 PM","","Incline Chest Fly (Dumbbell)",,"",2,"normal",15,12,,,
"Chest & Back","Mar 13, 2026, 5:49 PM","Mar 13, 2026, 7:26 PM","","Pull Up",,"",0,"normal",,11,,,
"Chest & Back","Mar 13, 2026, 5:49 PM","Mar 13, 2026, 7:26 PM","","Pull Up",,"",1,"normal",,9,,,
"Chest & Back","Mar 13, 2026, 5:49 PM","Mar 13, 2026, 7:26 PM","","Chest Supported Incline Row (Dumbbell)",,"",0,"normal",40,12,,,
"Chest & Back","Mar 13, 2026, 5:49 PM","Mar 13, 2026, 7:26 PM","","Chest Supported Incline Row (Dumbbell)",,"",1,"normal",40,12,,,
"Chest & Back","Mar 13, 2026, 5:49 PM","Mar 13, 2026, 7:26 PM","","Chest Supported Incline Row (Dumbbell)",,"",2,"normal",40,12,,,
"Chest & Back","Mar 13, 2026, 5:49 PM","Mar 13, 2026, 7:26 PM","","Seated Row (Machine)",,"1st - Both Hands",0,"normal",50,12,,,
"Chest & Back","Mar 13, 2026, 5:49 PM","Mar 13, 2026, 7:26 PM","","Seated Row (Machine)",,"1st - Both Hands",1,"normal",50,12,,,
"Chest & Back","Mar 13, 2026, 5:49 PM","Mar 13, 2026, 7:26 PM","","Seated Cable Row - Bar Grip",,"",0,"normal",65,12,,,
"Chest & Back","Mar 13, 2026, 5:49 PM","Mar 13, 2026, 7:26 PM","","Seated Cable Row - Bar Grip",,"",1,"normal",75,12,,,
"Chest & Back","Mar 13, 2026, 5:49 PM","Mar 13, 2026, 7:26 PM","","Seated Cable Row - Bar Grip",,"",2,"normal",85,11,,,
"Arms","Mar 12, 2026, 5:56 PM","Mar 12, 2026, 7:10 PM","","Stretching",,"Misc",0,"normal",,,,96,
"Arms","Mar 12, 2026, 5:56 PM","Mar 12, 2026, 7:10 PM","","Preacher Curl (Barbell)",,"",0,"normal",25,15,,,
"Arms","Mar 12, 2026, 5:56 PM","Mar 12, 2026, 7:10 PM","","Preacher Curl (Barbell)",,"",1,"normal",25,15,,,
"Arms","Mar 12, 2026, 5:56 PM","Mar 12, 2026, 7:10 PM","","Preacher Curl (Barbell)",,"",2,"normal",25,15,,,
"Arms","Mar 12, 2026, 5:56 PM","Mar 12, 2026, 7:10 PM","","Hammer Curl (Dumbbell)",,"-Preacher",0,"normal",20,12,,,
"Arms","Mar 12, 2026, 5:56 PM","Mar 12, 2026, 7:10 PM","","Hammer Curl (Dumbbell)",,"-Preacher",1,"normal",20,12,,,
"Arms","Mar 12, 2026, 5:56 PM","Mar 12, 2026, 7:10 PM","","Seated Incline Curl (Dumbbell)",,"",0,"normal",20,9,,,
"Arms","Mar 12, 2026, 5:56 PM","Mar 12, 2026, 7:10 PM","","Seated Incline Curl (Dumbbell)",,"",1,"dropset",15,6,,,
"Arms","Mar 12, 2026, 5:56 PM","Mar 12, 2026, 7:10 PM","","Seated Incline Curl (Dumbbell)",,"",2,"normal",15,12,,,
"Arms","Mar 12, 2026, 5:56 PM","Mar 12, 2026, 7:10 PM","","Seated Incline Curl (Dumbbell)",,"",3,"normal",15,12,,,
"Arms","Mar 12, 2026, 5:56 PM","Mar 12, 2026, 7:10 PM","","Overhead Triceps Extension (Cable)",,"Bar",0,"normal",25,15,,,
"Arms","Mar 12, 2026, 5:56 PM","Mar 12, 2026, 7:10 PM","","Overhead Triceps Extension (Cable)",,"Bar",1,"normal",30,15,,,
"Arms","Mar 12, 2026, 5:56 PM","Mar 12, 2026, 7:10 PM","","Overhead Triceps Extension (Cable)",,"Bar",2,"normal",35,15,,,
"Arms","Mar 12, 2026, 5:56 PM","Mar 12, 2026, 7:10 PM","","Single Arm Triceps Pushdown (Cable)",,"",0,"normal",15,24,,,
"Arms","Mar 12, 2026, 5:56 PM","Mar 12, 2026, 7:10 PM","","Single Arm Triceps Pushdown (Cable)",,"",1,"normal",15,24,,,
"Arms","Mar 12, 2026, 5:56 PM","Mar 12, 2026, 7:10 PM","","Single Arm Triceps Pushdown (Cable)",,"",2,"normal",15,22,,,
"Arms","Mar 12, 2026, 5:56 PM","Mar 12, 2026, 7:10 PM","","Triceps Rope Pushdown",,"",0,"normal",30,12,,,
"Arms","Mar 12, 2026, 5:56 PM","Mar 12, 2026, 7:10 PM","","Triceps Rope Pushdown",,"",1,"normal",35,12,,,
"Arms","Mar 12, 2026, 5:56 PM","Mar 12, 2026, 7:10 PM","","Triceps Rope Pushdown",,"",2,"normal",30,12,,,
"Legs & Shouldies","Mar 11, 2026, 6:01 PM","Mar 11, 2026, 7:39 PM","","Stretching",,"Legs",0,"normal",,,,458,
"Legs & Shouldies","Mar 11, 2026, 6:01 PM","Mar 11, 2026, 7:39 PM","","Bulgarian Split Squat (Dumbbell)",,"",0,"normal",20,12,,,
"Legs & Shouldies","Mar 11, 2026, 6:01 PM","Mar 11, 2026, 7:39 PM","","Bulgarian Split Squat (Dumbbell)",,"",1,"normal",20,12,,,
"Legs & Shouldies","Mar 11, 2026, 6:01 PM","Mar 11, 2026, 7:39 PM","","Bulgarian Split Squat (Dumbbell)",,"",2,"normal",20,12,,,
"Legs & Shouldies","Mar 11, 2026, 6:01 PM","Mar 11, 2026, 7:39 PM","","Leg Extension (Machine)",,"",0,"normal",65,12,,,
"Legs & Shouldies","Mar 11, 2026, 6:01 PM","Mar 11, 2026, 7:39 PM","","Leg Extension (Machine)",,"",1,"normal",65,12,,,
"Legs & Shouldies","Mar 11, 2026, 6:01 PM","Mar 11, 2026, 7:39 PM","","Leg Extension (Machine)",,"",2,"normal",65,12,,,
"Legs & Shouldies","Mar 11, 2026, 6:01 PM","Mar 11, 2026, 7:39 PM","","Seated Leg Curl (Machine)",,"",0,"normal",55,12,,,
"Legs & Shouldies","Mar 11, 2026, 6:01 PM","Mar 11, 2026, 7:39 PM","","Seated Leg Curl (Machine)",,"",1,"normal",60,12,,,
"Legs & Shouldies","Mar 11, 2026, 6:01 PM","Mar 11, 2026, 7:39 PM","","Seated Leg Curl (Machine)",,"",2,"normal",65,10,,,
"Legs & Shouldies","Mar 11, 2026, 6:01 PM","Mar 11, 2026, 7:39 PM","","Standing Calf Raise (Smith)",,"",0,"normal",40,15,,,
"Legs & Shouldies","Mar 11, 2026, 6:01 PM","Mar 11, 2026, 7:39 PM","","Standing Calf Raise (Smith)",,"",1,"normal",45,15,,,
"Legs & Shouldies","Mar 11, 2026, 6:01 PM","Mar 11, 2026, 7:39 PM","","Standing Calf Raise (Smith)",,"",2,"normal",55,15,,,
"Legs & Shouldies","Mar 11, 2026, 6:01 PM","Mar 11, 2026, 7:39 PM","","Stretching",,"Shouldies",0,"normal",,,,317,
"Legs & Shouldies","Mar 11, 2026, 6:01 PM","Mar 11, 2026, 7:39 PM","","Lateral Raise (Dumbbell)",,"Cbum variation 📈",0,"normal",15,15,,,
"Legs & Shouldies","Mar 11, 2026, 6:01 PM","Mar 11, 2026, 7:39 PM","","Lateral Raise (Dumbbell)",,"Cbum variation 📈",1,"normal",20,12,,,
"Legs & Shouldies","Mar 11, 2026, 6:01 PM","Mar 11, 2026, 7:39 PM","","Lateral Raise (Dumbbell)",,"Cbum variation 📈",2,"normal",20,12,,,
"Legs & Shouldies","Mar 11, 2026, 6:01 PM","Mar 11, 2026, 7:39 PM","","Shoulder Press (Machine Plates)",,"",0,"warmup",20,12,,,
"Legs & Shouldies","Mar 11, 2026, 6:01 PM","Mar 11, 2026, 7:39 PM","","Shoulder Press (Machine Plates)",,"",1,"normal",40,12,,,
"Legs & Shouldies","Mar 11, 2026, 6:01 PM","Mar 11, 2026, 7:39 PM","","Shoulder Press (Machine Plates)",,"",2,"normal",45,12,,,
"Legs & Shouldies","Mar 11, 2026, 6:01 PM","Mar 11, 2026, 7:39 PM","","Shoulder Press (Machine Plates)",,"",3,"normal",50,9,,,
"Legs & Shouldies","Mar 11, 2026, 6:01 PM","Mar 11, 2026, 7:39 PM","","Shrug (Smith Machine)",,"",0,"normal",40,18,,,
"Legs & Shouldies","Mar 11, 2026, 6:01 PM","Mar 11, 2026, 7:39 PM","","Shrug (Smith Machine)",,"",1,"normal",50,18,,,
"Legs & Shouldies","Mar 11, 2026, 6:01 PM","Mar 11, 2026, 7:39 PM","","Shrug (Smith Machine)",,"",2,"normal",55,18,,,
"Chest + Triceps","Mar 10, 2026, 5:57 PM","Mar 10, 2026, 7:34 PM","W","Stretching",,"Chest",0,"normal",,,,379,
"Chest + Triceps","Mar 10, 2026, 5:57 PM","Mar 10, 2026, 7:34 PM","W","Push Up",,"",0,"normal",,25,,,
"Chest + Triceps","Mar 10, 2026, 5:57 PM","Mar 10, 2026, 7:34 PM","W","Push Up",,"",1,"normal",,25,,,
"Chest + Triceps","Mar 10, 2026, 5:57 PM","Mar 10, 2026, 7:34 PM","W","Diamond Push Up",,"",0,"normal",,20,,,
"Chest + Triceps","Mar 10, 2026, 5:57 PM","Mar 10, 2026, 7:34 PM","W","Incline Bench Press (Smith Machine)",,"📈",0,"normal",40,12,,,
"Chest + Triceps","Mar 10, 2026, 5:57 PM","Mar 10, 2026, 7:34 PM","W","Incline Bench Press (Smith Machine)",,"📈",1,"normal",45,12,,,
"Chest + Triceps","Mar 10, 2026, 5:57 PM","Mar 10, 2026, 7:34 PM","W","Incline Bench Press (Smith Machine)",,"📈",2,"normal",50,11,,,
"Chest + Triceps","Mar 10, 2026, 5:57 PM","Mar 10, 2026, 7:34 PM","W","Chest Fly (Machine)",,"📈",0,"normal",67.5,12,,,
"Chest + Triceps","Mar 10, 2026, 5:57 PM","Mar 10, 2026, 7:34 PM","W","Chest Fly (Machine)",,"📈",1,"normal",75,12,,,
"Chest + Triceps","Mar 10, 2026, 5:57 PM","Mar 10, 2026, 7:34 PM","W","Chest Fly (Machine)",,"📈",2,"normal",82.5,12,,,
"Chest + Triceps","Mar 10, 2026, 5:57 PM","Mar 10, 2026, 7:34 PM","W","Cable Fly Crossovers",,"📈",0,"normal",50,12,,,
"Chest + Triceps","Mar 10, 2026, 5:57 PM","Mar 10, 2026, 7:34 PM","W","Cable Fly Crossovers",,"📈",1,"normal",50,12,,,
"Chest + Triceps","Mar 10, 2026, 5:57 PM","Mar 10, 2026, 7:34 PM","W","Cable Fly Crossovers",,"📈",2,"normal",50,12,,,
"Chest + Triceps","Mar 10, 2026, 5:57 PM","Mar 10, 2026, 7:34 PM","W","Low Cable Fly Crossovers",,"",0,"normal",20,15,,,
"Chest + Triceps","Mar 10, 2026, 5:57 PM","Mar 10, 2026, 7:34 PM","W","Low Cable Fly Crossovers",,"",1,"normal",30,8,,,
"Chest + Triceps","Mar 10, 2026, 5:57 PM","Mar 10, 2026, 7:34 PM","W","Low Cable Fly Crossovers",,"",2,"dropset",20,7,,,
"Chest + Triceps","Mar 10, 2026, 5:57 PM","Mar 10, 2026, 7:34 PM","W","Low Cable Fly Crossovers",,"",3,"normal",30,12,,,
"Chest + Triceps","Mar 10, 2026, 5:57 PM","Mar 10, 2026, 7:34 PM","W","Overhead Triceps Extension (Cable)",,"",0,"normal",25,12,,,
"Chest + Triceps","Mar 10, 2026, 5:57 PM","Mar 10, 2026, 7:34 PM","W","Overhead Triceps Extension (Cable)",,"",1,"normal",30,12,,,
"Chest + Triceps","Mar 10, 2026, 5:57 PM","Mar 10, 2026, 7:34 PM","W","Overhead Triceps Extension (Cable)",,"",2,"normal",35,12,,,
"Chest + Triceps","Mar 10, 2026, 5:57 PM","Mar 10, 2026, 7:34 PM","W","Triceps Rope Pushdown",,"",0,"normal",30,12,,,
"Chest + Triceps","Mar 10, 2026, 5:57 PM","Mar 10, 2026, 7:34 PM","W","Triceps Rope Pushdown",,"",1,"normal",35,12,,,
"Chest + Triceps","Mar 10, 2026, 5:57 PM","Mar 10, 2026, 7:34 PM","W","Triceps Rope Pushdown",,"",2,"normal",35,12,,,
"Chest + Triceps","Mar 10, 2026, 5:57 PM","Mar 10, 2026, 7:34 PM","W","Single Arm Triceps Pushdown (Cable)",,"",0,"normal",15,24,,,
"Chest + Triceps","Mar 10, 2026, 5:57 PM","Mar 10, 2026, 7:34 PM","W","Single Arm Triceps Pushdown (Cable)",,"",1,"normal",15,22,,,
"Chest + Triceps","Mar 10, 2026, 5:57 PM","Mar 10, 2026, 7:34 PM","W","Single Arm Triceps Pushdown (Cable)",,"",2,"normal",10,30,,,
"Back + Biceps","Mar 9, 2026, 5:56 PM","Mar 9, 2026, 7:26 PM","","Stretching",,"Back",0,"normal",,,,404,
"Back + Biceps","Mar 9, 2026, 5:56 PM","Mar 9, 2026, 7:26 PM","","Pull Up",,"",0,"normal",,12,,,
"Back + Biceps","Mar 9, 2026, 5:56 PM","Mar 9, 2026, 7:26 PM","","Pull Up",,"",1,"normal",,9,,,
"Back + Biceps","Mar 9, 2026, 5:56 PM","Mar 9, 2026, 7:26 PM","","Pull Up",,"",2,"normal",,8,,,
"Back + Biceps","Mar 9, 2026, 5:56 PM","Mar 9, 2026, 7:26 PM","","Seated Cable Row - Bar Grip",,"",0,"normal",65,12,,,
"Back + Biceps","Mar 9, 2026, 5:56 PM","Mar 9, 2026, 7:26 PM","","Seated Cable Row - Bar Grip",,"",1,"normal",75,12,,,
"Back + Biceps","Mar 9, 2026, 5:56 PM","Mar 9, 2026, 7:26 PM","","Seated Cable Row - Bar Grip",,"",2,"normal",80,12,,,
"Back + Biceps","Mar 9, 2026, 5:56 PM","Mar 9, 2026, 7:26 PM","","Seated Row (Machine)",,"",0,"normal",50,12,,,
"Back + Biceps","Mar 9, 2026, 5:56 PM","Mar 9, 2026, 7:26 PM","","Seated Row (Machine)",,"",1,"normal",50,12,,,
"Back + Biceps","Mar 9, 2026, 5:56 PM","Mar 9, 2026, 7:26 PM","","Seated Row (Machine)",,"",2,"normal",50,12,,,
"Back + Biceps","Mar 9, 2026, 5:56 PM","Mar 9, 2026, 7:26 PM","","Chest Supported Incline Row (Dumbbell)",,"📉",0,"normal",40,12,,,
"Back + Biceps","Mar 9, 2026, 5:56 PM","Mar 9, 2026, 7:26 PM","","Chest Supported Incline Row (Dumbbell)",,"📉",1,"normal",40,12,,,
"Back + Biceps","Mar 9, 2026, 5:56 PM","Mar 9, 2026, 7:26 PM","","Chest Supported Incline Row (Dumbbell)",,"📉",2,"normal",40,9,,,
"Back + Biceps","Mar 9, 2026, 5:56 PM","Mar 9, 2026, 7:26 PM","","Preacher Curl (Barbell)",,"",0,"normal",20,12,,,
"Back + Biceps","Mar 9, 2026, 5:56 PM","Mar 9, 2026, 7:26 PM","","Preacher Curl (Barbell)",,"",1,"normal",20,12,,,
"Back + Biceps","Mar 9, 2026, 5:56 PM","Mar 9, 2026, 7:26 PM","","Preacher Curl (Barbell)",,"",2,"normal",20,12,,,
"Back + Biceps","Mar 9, 2026, 5:56 PM","Mar 9, 2026, 7:26 PM","","Behind the Back Curl (Cable)",,"",0,"normal",30,12,,,
"Back + Biceps","Mar 9, 2026, 5:56 PM","Mar 9, 2026, 7:26 PM","","Behind the Back Curl (Cable)",,"",1,"normal",40,10,,,
"Back + Biceps","Mar 9, 2026, 5:56 PM","Mar 9, 2026, 7:26 PM","","Behind the Back Curl (Cable)",,"",2,"normal",30,12,,,
"Back + Biceps","Mar 9, 2026, 5:56 PM","Mar 9, 2026, 7:26 PM","","Hammer Curl (Cable)",,"",0,"normal",35,12,,,
"Back + Biceps","Mar 9, 2026, 5:56 PM","Mar 9, 2026, 7:26 PM","","Hammer Curl (Cable)",,"",1,"normal",35,12,,,
"Back + Biceps","Mar 9, 2026, 5:56 PM","Mar 9, 2026, 7:26 PM","","Behind the Back Wrist Curl (Barbell)",,"",0,"normal",30,20,,,
"Back + Biceps","Mar 9, 2026, 5:56 PM","Mar 9, 2026, 7:26 PM","","Behind the Back Wrist Curl (Barbell)",,"",1,"normal",35,15,,,
"Back + Biceps","Mar 9, 2026, 5:56 PM","Mar 9, 2026, 7:26 PM","","Behind the Back Wrist Curl (Barbell)",,"",2,"normal",35,15,,,
"Back + Biceps","Mar 9, 2026, 5:56 PM","Mar 9, 2026, 7:26 PM","","Reverse Curl",,"Barbell 📉",0,"normal",15,12,,,
"Back + Biceps","Mar 9, 2026, 5:56 PM","Mar 9, 2026, 7:26 PM","","Reverse Curl",,"Barbell 📉",1,"normal",15,12,,,
"Full Body","Mar 6, 2026, 10:07 AM","Mar 6, 2026, 11:07 AM","Except legs obv 😋","Stretching",,"Misc",0,"normal",,,,143,
"Full Body","Mar 6, 2026, 10:07 AM","Mar 6, 2026, 11:07 AM","Except legs obv 😋","Shoulder Press (Dumbbell)",,"",0,"warmup",12,15,,,
"Full Body","Mar 6, 2026, 10:07 AM","Mar 6, 2026, 11:07 AM","Except legs obv 😋","Shoulder Press (Dumbbell)",,"",1,"normal",36,12,,,
"Full Body","Mar 6, 2026, 10:07 AM","Mar 6, 2026, 11:07 AM","Except legs obv 😋","Shoulder Press (Dumbbell)",,"",2,"normal",40,12,,,
"Full Body","Mar 6, 2026, 10:07 AM","Mar 6, 2026, 11:07 AM","Except legs obv 😋","Lat Pulldown (Cable)",,"",0,"normal",55,12,,,
"Full Body","Mar 6, 2026, 10:07 AM","Mar 6, 2026, 11:07 AM","Except legs obv 😋","Lat Pulldown (Cable)",,"",1,"normal",55,12,,,
"Full Body","Mar 6, 2026, 10:07 AM","Mar 6, 2026, 11:07 AM","Except legs obv 😋","Incline Bench Press (Dumbbell)",,"",0,"normal",36,12,,,
"Full Body","Mar 6, 2026, 10:07 AM","Mar 6, 2026, 11:07 AM","Except legs obv 😋","Incline Bench Press (Dumbbell)",,"",1,"normal",40,12,,,
"Full Body","Mar 6, 2026, 10:07 AM","Mar 6, 2026, 11:07 AM","Except legs obv 😋","Chest Press (Machine)",,"",0,"normal",55,10,,,
"Full Body","Mar 6, 2026, 10:07 AM","Mar 6, 2026, 11:07 AM","Except legs obv 😋","Chest Press (Machine)",,"",1,"normal",50,12,,,
"Full Body","Mar 6, 2026, 10:07 AM","Mar 6, 2026, 11:07 AM","Except legs obv 😋","Seated Incline Curl (Dumbbell)",,"",0,"normal",16,12,,,
"Full Body","Mar 6, 2026, 10:07 AM","Mar 6, 2026, 11:07 AM","Except legs obv 😋","Seated Incline Curl (Dumbbell)",,"",1,"normal",16,12,,,
"Full Body","Mar 6, 2026, 10:07 AM","Mar 6, 2026, 11:07 AM","Except legs obv 😋","Seated Incline Curl (Dumbbell)",,"",2,"normal",20,10,,,
"Full Body","Mar 6, 2026, 10:07 AM","Mar 6, 2026, 11:07 AM","Except legs obv 😋","Triceps Rope Pushdown",,"",0,"normal",20,12,,,
"Full Body","Mar 6, 2026, 10:07 AM","Mar 6, 2026, 11:07 AM","Except legs obv 😋","Triceps Rope Pushdown",,"",1,"normal",20,10,,,
"Full Body","Mar 6, 2026, 10:07 AM","Mar 6, 2026, 11:07 AM","Except legs obv 😋","Lateral Raise (Dumbbell)",,"",0,"normal",12,12,,,
"Full Body","Mar 6, 2026, 10:07 AM","Mar 6, 2026, 11:07 AM","Except legs obv 😋","Lateral Raise (Dumbbell)",,"",1,"normal",20,12,,,
"Full Body","Mar 6, 2026, 10:07 AM","Mar 6, 2026, 11:07 AM","Except legs obv 😋","Lateral Raise (Dumbbell)",,"",2,"normal",20,12,,,
"Full Body","Mar 6, 2026, 10:07 AM","Mar 6, 2026, 11:07 AM","Except legs obv 😋","Overhead Triceps Extension (Cable)",0,"",0,"normal",15,12,,,
"Full Body","Mar 6, 2026, 10:07 AM","Mar 6, 2026, 11:07 AM","Except legs obv 😋","Overhead Triceps Extension (Cable)",0,"",1,"normal",15,12,,,
"Full Body","Mar 6, 2026, 10:07 AM","Mar 6, 2026, 11:07 AM","Except legs obv 😋","Hammer Curl (Cable)",0,"",0,"normal",15,12,,,
"Full Body","Mar 6, 2026, 10:07 AM","Mar 6, 2026, 11:07 AM","Except legs obv 😋","Hammer Curl (Cable)",0,"",1,"normal",15,12,,,
"Chest, Shouldies & Triceps","Mar 3, 2026, 5:42 PM","Mar 3, 2026, 7:33 PM","","Stretching",,"Chest + Shouldiess",0,"normal",,,,450,
"Chest, Shouldies & Triceps","Mar 3, 2026, 5:42 PM","Mar 3, 2026, 7:33 PM","","Push Up",,"",0,"normal",,25,,,
"Chest, Shouldies & Triceps","Mar 3, 2026, 5:42 PM","Mar 3, 2026, 7:33 PM","","Push Up",,"",1,"normal",,20,,,
"Chest, Shouldies & Triceps","Mar 3, 2026, 5:42 PM","Mar 3, 2026, 7:33 PM","","Diamond Push Up",,"",0,"normal",,15,,,
"Chest, Shouldies & Triceps","Mar 3, 2026, 5:42 PM","Mar 3, 2026, 7:33 PM","","Bench Press (Smith Machine)",,"",0,"normal",40,12,,,
"Chest, Shouldies & Triceps","Mar 3, 2026, 5:42 PM","Mar 3, 2026, 7:33 PM","","Bench Press (Smith Machine)",,"",1,"normal",50,12,,,
"Chest, Shouldies & Triceps","Mar 3, 2026, 5:42 PM","Mar 3, 2026, 7:33 PM","","Bench Press (Smith Machine)",,"",2,"normal",55,8,,,
"Chest, Shouldies & Triceps","Mar 3, 2026, 5:42 PM","Mar 3, 2026, 7:33 PM","","Chest Fly (Machine)",,"",0,"normal",52.5,12,,,
"Chest, Shouldies & Triceps","Mar 3, 2026, 5:42 PM","Mar 3, 2026, 7:33 PM","","Chest Fly (Machine)",,"",1,"normal",67.5,12,,,
"Chest, Shouldies & Triceps","Mar 3, 2026, 5:42 PM","Mar 3, 2026, 7:33 PM","","Chest Fly (Machine)",,"",2,"normal",60,12,,,
"Chest, Shouldies & Triceps","Mar 3, 2026, 5:42 PM","Mar 3, 2026, 7:33 PM","","Cable Fly Crossovers",,"",0,"normal",50,9,,,
"Chest, Shouldies & Triceps","Mar 3, 2026, 5:42 PM","Mar 3, 2026, 7:33 PM","","Cable Fly Crossovers",,"",1,"dropset",40,7,,,
"Chest, Shouldies & Triceps","Mar 3, 2026, 5:42 PM","Mar 3, 2026, 7:33 PM","","Cable Fly Crossovers",,"",2,"normal",50,12,,,
"Chest, Shouldies & Triceps","Mar 3, 2026, 5:42 PM","Mar 3, 2026, 7:33 PM","","Cable Fly Crossovers",,"",3,"normal",40,12,,,
"Chest, Shouldies & Triceps","Mar 3, 2026, 5:42 PM","Mar 3, 2026, 7:33 PM","","Incline Bench Press (Dumbbell)",,"",0,"normal",35,12,,,
"Chest, Shouldies & Triceps","Mar 3, 2026, 5:42 PM","Mar 3, 2026, 7:33 PM","","Incline Bench Press (Dumbbell)",,"",1,"normal",40,10,,,
"Chest, Shouldies & Triceps","Mar 3, 2026, 5:42 PM","Mar 3, 2026, 7:33 PM","","Incline Bench Press (Dumbbell)",,"",2,"normal",40,10,,,
"Chest, Shouldies & Triceps","Mar 3, 2026, 5:42 PM","Mar 3, 2026, 7:33 PM","","Shoulder Press (Dumbbell)",,"Shouldies 📉 after chest",0,"warmup",15,12,,,
"Chest, Shouldies & Triceps","Mar 3, 2026, 5:42 PM","Mar 3, 2026, 7:33 PM","","Shoulder Press (Dumbbell)",,"Shouldies 📉 after chest",1,"normal",35,7,,,
"Chest, Shouldies & Triceps","Mar 3, 2026, 5:42 PM","Mar 3, 2026, 7:33 PM","","Shoulder Press (Dumbbell)",,"Shouldies 📉 after chest",2,"normal",30,12,,,
"Chest, Shouldies & Triceps","Mar 3, 2026, 5:42 PM","Mar 3, 2026, 7:33 PM","","Shoulder Press (Dumbbell)",,"Shouldies 📉 after chest",3,"normal",30,12,,,
"Chest, Shouldies & Triceps","Mar 3, 2026, 5:42 PM","Mar 3, 2026, 7:33 PM","","Single Arm Lateral Raise (Cable)",,"",0,"normal",10,24,,,
"Chest, Shouldies & Triceps","Mar 3, 2026, 5:42 PM","Mar 3, 2026, 7:33 PM","","Single Arm Lateral Raise (Cable)",,"",1,"normal",10,24,,,
"Chest, Shouldies & Triceps","Mar 3, 2026, 5:42 PM","Mar 3, 2026, 7:33 PM","","Single Arm Lateral Raise (Cable)",,"",2,"normal",10,24,,,
"Chest, Shouldies & Triceps","Mar 3, 2026, 5:42 PM","Mar 3, 2026, 7:33 PM","","Triceps Rope Pushdown",,"",0,"normal",25,12,,,
"Chest, Shouldies & Triceps","Mar 3, 2026, 5:42 PM","Mar 3, 2026, 7:33 PM","","Triceps Rope Pushdown",,"",1,"normal",30,12,,,
"Chest, Shouldies & Triceps","Mar 3, 2026, 5:42 PM","Mar 3, 2026, 7:33 PM","","Triceps Rope Pushdown",,"",2,"normal",35,10,,,
"Chest, Shouldies & Triceps","Mar 3, 2026, 5:42 PM","Mar 3, 2026, 7:33 PM","","Overhead Triceps Extension (Cable)",,"",0,"normal",20,12,,,
"Chest, Shouldies & Triceps","Mar 3, 2026, 5:42 PM","Mar 3, 2026, 7:33 PM","","Overhead Triceps Extension (Cable)",,"",1,"normal",25,12,,,
"Chest, Shouldies & Triceps","Mar 3, 2026, 5:42 PM","Mar 3, 2026, 7:33 PM","","Overhead Triceps Extension (Cable)",,"",2,"normal",30,12,,,
"Chest, Shouldies & Triceps","Mar 3, 2026, 5:42 PM","Mar 3, 2026, 7:33 PM","","Single Arm Triceps Pushdown (Cable)",,"Last - cbum variation",0,"normal",15,20,,,
"Chest, Shouldies & Triceps","Mar 3, 2026, 5:42 PM","Mar 3, 2026, 7:33 PM","","Single Arm Triceps Pushdown (Cable)",,"Last - cbum variation",1,"normal",10,24,,,
"Chest, Shouldies & Triceps","Mar 3, 2026, 5:42 PM","Mar 3, 2026, 7:33 PM","","Single Arm Triceps Pushdown (Cable)",,"Last - cbum variation",2,"normal",10,24,,,
"Back + Biceps","Mar 2, 2026, 5:40 PM","Mar 2, 2026, 7:36 PM","","Stretching",,"Back",0,"normal",,,,400,
"Back + Biceps","Mar 2, 2026, 5:40 PM","Mar 2, 2026, 7:36 PM","","Hanging Leg Raise",,"",0,"normal",,15,,,
"Back + Biceps","Mar 2, 2026, 5:40 PM","Mar 2, 2026, 7:36 PM","","Hanging Leg Raise",,"",1,"normal",,15,,,
"Back + Biceps","Mar 2, 2026, 5:40 PM","Mar 2, 2026, 7:36 PM","","Hanging Leg Raise",,"",2,"normal",,15,,,
"Back + Biceps","Mar 2, 2026, 5:40 PM","Mar 2, 2026, 7:36 PM","","Pull Up",,"",0,"normal",,12,,,
"Back + Biceps","Mar 2, 2026, 5:40 PM","Mar 2, 2026, 7:36 PM","","Pull Up",,"",1,"normal",,8,,,
"Back + Biceps","Mar 2, 2026, 5:40 PM","Mar 2, 2026, 7:36 PM","","Pull Up",,"",2,"normal",,8,,,
"Back + Biceps","Mar 2, 2026, 5:40 PM","Mar 2, 2026, 7:36 PM","","Seated Row (Machine)",,"",0,"normal",40,12,,,
"Back + Biceps","Mar 2, 2026, 5:40 PM","Mar 2, 2026, 7:36 PM","","Seated Row (Machine)",,"",1,"normal",50,12,,,
"Back + Biceps","Mar 2, 2026, 5:40 PM","Mar 2, 2026, 7:36 PM","","Seated Row (Machine)",,"",2,"normal",50,12,,,
"Back + Biceps","Mar 2, 2026, 5:40 PM","Mar 2, 2026, 7:36 PM","","Reverse Grip Lat Pulldown (Cable)",,"",0,"normal",52,12,,,
"Back + Biceps","Mar 2, 2026, 5:40 PM","Mar 2, 2026, 7:36 PM","","Reverse Grip Lat Pulldown (Cable)",,"",1,"normal",52,12,,,
"Back + Biceps","Mar 2, 2026, 5:40 PM","Mar 2, 2026, 7:36 PM","","Seated Cable Row - Bar Grip",,"",0,"normal",65,12,,,
"Back + Biceps","Mar 2, 2026, 5:40 PM","Mar 2, 2026, 7:36 PM","","Seated Cable Row - Bar Grip",,"",1,"normal",75,12,,,
"Back + Biceps","Mar 2, 2026, 5:40 PM","Mar 2, 2026, 7:36 PM","","Seated Cable Row - Bar Grip",,"",2,"normal",85,10,,,
"Back + Biceps","Mar 2, 2026, 5:40 PM","Mar 2, 2026, 7:36 PM","","Chest Supported Incline Row (Dumbbell)",,"",0,"normal",35,12,,,
"Back + Biceps","Mar 2, 2026, 5:40 PM","Mar 2, 2026, 7:36 PM","","Chest Supported Incline Row (Dumbbell)",,"",1,"normal",40,12,,,
"Back + Biceps","Mar 2, 2026, 5:40 PM","Mar 2, 2026, 7:36 PM","","Chest Supported Incline Row (Dumbbell)",,"",2,"normal",45,12,,,
"Back + Biceps","Mar 2, 2026, 5:40 PM","Mar 2, 2026, 7:36 PM","","Back Extension (Hyperextension)",,"",0,"normal",,12,,,
"Back + Biceps","Mar 2, 2026, 5:40 PM","Mar 2, 2026, 7:36 PM","","Back Extension (Hyperextension)",,"",1,"normal",,12,,,
"Back + Biceps","Mar 2, 2026, 5:40 PM","Mar 2, 2026, 7:36 PM","","Seated Incline Curl (Dumbbell)",,"",0,"normal",15,12,,,
"Back + Biceps","Mar 2, 2026, 5:40 PM","Mar 2, 2026, 7:36 PM","","Seated Incline Curl (Dumbbell)",,"",1,"normal",20,6,,,
"Back + Biceps","Mar 2, 2026, 5:40 PM","Mar 2, 2026, 7:36 PM","","Seated Incline Curl (Dumbbell)",,"",2,"dropset",15,4,,,
"Back + Biceps","Mar 2, 2026, 5:40 PM","Mar 2, 2026, 7:36 PM","","Seated Incline Curl (Dumbbell)",,"",3,"normal",15,10,,,
"Back + Biceps","Mar 2, 2026, 5:40 PM","Mar 2, 2026, 7:36 PM","","Preacher Curl (Barbell)",,"",0,"normal",20,12,,,
"Back + Biceps","Mar 2, 2026, 5:40 PM","Mar 2, 2026, 7:36 PM","","Preacher Curl (Barbell)",,"",1,"normal",20,10,,,
"Back + Biceps","Mar 2, 2026, 5:40 PM","Mar 2, 2026, 7:36 PM","","Hammer Curl (Cable)",,"",0,"normal",35,12,,,
"Back + Biceps","Mar 2, 2026, 5:40 PM","Mar 2, 2026, 7:36 PM","","Hammer Curl (Cable)",,"",1,"normal",40,12,,,
"Back + Biceps","Mar 2, 2026, 5:40 PM","Mar 2, 2026, 7:36 PM","","Hammer Curl (Cable)",,"",2,"normal",40,12,,,
"Shouldies & Legs","Feb 28, 2026, 5:32 PM","Feb 28, 2026, 7:19 PM","","Stretching",,"Legs",0,"normal",,,,419,
"Shouldies & Legs","Feb 28, 2026, 5:32 PM","Feb 28, 2026, 7:19 PM","","Lunge (Dumbbell)",,"Walking",0,"normal",20,12,,,
"Shouldies & Legs","Feb 28, 2026, 5:32 PM","Feb 28, 2026, 7:19 PM","","Lunge (Dumbbell)",,"Walking",1,"normal",25,12,,,
"Shouldies & Legs","Feb 28, 2026, 5:32 PM","Feb 28, 2026, 7:19 PM","","Single Leg Extensions",,"",0,"normal",30,24,,,
"Shouldies & Legs","Feb 28, 2026, 5:32 PM","Feb 28, 2026, 7:19 PM","","Single Leg Extensions",,"",1,"normal",35,24,,,
"Shouldies & Legs","Feb 28, 2026, 5:32 PM","Feb 28, 2026, 7:19 PM","","Single Leg Extensions",,"",2,"normal",40,24,,,
"Shouldies & Legs","Feb 28, 2026, 5:32 PM","Feb 28, 2026, 7:19 PM","","Seated Leg Curl (Machine)",,"",0,"normal",55,12,,,
"Shouldies & Legs","Feb 28, 2026, 5:32 PM","Feb 28, 2026, 7:19 PM","","Seated Leg Curl (Machine)",,"",1,"normal",60,12,,,
"Shouldies & Legs","Feb 28, 2026, 5:32 PM","Feb 28, 2026, 7:19 PM","","Seated Leg Curl (Machine)",,"",2,"normal",65,12,,,
"Shouldies & Legs","Feb 28, 2026, 5:32 PM","Feb 28, 2026, 7:19 PM","","Leg Press (Machine)",,"",0,"normal",120,12,,,
"Shouldies & Legs","Feb 28, 2026, 5:32 PM","Feb 28, 2026, 7:19 PM","","Leg Press (Machine)",,"",1,"normal",130,15,,,
"Shouldies & Legs","Feb 28, 2026, 5:32 PM","Feb 28, 2026, 7:19 PM","","Leg Press (Machine)",,"",2,"normal",130,12,,,
"Shouldies & Legs","Feb 28, 2026, 5:32 PM","Feb 28, 2026, 7:19 PM","","Standing Calf Raise (Smith)",,"",0,"normal",40,15,,,
"Shouldies & Legs","Feb 28, 2026, 5:32 PM","Feb 28, 2026, 7:19 PM","","Standing Calf Raise (Smith)",,"",1,"normal",45,15,,,
"Shouldies & Legs","Feb 28, 2026, 5:32 PM","Feb 28, 2026, 7:19 PM","","Standing Calf Raise (Smith)",,"",2,"normal",50,15,,,
"Shouldies & Legs","Feb 28, 2026, 5:32 PM","Feb 28, 2026, 7:19 PM","","Shoulder Press (Machine Plates)",,"",0,"warmup",20,12,,,
"Shouldies & Legs","Feb 28, 2026, 5:32 PM","Feb 28, 2026, 7:19 PM","","Shoulder Press (Machine Plates)",,"",1,"normal",40,12,,,
"Shouldies & Legs","Feb 28, 2026, 5:32 PM","Feb 28, 2026, 7:19 PM","","Shoulder Press (Machine Plates)",,"",2,"normal",45,12,,,
"Shouldies & Legs","Feb 28, 2026, 5:32 PM","Feb 28, 2026, 7:19 PM","","Shoulder Press (Machine Plates)",,"",3,"normal",50,12,,,
"Shouldies & Legs","Feb 28, 2026, 5:32 PM","Feb 28, 2026, 7:19 PM","","Single Arm Lateral Raise (Cable)",,"",0,"normal",10,24,,,
"Shouldies & Legs","Feb 28, 2026, 5:32 PM","Feb 28, 2026, 7:19 PM","","Single Arm Lateral Raise (Cable)",,"",1,"normal",10,24,,,
"Shouldies & Legs","Feb 28, 2026, 5:32 PM","Feb 28, 2026, 7:19 PM","","Single Arm Lateral Raise (Cable)",,"",2,"normal",10,24,,,
"Shouldies & Legs","Feb 28, 2026, 5:32 PM","Feb 28, 2026, 7:19 PM","","Shrug (Smith Machine)",,"-Behind the Back",0,"normal",40,15,,,
"Shouldies & Legs","Feb 28, 2026, 5:32 PM","Feb 28, 2026, 7:19 PM","","Shrug (Smith Machine)",,"-Behind the Back",1,"normal",40,15,,,
"Shouldies & Legs","Feb 28, 2026, 5:32 PM","Feb 28, 2026, 7:19 PM","","Shrug (Smith Machine)",,"-Behind the Back",2,"normal",45,15,,,
"Chest & Back + Forearms","Feb 27, 2026, 5:48 PM","Feb 27, 2026, 7:33 PM","","Stretching",,"",0,"normal",,,,242,
"Chest & Back + Forearms","Feb 27, 2026, 5:48 PM","Feb 27, 2026, 7:33 PM","","Push Up",,"",0,"normal",,25,,,
"Chest & Back + Forearms","Feb 27, 2026, 5:48 PM","Feb 27, 2026, 7:33 PM","","Push Up",,"",1,"normal",,20,,,
"Chest & Back + Forearms","Feb 27, 2026, 5:48 PM","Feb 27, 2026, 7:33 PM","","Incline Bench Press (Dumbbell)",,"",0,"normal",35,12,,,
"Chest & Back + Forearms","Feb 27, 2026, 5:48 PM","Feb 27, 2026, 7:33 PM","","Incline Bench Press (Dumbbell)",,"",1,"normal",40,12,,,
"Chest & Back + Forearms","Feb 27, 2026, 5:48 PM","Feb 27, 2026, 7:33 PM","","Incline Bench Press (Dumbbell)",,"",2,"normal",40,12,,,
"Chest & Back + Forearms","Feb 27, 2026, 5:48 PM","Feb 27, 2026, 7:33 PM","","Cable Fly Crossovers",,"",0,"normal",40,15,,,
"Chest & Back + Forearms","Feb 27, 2026, 5:48 PM","Feb 27, 2026, 7:33 PM","","Cable Fly Crossovers",,"",1,"normal",40,14,,,
"Chest & Back + Forearms","Feb 27, 2026, 5:48 PM","Feb 27, 2026, 7:33 PM","","Cable Fly Crossovers",,"",2,"normal",40,13,,,
"Chest & Back + Forearms","Feb 27, 2026, 5:48 PM","Feb 27, 2026, 7:33 PM","","Low Cable Fly Crossovers",,"",0,"normal",20,14,,,
"Chest & Back + Forearms","Feb 27, 2026, 5:48 PM","Feb 27, 2026, 7:33 PM","","Low Cable Fly Crossovers",,"",1,"normal",20,12,,,
"Chest & Back + Forearms","Feb 27, 2026, 5:48 PM","Feb 27, 2026, 7:33 PM","","Low Cable Fly Crossovers",,"",2,"normal",20,12,,,
"Chest & Back + Forearms","Feb 27, 2026, 5:48 PM","Feb 27, 2026, 7:33 PM","","Pull Up",,"",0,"normal",,10,,,
"Chest & Back + Forearms","Feb 27, 2026, 5:48 PM","Feb 27, 2026, 7:33 PM","","Lat Pulldown (Cable)",,"",0,"normal",58.5,10,,,
"Chest & Back + Forearms","Feb 27, 2026, 5:48 PM","Feb 27, 2026, 7:33 PM","","Lat Pulldown (Cable)",,"",1,"normal",58.5,9,,,
"Chest & Back + Forearms","Feb 27, 2026, 5:48 PM","Feb 27, 2026, 7:33 PM","","Seated Cable Row - Bar Grip",,"6 reps - upper back, 6 reps - lats",0,"normal",65,12,,,
"Chest & Back + Forearms","Feb 27, 2026, 5:48 PM","Feb 27, 2026, 7:33 PM","","Seated Cable Row - Bar Grip",,"6 reps - upper back, 6 reps - lats",1,"normal",75,12,,,
"Chest & Back + Forearms","Feb 27, 2026, 5:48 PM","Feb 27, 2026, 7:33 PM","","Seated Cable Row - Bar Grip",,"6 reps - upper back, 6 reps - lats",2,"normal",80,12,,,
"Chest & Back + Forearms","Feb 27, 2026, 5:48 PM","Feb 27, 2026, 7:33 PM","","Chest Supported Incline Row (Dumbbell)",,"",0,"normal",35,12,,,
"Chest & Back + Forearms","Feb 27, 2026, 5:48 PM","Feb 27, 2026, 7:33 PM","","Chest Supported Incline Row (Dumbbell)",,"",1,"normal",35,12,,,
"Chest & Back + Forearms","Feb 27, 2026, 5:48 PM","Feb 27, 2026, 7:33 PM","","Chest Supported Incline Row (Dumbbell)",,"",2,"normal",40,12,,,
"Chest & Back + Forearms","Feb 27, 2026, 5:48 PM","Feb 27, 2026, 7:33 PM","","Single Arm Lat Pulldown",,"",0,"normal",40,24,,,
"Chest & Back + Forearms","Feb 27, 2026, 5:48 PM","Feb 27, 2026, 7:33 PM","","Single Arm Lat Pulldown",,"",1,"normal",40,24,,,
"Chest & Back + Forearms","Feb 27, 2026, 5:48 PM","Feb 27, 2026, 7:33 PM","","Reverse Curl",,"Barbell",0,"normal",20,10,,,
"Chest & Back + Forearms","Feb 27, 2026, 5:48 PM","Feb 27, 2026, 7:33 PM","","Reverse Curl",,"Barbell",1,"normal",20,8,,,
"Chest & Back + Forearms","Feb 27, 2026, 5:48 PM","Feb 27, 2026, 7:33 PM","","Reverse Curl",,"Barbell",2,"dropset",15,6,,,
"Chest & Back + Forearms","Feb 27, 2026, 5:48 PM","Feb 27, 2026, 7:33 PM","","Reverse Curl",,"Barbell",3,"normal",15,14,,,
"Chest & Back + Forearms","Feb 27, 2026, 5:48 PM","Feb 27, 2026, 7:33 PM","","Seated Palms Up Wrist Curl",,"",0,"normal",20,20,,,
"Chest & Back + Forearms","Feb 27, 2026, 5:48 PM","Feb 27, 2026, 7:33 PM","","Seated Palms Up Wrist Curl",,"",1,"normal",25,18,,,
"Chest & Back + Forearms","Feb 27, 2026, 5:48 PM","Feb 27, 2026, 7:33 PM","","Behind the Back Wrist Curl (Barbell)",,"",0,"normal",25,16,,,
"Chest & Back + Forearms","Feb 27, 2026, 5:48 PM","Feb 27, 2026, 7:33 PM","","Behind the Back Wrist Curl (Barbell)",,"",1,"normal",32.5,12,,,
"Chest & Back + Forearms","Feb 27, 2026, 5:48 PM","Feb 27, 2026, 7:33 PM","","Behind the Back Wrist Curl (Barbell)",,"",2,"normal",32.5,11,,,
"Core & Arms","Feb 26, 2026, 5:57 PM","Feb 26, 2026, 7:44 PM","","Stretching",,"",0,"normal",,,,541,
"Core & Arms","Feb 26, 2026, 5:57 PM","Feb 26, 2026, 7:44 PM","","Dead Hang",,"",0,"normal",,,,38,
"Core & Arms","Feb 26, 2026, 5:57 PM","Feb 26, 2026, 7:44 PM","","Hanging Leg Raise",,"",0,"normal",,15,,,
"Core & Arms","Feb 26, 2026, 5:57 PM","Feb 26, 2026, 7:44 PM","","Hanging Leg Raise",,"",1,"normal",,15,,,
"Core & Arms","Feb 26, 2026, 5:57 PM","Feb 26, 2026, 7:44 PM","","Hanging Leg Raise",,"",2,"normal",,15,,,
"Core & Arms","Feb 26, 2026, 5:57 PM","Feb 26, 2026, 7:44 PM","","Russian Twist (Bodyweight)",,"Hanging",0,"normal",,24,,,
"Core & Arms","Feb 26, 2026, 5:57 PM","Feb 26, 2026, 7:44 PM","","Russian Twist (Bodyweight)",,"Hanging",1,"normal",,20,,,
"Core & Arms","Feb 26, 2026, 5:57 PM","Feb 26, 2026, 7:44 PM","","Crunch",,"",0,"normal",,30,,,
"Core & Arms","Feb 26, 2026, 5:57 PM","Feb 26, 2026, 7:44 PM","","Crunch",,"",1,"normal",,30,,,
"Core & Arms","Feb 26, 2026, 5:57 PM","Feb 26, 2026, 7:44 PM","","Crunch",,"",2,"normal",,30,,,
"Core & Arms","Feb 26, 2026, 5:57 PM","Feb 26, 2026, 7:44 PM","","Plank",,"",0,"normal",,,,91,
"Core & Arms","Feb 26, 2026, 5:57 PM","Feb 26, 2026, 7:44 PM","","Heel Taps",,"",0,"normal",,30,,,
"Core & Arms","Feb 26, 2026, 5:57 PM","Feb 26, 2026, 7:44 PM","","Heel Taps",,"",1,"normal",,24,,,
"Core & Arms","Feb 26, 2026, 5:57 PM","Feb 26, 2026, 7:44 PM","","Heel Taps",,"",2,"normal",,24,,,
"Core & Arms","Feb 26, 2026, 5:57 PM","Feb 26, 2026, 7:44 PM","","Crunch (Weighted)",,"",0,"normal",17.5,12,,,
"Core & Arms","Feb 26, 2026, 5:57 PM","Feb 26, 2026, 7:44 PM","","Crunch (Weighted)",,"",1,"normal",17.5,12,,,
"Core & Arms","Feb 26, 2026, 5:57 PM","Feb 26, 2026, 7:44 PM","","Preacher Curl (Barbell)",,"",0,"normal",25,12,,,
"Core & Arms","Feb 26, 2026, 5:57 PM","Feb 26, 2026, 7:44 PM","","Preacher Curl (Barbell)",,"",1,"normal",25,15,,,
"Core & Arms","Feb 26, 2026, 5:57 PM","Feb 26, 2026, 7:44 PM","","Preacher Curl (Barbell)",,"",2,"normal",25,11,,,
"Core & Arms","Feb 26, 2026, 5:57 PM","Feb 26, 2026, 7:44 PM","","Hammer Curl (Cable)",0,"",0,"normal",30,12,,,
"Core & Arms","Feb 26, 2026, 5:57 PM","Feb 26, 2026, 7:44 PM","","Hammer Curl (Cable)",0,"",1,"normal",35,12,,,
"Core & Arms","Feb 26, 2026, 5:57 PM","Feb 26, 2026, 7:44 PM","","Hammer Curl (Cable)",0,"",2,"normal",40,12,,,
"Core & Arms","Feb 26, 2026, 5:57 PM","Feb 26, 2026, 7:44 PM","","Overhead Triceps Extension (Cable)",0,"",0,"normal",20,12,,,
"Core & Arms","Feb 26, 2026, 5:57 PM","Feb 26, 2026, 7:44 PM","","Overhead Triceps Extension (Cable)",0,"",1,"normal",25,12,,,
"Core & Arms","Feb 26, 2026, 5:57 PM","Feb 26, 2026, 7:44 PM","","Overhead Triceps Extension (Cable)",0,"",2,"normal",30,12,,,
"Core & Arms","Feb 26, 2026, 5:57 PM","Feb 26, 2026, 7:44 PM","","Behind the Back Curl (Cable)",,"",0,"normal",40,10,,,
"Core & Arms","Feb 26, 2026, 5:57 PM","Feb 26, 2026, 7:44 PM","","Behind the Back Curl (Cable)",,"",1,"normal",40,11,,,
"Core & Arms","Feb 26, 2026, 5:57 PM","Feb 26, 2026, 7:44 PM","","Behind the Back Curl (Cable)",,"",2,"normal",40,12,,,
"Core & Arms","Feb 26, 2026, 5:57 PM","Feb 26, 2026, 7:44 PM","","Triceps Pushdown",,"",0,"normal",35,12,,,
"Core & Arms","Feb 26, 2026, 5:57 PM","Feb 26, 2026, 7:44 PM","","Triceps Pushdown",,"",1,"normal",40,12,,,
"Core & Arms","Feb 26, 2026, 5:57 PM","Feb 26, 2026, 7:44 PM","","Single Arm Triceps Pushdown (Cable)",,"",0,"normal",10,24,,,
"Core & Arms","Feb 26, 2026, 5:57 PM","Feb 26, 2026, 7:44 PM","","Single Arm Triceps Pushdown (Cable)",,"",1,"normal",15,24,,,
"Shouldies & Legs","Feb 25, 2026, 5:44 PM","Feb 25, 2026, 7:39 PM","","Stretching",,"Shouldies",0,"normal",,,,370,
"Shouldies & Legs","Feb 25, 2026, 5:44 PM","Feb 25, 2026, 7:39 PM","","Seated Overhead Press (Barbell)",,"",0,"warmup",20,15,,,
"Shouldies & Legs","Feb 25, 2026, 5:44 PM","Feb 25, 2026, 7:39 PM","","Seated Overhead Press (Barbell)",,"",1,"normal",30,14,,,
"Shouldies & Legs","Feb 25, 2026, 5:44 PM","Feb 25, 2026, 7:39 PM","","Seated Overhead Press (Barbell)",,"",2,"normal",35,12,,,
"Shouldies & Legs","Feb 25, 2026, 5:44 PM","Feb 25, 2026, 7:39 PM","","Seated Overhead Press (Barbell)",,"",3,"normal",40,10,,,
"Shouldies & Legs","Feb 25, 2026, 5:44 PM","Feb 25, 2026, 7:39 PM","","Lateral Raise (Dumbbell)",,"First Two - (Cbum) hammer -> lateral
Last - Normal",0,"warmup",10,12,,,
"Shouldies & Legs","Feb 25, 2026, 5:44 PM","Feb 25, 2026, 7:39 PM","","Lateral Raise (Dumbbell)",,"First Two - (Cbum) hammer -> lateral
Last - Normal",1,"normal",15,12,,,
"Shouldies & Legs","Feb 25, 2026, 5:44 PM","Feb 25, 2026, 7:39 PM","","Lateral Raise (Dumbbell)",,"First Two - (Cbum) hammer -> lateral
Last - Normal",2,"normal",15,12,,,
"Shouldies & Legs","Feb 25, 2026, 5:44 PM","Feb 25, 2026, 7:39 PM","","Lateral Raise (Dumbbell)",,"First Two - (Cbum) hammer -> lateral
Last - Normal",3,"normal",20,12,,,
"Shouldies & Legs","Feb 25, 2026, 5:44 PM","Feb 25, 2026, 7:39 PM","","Rear Delt Reverse Fly (Machine)",,"",0,"normal",45,12,,,
"Shouldies & Legs","Feb 25, 2026, 5:44 PM","Feb 25, 2026, 7:39 PM","","Rear Delt Reverse Fly (Machine)",,"",1,"normal",45,12,,,
"Shouldies & Legs","Feb 25, 2026, 5:44 PM","Feb 25, 2026, 7:39 PM","","Rear Delt Reverse Fly (Machine)",,"",2,"normal",52.5,12,,,
"Shouldies & Legs","Feb 25, 2026, 5:44 PM","Feb 25, 2026, 7:39 PM","","Stretching",,"Legs",0,"normal",,,,346,
"Shouldies & Legs","Feb 25, 2026, 5:44 PM","Feb 25, 2026, 7:39 PM","","Lunge (Dumbbell)",,"",0,"normal",20,12,,,
"Shouldies & Legs","Feb 25, 2026, 5:44 PM","Feb 25, 2026, 7:39 PM","","Lunge (Dumbbell)",,"",1,"normal",20,12,,,
"Shouldies & Legs","Feb 25, 2026, 5:44 PM","Feb 25, 2026, 7:39 PM","","Lunge (Dumbbell)",,"",2,"normal",20,12,,,
"Shouldies & Legs","Feb 25, 2026, 5:44 PM","Feb 25, 2026, 7:39 PM","","Single Leg Extensions",,"",0,"normal",30,24,,,
"Shouldies & Legs","Feb 25, 2026, 5:44 PM","Feb 25, 2026, 7:39 PM","","Single Leg Extensions",,"",1,"normal",35,24,,,
"Shouldies & Legs","Feb 25, 2026, 5:44 PM","Feb 25, 2026, 7:39 PM","","Single Leg Extensions",,"",2,"normal",40,24,,,
"Shouldies & Legs","Feb 25, 2026, 5:44 PM","Feb 25, 2026, 7:39 PM","","Seated Leg Curl (Machine)",,"",0,"normal",50,12,,,
"Shouldies & Legs","Feb 25, 2026, 5:44 PM","Feb 25, 2026, 7:39 PM","","Seated Leg Curl (Machine)",,"",1,"normal",55,12,,,
"Shouldies & Legs","Feb 25, 2026, 5:44 PM","Feb 25, 2026, 7:39 PM","","Seated Leg Curl (Machine)",,"",2,"normal",60,12,,,
"Shouldies & Legs","Feb 25, 2026, 5:44 PM","Feb 25, 2026, 7:39 PM","","Hip Abduction (Machine)",0,"",0,"normal",70,15,,,
"Shouldies & Legs","Feb 25, 2026, 5:44 PM","Feb 25, 2026, 7:39 PM","","Hip Abduction (Machine)",0,"",1,"normal",80,12,,,
"Shouldies & Legs","Feb 25, 2026, 5:44 PM","Feb 25, 2026, 7:39 PM","","Hip Abduction (Machine)",0,"",2,"normal",80,12,,,
"Shouldies & Legs","Feb 25, 2026, 5:44 PM","Feb 25, 2026, 7:39 PM","","Hip Adduction (Machine)",0,"",0,"normal",70,12,,,
"Shouldies & Legs","Feb 25, 2026, 5:44 PM","Feb 25, 2026, 7:39 PM","","Hip Adduction (Machine)",0,"",1,"normal",70,12,,,
"Shouldies & Legs","Feb 25, 2026, 5:44 PM","Feb 25, 2026, 7:39 PM","","Hip Adduction (Machine)",0,"",2,"normal",80,12,,,
"Shouldies & Legs","Feb 25, 2026, 5:44 PM","Feb 25, 2026, 7:39 PM","","Leg Press (Machine)",,"",0,"normal",110,12,,,
"Shouldies & Legs","Feb 25, 2026, 5:44 PM","Feb 25, 2026, 7:39 PM","","Leg Press (Machine)",,"",1,"normal",130,15,,,
"Shouldies & Legs","Feb 25, 2026, 5:44 PM","Feb 25, 2026, 7:39 PM","","Leg Press (Machine)",,"",2,"normal",150,12,,,
"Shouldies & Legs","Feb 25, 2026, 5:44 PM","Feb 25, 2026, 7:39 PM","","Standing Calf Raise (Smith)",,"",0,"normal",35,15,,,
"Shouldies & Legs","Feb 25, 2026, 5:44 PM","Feb 25, 2026, 7:39 PM","","Standing Calf Raise (Smith)",,"",1,"normal",40,15,,,
"Shouldies & Legs","Feb 25, 2026, 5:44 PM","Feb 25, 2026, 7:39 PM","","Standing Calf Raise (Smith)",,"",2,"normal",45,15,,,
"Chest + Triceps","Feb 24, 2026, 5:56 PM","Feb 24, 2026, 7:20 PM","","Stretching",,"Chest",0,"normal",,,,489,
"Chest + Triceps","Feb 24, 2026, 5:56 PM","Feb 24, 2026, 7:20 PM","","Push Up",,"",0,"normal",,25,,,
"Chest + Triceps","Feb 24, 2026, 5:56 PM","Feb 24, 2026, 7:20 PM","","Push Up",,"",1,"normal",,25,,,
"Chest + Triceps","Feb 24, 2026, 5:56 PM","Feb 24, 2026, 7:20 PM","","Diamond Push Up",,"",0,"normal",,20,,,
"Chest + Triceps","Feb 24, 2026, 5:56 PM","Feb 24, 2026, 7:20 PM","","Incline Bench Press (Smith Machine)",,"",0,"normal",30,13,,,
"Chest + Triceps","Feb 24, 2026, 5:56 PM","Feb 24, 2026, 7:20 PM","","Incline Bench Press (Smith Machine)",,"",1,"normal",35,12,,,
"Chest + Triceps","Feb 24, 2026, 5:56 PM","Feb 24, 2026, 7:20 PM","","Incline Bench Press (Smith Machine)",,"",2,"normal",40,12,,,
"Chest + Triceps","Feb 24, 2026, 5:56 PM","Feb 24, 2026, 7:20 PM","","Chest Fly (Machine)",,"",0,"normal",60,11,,,
"Chest + Triceps","Feb 24, 2026, 5:56 PM","Feb 24, 2026, 7:20 PM","","Chest Fly (Machine)",,"",1,"normal",60,11,,,
"Chest + Triceps","Feb 24, 2026, 5:56 PM","Feb 24, 2026, 7:20 PM","","Chest Fly (Machine)",,"",2,"normal",60,12,,,
"Chest + Triceps","Feb 24, 2026, 5:56 PM","Feb 24, 2026, 7:20 PM","","Cable Fly Crossovers",,"",0,"normal",50,10,,,
"Chest + Triceps","Feb 24, 2026, 5:56 PM","Feb 24, 2026, 7:20 PM","","Cable Fly Crossovers",,"",1,"normal",50,7,,,
"Chest + Triceps","Feb 24, 2026, 5:56 PM","Feb 24, 2026, 7:20 PM","","Cable Fly Crossovers",,"",2,"dropset",30,9,,,
"Chest + Triceps","Feb 24, 2026, 5:56 PM","Feb 24, 2026, 7:20 PM","","Cable Fly Crossovers",,"",3,"normal",50,7,,,
"Chest + Triceps","Feb 24, 2026, 5:56 PM","Feb 24, 2026, 7:20 PM","","Cable Fly Crossovers",,"",4,"dropset",40,6,,,
"Chest + Triceps","Feb 24, 2026, 5:56 PM","Feb 24, 2026, 7:20 PM","","Bench Press (Dumbbell)",,"",0,"normal",35,12,,,
"Chest + Triceps","Feb 24, 2026, 5:56 PM","Feb 24, 2026, 7:20 PM","","Bench Press (Dumbbell)",,"",1,"normal",35,11,,,
"Chest + Triceps","Feb 24, 2026, 5:56 PM","Feb 24, 2026, 7:20 PM","","Bench Press (Dumbbell)",,"",2,"normal",35,12,,,
"Chest + Triceps","Feb 24, 2026, 5:56 PM","Feb 24, 2026, 7:20 PM","","Triceps Rope Pushdown",,"",0,"normal",25,15,,,
"Chest + Triceps","Feb 24, 2026, 5:56 PM","Feb 24, 2026, 7:20 PM","","Triceps Rope Pushdown",,"",1,"normal",30,15,,,
"Chest + Triceps","Feb 24, 2026, 5:56 PM","Feb 24, 2026, 7:20 PM","","Triceps Rope Pushdown",,"",2,"normal",35,10,,,
"Chest + Triceps","Feb 24, 2026, 5:56 PM","Feb 24, 2026, 7:20 PM","","Overhead Triceps Extension (Cable)",,"Rope",0,"normal",20,15,,,
"Chest + Triceps","Feb 24, 2026, 5:56 PM","Feb 24, 2026, 7:20 PM","","Overhead Triceps Extension (Cable)",,"Rope",1,"normal",25,12,,,
"Chest + Triceps","Feb 24, 2026, 5:56 PM","Feb 24, 2026, 7:20 PM","","Overhead Triceps Extension (Cable)",,"Rope",2,"normal",30,10,,,
"Chest + Triceps","Feb 24, 2026, 5:56 PM","Feb 24, 2026, 7:20 PM","","Single Arm Triceps Pushdown (Cable)",,"",0,"normal",10,24,,,
"Chest + Triceps","Feb 24, 2026, 5:56 PM","Feb 24, 2026, 7:20 PM","","Single Arm Triceps Pushdown (Cable)",,"",1,"normal",10,30,,,
"Chest + Triceps","Feb 24, 2026, 5:56 PM","Feb 24, 2026, 7:20 PM","","Single Arm Triceps Pushdown (Cable)",,"",2,"normal",10,30,,,
"Back & Biceps + Forearms","Feb 23, 2026, 5:51 PM","Feb 23, 2026, 7:32 PM","","Stretching",,"Back",0,"normal",,,,380,
"Back & Biceps + Forearms","Feb 23, 2026, 5:51 PM","Feb 23, 2026, 7:32 PM","","Pull Up",,"",0,"normal",,10,,,
"Back & Biceps + Forearms","Feb 23, 2026, 5:51 PM","Feb 23, 2026, 7:32 PM","","Pull Up",,"",1,"normal",,10,,,
"Back & Biceps + Forearms","Feb 23, 2026, 5:51 PM","Feb 23, 2026, 7:32 PM","","Pull Up",,"",2,"normal",,7,,,
"Back & Biceps + Forearms","Feb 23, 2026, 5:51 PM","Feb 23, 2026, 7:32 PM","","Seated Row (Machine)",,"",0,"normal",35,12,,,
"Back & Biceps + Forearms","Feb 23, 2026, 5:51 PM","Feb 23, 2026, 7:32 PM","","Seated Row (Machine)",,"",1,"normal",40,12,,,
"Back & Biceps + Forearms","Feb 23, 2026, 5:51 PM","Feb 23, 2026, 7:32 PM","","Seated Row (Machine)",,"",2,"normal",45,12,,,
"Back & Biceps + Forearms","Feb 23, 2026, 5:51 PM","Feb 23, 2026, 7:32 PM","","Seated Cable Row - Bar Grip",,"",0,"normal",65,12,,,
"Back & Biceps + Forearms","Feb 23, 2026, 5:51 PM","Feb 23, 2026, 7:32 PM","","Seated Cable Row - Bar Grip",,"",1,"normal",70,12,,,
"Back & Biceps + Forearms","Feb 23, 2026, 5:51 PM","Feb 23, 2026, 7:32 PM","","Seated Cable Row - Bar Grip",,"",2,"normal",80,12,,,
"Back & Biceps + Forearms","Feb 23, 2026, 5:51 PM","Feb 23, 2026, 7:32 PM","","Back Extension (Hyperextension)",,"",0,"normal",,12,,,
"Back & Biceps + Forearms","Feb 23, 2026, 5:51 PM","Feb 23, 2026, 7:32 PM","","Back Extension (Hyperextension)",,"",1,"normal",,15,,,
"Back & Biceps + Forearms","Feb 23, 2026, 5:51 PM","Feb 23, 2026, 7:32 PM","","Back Extension (Hyperextension)",,"",2,"normal",,12,,,
"Back & Biceps + Forearms","Feb 23, 2026, 5:51 PM","Feb 23, 2026, 7:32 PM","","Preacher Curl (Barbell)",,"",0,"normal",25,12,,,
"Back & Biceps + Forearms","Feb 23, 2026, 5:51 PM","Feb 23, 2026, 7:32 PM","","Preacher Curl (Barbell)",,"",1,"normal",25,12,,,
"Back & Biceps + Forearms","Feb 23, 2026, 5:51 PM","Feb 23, 2026, 7:32 PM","","Preacher Curl (Barbell)",,"",2,"normal",25,11,,,
"Back & Biceps + Forearms","Feb 23, 2026, 5:51 PM","Feb 23, 2026, 7:32 PM","","Behind the Back Curl (Cable)",,"",0,"normal",30,12,,,
"Back & Biceps + Forearms","Feb 23, 2026, 5:51 PM","Feb 23, 2026, 7:32 PM","","Behind the Back Curl (Cable)",,"",1,"normal",40,12,,,
"Back & Biceps + Forearms","Feb 23, 2026, 5:51 PM","Feb 23, 2026, 7:32 PM","","Behind the Back Curl (Cable)",,"",2,"normal",40,12,,,
"Back & Biceps + Forearms","Feb 23, 2026, 5:51 PM","Feb 23, 2026, 7:32 PM","","Hammer Curl (Cable)",,"",0,"normal",30,12,,,
"Back & Biceps + Forearms","Feb 23, 2026, 5:51 PM","Feb 23, 2026, 7:32 PM","","Hammer Curl (Cable)",,"",1,"normal",35,12,,,
"Back & Biceps + Forearms","Feb 23, 2026, 5:51 PM","Feb 23, 2026, 7:32 PM","","Hammer Curl (Cable)",,"",2,"normal",35,12,,,
"Back & Biceps + Forearms","Feb 23, 2026, 5:51 PM","Feb 23, 2026, 7:32 PM","","Reverse Curl",0,"Barbell",0,"normal",15,12,,,
"Back & Biceps + Forearms","Feb 23, 2026, 5:51 PM","Feb 23, 2026, 7:32 PM","","Reverse Curl",0,"Barbell",1,"normal",15,12,,,
"Back & Biceps + Forearms","Feb 23, 2026, 5:51 PM","Feb 23, 2026, 7:32 PM","","Reverse Curl",0,"Barbell",2,"normal",15,12,,,
"Back & Biceps + Forearms","Feb 23, 2026, 5:51 PM","Feb 23, 2026, 7:32 PM","","Behind the Back Wrist Curl (Barbell)",0,"fire superset",0,"normal",30,15,,,
"Back & Biceps + Forearms","Feb 23, 2026, 5:51 PM","Feb 23, 2026, 7:32 PM","","Behind the Back Wrist Curl (Barbell)",0,"fire superset",1,"normal",30,16,,,
"Back & Biceps + Forearms","Feb 23, 2026, 5:51 PM","Feb 23, 2026, 7:32 PM","","Behind the Back Wrist Curl (Barbell)",0,"fire superset",2,"normal",30,15,,,
"Shouldies & Legs","Feb 21, 2026, 5:23 PM","Feb 21, 2026, 7:04 PM","","Stretching",,"Shouldies",0,"normal",,,,400,
"Shouldies & Legs","Feb 21, 2026, 5:23 PM","Feb 21, 2026, 7:04 PM","","Shoulder Press (Dumbbell)",,"",0,"warmup",20,12,,,
"Shouldies & Legs","Feb 21, 2026, 5:23 PM","Feb 21, 2026, 7:04 PM","","Shoulder Press (Dumbbell)",,"",1,"normal",35,15,,,
"Shouldies & Legs","Feb 21, 2026, 5:23 PM","Feb 21, 2026, 7:04 PM","","Shoulder Press (Dumbbell)",,"",2,"normal",40,11,,,
"Shouldies & Legs","Feb 21, 2026, 5:23 PM","Feb 21, 2026, 7:04 PM","","Shoulder Press (Dumbbell)",,"",3,"normal",40,10,,,
"Shouldies & Legs","Feb 21, 2026, 5:23 PM","Feb 21, 2026, 7:04 PM","","Single Arm Lateral Raise (Cable)",,"",0,"normal",10,24,,,
"Shouldies & Legs","Feb 21, 2026, 5:23 PM","Feb 21, 2026, 7:04 PM","","Single Arm Lateral Raise (Cable)",,"",1,"normal",10,24,,,
"Shouldies & Legs","Feb 21, 2026, 5:23 PM","Feb 21, 2026, 7:04 PM","","Single Arm Lateral Raise (Cable)",,"",2,"normal",10,24,,,
"Shouldies & Legs","Feb 21, 2026, 5:23 PM","Feb 21, 2026, 7:04 PM","","Shrug (Barbell)",,"",0,"normal",65,16,,,
"Shouldies & Legs","Feb 21, 2026, 5:23 PM","Feb 21, 2026, 7:04 PM","","Shrug (Barbell)",,"",1,"normal",70,15,,,
"Shouldies & Legs","Feb 21, 2026, 5:23 PM","Feb 21, 2026, 7:04 PM","","Shrug (Barbell)",,"",2,"normal",70,15,,,
"Shouldies & Legs","Feb 21, 2026, 5:23 PM","Feb 21, 2026, 7:04 PM","","Stretching",,"Legs",0,"normal",,,,387,
"Shouldies & Legs","Feb 21, 2026, 5:23 PM","Feb 21, 2026, 7:04 PM","","Hip Thrust (Barbell)",,"",0,"normal",25,12,,,
"Shouldies & Legs","Feb 21, 2026, 5:23 PM","Feb 21, 2026, 7:04 PM","","Hip Thrust (Barbell)",,"",1,"normal",30,12,,,
"Shouldies & Legs","Feb 21, 2026, 5:23 PM","Feb 21, 2026, 7:04 PM","","Hip Thrust (Barbell)",,"",2,"normal",30,12,,,
"Shouldies & Legs","Feb 21, 2026, 5:23 PM","Feb 21, 2026, 7:04 PM","","Single Leg Extensions",,"",0,"normal",30,24,,,
"Shouldies & Legs","Feb 21, 2026, 5:23 PM","Feb 21, 2026, 7:04 PM","","Single Leg Extensions",,"",1,"normal",35,20,,,
"Shouldies & Legs","Feb 21, 2026, 5:23 PM","Feb 21, 2026, 7:04 PM","","Single Leg Extensions",,"",2,"normal",45,24,,,
"Shouldies & Legs","Feb 21, 2026, 5:23 PM","Feb 21, 2026, 7:04 PM","","Seated Leg Curl (Machine)",,"",0,"normal",50,12,,,
"Shouldies & Legs","Feb 21, 2026, 5:23 PM","Feb 21, 2026, 7:04 PM","","Seated Leg Curl (Machine)",,"",1,"normal",55,12,,,
"Shouldies & Legs","Feb 21, 2026, 5:23 PM","Feb 21, 2026, 7:04 PM","","Seated Leg Curl (Machine)",,"",2,"normal",60,12,,,
"Shouldies & Legs","Feb 21, 2026, 5:23 PM","Feb 21, 2026, 7:04 PM","","Leg Press (Machine)",,"",0,"normal",120,15,,,
"Shouldies & Legs","Feb 21, 2026, 5:23 PM","Feb 21, 2026, 7:04 PM","","Leg Press (Machine)",,"",1,"normal",130,15,,,
"Shouldies & Legs","Feb 21, 2026, 5:23 PM","Feb 21, 2026, 7:04 PM","","Leg Press (Machine)",,"",2,"normal",140,12,,,
"Chest & Back","Feb 20, 2026, 5:57 PM","Feb 20, 2026, 7:29 PM","","Stretching",,"",0,"normal",,,,393,
"Chest & Back","Feb 20, 2026, 5:57 PM","Feb 20, 2026, 7:29 PM","","Decline Push Up",,"",0,"normal",,20,,,
"Chest & Back","Feb 20, 2026, 5:57 PM","Feb 20, 2026, 7:29 PM","","Push Up",,"",0,"normal",,20,,,
"Chest & Back","Feb 20, 2026, 5:57 PM","Feb 20, 2026, 7:29 PM","","Pull Up",,"",0,"normal",,10,,,
"Chest & Back","Feb 20, 2026, 5:57 PM","Feb 20, 2026, 7:29 PM","","Pull Up",,"",1,"normal",,10,,,
"Chest & Back","Feb 20, 2026, 5:57 PM","Feb 20, 2026, 7:29 PM","","Spinning",,"",0,"normal",,,,223,
"Chest & Back","Feb 20, 2026, 5:57 PM","Feb 20, 2026, 7:29 PM","","Incline Bench Press (Dumbbell)",,"",0,"normal",35,12,,,
"Chest & Back","Feb 20, 2026, 5:57 PM","Feb 20, 2026, 7:29 PM","","Incline Bench Press (Dumbbell)",,"",1,"normal",40,10,,,
"Chest & Back","Feb 20, 2026, 5:57 PM","Feb 20, 2026, 7:29 PM","","Incline Bench Press (Dumbbell)",,"",2,"normal",45,9,,,
"Chest & Back","Feb 20, 2026, 5:57 PM","Feb 20, 2026, 7:29 PM","","Chest Fly (Machine)",,"",0,"normal",52.5,12,,,
"Chest & Back","Feb 20, 2026, 5:57 PM","Feb 20, 2026, 7:29 PM","","Chest Fly (Machine)",,"",1,"normal",60,12,,,
"Chest & Back","Feb 20, 2026, 5:57 PM","Feb 20, 2026, 7:29 PM","","Chest Fly (Machine)",,"",2,"normal",67.5,12,,,
"Chest & Back","Feb 20, 2026, 5:57 PM","Feb 20, 2026, 7:29 PM","","Cable Fly Crossovers",,"",0,"normal",50,12,,,
"Chest & Back","Feb 20, 2026, 5:57 PM","Feb 20, 2026, 7:29 PM","","Cable Fly Crossovers",,"",1,"normal",50,10,,,
"Chest & Back","Feb 20, 2026, 5:57 PM","Feb 20, 2026, 7:29 PM","","Cable Fly Crossovers",,"",2,"normal",50,8,,,
"Chest & Back","Feb 20, 2026, 5:57 PM","Feb 20, 2026, 7:29 PM","","Seated Cable Row - Bar Grip",,"",0,"normal",65,12,,,
"Chest & Back","Feb 20, 2026, 5:57 PM","Feb 20, 2026, 7:29 PM","","Seated Cable Row - Bar Grip",,"",1,"normal",70,12,,,
"Chest & Back","Feb 20, 2026, 5:57 PM","Feb 20, 2026, 7:29 PM","","Seated Cable Row - Bar Grip",,"",2,"normal",80,10,,,
"Chest & Back","Feb 20, 2026, 5:57 PM","Feb 20, 2026, 7:29 PM","","Lat Pulldown - Close Grip (Cable)",,"",0,"normal",58.5,8,,,
"Chest & Back","Feb 20, 2026, 5:57 PM","Feb 20, 2026, 7:29 PM","","Lat Pulldown - Close Grip (Cable)",,"",1,"normal",52,9,,,
"Chest & Back","Feb 20, 2026, 5:57 PM","Feb 20, 2026, 7:29 PM","","Chest Supported Incline Row (Dumbbell)",,"",0,"normal",35,12,,,
"Chest & Back","Feb 20, 2026, 5:57 PM","Feb 20, 2026, 7:29 PM","","Chest Supported Incline Row (Dumbbell)",,"",1,"normal",40,12,,,
"Chest & Back","Feb 20, 2026, 5:57 PM","Feb 20, 2026, 7:29 PM","","Chest Supported Incline Row (Dumbbell)",,"",2,"normal",45,12,,,
"Core & Arms","Feb 19, 2026, 5:51 PM","Feb 19, 2026, 7:37 PM","","Chin Up",,"",0,"normal",,11,,,
"Core & Arms","Feb 19, 2026, 5:51 PM","Feb 19, 2026, 7:37 PM","","Chin Up",,"",1,"normal",,8,,,
"Core & Arms","Feb 19, 2026, 5:51 PM","Feb 19, 2026, 7:37 PM","","Cross Body Hammer Curl",,"",0,"normal",15,12,,,
"Core & Arms","Feb 19, 2026, 5:51 PM","Feb 19, 2026, 7:37 PM","","Hammer Curl (Dumbbell)",,"",0,"normal",20,12,,,
"Core & Arms","Feb 19, 2026, 5:51 PM","Feb 19, 2026, 7:37 PM","","Hammer Curl (Dumbbell)",,"",1,"normal",20,12,,,
"Core & Arms","Feb 19, 2026, 5:51 PM","Feb 19, 2026, 7:37 PM","","Seated Incline Curl (Dumbbell)",,"",0,"normal",15,10,,,
"Core & Arms","Feb 19, 2026, 5:51 PM","Feb 19, 2026, 7:37 PM","","Seated Incline Curl (Dumbbell)",,"",1,"normal",20,8,,,
"Core & Arms","Feb 19, 2026, 5:51 PM","Feb 19, 2026, 7:37 PM","","Seated Incline Curl (Dumbbell)",,"",2,"normal",20,10,,,
"Core & Arms","Feb 19, 2026, 5:51 PM","Feb 19, 2026, 7:37 PM","","Preacher Curl (Barbell)",,"",0,"normal",25,12,,,
"Core & Arms","Feb 19, 2026, 5:51 PM","Feb 19, 2026, 7:37 PM","","Preacher Curl (Barbell)",,"",1,"normal",25,10,,,
"Core & Arms","Feb 19, 2026, 5:51 PM","Feb 19, 2026, 7:37 PM","","Preacher Curl (Barbell)",,"",2,"normal",25,10,,,
"Core & Arms","Feb 19, 2026, 5:51 PM","Feb 19, 2026, 7:37 PM","","Hanging Knee Raise",,"",0,"normal",,12,,,
"Core & Arms","Feb 19, 2026, 5:51 PM","Feb 19, 2026, 7:37 PM","","Hanging Leg Raise",,"",0,"normal",,12,,,
"Core & Arms","Feb 19, 2026, 5:51 PM","Feb 19, 2026, 7:37 PM","","Hanging Leg Raise",,"",1,"normal",,12,,,
"Core & Arms","Feb 19, 2026, 5:51 PM","Feb 19, 2026, 7:37 PM","","Hanging Leg Raise",,"",2,"normal",,12,,,
"Core & Arms","Feb 19, 2026, 5:51 PM","Feb 19, 2026, 7:37 PM","","Russian Twist (Bodyweight)",,"Hanging",0,"normal",,24,,,
"Core & Arms","Feb 19, 2026, 5:51 PM","Feb 19, 2026, 7:37 PM","","Crunch",,"",0,"normal",,25,,,
"Core & Arms","Feb 19, 2026, 5:51 PM","Feb 19, 2026, 7:37 PM","","Crunch",,"",1,"normal",,25,,,
"Core & Arms","Feb 19, 2026, 5:51 PM","Feb 19, 2026, 7:37 PM","","Crunch",,"",2,"normal",,25,,,
"Core & Arms","Feb 19, 2026, 5:51 PM","Feb 19, 2026, 7:37 PM","","Plank",,"",0,"normal",,,,60,
"Core & Arms","Feb 19, 2026, 5:51 PM","Feb 19, 2026, 7:37 PM","","Plank",,"",1,"normal",,,,60,
"Core & Arms","Feb 19, 2026, 5:51 PM","Feb 19, 2026, 7:37 PM","","Heel Taps",,"",0,"normal",,30,,,
"Core & Arms","Feb 19, 2026, 5:51 PM","Feb 19, 2026, 7:37 PM","","Crunch (Weighted)",,"",0,"normal",15,12,,,
"Core & Arms","Feb 19, 2026, 5:51 PM","Feb 19, 2026, 7:37 PM","","Crunch (Weighted)",,"",1,"normal",15,12,,,
"Core & Arms","Feb 19, 2026, 5:51 PM","Feb 19, 2026, 7:37 PM","","Crunch (Weighted)",,"",2,"normal",15,12,,,
"Core & Arms","Feb 19, 2026, 5:51 PM","Feb 19, 2026, 7:37 PM","","Crunch (Weighted)",,"",3,"normal",17.5,12,,,
"Core & Arms","Feb 19, 2026, 5:51 PM","Feb 19, 2026, 7:37 PM","","Crunch (Weighted)",,"",4,"normal",17.5,12,,,
"Core & Arms","Feb 19, 2026, 5:51 PM","Feb 19, 2026, 7:37 PM","","Crunch (Weighted)",,"",5,"normal",17.5,12,,,
"Core & Arms","Feb 19, 2026, 5:51 PM","Feb 19, 2026, 7:37 PM","","Triceps Rope Pushdown",,"",0,"normal",25,12,,,
"Core & Arms","Feb 19, 2026, 5:51 PM","Feb 19, 2026, 7:37 PM","","Triceps Rope Pushdown",,"",1,"normal",30,12,,,
"Core & Arms","Feb 19, 2026, 5:51 PM","Feb 19, 2026, 7:37 PM","","Triceps Rope Pushdown",,"",2,"normal",30,12,,,
"Core & Arms","Feb 19, 2026, 5:51 PM","Feb 19, 2026, 7:37 PM","","Overhead Triceps Extension (Cable)",,"Rope",0,"normal",20,15,,,
"Core & Arms","Feb 19, 2026, 5:51 PM","Feb 19, 2026, 7:37 PM","","Overhead Triceps Extension (Cable)",,"Rope",1,"normal",25,12,,,
"Core & Arms","Feb 19, 2026, 5:51 PM","Feb 19, 2026, 7:37 PM","","Overhead Triceps Extension (Cable)",,"Rope",2,"normal",30,12,,,
"Shouldies & Legs","Feb 18, 2026, 5:37 PM","Feb 18, 2026, 7:27 PM","","Shoulder Press (Machine Plates)",,"35-wide ; 40,45-mid",0,"warmup",20,12,,,
"Shouldies & Legs","Feb 18, 2026, 5:37 PM","Feb 18, 2026, 7:27 PM","","Shoulder Press (Machine Plates)",,"35-wide ; 40,45-mid",1,"normal",35,12,,,
"Shouldies & Legs","Feb 18, 2026, 5:37 PM","Feb 18, 2026, 7:27 PM","","Shoulder Press (Machine Plates)",,"35-wide ; 40,45-mid",2,"normal",40,12,,,
"Shouldies & Legs","Feb 18, 2026, 5:37 PM","Feb 18, 2026, 7:27 PM","","Shoulder Press (Machine Plates)",,"35-wide ; 40,45-mid",3,"normal",45,12,,,
"Shouldies & Legs","Feb 18, 2026, 5:37 PM","Feb 18, 2026, 7:27 PM","","Single Arm Lateral Raise (Cable)",,"",0,"normal",10,24,,,
"Shouldies & Legs","Feb 18, 2026, 5:37 PM","Feb 18, 2026, 7:27 PM","","Single Arm Lateral Raise (Cable)",,"",1,"normal",10,24,,,
"Shouldies & Legs","Feb 18, 2026, 5:37 PM","Feb 18, 2026, 7:27 PM","","Single Arm Lateral Raise (Cable)",,"",2,"normal",10,24,,,
"Shouldies & Legs","Feb 18, 2026, 5:37 PM","Feb 18, 2026, 7:27 PM","","Shrug (Barbell)",,"",0,"normal",60,16,,,
"Shouldies & Legs","Feb 18, 2026, 5:37 PM","Feb 18, 2026, 7:27 PM","","Shrug (Barbell)",,"",1,"normal",70,15,,,
"Shouldies & Legs","Feb 18, 2026, 5:37 PM","Feb 18, 2026, 7:27 PM","","Shrug (Barbell)",,"",2,"normal",70,15,,,
"Shouldies & Legs","Feb 18, 2026, 5:37 PM","Feb 18, 2026, 7:27 PM","","Rear Delt Reverse Fly (Machine)",,"",0,"normal",45,12,,,
"Shouldies & Legs","Feb 18, 2026, 5:37 PM","Feb 18, 2026, 7:27 PM","","Rear Delt Reverse Fly (Machine)",,"",1,"normal",52.5,10,,,
"Shouldies & Legs","Feb 18, 2026, 5:37 PM","Feb 18, 2026, 7:27 PM","","Rear Delt Reverse Fly (Machine)",,"",2,"normal",52.5,10,,,
"Shouldies & Legs","Feb 18, 2026, 5:37 PM","Feb 18, 2026, 7:27 PM","","Stretching",,"Legs",0,"normal",,,,635,
"Shouldies & Legs","Feb 18, 2026, 5:37 PM","Feb 18, 2026, 7:27 PM","","Bulgarian Split Squat (Dumbbell)",,"",0,"normal",20,12,,,
"Shouldies & Legs","Feb 18, 2026, 5:37 PM","Feb 18, 2026, 7:27 PM","","Bulgarian Split Squat (Dumbbell)",,"",1,"normal",20,12,,,
"Shouldies & Legs","Feb 18, 2026, 5:37 PM","Feb 18, 2026, 7:27 PM","","Bulgarian Split Squat (Dumbbell)",,"",2,"normal",20,12,,,
"Shouldies & Legs","Feb 18, 2026, 5:37 PM","Feb 18, 2026, 7:27 PM","","Seated Leg Curl (Machine)",,"",0,"normal",50,12,,,
"Shouldies & Legs","Feb 18, 2026, 5:37 PM","Feb 18, 2026, 7:27 PM","","Seated Leg Curl (Machine)",,"",1,"normal",55,12,,,
"Shouldies & Legs","Feb 18, 2026, 5:37 PM","Feb 18, 2026, 7:27 PM","","Seated Leg Curl (Machine)",,"",2,"normal",60,12,,,
"Shouldies & Legs","Feb 18, 2026, 5:37 PM","Feb 18, 2026, 7:27 PM","","Single Leg Extensions",,"",0,"normal",35,24,,,
"Shouldies & Legs","Feb 18, 2026, 5:37 PM","Feb 18, 2026, 7:27 PM","","Single Leg Extensions",,"",1,"normal",40,24,,,
"Shouldies & Legs","Feb 18, 2026, 5:37 PM","Feb 18, 2026, 7:27 PM","","Leg Extension (Machine)",,"",0,"normal",70,12,,,
"Shouldies & Legs","Feb 18, 2026, 5:37 PM","Feb 18, 2026, 7:27 PM","","Leg Press (Machine)",,"",0,"normal",110,15,,,
"Shouldies & Legs","Feb 18, 2026, 5:37 PM","Feb 18, 2026, 7:27 PM","","Leg Press (Machine)",,"",1,"normal",130,15,,,
"Shouldies & Legs","Feb 18, 2026, 5:37 PM","Feb 18, 2026, 7:27 PM","","Leg Press (Machine)",,"",2,"normal",130,12,,,
"Shouldies & Legs","Feb 18, 2026, 5:37 PM","Feb 18, 2026, 7:27 PM","","Standing Calf Raise (Smith)",,"",0,"normal",35,15,,,
"Shouldies & Legs","Feb 18, 2026, 5:37 PM","Feb 18, 2026, 7:27 PM","","Standing Calf Raise (Smith)",,"",1,"normal",35,15,,,
"Shouldies & Legs","Feb 18, 2026, 5:37 PM","Feb 18, 2026, 7:27 PM","","Standing Calf Raise (Smith)",,"",2,"normal",40,15,,,
"Chest & Triceps","Feb 17, 2026, 6:32 PM","Feb 17, 2026, 7:53 PM","","Push Up",,"",0,"normal",,25,,,
"Chest & Triceps","Feb 17, 2026, 6:32 PM","Feb 17, 2026, 7:53 PM","","Push Up",,"",1,"normal",,25,,,
"Chest & Triceps","Feb 17, 2026, 6:32 PM","Feb 17, 2026, 7:53 PM","","Diamond Push Up",,"",0,"normal",,15,,,
"Chest & Triceps","Feb 17, 2026, 6:32 PM","Feb 17, 2026, 7:53 PM","","Chest Fly (Machine)",,"",0,"normal",45,12,,,
"Chest & Triceps","Feb 17, 2026, 6:32 PM","Feb 17, 2026, 7:53 PM","","Chest Fly (Machine)",,"",1,"normal",52.5,12,,,
"Chest & Triceps","Feb 17, 2026, 6:32 PM","Feb 17, 2026, 7:53 PM","","Chest Fly (Machine)",,"",2,"normal",52.5,12,,,
"Chest & Triceps","Feb 17, 2026, 6:32 PM","Feb 17, 2026, 7:53 PM","","Incline Bench Press (Dumbbell)",,"",0,"normal",30,10,,,
"Chest & Triceps","Feb 17, 2026, 6:32 PM","Feb 17, 2026, 7:53 PM","","Incline Bench Press (Dumbbell)",,"",1,"normal",30,12,,,
"Chest & Triceps","Feb 17, 2026, 6:32 PM","Feb 17, 2026, 7:53 PM","","Incline Bench Press (Dumbbell)",,"",2,"normal",35,10,,,
"Chest & Triceps","Feb 17, 2026, 6:32 PM","Feb 17, 2026, 7:53 PM","","Bench Press (Barbell)",,"finally 60",0,"normal",50,12,,,
"Chest & Triceps","Feb 17, 2026, 6:32 PM","Feb 17, 2026, 7:53 PM","","Bench Press (Barbell)",,"finally 60",1,"normal",60,9,,,
"Chest & Triceps","Feb 17, 2026, 6:32 PM","Feb 17, 2026, 7:53 PM","","Cable Fly Crossovers",,"",0,"normal",40,12,,,
"Chest & Triceps","Feb 17, 2026, 6:32 PM","Feb 17, 2026, 7:53 PM","","Cable Fly Crossovers",,"",1,"normal",40,12,,,
"Chest & Triceps","Feb 17, 2026, 6:32 PM","Feb 17, 2026, 7:53 PM","","Cable Fly Crossovers",,"",2,"normal",40,12,,,
"Chest & Triceps","Feb 17, 2026, 6:32 PM","Feb 17, 2026, 7:53 PM","","Triceps Pushdown",,"V bar",0,"normal",35,15,,,
"Chest & Triceps","Feb 17, 2026, 6:32 PM","Feb 17, 2026, 7:53 PM","","Triceps Pushdown",,"V bar",1,"normal",40,12,,,
"Chest & Triceps","Feb 17, 2026, 6:32 PM","Feb 17, 2026, 7:53 PM","","Triceps Pushdown",,"V bar",2,"normal",40,12,,,
"Chest & Triceps","Feb 17, 2026, 6:32 PM","Feb 17, 2026, 7:53 PM","","Overhead Triceps Extension (Cable)",,"V bar",0,"normal",20,14,,,
"Chest & Triceps","Feb 17, 2026, 6:32 PM","Feb 17, 2026, 7:53 PM","","Overhead Triceps Extension (Cable)",,"V bar",1,"normal",30,14,,,
"Chest & Triceps","Feb 17, 2026, 6:32 PM","Feb 17, 2026, 7:53 PM","","Overhead Triceps Extension (Cable)",,"V bar",2,"normal",35,12,,,
"Chest & Triceps","Feb 17, 2026, 6:32 PM","Feb 17, 2026, 7:53 PM","","Bench Dip",,"",0,"normal",,25,,,
"Chest & Triceps","Feb 17, 2026, 6:32 PM","Feb 17, 2026, 7:53 PM","","Bench Dip",,"",1,"normal",,25,,,
"Chest & Triceps","Feb 17, 2026, 6:32 PM","Feb 17, 2026, 7:53 PM","","Bench Dip",,"",2,"normal",,30,,,
"Back & Biceps","Feb 16, 2026, 6:06 PM","Feb 16, 2026, 7:48 PM","","Pull Up",,"",0,"normal",,10,,,
"Back & Biceps","Feb 16, 2026, 6:06 PM","Feb 16, 2026, 7:48 PM","","Pull Up",,"",1,"normal",,8,,,
"Back & Biceps","Feb 16, 2026, 6:06 PM","Feb 16, 2026, 7:48 PM","","Lat Pulldown (Cable)",,"",0,"normal",58.5,10,,,
"Back & Biceps","Feb 16, 2026, 6:06 PM","Feb 16, 2026, 7:48 PM","","Lat Pulldown (Cable)",,"",1,"normal",58.5,10,,,
"Back & Biceps","Feb 16, 2026, 6:06 PM","Feb 16, 2026, 7:48 PM","","Reverse Grip Lat Pulldown (Cable)",,"",0,"normal",52,10,,,
"Back & Biceps","Feb 16, 2026, 6:06 PM","Feb 16, 2026, 7:48 PM","","Reverse Grip Lat Pulldown (Cable)",,"",1,"normal",52,10,,,
"Back & Biceps","Feb 16, 2026, 6:06 PM","Feb 16, 2026, 7:48 PM","","Reverse Grip Lat Pulldown (Cable)",,"",2,"normal",52,10,,,
"Back & Biceps","Feb 16, 2026, 6:06 PM","Feb 16, 2026, 7:48 PM","","Seated Cable Row - Bar Grip",,"",0,"normal",60,12,,,
"Back & Biceps","Feb 16, 2026, 6:06 PM","Feb 16, 2026, 7:48 PM","","Seated Cable Row - Bar Grip",,"",1,"normal",70,10,,,
"Back & Biceps","Feb 16, 2026, 6:06 PM","Feb 16, 2026, 7:48 PM","","Seated Cable Row - Bar Grip",,"",2,"normal",75,10,,,
"Back & Biceps","Feb 16, 2026, 6:06 PM","Feb 16, 2026, 7:48 PM","","Chest Supported Incline Row (Dumbbell)",,"",0,"normal",35,12,,,
"Back & Biceps","Feb 16, 2026, 6:06 PM","Feb 16, 2026, 7:48 PM","","Chest Supported Incline Row (Dumbbell)",,"",1,"normal",35,12,,,
"Back & Biceps","Feb 16, 2026, 6:06 PM","Feb 16, 2026, 7:48 PM","","Chest Supported Incline Row (Dumbbell)",,"",2,"normal",40,12,,,
"Back & Biceps","Feb 16, 2026, 6:06 PM","Feb 16, 2026, 7:48 PM","","Back Extension (Weighted Hyperextension)",,"",0,"normal",10,12,,,
"Back & Biceps","Feb 16, 2026, 6:06 PM","Feb 16, 2026, 7:48 PM","","Back Extension (Weighted Hyperextension)",,"",1,"normal",10,12,,,
"Back & Biceps","Feb 16, 2026, 6:06 PM","Feb 16, 2026, 7:48 PM","","Back Extension (Hyperextension)",,"",0,"normal",,10,,,
"Back & Biceps","Feb 16, 2026, 6:06 PM","Feb 16, 2026, 7:48 PM","","Preacher Curl (Barbell)",,"",0,"normal",25,12,,,
"Back & Biceps","Feb 16, 2026, 6:06 PM","Feb 16, 2026, 7:48 PM","","Preacher Curl (Barbell)",,"",1,"normal",25,12,,,
"Back & Biceps","Feb 16, 2026, 6:06 PM","Feb 16, 2026, 7:48 PM","","Preacher Curl (Barbell)",,"",2,"normal",25,12,,,
"Back & Biceps","Feb 16, 2026, 6:06 PM","Feb 16, 2026, 7:48 PM","","Behind the Back Curl (Cable)",,"",0,"normal",30,12,,,
"Back & Biceps","Feb 16, 2026, 6:06 PM","Feb 16, 2026, 7:48 PM","","Behind the Back Curl (Cable)",,"",1,"normal",40,12,,,
"Back & Biceps","Feb 16, 2026, 6:06 PM","Feb 16, 2026, 7:48 PM","","Behind the Back Curl (Cable)",,"",2,"normal",40,12,,,
"Back & Biceps","Feb 16, 2026, 6:06 PM","Feb 16, 2026, 7:48 PM","","Hammer Curl (Cable)",,"",0,"normal",30,12,,,
"Back & Biceps","Feb 16, 2026, 6:06 PM","Feb 16, 2026, 7:48 PM","","Hammer Curl (Cable)",,"",1,"normal",35,10,,,
"Back & Biceps","Feb 16, 2026, 6:06 PM","Feb 16, 2026, 7:48 PM","","Hammer Curl (Cable)",,"",2,"normal",30,12,,,
"Legs","Feb 14, 2026, 6:05 PM","Feb 14, 2026, 7:25 PM","","Stretching",,"Legs",0,"normal",,,,283,
"Legs","Feb 14, 2026, 6:05 PM","Feb 14, 2026, 7:25 PM","","Hip Thrust (Barbell)",,"",0,"normal",30,12,,,
"Legs","Feb 14, 2026, 6:05 PM","Feb 14, 2026, 7:25 PM","","Hip Thrust (Barbell)",,"",1,"normal",40,12,,,
"Legs","Feb 14, 2026, 6:05 PM","Feb 14, 2026, 7:25 PM","","Hip Thrust (Barbell)",,"",2,"normal",40,12,,,
"Legs","Feb 14, 2026, 6:05 PM","Feb 14, 2026, 7:25 PM","","Single Leg Extensions",,"",0,"normal",35,24,,,
"Legs","Feb 14, 2026, 6:05 PM","Feb 14, 2026, 7:25 PM","","Single Leg Extensions",,"",1,"normal",35,24,,,
"Legs","Feb 14, 2026, 6:05 PM","Feb 14, 2026, 7:25 PM","","Single Leg Extensions",,"",2,"normal",35,24,,,
"Legs","Feb 14, 2026, 6:05 PM","Feb 14, 2026, 7:25 PM","","Seated Leg Curl (Machine)",,"",0,"normal",55,12,,,
"Legs","Feb 14, 2026, 6:05 PM","Feb 14, 2026, 7:25 PM","","Seated Leg Curl (Machine)",,"",1,"normal",60,12,,,
"Legs","Feb 14, 2026, 6:05 PM","Feb 14, 2026, 7:25 PM","","Seated Leg Curl (Machine)",,"",2,"normal",60,12,,,
"Legs","Feb 14, 2026, 6:05 PM","Feb 14, 2026, 7:25 PM","","Leg Press (Machine)",,"Valentine’s special - 150",0,"normal",110,15,,,
"Legs","Feb 14, 2026, 6:05 PM","Feb 14, 2026, 7:25 PM","","Leg Press (Machine)",,"Valentine’s special - 150",1,"normal",130,15,,,
"Legs","Feb 14, 2026, 6:05 PM","Feb 14, 2026, 7:25 PM","","Leg Press (Machine)",,"Valentine’s special - 150",2,"normal",150,12,,,
"Legs","Feb 14, 2026, 6:05 PM","Feb 14, 2026, 7:25 PM","","Standing Calf Raise (Smith)",,"",0,"normal",40,15,,,
"Legs","Feb 14, 2026, 6:05 PM","Feb 14, 2026, 7:25 PM","","Standing Calf Raise (Smith)",,"",1,"normal",45,15,,,
"Legs","Feb 14, 2026, 6:05 PM","Feb 14, 2026, 7:25 PM","","Standing Calf Raise (Smith)",,"",2,"normal",45,15,,,
"Shouldies","Feb 14, 2026, 5:21 PM","Feb 14, 2026, 6:05 PM","","Shoulder Press (Dumbbell)",,"",0,"warmup",20,12,,,
"Shouldies","Feb 14, 2026, 5:21 PM","Feb 14, 2026, 6:05 PM","","Shoulder Press (Dumbbell)",,"",1,"normal",35,12,,,
"Shouldies","Feb 14, 2026, 5:21 PM","Feb 14, 2026, 6:05 PM","","Shoulder Press (Dumbbell)",,"",2,"normal",35,10,,,
"Shouldies","Feb 14, 2026, 5:21 PM","Feb 14, 2026, 6:05 PM","","Single Arm Lateral Raise (Cable)",,"",0,"normal",10,24,,,
"Shouldies","Feb 14, 2026, 5:21 PM","Feb 14, 2026, 6:05 PM","","Single Arm Lateral Raise (Cable)",,"",1,"normal",10,24,,,
"Shouldies","Feb 14, 2026, 5:21 PM","Feb 14, 2026, 6:05 PM","","Single Arm Lateral Raise (Cable)",,"",2,"normal",10,24,,,
"Shouldies","Feb 14, 2026, 5:21 PM","Feb 14, 2026, 6:05 PM","","Rear Delt Reverse Fly (Machine)",,"",0,"normal",45,12,,,
"Shouldies","Feb 14, 2026, 5:21 PM","Feb 14, 2026, 6:05 PM","","Rear Delt Reverse Fly (Machine)",,"",1,"normal",52.2,12,,,
"Shouldies","Feb 14, 2026, 5:21 PM","Feb 14, 2026, 6:05 PM","","Shrug (Barbell)",,"",0,"normal",50,12,,,
"Shouldies","Feb 14, 2026, 5:21 PM","Feb 14, 2026, 6:05 PM","","Shrug (Barbell)",,"",1,"normal",60,18,,,
"Shouldies","Feb 14, 2026, 5:21 PM","Feb 14, 2026, 6:05 PM","","Shrug (Barbell)",,"",2,"normal",70,18,,,
"Arms","Feb 13, 2026, 5:47 PM","Feb 13, 2026, 7:24 PM","","Jump Rope",,"500",0,"normal",,,,642,
"Arms","Feb 13, 2026, 5:47 PM","Feb 13, 2026, 7:24 PM","","Diamond Push Up",,"",0,"normal",,20,,,
"Arms","Feb 13, 2026, 5:47 PM","Feb 13, 2026, 7:24 PM","","Triceps Rope Pushdown",,"",0,"normal",25,15,,,
"Arms","Feb 13, 2026, 5:47 PM","Feb 13, 2026, 7:24 PM","","Triceps Rope Pushdown",,"",1,"normal",25,15,,,
"Arms","Feb 13, 2026, 5:47 PM","Feb 13, 2026, 7:24 PM","","Triceps Rope Pushdown",,"",2,"normal",25,15,,,
"Arms","Feb 13, 2026, 5:47 PM","Feb 13, 2026, 7:24 PM","","Single Arm Triceps Pushdown (Cable)",,"",0,"normal",10,30,,,
"Arms","Feb 13, 2026, 5:47 PM","Feb 13, 2026, 7:24 PM","","Single Arm Triceps Pushdown (Cable)",,"",1,"normal",10,30,,,
"Arms","Feb 13, 2026, 5:47 PM","Feb 13, 2026, 7:24 PM","","Single Arm Triceps Pushdown (Cable)",,"",2,"normal",10,30,,,
"Arms","Feb 13, 2026, 5:47 PM","Feb 13, 2026, 7:24 PM","","Overhead Triceps Extension (Cable)",,"",0,"normal",20,15,,,
"Arms","Feb 13, 2026, 5:47 PM","Feb 13, 2026, 7:24 PM","","Overhead Triceps Extension (Cable)",,"",1,"normal",20,15,,,
"Arms","Feb 13, 2026, 5:47 PM","Feb 13, 2026, 7:24 PM","","Overhead Triceps Extension (Cable)",,"",2,"normal",25,12,,,
"Arms","Feb 13, 2026, 5:47 PM","Feb 13, 2026, 7:24 PM","","Preacher Curl (Barbell)",,"",0,"normal",20,15,,,
"Arms","Feb 13, 2026, 5:47 PM","Feb 13, 2026, 7:24 PM","","Preacher Curl (Barbell)",,"",1,"normal",25,15,,,
"Arms","Feb 13, 2026, 5:47 PM","Feb 13, 2026, 7:24 PM","","Preacher Curl (Barbell)",,"",2,"normal",25,12,,,
"Arms","Feb 13, 2026, 5:47 PM","Feb 13, 2026, 7:24 PM","","Hammer Curl (Dumbbell)",,"",0,"normal",20,12,,,
"Arms","Feb 13, 2026, 5:47 PM","Feb 13, 2026, 7:24 PM","","Hammer Curl (Dumbbell)",,"",1,"normal",20,12,,,
"Arms","Feb 13, 2026, 5:47 PM","Feb 13, 2026, 7:24 PM","","Hammer Curl (Dumbbell)",,"",2,"normal",25,12,,,
"Arms","Feb 13, 2026, 5:47 PM","Feb 13, 2026, 7:24 PM","","Seated Incline Curl (Dumbbell)",,"",0,"normal",15,12,,,
"Arms","Feb 13, 2026, 5:47 PM","Feb 13, 2026, 7:24 PM","","Seated Incline Curl (Dumbbell)",,"",1,"normal",20,12,,,
"Arms","Feb 13, 2026, 5:47 PM","Feb 13, 2026, 7:24 PM","","Seated Incline Curl (Dumbbell)",,"",2,"normal",20,12,,,
"Arms","Feb 13, 2026, 5:47 PM","Feb 13, 2026, 7:24 PM","","Bicep Curl (Cable)",,"",0,"normal",30,15,,,
"Arms","Feb 13, 2026, 5:47 PM","Feb 13, 2026, 7:24 PM","","Bicep Curl (Cable)",,"",1,"normal",30,12,,,
"Arms","Feb 13, 2026, 5:47 PM","Feb 13, 2026, 7:24 PM","","Bicep Curl (Cable)",,"",2,"normal",25,12,,,
"Arms","Feb 13, 2026, 5:47 PM","Feb 13, 2026, 7:24 PM","","Behind the Back Wrist Curl (Barbell)",,"",0,"normal",30,18,,,
"Arms","Feb 13, 2026, 5:47 PM","Feb 13, 2026, 7:24 PM","","Behind the Back Wrist Curl (Barbell)",,"",1,"normal",30,18,,,
"Arms","Feb 13, 2026, 5:47 PM","Feb 13, 2026, 7:24 PM","","Behind the Back Wrist Curl (Barbell)",,"",2,"normal",30,18,,,
"Abs Back Chest","Feb 12, 2026, 5:47 PM","Feb 12, 2026, 7:43 PM","","Hanging Knee Raise",,"",0,"normal",,15,,,
"Abs Back Chest","Feb 12, 2026, 5:47 PM","Feb 12, 2026, 7:43 PM","","Hanging Knee Raise",,"",1,"normal",,15,,,
"Abs Back Chest","Feb 12, 2026, 5:47 PM","Feb 12, 2026, 7:43 PM","","Hanging Knee Raise",,"",2,"normal",,15,,,
"Abs Back Chest","Feb 12, 2026, 5:47 PM","Feb 12, 2026, 7:43 PM","","Russian Twist (Bodyweight)",,"Hanging",0,"normal",,24,,,
"Abs Back Chest","Feb 12, 2026, 5:47 PM","Feb 12, 2026, 7:43 PM","","Russian Twist (Bodyweight)",,"Hanging",1,"normal",,24,,,
"Abs Back Chest","Feb 12, 2026, 5:47 PM","Feb 12, 2026, 7:43 PM","","Russian Twist (Bodyweight)",,"Hanging",2,"normal",,20,,,
"Abs Back Chest","Feb 12, 2026, 5:47 PM","Feb 12, 2026, 7:43 PM","","Pull Up",,"",0,"normal",,12,,,
"Abs Back Chest","Feb 12, 2026, 5:47 PM","Feb 12, 2026, 7:43 PM","","Pull Up",,"",1,"normal",,8,,,
"Abs Back Chest","Feb 12, 2026, 5:47 PM","Feb 12, 2026, 7:43 PM","","Push Up",,"",0,"normal",,40,,,
"Abs Back Chest","Feb 12, 2026, 5:47 PM","Feb 12, 2026, 7:43 PM","","Crunch",,"",0,"normal",,30,,,
"Abs Back Chest","Feb 12, 2026, 5:47 PM","Feb 12, 2026, 7:43 PM","","Crunch",,"",1,"normal",,25,,,
"Abs Back Chest","Feb 12, 2026, 5:47 PM","Feb 12, 2026, 7:43 PM","","Plank",,"",0,"normal",,,,69,
"Abs Back Chest","Feb 12, 2026, 5:47 PM","Feb 12, 2026, 7:43 PM","","Heel Taps",,"",0,"normal",,24,,,
"Abs Back Chest","Feb 12, 2026, 5:47 PM","Feb 12, 2026, 7:43 PM","","Heel Taps",,"",1,"normal",,24,,,
"Abs Back Chest","Feb 12, 2026, 5:47 PM","Feb 12, 2026, 7:43 PM","","Heel Taps",,"",2,"normal",,24,,,
"Abs Back Chest","Feb 12, 2026, 5:47 PM","Feb 12, 2026, 7:43 PM","","Crunch (Weighted)",,"",0,"normal",17.5,12,,,
"Abs Back Chest","Feb 12, 2026, 5:47 PM","Feb 12, 2026, 7:43 PM","","Crunch (Weighted)",,"",1,"normal",17.5,12,,,
"Abs Back Chest","Feb 12, 2026, 5:47 PM","Feb 12, 2026, 7:43 PM","","Crunch (Weighted)",,"",2,"normal",20,12,,,
"Abs Back Chest","Feb 12, 2026, 5:47 PM","Feb 12, 2026, 7:43 PM","","Crunch (Weighted)",,"",3,"normal",20,12,,,
"Abs Back Chest","Feb 12, 2026, 5:47 PM","Feb 12, 2026, 7:43 PM","","Crunch (Weighted)",,"",4,"normal",22.5,12,,,
"Abs Back Chest","Feb 12, 2026, 5:47 PM","Feb 12, 2026, 7:43 PM","","Crunch (Weighted)",,"",5,"normal",22.5,12,,,
"Abs Back Chest","Feb 12, 2026, 5:47 PM","Feb 12, 2026, 7:43 PM","","Lat Pulldown - Close Grip (Cable)",,"",0,"normal",52,12,,,
"Abs Back Chest","Feb 12, 2026, 5:47 PM","Feb 12, 2026, 7:43 PM","","Lat Pulldown - Close Grip (Cable)",,"",1,"normal",52,12,,,
"Abs Back Chest","Feb 12, 2026, 5:47 PM","Feb 12, 2026, 7:43 PM","","Lat Pulldown - Close Grip (Cable)",,"",2,"normal",52,10,,,
"Abs Back Chest","Feb 12, 2026, 5:47 PM","Feb 12, 2026, 7:43 PM","","Chest Supported Incline Row (Dumbbell)",,"",0,"normal",35,12,,,
"Abs Back Chest","Feb 12, 2026, 5:47 PM","Feb 12, 2026, 7:43 PM","","Chest Supported Incline Row (Dumbbell)",,"",1,"normal",35,12,,,
"Abs Back Chest","Feb 12, 2026, 5:47 PM","Feb 12, 2026, 7:43 PM","","Chest Supported Incline Row (Dumbbell)",,"",2,"normal",35,12,,,
"Abs Back Chest","Feb 12, 2026, 5:47 PM","Feb 12, 2026, 7:43 PM","","Chest Fly (Machine)",,"",0,"normal",52.5,12,,,
"Abs Back Chest","Feb 12, 2026, 5:47 PM","Feb 12, 2026, 7:43 PM","","Chest Fly (Machine)",,"",1,"normal",52.5,14,,,
"Abs Back Chest","Feb 12, 2026, 5:47 PM","Feb 12, 2026, 7:43 PM","","Cable Fly Crossovers",,"",0,"normal",40,14,,,
"Abs Back Chest","Feb 12, 2026, 5:47 PM","Feb 12, 2026, 7:43 PM","","Cable Fly Crossovers",,"",1,"normal",40,12,,,
"Abs Back Chest","Feb 12, 2026, 5:47 PM","Feb 12, 2026, 7:43 PM","","Low Cable Fly Crossovers",,"",0,"normal",20,12,,,
"Abs Back Chest","Feb 12, 2026, 5:47 PM","Feb 12, 2026, 7:43 PM","","Low Cable Fly Crossovers",,"",1,"normal",20,12,,,
"Abs Back Chest","Feb 12, 2026, 5:47 PM","Feb 12, 2026, 7:43 PM","","Low Cable Fly Crossovers",,"",2,"normal",20,12,,,
"Shouldies and Legs","Feb 11, 2026, 5:45 PM","Feb 11, 2026, 7:35 PM","","Shoulder Press (Dumbbell)",,"",0,"warmup",20,15,,,
"Shouldies and Legs","Feb 11, 2026, 5:45 PM","Feb 11, 2026, 7:35 PM","","Shoulder Press (Dumbbell)",,"",1,"normal",35,10,,,
"Shouldies and Legs","Feb 11, 2026, 5:45 PM","Feb 11, 2026, 7:35 PM","","Shoulder Press (Dumbbell)",,"",2,"normal",35,8,,,
"Shouldies and Legs","Feb 11, 2026, 5:45 PM","Feb 11, 2026, 7:35 PM","","Single Arm Lateral Raise (Cable)",,"",0,"normal",10,24,,,
"Shouldies and Legs","Feb 11, 2026, 5:45 PM","Feb 11, 2026, 7:35 PM","","Single Arm Lateral Raise (Cable)",,"",1,"normal",10,24,,,
"Shouldies and Legs","Feb 11, 2026, 5:45 PM","Feb 11, 2026, 7:35 PM","","Single Arm Lateral Raise (Cable)",,"",2,"normal",10,24,,,
"Shouldies and Legs","Feb 11, 2026, 5:45 PM","Feb 11, 2026, 7:35 PM","","Stretching",,"Legs",0,"normal",,,,323,
"Shouldies and Legs","Feb 11, 2026, 5:45 PM","Feb 11, 2026, 7:35 PM","","Lunge (Dumbbell)",,"Walking",0,"normal",20,12,,,
"Shouldies and Legs","Feb 11, 2026, 5:45 PM","Feb 11, 2026, 7:35 PM","","Lunge (Dumbbell)",,"Walking",1,"normal",20,12,,,
"Shouldies and Legs","Feb 11, 2026, 5:45 PM","Feb 11, 2026, 7:35 PM","","Lunge (Dumbbell)",,"Walking",2,"normal",20,12,,,
"Shouldies and Legs","Feb 11, 2026, 5:45 PM","Feb 11, 2026, 7:35 PM","","Single Leg Extensions",,"",0,"normal",30,24,,,
"Shouldies and Legs","Feb 11, 2026, 5:45 PM","Feb 11, 2026, 7:35 PM","","Single Leg Extensions",,"",1,"normal",35,24,,,
"Shouldies and Legs","Feb 11, 2026, 5:45 PM","Feb 11, 2026, 7:35 PM","","Single Leg Extensions",,"",2,"normal",40,20,,,
"Shouldies and Legs","Feb 11, 2026, 5:45 PM","Feb 11, 2026, 7:35 PM","","Seated Leg Curl (Machine)",,"",0,"normal",55,12,,,
"Shouldies and Legs","Feb 11, 2026, 5:45 PM","Feb 11, 2026, 7:35 PM","","Seated Leg Curl (Machine)",,"",1,"normal",60,12,,,
"Shouldies and Legs","Feb 11, 2026, 5:45 PM","Feb 11, 2026, 7:35 PM","","Seated Leg Curl (Machine)",,"",2,"normal",65,11,,,
"Shouldies and Legs","Feb 11, 2026, 5:45 PM","Feb 11, 2026, 7:35 PM","","Hip Abduction (Machine)",,"",0,"normal",70,15,,,
"Shouldies and Legs","Feb 11, 2026, 5:45 PM","Feb 11, 2026, 7:35 PM","","Hip Abduction (Machine)",,"",1,"normal",80,12,,,
"Shouldies and Legs","Feb 11, 2026, 5:45 PM","Feb 11, 2026, 7:35 PM","","Hip Abduction (Machine)",,"",2,"normal",90,12,,,
"Shouldies and Legs","Feb 11, 2026, 5:45 PM","Feb 11, 2026, 7:35 PM","","Hip Adduction (Machine)",,"",0,"normal",60,12,,,
"Shouldies and Legs","Feb 11, 2026, 5:45 PM","Feb 11, 2026, 7:35 PM","","Hip Adduction (Machine)",,"",1,"normal",70,12,,,
"Shouldies and Legs","Feb 11, 2026, 5:45 PM","Feb 11, 2026, 7:35 PM","","Hip Adduction (Machine)",,"",2,"normal",80,12,,,
"Shouldies and Legs","Feb 11, 2026, 5:45 PM","Feb 11, 2026, 7:35 PM","","Leg Press (Machine)",,"",0,"normal",100,15,,,
"Shouldies and Legs","Feb 11, 2026, 5:45 PM","Feb 11, 2026, 7:35 PM","","Leg Press (Machine)",,"",1,"normal",120,15,,,
"Shouldies and Legs","Feb 11, 2026, 5:45 PM","Feb 11, 2026, 7:35 PM","","Leg Press (Machine)",,"",2,"normal",140,15,,,
"Shouldies and Legs","Feb 11, 2026, 5:45 PM","Feb 11, 2026, 7:35 PM","","Standing Calf Raise (Smith)",,"",0,"normal",35,15,,,
"Shouldies and Legs","Feb 11, 2026, 5:45 PM","Feb 11, 2026, 7:35 PM","","Standing Calf Raise (Smith)",,"",1,"normal",45,15,,,
"Shouldies and Legs","Feb 11, 2026, 5:45 PM","Feb 11, 2026, 7:35 PM","","Standing Calf Raise (Smith)",,"",2,"normal",50,15,,,
"Push","Feb 10, 2026, 6:49 PM","Feb 10, 2026, 8:06 PM","","Push Up",,"",0,"normal",,25,,,
"Push","Feb 10, 2026, 6:49 PM","Feb 10, 2026, 8:06 PM","","Push Up",,"",1,"normal",,25,,,
"Push","Feb 10, 2026, 6:49 PM","Feb 10, 2026, 8:06 PM","","Diamond Push Up",,"",0,"normal",,20,,,
"Push","Feb 10, 2026, 6:49 PM","Feb 10, 2026, 8:06 PM","","Chest Fly (Machine)",,"",0,"normal",45,12,,,
"Push","Feb 10, 2026, 6:49 PM","Feb 10, 2026, 8:06 PM","","Chest Fly (Machine)",,"",1,"normal",52.5,14,,,
"Push","Feb 10, 2026, 6:49 PM","Feb 10, 2026, 8:06 PM","","Chest Fly (Machine)",,"",2,"normal",52.5,14,,,
"Push","Feb 10, 2026, 6:49 PM","Feb 10, 2026, 8:06 PM","","Cable Fly Crossovers",,"",0,"normal",40,14,,,
"Push","Feb 10, 2026, 6:49 PM","Feb 10, 2026, 8:06 PM","","Cable Fly Crossovers",,"",1,"normal",40,14,,,
"Push","Feb 10, 2026, 6:49 PM","Feb 10, 2026, 8:06 PM","","Cable Fly Crossovers",,"",2,"normal",40,14,,,
"Push","Feb 10, 2026, 6:49 PM","Feb 10, 2026, 8:06 PM","","Low Cable Fly Crossovers",,"",0,"normal",20,15,,,
"Push","Feb 10, 2026, 6:49 PM","Feb 10, 2026, 8:06 PM","","Low Cable Fly Crossovers",,"",1,"normal",30,9,,,
"Push","Feb 10, 2026, 6:49 PM","Feb 10, 2026, 8:06 PM","","Low Cable Fly Crossovers",,"",2,"normal",30,10,,,
"Push","Feb 10, 2026, 6:49 PM","Feb 10, 2026, 8:06 PM","","Bench Press (Barbell)",,"",0,"normal",55,10,,,
"Push","Feb 10, 2026, 6:49 PM","Feb 10, 2026, 8:06 PM","","Bench Press (Barbell)",,"",1,"normal",55,9,,,
"Push","Feb 10, 2026, 6:49 PM","Feb 10, 2026, 8:06 PM","","Bench Press (Barbell)",,"",2,"normal",55,10,,,
"Push","Feb 10, 2026, 6:49 PM","Feb 10, 2026, 8:06 PM","","Triceps Pushdown",,"",0,"normal",35,14,,,
"Push","Feb 10, 2026, 6:49 PM","Feb 10, 2026, 8:06 PM","","Triceps Pushdown",,"",1,"normal",40,12,,,
"Push","Feb 10, 2026, 6:49 PM","Feb 10, 2026, 8:06 PM","","Triceps Pushdown",,"",2,"normal",40,11,,,
"Push","Feb 10, 2026, 6:49 PM","Feb 10, 2026, 8:06 PM","","Triceps Extension (Dumbbell)",,"",0,"normal",15,15,,,
"Push","Feb 10, 2026, 6:49 PM","Feb 10, 2026, 8:06 PM","","Triceps Extension (Dumbbell)",,"",1,"normal",17.5,15,,,
"Push","Feb 10, 2026, 6:49 PM","Feb 10, 2026, 8:06 PM","","Triceps Extension (Dumbbell)",,"",2,"normal",17.5,15,,,
"Push","Feb 10, 2026, 6:49 PM","Feb 10, 2026, 8:06 PM","","Bench Dip",,"",0,"normal",,45,,,
"Pull","Feb 9, 2026, 6:00 PM","Feb 9, 2026, 7:29 PM","","Pull Up",,"",0,"normal",,10,,,
"Pull","Feb 9, 2026, 6:00 PM","Feb 9, 2026, 7:29 PM","","Pull Up",,"",1,"normal",,6,,,
"Pull","Feb 9, 2026, 6:00 PM","Feb 9, 2026, 7:29 PM","","Pull Up",,"",2,"normal",,8,,,
"Pull","Feb 9, 2026, 6:00 PM","Feb 9, 2026, 7:29 PM","","Lat Pulldown - Close Grip (Cable)",,"",0,"normal",52,12,,,
"Pull","Feb 9, 2026, 6:00 PM","Feb 9, 2026, 7:29 PM","","Lat Pulldown - Close Grip (Cable)",,"",1,"normal",52,10,,,
"Pull","Feb 9, 2026, 6:00 PM","Feb 9, 2026, 7:29 PM","","Lat Pulldown - Close Grip (Cable)",,"",2,"normal",52,8,,,
"Pull","Feb 9, 2026, 6:00 PM","Feb 9, 2026, 7:29 PM","","Reverse Grip Lat Pulldown (Cable)",,"",0,"normal",52,8,,,
"Pull","Feb 9, 2026, 6:00 PM","Feb 9, 2026, 7:29 PM","","Reverse Grip Lat Pulldown (Cable)",,"",1,"normal",52,9,,,
"Pull","Feb 9, 2026, 6:00 PM","Feb 9, 2026, 7:29 PM","","Seated Cable Row - Bar Wide Grip",,"",0,"normal",60,12,,,
"Pull","Feb 9, 2026, 6:00 PM","Feb 9, 2026, 7:29 PM","","Seated Cable Row - Bar Wide Grip",,"",1,"normal",65,12,,,
"Pull","Feb 9, 2026, 6:00 PM","Feb 9, 2026, 7:29 PM","","Seated Cable Row - Bar Wide Grip",,"",2,"normal",70,12,,,
"Pull","Feb 9, 2026, 6:00 PM","Feb 9, 2026, 7:29 PM","","Chest Supported Incline Row (Dumbbell)",,"",0,"normal",35,12,,,
"Pull","Feb 9, 2026, 6:00 PM","Feb 9, 2026, 7:29 PM","","Chest Supported Incline Row (Dumbbell)",,"",1,"normal",35,10,,,
"Pull","Feb 9, 2026, 6:00 PM","Feb 9, 2026, 7:29 PM","","Chest Supported Incline Row (Dumbbell)",,"",2,"normal",35,12,,,
"Pull","Feb 9, 2026, 6:00 PM","Feb 9, 2026, 7:29 PM","","Single Arm Lat Pulldown",,"",0,"normal",45,24,,,
"Pull","Feb 9, 2026, 6:00 PM","Feb 9, 2026, 7:29 PM","","Single Arm Lat Pulldown",,"",1,"normal",45,20,,,
"Pull","Feb 9, 2026, 6:00 PM","Feb 9, 2026, 7:29 PM","","Behind the Back Curl (Cable)",,"",0,"normal",30,14,,,
"Pull","Feb 9, 2026, 6:00 PM","Feb 9, 2026, 7:29 PM","","Behind the Back Curl (Cable)",,"",1,"normal",40,12,,,
"Pull","Feb 9, 2026, 6:00 PM","Feb 9, 2026, 7:29 PM","","Behind the Back Curl (Cable)",,"",2,"normal",40,12,,,
"Pull","Feb 9, 2026, 6:00 PM","Feb 9, 2026, 7:29 PM","","Preacher Curl (Barbell)",,"",0,"normal",20,14,,,
"Pull","Feb 9, 2026, 6:00 PM","Feb 9, 2026, 7:29 PM","","Preacher Curl (Barbell)",,"",1,"normal",20,12,,,
"Pull","Feb 9, 2026, 6:00 PM","Feb 9, 2026, 7:29 PM","","Preacher Curl (Barbell)",,"",2,"normal",20,10,,,
"Chest & Shouldiess","Feb 7, 2026, 5:32 PM","Feb 7, 2026, 7:14 PM","","Push Up",,"",0,"normal",,25,,,
"Chest & Shouldiess","Feb 7, 2026, 5:32 PM","Feb 7, 2026, 7:14 PM","","Push Up",,"",1,"normal",,20,,,
"Chest & Shouldiess","Feb 7, 2026, 5:32 PM","Feb 7, 2026, 7:14 PM","","Diamond Push Up",,"",0,"normal",,15,,,
"Chest & Shouldiess","Feb 7, 2026, 5:32 PM","Feb 7, 2026, 7:14 PM","","Chest Fly (Machine)",,"",0,"normal",45,12,,,
"Chest & Shouldiess","Feb 7, 2026, 5:32 PM","Feb 7, 2026, 7:14 PM","","Chest Fly (Machine)",,"",1,"normal",52.5,14,,,
"Chest & Shouldiess","Feb 7, 2026, 5:32 PM","Feb 7, 2026, 7:14 PM","","Chest Fly (Machine)",,"",2,"normal",52.5,14,,,
"Chest & Shouldiess","Feb 7, 2026, 5:32 PM","Feb 7, 2026, 7:14 PM","","Cable Fly Crossovers",,"",0,"normal",40,12,,,
"Chest & Shouldiess","Feb 7, 2026, 5:32 PM","Feb 7, 2026, 7:14 PM","","Cable Fly Crossovers",,"",1,"normal",40,14,,,
"Chest & Shouldiess","Feb 7, 2026, 5:32 PM","Feb 7, 2026, 7:14 PM","","Cable Fly Crossovers",,"",2,"normal",40,14,,,
"Chest & Shouldiess","Feb 7, 2026, 5:32 PM","Feb 7, 2026, 7:14 PM","","Low Cable Fly Crossovers",,"",0,"normal",30,9,,,
"Chest & Shouldiess","Feb 7, 2026, 5:32 PM","Feb 7, 2026, 7:14 PM","","Low Cable Fly Crossovers",,"",1,"normal",30,10,,,
"Chest & Shouldiess","Feb 7, 2026, 5:32 PM","Feb 7, 2026, 7:14 PM","","Low Cable Fly Crossovers",,"",2,"normal",20,14,,,
"Chest & Shouldiess","Feb 7, 2026, 5:32 PM","Feb 7, 2026, 7:14 PM","","Seated Overhead Press (Barbell)",,"Smith",0,"warmup",20,14,,,
"Chest & Shouldiess","Feb 7, 2026, 5:32 PM","Feb 7, 2026, 7:14 PM","","Seated Overhead Press (Barbell)",,"Smith",1,"normal",30,12,,,
"Chest & Shouldiess","Feb 7, 2026, 5:32 PM","Feb 7, 2026, 7:14 PM","","Seated Overhead Press (Barbell)",,"Smith",2,"normal",30,8,,,
"Chest & Shouldiess","Feb 7, 2026, 5:32 PM","Feb 7, 2026, 7:14 PM","","Seated Overhead Press (Barbell)",,"Smith",3,"normal",30,8,,,
"Chest & Shouldiess","Feb 7, 2026, 5:32 PM","Feb 7, 2026, 7:14 PM","","Single Arm Lateral Raise (Cable)",,"",0,"normal",10,20,,,
"Chest & Shouldiess","Feb 7, 2026, 5:32 PM","Feb 7, 2026, 7:14 PM","","Single Arm Lateral Raise (Cable)",,"",1,"normal",10,24,,,
"Chest & Shouldiess","Feb 7, 2026, 5:32 PM","Feb 7, 2026, 7:14 PM","","Single Arm Lateral Raise (Cable)",,"",2,"normal",10,24,,,
"Chest & Shouldiess","Feb 7, 2026, 5:32 PM","Feb 7, 2026, 7:14 PM","","Rear Delt Reverse Fly (Machine)",,"",0,"normal",45,12,,,
"Chest & Shouldiess","Feb 7, 2026, 5:32 PM","Feb 7, 2026, 7:14 PM","","Rear Delt Reverse Fly (Machine)",,"",1,"normal",45,12,,,
"Chest & Shouldiess","Feb 7, 2026, 5:32 PM","Feb 7, 2026, 7:14 PM","","Rear Delt Reverse Fly (Machine)",,"",2,"normal",52.5,11,,,
"Chest & Shouldiess","Feb 7, 2026, 5:32 PM","Feb 7, 2026, 7:14 PM","","Shrug (Barbell)",,"",0,"normal",50,15,,,
"Chest & Shouldiess","Feb 7, 2026, 5:32 PM","Feb 7, 2026, 7:14 PM","","Shrug (Barbell)",,"",1,"normal",55,18,,,
"Chest & Shouldiess","Feb 7, 2026, 5:32 PM","Feb 7, 2026, 7:14 PM","","Shrug (Barbell)",,"",2,"normal",65,18,,,
"Chest & Shouldiess","Feb 7, 2026, 5:32 PM","Feb 7, 2026, 7:14 PM","","Behind the Back Wrist Curl (Barbell)",,"",0,"normal",25,25,,,
"Chest & Shouldiess","Feb 7, 2026, 5:32 PM","Feb 7, 2026, 7:14 PM","","Behind the Back Wrist Curl (Barbell)",,"",1,"normal",30,18,,,
"Chest & Shouldiess","Feb 7, 2026, 5:32 PM","Feb 7, 2026, 7:14 PM","","Behind the Back Wrist Curl (Barbell)",,"",2,"normal",30,15,,,
"Chest & Shouldiess","Feb 7, 2026, 5:32 PM","Feb 7, 2026, 7:14 PM","","Seated Wrist Extension (Barbell)",,"Dumbell",0,"normal",7.5,30,,,
"Chest & Shouldiess","Feb 7, 2026, 5:32 PM","Feb 7, 2026, 7:14 PM","","Seated Wrist Extension (Barbell)",,"Dumbell",1,"normal",7.5,30,,,
"Chest & Shouldiess","Feb 7, 2026, 5:32 PM","Feb 7, 2026, 7:14 PM","","Seated Wrist Extension (Barbell)",,"Dumbell",2,"normal",7.5,40,,,
"Abs (home)","Feb 7, 2026, 9:49 AM","Feb 7, 2026, 10:16 AM","","Hanging Knee Raise",,"",0,"normal",,15,,,
"Abs (home)","Feb 7, 2026, 9:49 AM","Feb 7, 2026, 10:16 AM","","Hanging Knee Raise",,"",1,"normal",,15,,,
"Abs (home)","Feb 7, 2026, 9:49 AM","Feb 7, 2026, 10:16 AM","","Hanging Knee Raise",,"",2,"normal",,15,,,
"Abs (home)","Feb 7, 2026, 9:49 AM","Feb 7, 2026, 10:16 AM","","Russian Twist (Bodyweight)",,"Hanging",0,"normal",,20,,,
"Abs (home)","Feb 7, 2026, 9:49 AM","Feb 7, 2026, 10:16 AM","","Russian Twist (Bodyweight)",,"Hanging",1,"normal",,24,,,
"Abs (home)","Feb 7, 2026, 9:49 AM","Feb 7, 2026, 10:16 AM","","Russian Twist (Bodyweight)",,"Hanging",2,"normal",,20,,,
"Arms","Feb 6, 2026, 5:48 PM","Feb 6, 2026, 7:07 PM","","Stretching",,"",0,"normal",,,,248,
"Arms","Feb 6, 2026, 5:48 PM","Feb 6, 2026, 7:07 PM","","Diamond Push Up",,"",0,"normal",,25,,,
"Arms","Feb 6, 2026, 5:48 PM","Feb 6, 2026, 7:07 PM","","Single Arm Triceps Pushdown (Cable)",,"",0,"normal",10,30,,,
"Arms","Feb 6, 2026, 5:48 PM","Feb 6, 2026, 7:07 PM","","Single Arm Triceps Pushdown (Cable)",,"",1,"normal",10,30,,,
"Arms","Feb 6, 2026, 5:48 PM","Feb 6, 2026, 7:07 PM","","Single Arm Triceps Pushdown (Cable)",,"",2,"normal",10,24,,,
"Arms","Feb 6, 2026, 5:48 PM","Feb 6, 2026, 7:07 PM","","Overhead Triceps Extension (Cable)",,"",0,"normal",20,15,,,
"Arms","Feb 6, 2026, 5:48 PM","Feb 6, 2026, 7:07 PM","","Overhead Triceps Extension (Cable)",,"",1,"normal",20,12,,,
"Arms","Feb 6, 2026, 5:48 PM","Feb 6, 2026, 7:07 PM","","Overhead Triceps Extension (Cable)",,"",2,"normal",20,12,,,
"Arms","Feb 6, 2026, 5:48 PM","Feb 6, 2026, 7:07 PM","","Triceps Pushdown",,"V bar",0,"normal",35,12,,,
"Arms","Feb 6, 2026, 5:48 PM","Feb 6, 2026, 7:07 PM","","Triceps Pushdown",,"V bar",1,"normal",40,12,,,
"Arms","Feb 6, 2026, 5:48 PM","Feb 6, 2026, 7:07 PM","","Triceps Pushdown",,"V bar",2,"normal",45,9,,,
"Arms","Feb 6, 2026, 5:48 PM","Feb 6, 2026, 7:07 PM","","Triceps Pushdown",,"V bar",3,"dropset",35,4,,,
"Arms","Feb 6, 2026, 5:48 PM","Feb 6, 2026, 7:07 PM","","Hammer Curl (Dumbbell)",,"Preacher",0,"normal",20,12,,,
"Arms","Feb 6, 2026, 5:48 PM","Feb 6, 2026, 7:07 PM","","Hammer Curl (Dumbbell)",,"Preacher",1,"normal",20,12,,,
"Arms","Feb 6, 2026, 5:48 PM","Feb 6, 2026, 7:07 PM","","Hammer Curl (Dumbbell)",,"Preacher",2,"normal",25,11,,,
"Arms","Feb 6, 2026, 5:48 PM","Feb 6, 2026, 7:07 PM","","Behind the Back Curl (Cable)",,"",0,"normal",30,14,,,
"Arms","Feb 6, 2026, 5:48 PM","Feb 6, 2026, 7:07 PM","","Behind the Back Curl (Cable)",,"",1,"normal",30,14,,,
"Arms","Feb 6, 2026, 5:48 PM","Feb 6, 2026, 7:07 PM","","Behind the Back Curl (Cable)",,"",2,"normal",40,12,,,
"Arms","Feb 6, 2026, 5:48 PM","Feb 6, 2026, 7:07 PM","","Preacher Curl (Barbell)",,"",0,"normal",20,12,,,
"Arms","Feb 6, 2026, 5:48 PM","Feb 6, 2026, 7:07 PM","","Preacher Curl (Barbell)",,"",1,"normal",20,12,,,
"Arms","Feb 6, 2026, 5:48 PM","Feb 6, 2026, 7:07 PM","","Preacher Curl (Barbell)",,"",2,"normal",20,12,,,
"Abs and Shoulders","Feb 5, 2026, 5:44 PM","Feb 5, 2026, 6:55 PM","","Crunch",,"",0,"normal",,30,,,
"Abs and Shoulders","Feb 5, 2026, 5:44 PM","Feb 5, 2026, 6:55 PM","","Crunch",,"",1,"normal",,25,,,
"Abs and Shoulders","Feb 5, 2026, 5:44 PM","Feb 5, 2026, 6:55 PM","","Plank",,"",0,"normal",,,,61,
"Abs and Shoulders","Feb 5, 2026, 5:44 PM","Feb 5, 2026, 6:55 PM","","Plank",,"",1,"normal",,,,60,
"Abs and Shoulders","Feb 5, 2026, 5:44 PM","Feb 5, 2026, 6:55 PM","","Heel Taps",,"",0,"normal",,24,,,
"Abs and Shoulders","Feb 5, 2026, 5:44 PM","Feb 5, 2026, 6:55 PM","","Heel Taps",,"",1,"normal",,24,,,
"Abs and Shoulders","Feb 5, 2026, 5:44 PM","Feb 5, 2026, 6:55 PM","","Heel Taps",,"",2,"normal",,24,,,
"Abs and Shoulders","Feb 5, 2026, 5:44 PM","Feb 5, 2026, 6:55 PM","","Lying Leg Raise",,"",0,"normal",,15,,,
"Abs and Shoulders","Feb 5, 2026, 5:44 PM","Feb 5, 2026, 6:55 PM","","Lying Leg Raise",,"",1,"normal",,15,,,
"Abs and Shoulders","Feb 5, 2026, 5:44 PM","Feb 5, 2026, 6:55 PM","","Lying Leg Raise",,"",2,"normal",,15,,,
"Abs and Shoulders","Feb 5, 2026, 5:44 PM","Feb 5, 2026, 6:55 PM","","Crunch (Weighted)",,"",0,"normal",17.5,12,,,
"Abs and Shoulders","Feb 5, 2026, 5:44 PM","Feb 5, 2026, 6:55 PM","","Crunch (Weighted)",,"",1,"normal",17.5,12,,,
"Abs and Shoulders","Feb 5, 2026, 5:44 PM","Feb 5, 2026, 6:55 PM","","Crunch (Weighted)",,"",2,"normal",17.5,12,,,
"Abs and Shoulders","Feb 5, 2026, 5:44 PM","Feb 5, 2026, 6:55 PM","","Crunch (Weighted)",,"",3,"normal",20,12,,,
"Abs and Shoulders","Feb 5, 2026, 5:44 PM","Feb 5, 2026, 6:55 PM","","Crunch (Weighted)",,"",4,"normal",20,12,,,
"Abs and Shoulders","Feb 5, 2026, 5:44 PM","Feb 5, 2026, 6:55 PM","","Crunch (Weighted)",,"",5,"normal",20,12,,,
"Abs and Shoulders","Feb 5, 2026, 5:44 PM","Feb 5, 2026, 6:55 PM","","Crunch (Weighted)",,"",6,"normal",22.5,12,,,
"Abs and Shoulders","Feb 5, 2026, 5:44 PM","Feb 5, 2026, 6:55 PM","","Crunch (Weighted)",,"",7,"normal",22.5,12,,,
"Abs and Shoulders","Feb 5, 2026, 5:44 PM","Feb 5, 2026, 6:55 PM","","Crunch (Weighted)",,"",8,"normal",22.5,12,,,
"Abs and Shoulders","Feb 5, 2026, 5:44 PM","Feb 5, 2026, 6:55 PM","","Shoulder Press (Dumbbell)",,"",0,"warmup",20,15,,,
"Abs and Shoulders","Feb 5, 2026, 5:44 PM","Feb 5, 2026, 6:55 PM","","Shoulder Press (Dumbbell)",,"",1,"normal",35,12,,,
"Abs and Shoulders","Feb 5, 2026, 5:44 PM","Feb 5, 2026, 6:55 PM","","Shoulder Press (Dumbbell)",,"",2,"normal",35,12,,,
"Abs and Shoulders","Feb 5, 2026, 5:44 PM","Feb 5, 2026, 6:55 PM","","Lateral Raise (Dumbbell)",,"",0,"normal",15,12,,,
"Abs and Shoulders","Feb 5, 2026, 5:44 PM","Feb 5, 2026, 6:55 PM","","Lateral Raise (Dumbbell)",,"",1,"normal",15,12,,,
"Abs and Shoulders","Feb 5, 2026, 5:44 PM","Feb 5, 2026, 6:55 PM","","Lateral Raise (Dumbbell)",,"",2,"normal",15,12,,,
"Legs","Feb 4, 2026, 6:20 PM","Feb 4, 2026, 7:17 PM","Low intensity wk","Stretching",,"",0,"normal",,,,297,
"Legs","Feb 4, 2026, 6:20 PM","Feb 4, 2026, 7:17 PM","Low intensity wk","Spinning",,"",0,"normal",,,,319,
"Legs","Feb 4, 2026, 6:20 PM","Feb 4, 2026, 7:17 PM","Low intensity wk","Single Leg Extensions",,"",0,"normal",25,24,,,
"Legs","Feb 4, 2026, 6:20 PM","Feb 4, 2026, 7:17 PM","Low intensity wk","Single Leg Extensions",,"",1,"normal",30,24,,,
"Legs","Feb 4, 2026, 6:20 PM","Feb 4, 2026, 7:17 PM","Low intensity wk","Single Leg Extensions",,"",2,"normal",35,22,,,
"Legs","Feb 4, 2026, 6:20 PM","Feb 4, 2026, 7:17 PM","Low intensity wk","Seated Leg Curl (Machine)",,"",0,"normal",50,12,,,
"Legs","Feb 4, 2026, 6:20 PM","Feb 4, 2026, 7:17 PM","Low intensity wk","Seated Leg Curl (Machine)",,"",1,"normal",55,12,,,
"Legs","Feb 4, 2026, 6:20 PM","Feb 4, 2026, 7:17 PM","Low intensity wk","Seated Leg Curl (Machine)",,"",2,"normal",60,8,,,
"Legs","Feb 4, 2026, 6:20 PM","Feb 4, 2026, 7:17 PM","Low intensity wk","Hip Abduction (Machine)",,"",0,"normal",70,15,,,
"Legs","Feb 4, 2026, 6:20 PM","Feb 4, 2026, 7:17 PM","Low intensity wk","Hip Abduction (Machine)",,"",1,"normal",80,12,,,
"Legs","Feb 4, 2026, 6:20 PM","Feb 4, 2026, 7:17 PM","Low intensity wk","Hip Abduction (Machine)",,"",2,"normal",80,14,,,
"Legs","Feb 4, 2026, 6:20 PM","Feb 4, 2026, 7:17 PM","Low intensity wk","Hip Adduction (Machine)",,"",0,"normal",60,12,,,
"Legs","Feb 4, 2026, 6:20 PM","Feb 4, 2026, 7:17 PM","Low intensity wk","Hip Adduction (Machine)",,"",1,"normal",80,12,,,
"Legs","Feb 4, 2026, 6:20 PM","Feb 4, 2026, 7:17 PM","Low intensity wk","Hip Adduction (Machine)",,"",2,"normal",90,12,,,
"Push","Feb 3, 2026, 5:51 PM","Feb 3, 2026, 7:34 PM","","Push Up",,"",0,"normal",,15,,,
"Push","Feb 3, 2026, 5:51 PM","Feb 3, 2026, 7:34 PM","","Push Up",,"",1,"normal",,15,,,
"Push","Feb 3, 2026, 5:51 PM","Feb 3, 2026, 7:34 PM","","Diamond Push Up",,"",0,"normal",,15,,,
"Push","Feb 3, 2026, 5:51 PM","Feb 3, 2026, 7:34 PM","","Chest Fly (Machine)",,"",0,"normal",45,14,,,
"Push","Feb 3, 2026, 5:51 PM","Feb 3, 2026, 7:34 PM","","Chest Fly (Machine)",,"",1,"normal",52.5,14,,,
"Push","Feb 3, 2026, 5:51 PM","Feb 3, 2026, 7:34 PM","","Chest Fly (Machine)",,"",2,"normal",52.5,12,,,
"Push","Feb 3, 2026, 5:51 PM","Feb 3, 2026, 7:34 PM","","Bench Press (Dumbbell)",,"",0,"normal",35,10,,,
"Push","Feb 3, 2026, 5:51 PM","Feb 3, 2026, 7:34 PM","","Bench Press (Dumbbell)",,"",1,"normal",35,10,,,
"Push","Feb 3, 2026, 5:51 PM","Feb 3, 2026, 7:34 PM","","Bench Press (Dumbbell)",,"",2,"normal",35,9,,,
"Push","Feb 3, 2026, 5:51 PM","Feb 3, 2026, 7:34 PM","","Cable Fly Crossovers",,"",0,"normal",40,14,,,
"Push","Feb 3, 2026, 5:51 PM","Feb 3, 2026, 7:34 PM","","Cable Fly Crossovers",,"",1,"normal",40,12,,,
"Push","Feb 3, 2026, 5:51 PM","Feb 3, 2026, 7:34 PM","","Cable Fly Crossovers",,"",2,"normal",40,12,,,
"Push","Feb 3, 2026, 5:51 PM","Feb 3, 2026, 7:34 PM","","Low Cable Fly Crossovers",,"",0,"normal",20,14,,,
"Push","Feb 3, 2026, 5:51 PM","Feb 3, 2026, 7:34 PM","","Low Cable Fly Crossovers",,"",1,"normal",30,12,,,
"Push","Feb 3, 2026, 5:51 PM","Feb 3, 2026, 7:34 PM","","Low Cable Fly Crossovers",,"",2,"normal",30,12,,,
"Push","Feb 3, 2026, 5:51 PM","Feb 3, 2026, 7:34 PM","","Shoulder Press (Dumbbell)",,"",0,"warmup",20,15,,,
"Push","Feb 3, 2026, 5:51 PM","Feb 3, 2026, 7:34 PM","","Shoulder Press (Dumbbell)",,"",1,"normal",30,11,,,
"Push","Feb 3, 2026, 5:51 PM","Feb 3, 2026, 7:34 PM","","Shoulder Press (Dumbbell)",,"",2,"normal",30,10,,,
"Push","Feb 3, 2026, 5:51 PM","Feb 3, 2026, 7:34 PM","","Single Arm Triceps Pushdown (Cable)",,"",0,"normal",10,24,,,
"Push","Feb 3, 2026, 5:51 PM","Feb 3, 2026, 7:34 PM","","Single Arm Triceps Pushdown (Cable)",,"",1,"normal",10,24,,,
"Push","Feb 3, 2026, 5:51 PM","Feb 3, 2026, 7:34 PM","","Single Arm Triceps Pushdown (Cable)",,"",2,"normal",10,26,,,
"Push","Feb 3, 2026, 5:51 PM","Feb 3, 2026, 7:34 PM","","Triceps Rope Pushdown",,"",0,"normal",25,15,,,
"Push","Feb 3, 2026, 5:51 PM","Feb 3, 2026, 7:34 PM","","Triceps Rope Pushdown",,"",1,"normal",25,12,,,
"Push","Feb 3, 2026, 5:51 PM","Feb 3, 2026, 7:34 PM","","Triceps Rope Pushdown",,"",2,"normal",25,14,,,
"Push","Feb 3, 2026, 5:51 PM","Feb 3, 2026, 7:34 PM","","Overhead Triceps Extension (Cable)",,"",0,"normal",20,12,,,
"Push","Feb 3, 2026, 5:51 PM","Feb 3, 2026, 7:34 PM","","Overhead Triceps Extension (Cable)",,"",1,"normal",20,12,,,
"Push","Feb 3, 2026, 5:51 PM","Feb 3, 2026, 7:34 PM","","Overhead Triceps Extension (Cable)",,"",2,"normal",20,15,,,
"Pull","Feb 2, 2026, 6:26 PM","Feb 2, 2026, 7:41 PM","","Pull Up",,"",0,"normal",,10,,,
"Pull","Feb 2, 2026, 6:26 PM","Feb 2, 2026, 7:41 PM","","Pull Up",,"",1,"normal",,8,,,
"Pull","Feb 2, 2026, 6:26 PM","Feb 2, 2026, 7:41 PM","","Lat Pulldown (Cable)",,"",0,"normal",58.5,10,,,
"Pull","Feb 2, 2026, 6:26 PM","Feb 2, 2026, 7:41 PM","","Lat Pulldown - Close Grip (Cable)",,"",0,"normal",52,11,,,
"Pull","Feb 2, 2026, 6:26 PM","Feb 2, 2026, 7:41 PM","","Lat Pulldown - Close Grip (Cable)",,"",1,"normal",52,8,,,
"Pull","Feb 2, 2026, 6:26 PM","Feb 2, 2026, 7:41 PM","","Lat Pulldown - Close Grip (Cable)",,"",2,"normal",52,8,,,
"Pull","Feb 2, 2026, 6:26 PM","Feb 2, 2026, 7:41 PM","","Seated Row (Machine)",,"",0,"normal",40,10,,,
"Pull","Feb 2, 2026, 6:26 PM","Feb 2, 2026, 7:41 PM","","Seated Row (Machine)",,"",1,"normal",40,10,,,
"Pull","Feb 2, 2026, 6:26 PM","Feb 2, 2026, 7:41 PM","","Seated Row (Machine)",,"",2,"normal",40,10,,,
"Pull","Feb 2, 2026, 6:26 PM","Feb 2, 2026, 7:41 PM","","Chest Supported Incline Row (Dumbbell)",,"",0,"normal",35,10,,,
"Pull","Feb 2, 2026, 6:26 PM","Feb 2, 2026, 7:41 PM","","Chest Supported Incline Row (Dumbbell)",,"",1,"normal",40,10,,,
"Pull","Feb 2, 2026, 6:26 PM","Feb 2, 2026, 7:41 PM","","Chest Supported Incline Row (Dumbbell)",,"",2,"normal",40,12,,,
"Pull","Feb 2, 2026, 6:26 PM","Feb 2, 2026, 7:41 PM","","Hammer Curl (Dumbbell)",,"",0,"normal",20,10,,,
"Pull","Feb 2, 2026, 6:26 PM","Feb 2, 2026, 7:41 PM","","Hammer Curl (Dumbbell)",,"",1,"normal",20,12,,,
"Pull","Feb 2, 2026, 6:26 PM","Feb 2, 2026, 7:41 PM","","Hammer Curl (Dumbbell)",,"",2,"normal",20,12,,,
"Pull","Feb 2, 2026, 6:26 PM","Feb 2, 2026, 7:41 PM","","Preacher Curl (Barbell)",,"",0,"normal",20,12,,,
"Pull","Feb 2, 2026, 6:26 PM","Feb 2, 2026, 7:41 PM","","Preacher Curl (Barbell)",,"",1,"normal",20,12,,,
"Pull","Feb 2, 2026, 6:26 PM","Feb 2, 2026, 7:41 PM","","Preacher Curl (Barbell)",,"",2,"normal",20,8,,,
"Pull","Feb 2, 2026, 6:26 PM","Feb 2, 2026, 7:41 PM","","Seated Incline Curl (Dumbbell)",,"",0,"normal",15,10,,,
"Pull","Feb 2, 2026, 6:26 PM","Feb 2, 2026, 7:41 PM","","Seated Incline Curl (Dumbbell)",,"",1,"normal",15,12,,,
"Pull","Feb 2, 2026, 6:26 PM","Feb 2, 2026, 7:41 PM","","Seated Incline Curl (Dumbbell)",,"",2,"normal",15,10,,,
"Legs","Jan 31, 2026, 5:42 PM","Jan 31, 2026, 7:23 PM","","Stretching",,"",0,"normal",,,,398,
"Legs","Jan 31, 2026, 5:42 PM","Jan 31, 2026, 7:23 PM","","Bulgarian Split Squat (Dumbbell)",,"",0,"normal",15,12,,,
"Legs","Jan 31, 2026, 5:42 PM","Jan 31, 2026, 7:23 PM","","Bulgarian Split Squat (Dumbbell)",,"",1,"normal",20,12,,,
"Legs","Jan 31, 2026, 5:42 PM","Jan 31, 2026, 7:23 PM","","Bulgarian Split Squat (Dumbbell)",,"",2,"normal",20,12,,,
"Legs","Jan 31, 2026, 5:42 PM","Jan 31, 2026, 7:23 PM","","Hip Thrust (Barbell)",,"",0,"normal",25,12,,,
"Legs","Jan 31, 2026, 5:42 PM","Jan 31, 2026, 7:23 PM","","Hip Thrust (Barbell)",,"",1,"normal",30,12,,,
"Legs","Jan 31, 2026, 5:42 PM","Jan 31, 2026, 7:23 PM","","Hip Thrust (Barbell)",,"",2,"normal",35,12,,,
"Legs","Jan 31, 2026, 5:42 PM","Jan 31, 2026, 7:23 PM","","Single Leg Extensions",,"",0,"normal",25,24,,,
"Legs","Jan 31, 2026, 5:42 PM","Jan 31, 2026, 7:23 PM","","Single Leg Extensions",,"",1,"normal",30,24,,,
"Legs","Jan 31, 2026, 5:42 PM","Jan 31, 2026, 7:23 PM","","Single Leg Extensions",,"",2,"normal",30,24,,,
"Legs","Jan 31, 2026, 5:42 PM","Jan 31, 2026, 7:23 PM","","Seated Leg Curl (Machine)",,"",0,"normal",50,12,,,
"Legs","Jan 31, 2026, 5:42 PM","Jan 31, 2026, 7:23 PM","","Seated Leg Curl (Machine)",,"",1,"normal",55,12,,,
"Legs","Jan 31, 2026, 5:42 PM","Jan 31, 2026, 7:23 PM","","Seated Leg Curl (Machine)",,"",2,"normal",60,12,,,
"Legs","Jan 31, 2026, 5:42 PM","Jan 31, 2026, 7:23 PM","","Hip Abduction (Machine)",0,"",0,"normal",70,15,,,
"Legs","Jan 31, 2026, 5:42 PM","Jan 31, 2026, 7:23 PM","","Hip Abduction (Machine)",0,"",1,"normal",80,15,,,
"Legs","Jan 31, 2026, 5:42 PM","Jan 31, 2026, 7:23 PM","","Hip Abduction (Machine)",0,"",2,"normal",80,15,,,
"Legs","Jan 31, 2026, 5:42 PM","Jan 31, 2026, 7:23 PM","","Hip Adduction (Machine)",0,"",0,"normal",70,12,,,
"Legs","Jan 31, 2026, 5:42 PM","Jan 31, 2026, 7:23 PM","","Hip Adduction (Machine)",0,"",1,"normal",80,12,,,
"Legs","Jan 31, 2026, 5:42 PM","Jan 31, 2026, 7:23 PM","","Hip Adduction (Machine)",0,"",2,"normal",90,12,,,
"Legs","Jan 31, 2026, 5:42 PM","Jan 31, 2026, 7:23 PM","","Single Leg Standing Calf Raise (Dumbbell)",,"",0,"normal",10,24,,,
"Legs","Jan 31, 2026, 5:42 PM","Jan 31, 2026, 7:23 PM","","Single Leg Standing Calf Raise (Dumbbell)",,"",1,"normal",10,30,,,
"Legs","Jan 31, 2026, 5:42 PM","Jan 31, 2026, 7:23 PM","","Single Leg Standing Calf Raise (Dumbbell)",,"",2,"normal",10,26,,,
"Shoulders Arms","Jan 30, 2026, 5:35 PM","Jan 30, 2026, 7:41 PM","","Stretching",,"",0,"normal",,,,537,
"Shoulders Arms","Jan 30, 2026, 5:35 PM","Jan 30, 2026, 7:41 PM","","Shoulder Press (Dumbbell)",,"",0,"normal",20,15,,,
"Shoulders Arms","Jan 30, 2026, 5:35 PM","Jan 30, 2026, 7:41 PM","","Shoulder Press (Dumbbell)",,"",1,"normal",35,10,,,
"Shoulders Arms","Jan 30, 2026, 5:35 PM","Jan 30, 2026, 7:41 PM","","Shoulder Press (Dumbbell)",,"",2,"normal",35,10,,,
"Shoulders Arms","Jan 30, 2026, 5:35 PM","Jan 30, 2026, 7:41 PM","","Shoulder Press (Dumbbell)",,"",3,"normal",35,12,,,
"Shoulders Arms","Jan 30, 2026, 5:35 PM","Jan 30, 2026, 7:41 PM","","Single Arm Lateral Raise (Cable)",,"",0,"normal",20,12,,,
"Shoulders Arms","Jan 30, 2026, 5:35 PM","Jan 30, 2026, 7:41 PM","","Single Arm Lateral Raise (Cable)",,"",1,"normal",20,12,,,
"Shoulders Arms","Jan 30, 2026, 5:35 PM","Jan 30, 2026, 7:41 PM","","Single Arm Lateral Raise (Cable)",,"",2,"normal",20,12,,,
"Shoulders Arms","Jan 30, 2026, 5:35 PM","Jan 30, 2026, 7:41 PM","","Face Pull",,"",0,"normal",25,15,,,
"Shoulders Arms","Jan 30, 2026, 5:35 PM","Jan 30, 2026, 7:41 PM","","Face Pull",,"",1,"normal",30,15,,,
"Shoulders Arms","Jan 30, 2026, 5:35 PM","Jan 30, 2026, 7:41 PM","","Face Pull",,"",2,"normal",30,15,,,
"Shoulders Arms","Jan 30, 2026, 5:35 PM","Jan 30, 2026, 7:41 PM","","Shrug (Dumbbell)",,"",0,"normal",45,15,,,
"Shoulders Arms","Jan 30, 2026, 5:35 PM","Jan 30, 2026, 7:41 PM","","Shrug (Dumbbell)",,"",1,"normal",45,15,,,
"Shoulders Arms","Jan 30, 2026, 5:35 PM","Jan 30, 2026, 7:41 PM","","Shrug (Dumbbell)",,"",2,"normal",50,15,,,
"Shoulders Arms","Jan 30, 2026, 5:35 PM","Jan 30, 2026, 7:41 PM","","Hammer Curl (Dumbbell)",,"preacher bench",0,"normal",15,12,,,
"Shoulders Arms","Jan 30, 2026, 5:35 PM","Jan 30, 2026, 7:41 PM","","Hammer Curl (Dumbbell)",,"preacher bench",1,"normal",20,12,,,
"Shoulders Arms","Jan 30, 2026, 5:35 PM","Jan 30, 2026, 7:41 PM","","Hammer Curl (Dumbbell)",,"preacher bench",2,"normal",20,12,,,
"Shoulders Arms","Jan 30, 2026, 5:35 PM","Jan 30, 2026, 7:41 PM","","Seated Incline Curl (Dumbbell)",,"",0,"normal",15,11,,,
"Shoulders Arms","Jan 30, 2026, 5:35 PM","Jan 30, 2026, 7:41 PM","","Seated Incline Curl (Dumbbell)",,"",1,"normal",15,10,,,
"Shoulders Arms","Jan 30, 2026, 5:35 PM","Jan 30, 2026, 7:41 PM","","Seated Incline Curl (Dumbbell)",,"",2,"normal",15,10,,,
"Shoulders Arms","Jan 30, 2026, 5:35 PM","Jan 30, 2026, 7:41 PM","","Preacher Curl (Barbell)",,"",0,"normal",20,12,,,
"Shoulders Arms","Jan 30, 2026, 5:35 PM","Jan 30, 2026, 7:41 PM","","Preacher Curl (Barbell)",,"",1,"normal",20,14,,,
"Shoulders Arms","Jan 30, 2026, 5:35 PM","Jan 30, 2026, 7:41 PM","","Preacher Curl (Barbell)",,"",2,"normal",20,12,,,
"Shoulders Arms","Jan 30, 2026, 5:35 PM","Jan 30, 2026, 7:41 PM","","Concentration Curl",,"",0,"normal",7.5,24,,,
"Shoulders Arms","Jan 30, 2026, 5:35 PM","Jan 30, 2026, 7:41 PM","","Concentration Curl",,"",1,"normal",10,20,,,
"Shoulders Arms","Jan 30, 2026, 5:35 PM","Jan 30, 2026, 7:41 PM","","Concentration Curl",,"",2,"normal",10,20,,,
"Shoulders Arms","Jan 30, 2026, 5:35 PM","Jan 30, 2026, 7:41 PM","","Triceps Pushdown",,"",0,"normal",30,15,,,
"Shoulders Arms","Jan 30, 2026, 5:35 PM","Jan 30, 2026, 7:41 PM","","Triceps Pushdown",,"",1,"normal",35,12,,,
"Shoulders Arms","Jan 30, 2026, 5:35 PM","Jan 30, 2026, 7:41 PM","","Triceps Pushdown",,"",2,"normal",40,13,,,
"Shoulders Arms","Jan 30, 2026, 5:35 PM","Jan 30, 2026, 7:41 PM","","Overhead Triceps Extension (Cable)",,"",0,"normal",20,13,,,
"Shoulders Arms","Jan 30, 2026, 5:35 PM","Jan 30, 2026, 7:41 PM","","Overhead Triceps Extension (Cable)",,"",1,"normal",20,12,,,
"Shoulders Arms","Jan 30, 2026, 5:35 PM","Jan 30, 2026, 7:41 PM","","Overhead Triceps Extension (Cable)",,"",2,"normal",20,15,,,
"Shoulders Arms","Jan 30, 2026, 5:35 PM","Jan 30, 2026, 7:41 PM","","Single Arm Triceps Pushdown (Cable)",,"last 2 sets - cbum/horizontal",0,"normal",10,24,,,
"Shoulders Arms","Jan 30, 2026, 5:35 PM","Jan 30, 2026, 7:41 PM","","Single Arm Triceps Pushdown (Cable)",,"last 2 sets - cbum/horizontal",1,"normal",10,24,,,
"Shoulders Arms","Jan 30, 2026, 5:35 PM","Jan 30, 2026, 7:41 PM","","Single Arm Triceps Pushdown (Cable)",,"last 2 sets - cbum/horizontal",2,"normal",10,24,,,
"Shoulders Arms","Jan 30, 2026, 5:35 PM","Jan 30, 2026, 7:41 PM","","Reverse Curl",,"Cable",0,"normal",25,12,,,
"Shoulders Arms","Jan 30, 2026, 5:35 PM","Jan 30, 2026, 7:41 PM","","Reverse Curl",,"Cable",1,"normal",25,15,,,
"Shoulders Arms","Jan 30, 2026, 5:35 PM","Jan 30, 2026, 7:41 PM","","Reverse Curl",,"Cable",2,"normal",30,12,,,
"Abs Back","Jan 29, 2026, 5:50 PM","Jan 29, 2026, 7:54 PM","","Pull Up",,"",0,"normal",,10,,,
"Abs Back","Jan 29, 2026, 5:50 PM","Jan 29, 2026, 7:54 PM","","Pull Up",,"",1,"normal",,7,,,
"Abs Back","Jan 29, 2026, 5:50 PM","Jan 29, 2026, 7:54 PM","","Pull Up",,"",2,"normal",,6,,,
"Abs Back","Jan 29, 2026, 5:50 PM","Jan 29, 2026, 7:54 PM","","Hanging Knee Raise",,"",0,"normal",,12,,,
"Abs Back","Jan 29, 2026, 5:50 PM","Jan 29, 2026, 7:54 PM","","Hanging Knee Raise",,"",1,"normal",,12,,,
"Abs Back","Jan 29, 2026, 5:50 PM","Jan 29, 2026, 7:54 PM","","Hanging Knee Raise",,"",2,"normal",,12,,,
"Abs Back","Jan 29, 2026, 5:50 PM","Jan 29, 2026, 7:54 PM","","Hanging Knee Raise",,"",3,"normal",,12,,,
"Abs Back","Jan 29, 2026, 5:50 PM","Jan 29, 2026, 7:54 PM","","Hanging Knee Raise",,"",4,"normal",,12,,,
"Abs Back","Jan 29, 2026, 5:50 PM","Jan 29, 2026, 7:54 PM","","Plank",,"",0,"normal",,,,60,
"Abs Back","Jan 29, 2026, 5:50 PM","Jan 29, 2026, 7:54 PM","","Plank",,"",1,"normal",,,,60,
"Abs Back","Jan 29, 2026, 5:50 PM","Jan 29, 2026, 7:54 PM","","Heel Taps",,"",0,"normal",,24,,,
"Abs Back","Jan 29, 2026, 5:50 PM","Jan 29, 2026, 7:54 PM","","Heel Taps",,"",1,"normal",,24,,,
"Abs Back","Jan 29, 2026, 5:50 PM","Jan 29, 2026, 7:54 PM","","Heel Taps",,"",2,"normal",,24,,,
"Abs Back","Jan 29, 2026, 5:50 PM","Jan 29, 2026, 7:54 PM","","Crunch",,"",0,"normal",,25,,,
"Abs Back","Jan 29, 2026, 5:50 PM","Jan 29, 2026, 7:54 PM","","Crunch",,"",1,"normal",,25,,,
"Abs Back","Jan 29, 2026, 5:50 PM","Jan 29, 2026, 7:54 PM","","Crunch",,"",2,"normal",,25,,,
"Abs Back","Jan 29, 2026, 5:50 PM","Jan 29, 2026, 7:54 PM","","Russian Twist (Weighted)",,"",0,"normal",10,24,,,
"Abs Back","Jan 29, 2026, 5:50 PM","Jan 29, 2026, 7:54 PM","","Russian Twist (Weighted)",,"",1,"normal",10,24,,,
"Abs Back","Jan 29, 2026, 5:50 PM","Jan 29, 2026, 7:54 PM","","Russian Twist (Weighted)",,"",2,"normal",10,24,,,
"Abs Back","Jan 29, 2026, 5:50 PM","Jan 29, 2026, 7:54 PM","","Crunch (Weighted)",,"",0,"normal",15,12,,,
"Abs Back","Jan 29, 2026, 5:50 PM","Jan 29, 2026, 7:54 PM","","Crunch (Weighted)",,"",1,"normal",15,12,,,
"Abs Back","Jan 29, 2026, 5:50 PM","Jan 29, 2026, 7:54 PM","","Crunch (Weighted)",,"",2,"normal",17.5,12,,,
"Abs Back","Jan 29, 2026, 5:50 PM","Jan 29, 2026, 7:54 PM","","Crunch (Weighted)",,"",3,"normal",17.5,12,,,
"Abs Back","Jan 29, 2026, 5:50 PM","Jan 29, 2026, 7:54 PM","","Crunch (Weighted)",,"",4,"normal",20,12,,,
"Abs Back","Jan 29, 2026, 5:50 PM","Jan 29, 2026, 7:54 PM","","Crunch (Weighted)",,"",5,"normal",20,12,,,
"Abs Back","Jan 29, 2026, 5:50 PM","Jan 29, 2026, 7:54 PM","","Seated Cable Row - Bar Wide Grip",,"",0,"normal",60,12,,,
"Abs Back","Jan 29, 2026, 5:50 PM","Jan 29, 2026, 7:54 PM","","Seated Cable Row - Bar Wide Grip",,"",1,"normal",65,12,,,
"Abs Back","Jan 29, 2026, 5:50 PM","Jan 29, 2026, 7:54 PM","","Seated Cable Row - Bar Wide Grip",,"",2,"normal",70,12,,,
"Abs Back","Jan 29, 2026, 5:50 PM","Jan 29, 2026, 7:54 PM","","Reverse Grip Lat Pulldown (Cable)",,"",0,"normal",45.5,12,,,
"Abs Back","Jan 29, 2026, 5:50 PM","Jan 29, 2026, 7:54 PM","","Reverse Grip Lat Pulldown (Cable)",,"",1,"normal",52,12,,,
"Abs Back","Jan 29, 2026, 5:50 PM","Jan 29, 2026, 7:54 PM","","Reverse Grip Lat Pulldown (Cable)",,"",2,"normal",52,10,,,
"Abs Back","Jan 29, 2026, 5:50 PM","Jan 29, 2026, 7:54 PM","","Lat Pulldown - Close Grip (Cable)",,"",0,"normal",52,10,,,
"Abs Back","Jan 29, 2026, 5:50 PM","Jan 29, 2026, 7:54 PM","","Lat Pulldown - Close Grip (Cable)",,"",1,"normal",52,9,,,
"Abs Back","Jan 29, 2026, 5:50 PM","Jan 29, 2026, 7:54 PM","","Lat Pulldown - Close Grip (Cable)",,"",2,"normal",52,8,,,
"Abs Back","Jan 29, 2026, 5:50 PM","Jan 29, 2026, 7:54 PM","","Chest Supported Incline Row (Dumbbell)",,"",0,"normal",35,12,,,
"Abs Back","Jan 29, 2026, 5:50 PM","Jan 29, 2026, 7:54 PM","","Chest Supported Incline Row (Dumbbell)",,"",1,"normal",35,10,,,
"Abs Back","Jan 29, 2026, 5:50 PM","Jan 29, 2026, 7:54 PM","","Chest Supported Incline Row (Dumbbell)",,"",2,"normal",35,12,,,
"Legs","Jan 28, 2026, 6:39 PM","Jan 28, 2026, 7:39 PM","","Stretching",,"",0,"normal",,,,197,
"Legs","Jan 28, 2026, 6:39 PM","Jan 28, 2026, 7:39 PM","","Single Leg Extensions",,"",0,"normal",25,24,,,
"Legs","Jan 28, 2026, 6:39 PM","Jan 28, 2026, 7:39 PM","","Single Leg Extensions",,"",1,"normal",30,16,,,
"Legs","Jan 28, 2026, 6:39 PM","Jan 28, 2026, 7:39 PM","","Single Leg Extensions",,"",2,"normal",30,24,,,
"Legs","Jan 28, 2026, 6:39 PM","Jan 28, 2026, 7:39 PM","","Seated Leg Curl (Machine)",,"",0,"normal",50,12,,,
"Legs","Jan 28, 2026, 6:39 PM","Jan 28, 2026, 7:39 PM","","Seated Leg Curl (Machine)",,"",1,"normal",55,12,,,
"Legs","Jan 28, 2026, 6:39 PM","Jan 28, 2026, 7:39 PM","","Seated Leg Curl (Machine)",,"",2,"normal",60,11,,,
"Legs","Jan 28, 2026, 6:39 PM","Jan 28, 2026, 7:39 PM","","Hip Abduction (Machine)",0,"",0,"normal",70,15,,,
"Legs","Jan 28, 2026, 6:39 PM","Jan 28, 2026, 7:39 PM","","Hip Abduction (Machine)",0,"",1,"normal",80,15,,,
"Legs","Jan 28, 2026, 6:39 PM","Jan 28, 2026, 7:39 PM","","Hip Abduction (Machine)",0,"",2,"normal",80,15,,,
"Legs","Jan 28, 2026, 6:39 PM","Jan 28, 2026, 7:39 PM","","Hip Adduction (Machine)",0,"",0,"normal",70,12,,,
"Legs","Jan 28, 2026, 6:39 PM","Jan 28, 2026, 7:39 PM","","Hip Adduction (Machine)",0,"",1,"normal",80,12,,,
"Legs","Jan 28, 2026, 6:39 PM","Jan 28, 2026, 7:39 PM","","Hip Adduction (Machine)",0,"",2,"normal",80,12,,,
"Legs","Jan 28, 2026, 6:39 PM","Jan 28, 2026, 7:39 PM","","Leg Press (Machine)",,"",0,"normal",110,13,,,
"Legs","Jan 28, 2026, 6:39 PM","Jan 28, 2026, 7:39 PM","","Leg Press (Machine)",,"",1,"normal",110,12,,,
"Legs","Jan 28, 2026, 6:39 PM","Jan 28, 2026, 7:39 PM","","Leg Press (Machine)",,"",2,"normal",110,15,,,
"Push","Jan 27, 2026, 5:25 PM","Jan 27, 2026, 7:15 PM","","Push Up",,"",0,"normal",,15,,,
"Push","Jan 27, 2026, 5:25 PM","Jan 27, 2026, 7:15 PM","","Push Up",,"",1,"normal",,15,,,
"Push","Jan 27, 2026, 5:25 PM","Jan 27, 2026, 7:15 PM","","Diamond Push Up",,"",0,"normal",,15,,,
"Push","Jan 27, 2026, 5:25 PM","Jan 27, 2026, 7:15 PM","","Chest Fly (Machine)",,"",0,"normal",45,12,,,
"Push","Jan 27, 2026, 5:25 PM","Jan 27, 2026, 7:15 PM","","Chest Fly (Machine)",,"",1,"normal",52.5,12,,,
"Push","Jan 27, 2026, 5:25 PM","Jan 27, 2026, 7:15 PM","","Chest Fly (Machine)",,"",2,"normal",52.5,12,,,
"Push","Jan 27, 2026, 5:25 PM","Jan 27, 2026, 7:15 PM","","Bench Press (Barbell)",,"",0,"normal",45,14,,,
"Push","Jan 27, 2026, 5:25 PM","Jan 27, 2026, 7:15 PM","","Bench Press (Barbell)",,"",1,"normal",50,12,,,
"Push","Jan 27, 2026, 5:25 PM","Jan 27, 2026, 7:15 PM","","Bench Press (Barbell)",,"",2,"normal",55,10,,,
"Push","Jan 27, 2026, 5:25 PM","Jan 27, 2026, 7:15 PM","","Incline Bench Press (Dumbbell)",,"",0,"normal",35,8,,,
"Push","Jan 27, 2026, 5:25 PM","Jan 27, 2026, 7:15 PM","","Incline Bench Press (Dumbbell)",,"",1,"normal",35,7,,,
"Push","Jan 27, 2026, 5:25 PM","Jan 27, 2026, 7:15 PM","","Incline Bench Press (Dumbbell)",,"",2,"normal",30,10,,,
"Push","Jan 27, 2026, 5:25 PM","Jan 27, 2026, 7:15 PM","","Cable Fly Crossovers",,"",0,"normal",40,15,,,
"Push","Jan 27, 2026, 5:25 PM","Jan 27, 2026, 7:15 PM","","Cable Fly Crossovers",,"",1,"normal",40,14,,,
"Push","Jan 27, 2026, 5:25 PM","Jan 27, 2026, 7:15 PM","","Cable Fly Crossovers",,"",2,"normal",40,11,,,
"Push","Jan 27, 2026, 5:25 PM","Jan 27, 2026, 7:15 PM","","Cable Fly Crossovers",,"",3,"normal",30,6,,,
"Push","Jan 27, 2026, 5:25 PM","Jan 27, 2026, 7:15 PM","","Shoulder Press (Dumbbell)",,"",0,"normal",30,8,,,
"Push","Jan 27, 2026, 5:25 PM","Jan 27, 2026, 7:15 PM","","Shoulder Press (Dumbbell)",,"",1,"normal",30,8,,,
"Push","Jan 27, 2026, 5:25 PM","Jan 27, 2026, 7:15 PM","","Lateral Raise (Dumbbell)",,"",0,"normal",15,12,,,
"Push","Jan 27, 2026, 5:25 PM","Jan 27, 2026, 7:15 PM","","Lateral Raise (Dumbbell)",,"",1,"normal",15,12,,,
"Push","Jan 27, 2026, 5:25 PM","Jan 27, 2026, 7:15 PM","","Triceps Rope Pushdown",,"",0,"normal",25,14,,,
"Push","Jan 27, 2026, 5:25 PM","Jan 27, 2026, 7:15 PM","","Triceps Rope Pushdown",,"",1,"normal",25,12,,,
"Push","Jan 27, 2026, 5:25 PM","Jan 27, 2026, 7:15 PM","","Triceps Rope Pushdown",,"",2,"normal",25,10,,,
"Push","Jan 27, 2026, 5:25 PM","Jan 27, 2026, 7:15 PM","","Overhead Triceps Extension (Cable)",,"",0,"normal",15,15,,,
"Push","Jan 27, 2026, 5:25 PM","Jan 27, 2026, 7:15 PM","","Overhead Triceps Extension (Cable)",,"",1,"normal",20,12,,,
"Push","Jan 27, 2026, 5:25 PM","Jan 27, 2026, 7:15 PM","","Overhead Triceps Extension (Cable)",,"",2,"normal",20,12,,,
"Push","Jan 27, 2026, 5:25 PM","Jan 27, 2026, 7:15 PM","","Single Arm Triceps Pushdown (Cable)",,"",0,"normal",10,24,,,
"Push","Jan 27, 2026, 5:25 PM","Jan 27, 2026, 7:15 PM","","Single Arm Triceps Pushdown (Cable)",,"",1,"normal",10,24,,,
"Push","Jan 27, 2026, 5:25 PM","Jan 27, 2026, 7:15 PM","","Single Arm Triceps Pushdown (Cable)",,"",2,"normal",10,24,,,
"home wk","Jan 26, 2026, 7:12 PM","Jan 26, 2026, 8:17 PM","","Stretching",,"",0,"normal",,,,168,
"home wk","Jan 26, 2026, 7:12 PM","Jan 26, 2026, 8:17 PM","","Pull Up",,"",0,"normal",,12,,,
"home wk","Jan 26, 2026, 7:12 PM","Jan 26, 2026, 8:17 PM","","Pull Up",,"",1,"normal",,8,,,
"home wk","Jan 26, 2026, 7:12 PM","Jan 26, 2026, 8:17 PM","","Pull Up",,"",2,"normal",,7,,,
"home wk","Jan 26, 2026, 7:12 PM","Jan 26, 2026, 8:17 PM","","Crunch",,"",0,"normal",,25,,,
"home wk","Jan 26, 2026, 7:12 PM","Jan 26, 2026, 8:17 PM","","Crunch",,"",1,"normal",,25,,,
"home wk","Jan 26, 2026, 7:12 PM","Jan 26, 2026, 8:17 PM","","Crunch",,"",2,"normal",,25,,,
"home wk","Jan 26, 2026, 7:12 PM","Jan 26, 2026, 8:17 PM","","Crunch",,"",3,"normal",,25,,,
"home wk","Jan 26, 2026, 7:12 PM","Jan 26, 2026, 8:17 PM","","Plank",,"",0,"normal",,,,60,
"home wk","Jan 26, 2026, 7:12 PM","Jan 26, 2026, 8:17 PM","","Plank",,"",1,"normal",,,,61,
"home wk","Jan 26, 2026, 7:12 PM","Jan 26, 2026, 8:17 PM","","Russian Twist (Weighted)",,"",0,"normal",5,24,,,
"home wk","Jan 26, 2026, 7:12 PM","Jan 26, 2026, 8:17 PM","","Russian Twist (Weighted)",,"",1,"normal",5,30,,,
"home wk","Jan 26, 2026, 7:12 PM","Jan 26, 2026, 8:17 PM","","Russian Twist (Weighted)",,"",2,"normal",5,30,,,
"home wk","Jan 26, 2026, 7:12 PM","Jan 26, 2026, 8:17 PM","","Push Up",,"",0,"normal",,43,,,
"home wk","Jan 26, 2026, 7:12 PM","Jan 26, 2026, 8:17 PM","","Hammer Curl (Dumbbell)",,"",0,"normal",10,15,,,
"home wk","Jan 26, 2026, 7:12 PM","Jan 26, 2026, 8:17 PM","","Hammer Curl (Dumbbell)",,"",1,"normal",10,20,,,
"home wk","Jan 26, 2026, 7:12 PM","Jan 26, 2026, 8:17 PM","","Hammer Curl (Dumbbell)",,"",2,"normal",10,20,,,
"home wk","Jan 26, 2026, 7:12 PM","Jan 26, 2026, 8:17 PM","","Concentration Curl",,"",0,"normal",5,30,,,
"home wk","Jan 26, 2026, 7:12 PM","Jan 26, 2026, 8:17 PM","","Concentration Curl",,"",1,"normal",5,30,,,
"Legs","Jan 24, 2026, 5:50 PM","Jan 24, 2026, 7:07 PM","","Lunge (Dumbbell)",,"Walking",0,"normal",20,12,,,
"Legs","Jan 24, 2026, 5:50 PM","Jan 24, 2026, 7:07 PM","","Lunge (Dumbbell)",,"Walking",1,"normal",20,12,,,
"Legs","Jan 24, 2026, 5:50 PM","Jan 24, 2026, 7:07 PM","","Lunge (Dumbbell)",,"Walking",2,"normal",20,12,,,
"Legs","Jan 24, 2026, 5:50 PM","Jan 24, 2026, 7:07 PM","","Hip Thrust (Barbell)",,"",0,"normal",30,12,,,
"Legs","Jan 24, 2026, 5:50 PM","Jan 24, 2026, 7:07 PM","","Hip Thrust (Barbell)",,"",1,"normal",30,15,,,
"Legs","Jan 24, 2026, 5:50 PM","Jan 24, 2026, 7:07 PM","","Hip Thrust (Barbell)",,"",2,"normal",35,12,,,
"Legs","Jan 24, 2026, 5:50 PM","Jan 24, 2026, 7:07 PM","","Leg Extension (Machine)",,"",0,"normal",50,12,,,
"Legs","Jan 24, 2026, 5:50 PM","Jan 24, 2026, 7:07 PM","","Single Leg Extensions",,"",0,"normal",25,24,,,
"Legs","Jan 24, 2026, 5:50 PM","Jan 24, 2026, 7:07 PM","","Single Leg Extensions",,"",1,"normal",25,24,,,
"Legs","Jan 24, 2026, 5:50 PM","Jan 24, 2026, 7:07 PM","","Seated Leg Curl (Machine)",,"",0,"normal",55,12,,,
"Legs","Jan 24, 2026, 5:50 PM","Jan 24, 2026, 7:07 PM","","Seated Leg Curl (Machine)",,"",1,"normal",60,12,,,
"Legs","Jan 24, 2026, 5:50 PM","Jan 24, 2026, 7:07 PM","","Seated Leg Curl (Machine)",,"",2,"normal",60,10,,,
"Legs","Jan 24, 2026, 5:50 PM","Jan 24, 2026, 7:07 PM","","Hip Abduction (Machine)",,"",0,"normal",70,15,,,
"Legs","Jan 24, 2026, 5:50 PM","Jan 24, 2026, 7:07 PM","","Hip Abduction (Machine)",,"",1,"normal",80,15,,,
"Legs","Jan 24, 2026, 5:50 PM","Jan 24, 2026, 7:07 PM","","Hip Adduction (Machine)",,"",0,"normal",70,12,,,
"Legs","Jan 24, 2026, 5:50 PM","Jan 24, 2026, 7:07 PM","","Hip Adduction (Machine)",,"",1,"normal",80,12,,,
"Legs","Jan 24, 2026, 5:50 PM","Jan 24, 2026, 7:07 PM","","Leg Press (Machine)",,"",0,"normal",110,12,,,
"Legs","Jan 24, 2026, 5:50 PM","Jan 24, 2026, 7:07 PM","","Leg Press (Machine)",,"",1,"normal",110,12,,,
"Legs","Jan 24, 2026, 5:50 PM","Jan 24, 2026, 7:07 PM","","Leg Press (Machine)",,"",2,"normal",110,12,,,
"Legs","Jan 24, 2026, 5:50 PM","Jan 24, 2026, 7:07 PM","","Single Leg Standing Calf Raise (Dumbbell)",,"",0,"normal",10,30,,,
"Legs","Jan 24, 2026, 5:50 PM","Jan 24, 2026, 7:07 PM","","Single Leg Standing Calf Raise (Dumbbell)",,"",1,"normal",10,24,,,
"Legs","Jan 24, 2026, 5:50 PM","Jan 24, 2026, 7:07 PM","","Single Leg Standing Calf Raise (Dumbbell)",,"",2,"normal",10,24,,,
"Arms","Jan 23, 2026, 5:16 PM","Jan 23, 2026, 6:20 PM","","Chin Up",,"",0,"normal",,10,,,
"Arms","Jan 23, 2026, 5:16 PM","Jan 23, 2026, 6:20 PM","","Chin Up",,"",1,"normal",,8,,,
"Arms","Jan 23, 2026, 5:16 PM","Jan 23, 2026, 6:20 PM","","Chin Up",,"",2,"normal",,6,,,
"Arms","Jan 23, 2026, 5:16 PM","Jan 23, 2026, 6:20 PM","","Diamond Push Up",,"",0,"normal",,15,,,
"Arms","Jan 23, 2026, 5:16 PM","Jan 23, 2026, 6:20 PM","","Diamond Push Up",,"",1,"normal",,15,,,
"Arms","Jan 23, 2026, 5:16 PM","Jan 23, 2026, 6:20 PM","","Diamond Push Up",,"",2,"normal",,15,,,
"Arms","Jan 23, 2026, 5:16 PM","Jan 23, 2026, 6:20 PM","","Behind the Back Curl (Cable)",,"",0,"normal",30,15,,,
"Arms","Jan 23, 2026, 5:16 PM","Jan 23, 2026, 6:20 PM","","Behind the Back Curl (Cable)",,"",1,"normal",30,12,,,
"Arms","Jan 23, 2026, 5:16 PM","Jan 23, 2026, 6:20 PM","","Behind the Back Curl (Cable)",,"",2,"normal",40,12,,,
"Arms","Jan 23, 2026, 5:16 PM","Jan 23, 2026, 6:20 PM","","Triceps Pushdown",,"",0,"normal",30,15,,,
"Arms","Jan 23, 2026, 5:16 PM","Jan 23, 2026, 6:20 PM","","Triceps Pushdown",,"",1,"normal",35,12,,,
"Arms","Jan 23, 2026, 5:16 PM","Jan 23, 2026, 6:20 PM","","Triceps Pushdown",,"",2,"normal",40,12,,,
"Arms","Jan 23, 2026, 5:16 PM","Jan 23, 2026, 6:20 PM","","Preacher Curl (Barbell)",,"",0,"normal",20,12,,,
"Arms","Jan 23, 2026, 5:16 PM","Jan 23, 2026, 6:20 PM","","Preacher Curl (Barbell)",,"",1,"normal",20,15,,,
"Arms","Jan 23, 2026, 5:16 PM","Jan 23, 2026, 6:20 PM","","Preacher Curl (Barbell)",,"",2,"normal",20,12,,,
"Arms","Jan 23, 2026, 5:16 PM","Jan 23, 2026, 6:20 PM","","Overhead Triceps Extension (Cable)",,"V bar",0,"normal",15,20,,,
"Arms","Jan 23, 2026, 5:16 PM","Jan 23, 2026, 6:20 PM","","Overhead Triceps Extension (Cable)",,"V bar",1,"normal",25,15,,,
"Arms","Jan 23, 2026, 5:16 PM","Jan 23, 2026, 6:20 PM","","Overhead Triceps Extension (Cable)",,"V bar",2,"normal",25,15,,,
"Arms","Jan 23, 2026, 5:16 PM","Jan 23, 2026, 6:20 PM","","Hammer Curl (Dumbbell)",,"Incline",0,"normal",15,12,,,
"Arms","Jan 23, 2026, 5:16 PM","Jan 23, 2026, 6:20 PM","","Hammer Curl (Dumbbell)",,"Incline",1,"normal",20,12,,,
"Arms","Jan 23, 2026, 5:16 PM","Jan 23, 2026, 6:20 PM","","Hammer Curl (Dumbbell)",,"Incline",2,"normal",20,12,,,
"Arms","Jan 23, 2026, 5:16 PM","Jan 23, 2026, 6:20 PM","","Bench Dip",,"",0,"normal",,25,,,
"Arms","Jan 23, 2026, 5:16 PM","Jan 23, 2026, 6:20 PM","","Bench Dip",,"",1,"normal",,25,,,
"Arms","Jan 23, 2026, 5:16 PM","Jan 23, 2026, 6:20 PM","","Bench Dip",,"",2,"normal",,25,,,
"Abs Shoulders","Jan 22, 2026, 5:42 PM","Jan 22, 2026, 7:13 PM","","Stretching",,"",0,"normal",,,,89,
"Abs Shoulders","Jan 22, 2026, 5:42 PM","Jan 22, 2026, 7:13 PM","","Crunch",,"",0,"normal",,25,,,
"Abs Shoulders","Jan 22, 2026, 5:42 PM","Jan 22, 2026, 7:13 PM","","Crunch",,"",1,"normal",,25,,,
"Abs Shoulders","Jan 22, 2026, 5:42 PM","Jan 22, 2026, 7:13 PM","","Crunch",,"",2,"normal",,25,,,
"Abs Shoulders","Jan 22, 2026, 5:42 PM","Jan 22, 2026, 7:13 PM","","Plank",,"",0,"normal",,,,62,
"Abs Shoulders","Jan 22, 2026, 5:42 PM","Jan 22, 2026, 7:13 PM","","Plank",,"",1,"normal",,,,60,
"Abs Shoulders","Jan 22, 2026, 5:42 PM","Jan 22, 2026, 7:13 PM","","Toe Touch",,"",0,"normal",,24,,,
"Abs Shoulders","Jan 22, 2026, 5:42 PM","Jan 22, 2026, 7:13 PM","","Toe Touch",,"",1,"normal",,24,,,
"Abs Shoulders","Jan 22, 2026, 5:42 PM","Jan 22, 2026, 7:13 PM","","Crunch (Weighted)",,"",0,"normal",15,15,,,
"Abs Shoulders","Jan 22, 2026, 5:42 PM","Jan 22, 2026, 7:13 PM","","Crunch (Weighted)",,"",1,"normal",15,15,,,
"Abs Shoulders","Jan 22, 2026, 5:42 PM","Jan 22, 2026, 7:13 PM","","Crunch (Weighted)",,"",2,"normal",15,15,,,
"Abs Shoulders","Jan 22, 2026, 5:42 PM","Jan 22, 2026, 7:13 PM","","Crunch (Weighted)",,"",3,"normal",15,15,,,
"Abs Shoulders","Jan 22, 2026, 5:42 PM","Jan 22, 2026, 7:13 PM","","Crunch (Weighted)",,"",4,"normal",15,15,,,
"Abs Shoulders","Jan 22, 2026, 5:42 PM","Jan 22, 2026, 7:13 PM","","Crunch (Weighted)",,"",5,"normal",15,15,,,
"Abs Shoulders","Jan 22, 2026, 5:42 PM","Jan 22, 2026, 7:13 PM","","Pull Up",,"",0,"normal",,10,,,
"Abs Shoulders","Jan 22, 2026, 5:42 PM","Jan 22, 2026, 7:13 PM","","Shoulder Press (Dumbbell)",,"",0,"normal",25,15,,,
"Abs Shoulders","Jan 22, 2026, 5:42 PM","Jan 22, 2026, 7:13 PM","","Shoulder Press (Dumbbell)",,"",1,"normal",30,15,,,
"Abs Shoulders","Jan 22, 2026, 5:42 PM","Jan 22, 2026, 7:13 PM","","Shoulder Press (Dumbbell)",,"",2,"normal",35,11,,,
"Abs Shoulders","Jan 22, 2026, 5:42 PM","Jan 22, 2026, 7:13 PM","","Shoulder Press (Dumbbell)",,"",3,"normal",35,9,,,
"Abs Shoulders","Jan 22, 2026, 5:42 PM","Jan 22, 2026, 7:13 PM","","Lateral Raise (Dumbbell)",,"",0,"normal",15,10,,,
"Abs Shoulders","Jan 22, 2026, 5:42 PM","Jan 22, 2026, 7:13 PM","","Lateral Raise (Dumbbell)",,"",1,"normal",15,12,,,
"Abs Shoulders","Jan 22, 2026, 5:42 PM","Jan 22, 2026, 7:13 PM","","Lateral Raise (Dumbbell)",,"",2,"normal",15,12,,,
"Abs Shoulders","Jan 22, 2026, 5:42 PM","Jan 22, 2026, 7:13 PM","","Face Pull",,"",0,"normal",25,12,,,
"Abs Shoulders","Jan 22, 2026, 5:42 PM","Jan 22, 2026, 7:13 PM","","Face Pull",,"",1,"normal",30,15,,,
"Abs Shoulders","Jan 22, 2026, 5:42 PM","Jan 22, 2026, 7:13 PM","","Face Pull",,"",2,"normal",30,15,,,
"Abs Shoulders","Jan 22, 2026, 5:42 PM","Jan 22, 2026, 7:13 PM","","Shrug (Dumbbell)",,"",0,"normal",45,18,,,
"Abs Shoulders","Jan 22, 2026, 5:42 PM","Jan 22, 2026, 7:13 PM","","Shrug (Dumbbell)",,"",1,"normal",45,15,,,
"Abs Shoulders","Jan 22, 2026, 5:42 PM","Jan 22, 2026, 7:13 PM","","Shrug (Dumbbell)",,"",2,"normal",50,15,,,
"Legs Forearms","Jan 21, 2026, 5:50 PM","Jan 21, 2026, 7:24 PM","","Stretching",,"",0,"normal",,,,210,
"Legs Forearms","Jan 21, 2026, 5:50 PM","Jan 21, 2026, 7:24 PM","","Bulgarian Split Squat (Dumbbell)",,"",0,"normal",15,10,,,
"Legs Forearms","Jan 21, 2026, 5:50 PM","Jan 21, 2026, 7:24 PM","","Bulgarian Split Squat (Dumbbell)",,"",1,"normal",15,12,,,
"Legs Forearms","Jan 21, 2026, 5:50 PM","Jan 21, 2026, 7:24 PM","","Bulgarian Split Squat (Dumbbell)",,"",2,"normal",20,12,,,
"Legs Forearms","Jan 21, 2026, 5:50 PM","Jan 21, 2026, 7:24 PM","","Leg Extension (Machine)",,"",0,"normal",55,12,,,
"Legs Forearms","Jan 21, 2026, 5:50 PM","Jan 21, 2026, 7:24 PM","","Leg Extension (Machine)",,"",1,"normal",60,12,,,
"Legs Forearms","Jan 21, 2026, 5:50 PM","Jan 21, 2026, 7:24 PM","","Leg Extension (Machine)",,"",2,"normal",65,8,,,
"Legs Forearms","Jan 21, 2026, 5:50 PM","Jan 21, 2026, 7:24 PM","","Seated Leg Curl (Machine)",,"",0,"normal",60,10,,,
"Legs Forearms","Jan 21, 2026, 5:50 PM","Jan 21, 2026, 7:24 PM","","Seated Leg Curl (Machine)",,"",1,"normal",65,10,,,
"Legs Forearms","Jan 21, 2026, 5:50 PM","Jan 21, 2026, 7:24 PM","","Seated Leg Curl (Machine)",,"",2,"normal",60,9,,,
"Legs Forearms","Jan 21, 2026, 5:50 PM","Jan 21, 2026, 7:24 PM","","Hip Abduction (Machine)",,"",0,"normal",60,12,,,
"Legs Forearms","Jan 21, 2026, 5:50 PM","Jan 21, 2026, 7:24 PM","","Hip Abduction (Machine)",,"",1,"normal",70,15,,,
"Legs Forearms","Jan 21, 2026, 5:50 PM","Jan 21, 2026, 7:24 PM","","Hip Abduction (Machine)",,"",2,"normal",80,15,,,
"Legs Forearms","Jan 21, 2026, 5:50 PM","Jan 21, 2026, 7:24 PM","","Hip Adduction (Machine)",,"",0,"normal",60,12,,,
"Legs Forearms","Jan 21, 2026, 5:50 PM","Jan 21, 2026, 7:24 PM","","Hip Adduction (Machine)",,"",1,"normal",70,12,,,
"Legs Forearms","Jan 21, 2026, 5:50 PM","Jan 21, 2026, 7:24 PM","","Hip Adduction (Machine)",,"",2,"normal",80,12,,,
"Legs Forearms","Jan 21, 2026, 5:50 PM","Jan 21, 2026, 7:24 PM","","Leg Press (Machine)",,"",0,"normal",100,12,,,
"Legs Forearms","Jan 21, 2026, 5:50 PM","Jan 21, 2026, 7:24 PM","","Leg Press (Machine)",,"",1,"normal",100,12,,,
"Legs Forearms","Jan 21, 2026, 5:50 PM","Jan 21, 2026, 7:24 PM","","Leg Press (Machine)",,"",2,"normal",120,12,,,
"Legs Forearms","Jan 21, 2026, 5:50 PM","Jan 21, 2026, 7:24 PM","","Standing Calf Raise (Smith)",,"",0,"normal",30,15,,,
"Legs Forearms","Jan 21, 2026, 5:50 PM","Jan 21, 2026, 7:24 PM","","Standing Calf Raise (Smith)",,"",1,"normal",35,15,,,
"Legs Forearms","Jan 21, 2026, 5:50 PM","Jan 21, 2026, 7:24 PM","","Standing Calf Raise (Smith)",,"",2,"normal",35,15,,,
"Legs Forearms","Jan 21, 2026, 5:50 PM","Jan 21, 2026, 7:24 PM","","Reverse Curl",,"",0,"normal",25,15,,,
"Legs Forearms","Jan 21, 2026, 5:50 PM","Jan 21, 2026, 7:24 PM","","Reverse Curl",,"",1,"normal",25,15,,,
"Legs Forearms","Jan 21, 2026, 5:50 PM","Jan 21, 2026, 7:24 PM","","Reverse Curl",,"",2,"normal",25,15,,,
"Chest Triceps","Jan 20, 2026, 5:44 PM","Jan 20, 2026, 7:08 PM","","Push Up",,"",0,"normal",,15,,,
"Chest Triceps","Jan 20, 2026, 5:44 PM","Jan 20, 2026, 7:08 PM","","Push Up",,"",1,"normal",,15,,,
"Chest Triceps","Jan 20, 2026, 5:44 PM","Jan 20, 2026, 7:08 PM","","Diamond Push Up",,"",0,"normal",,15,,,
"Chest Triceps","Jan 20, 2026, 5:44 PM","Jan 20, 2026, 7:08 PM","","Chest Fly (Machine)",,"",0,"normal",45,12,,,
"Chest Triceps","Jan 20, 2026, 5:44 PM","Jan 20, 2026, 7:08 PM","","Chest Fly (Machine)",,"",1,"normal",45,12,,,
"Chest Triceps","Jan 20, 2026, 5:44 PM","Jan 20, 2026, 7:08 PM","","Chest Fly (Machine)",,"",2,"normal",52.5,15,,,
"Chest Triceps","Jan 20, 2026, 5:44 PM","Jan 20, 2026, 7:08 PM","","Bench Press (Dumbbell)",,"",0,"normal",35,10,,,
"Chest Triceps","Jan 20, 2026, 5:44 PM","Jan 20, 2026, 7:08 PM","","Bench Press (Dumbbell)",,"",1,"normal",35,11,,,
"Chest Triceps","Jan 20, 2026, 5:44 PM","Jan 20, 2026, 7:08 PM","","Bench Press (Dumbbell)",,"",2,"normal",35,12,,,
"Chest Triceps","Jan 20, 2026, 5:44 PM","Jan 20, 2026, 7:08 PM","","Cable Fly Crossovers",,"",0,"normal",30,15,,,
"Chest Triceps","Jan 20, 2026, 5:44 PM","Jan 20, 2026, 7:08 PM","","Cable Fly Crossovers",,"",1,"normal",40,15,,,
"Chest Triceps","Jan 20, 2026, 5:44 PM","Jan 20, 2026, 7:08 PM","","Cable Fly Crossovers",,"",2,"normal",40,15,,,
"Chest Triceps","Jan 20, 2026, 5:44 PM","Jan 20, 2026, 7:08 PM","","Incline Bench Press (Smith Machine)",,"",0,"normal",30,12,,,
"Chest Triceps","Jan 20, 2026, 5:44 PM","Jan 20, 2026, 7:08 PM","","Incline Bench Press (Smith Machine)",,"",1,"normal",35,10,,,
"Chest Triceps","Jan 20, 2026, 5:44 PM","Jan 20, 2026, 7:08 PM","","Incline Bench Press (Smith Machine)",,"",2,"normal",35,10,,,
"Chest Triceps","Jan 20, 2026, 5:44 PM","Jan 20, 2026, 7:08 PM","","Triceps Rope Pushdown",,"",0,"normal",25,15,,,
"Chest Triceps","Jan 20, 2026, 5:44 PM","Jan 20, 2026, 7:08 PM","","Triceps Rope Pushdown",,"",1,"normal",30,10,,,
"Chest Triceps","Jan 20, 2026, 5:44 PM","Jan 20, 2026, 7:08 PM","","Triceps Rope Pushdown",,"",2,"normal",30,10,,,
"Chest Triceps","Jan 20, 2026, 5:44 PM","Jan 20, 2026, 7:08 PM","","Overhead Triceps Extension (Cable)",,"",0,"normal",20,15,,,
"Chest Triceps","Jan 20, 2026, 5:44 PM","Jan 20, 2026, 7:08 PM","","Overhead Triceps Extension (Cable)",,"",1,"normal",20,15,,,
"Chest Triceps","Jan 20, 2026, 5:44 PM","Jan 20, 2026, 7:08 PM","","Overhead Triceps Extension (Cable)",,"",2,"normal",20,15,,,
"Back Biceps Abs","Jan 19, 2026, 5:26 PM","Jan 19, 2026, 7:27 PM","","Stretching",,"",0,"normal",,,,360,
"Back Biceps Abs","Jan 19, 2026, 5:26 PM","Jan 19, 2026, 7:27 PM","","Crunch",,"",0,"normal",,20,,,
"Back Biceps Abs","Jan 19, 2026, 5:26 PM","Jan 19, 2026, 7:27 PM","","Crunch",,"",1,"normal",,20,,,
"Back Biceps Abs","Jan 19, 2026, 5:26 PM","Jan 19, 2026, 7:27 PM","","Crunch",,"",2,"normal",,20,,,
"Back Biceps Abs","Jan 19, 2026, 5:26 PM","Jan 19, 2026, 7:27 PM","","Hanging Knee Raise",,"",0,"normal",,12,,,
"Back Biceps Abs","Jan 19, 2026, 5:26 PM","Jan 19, 2026, 7:27 PM","","Hanging Knee Raise",,"",1,"normal",,12,,,
"Back Biceps Abs","Jan 19, 2026, 5:26 PM","Jan 19, 2026, 7:27 PM","","Hanging Knee Raise",,"",2,"normal",,12,,,
"Back Biceps Abs","Jan 19, 2026, 5:26 PM","Jan 19, 2026, 7:27 PM","","Pull Up",,"",0,"normal",,10,,,
"Back Biceps Abs","Jan 19, 2026, 5:26 PM","Jan 19, 2026, 7:27 PM","","Pull Up",,"",1,"normal",,7,,,
"Back Biceps Abs","Jan 19, 2026, 5:26 PM","Jan 19, 2026, 7:27 PM","","Pull Up",,"",2,"normal",,7,,,
"Back Biceps Abs","Jan 19, 2026, 5:26 PM","Jan 19, 2026, 7:27 PM","","Rear Delt Reverse Fly (Machine)",,"",0,"normal",45,12,,,
"Back Biceps Abs","Jan 19, 2026, 5:26 PM","Jan 19, 2026, 7:27 PM","","Rear Delt Reverse Fly (Machine)",,"",1,"normal",52.5,10,,,
"Back Biceps Abs","Jan 19, 2026, 5:26 PM","Jan 19, 2026, 7:27 PM","","Rear Delt Reverse Fly (Machine)",,"",2,"normal",52.5,10,,,
"Back Biceps Abs","Jan 19, 2026, 5:26 PM","Jan 19, 2026, 7:27 PM","","Chest Supported Incline Row (Dumbbell)",,"",0,"normal",30,12,,,
"Back Biceps Abs","Jan 19, 2026, 5:26 PM","Jan 19, 2026, 7:27 PM","","Chest Supported Incline Row (Dumbbell)",,"",1,"normal",35,12,,,
"Back Biceps Abs","Jan 19, 2026, 5:26 PM","Jan 19, 2026, 7:27 PM","","Chest Supported Incline Row (Dumbbell)",,"",2,"normal",35,12,,,
"Back Biceps Abs","Jan 19, 2026, 5:26 PM","Jan 19, 2026, 7:27 PM","","Reverse Grip Lat Pulldown (Cable)",,"",0,"normal",45.5,12,,,
"Back Biceps Abs","Jan 19, 2026, 5:26 PM","Jan 19, 2026, 7:27 PM","","Reverse Grip Lat Pulldown (Cable)",,"",1,"normal",45.5,10,,,
"Back Biceps Abs","Jan 19, 2026, 5:26 PM","Jan 19, 2026, 7:27 PM","","Reverse Grip Lat Pulldown (Cable)",,"",2,"normal",52,8,,,
"Back Biceps Abs","Jan 19, 2026, 5:26 PM","Jan 19, 2026, 7:27 PM","","Seated Row (Machine)",,"Single arm",0,"normal",40,10,,,
"Back Biceps Abs","Jan 19, 2026, 5:26 PM","Jan 19, 2026, 7:27 PM","","Seated Row (Machine)",,"Single arm",1,"normal",40,10,,,
"Back Biceps Abs","Jan 19, 2026, 5:26 PM","Jan 19, 2026, 7:27 PM","","Seated Row (Machine)",,"Single arm",2,"normal",40,10,,,
"Back Biceps Abs","Jan 19, 2026, 5:26 PM","Jan 19, 2026, 7:27 PM","","Seated Cable Row - V Grip (Cable)",,"",0,"normal",60,12,,,
"Back Biceps Abs","Jan 19, 2026, 5:26 PM","Jan 19, 2026, 7:27 PM","","Seated Cable Row - V Grip (Cable)",,"",1,"normal",65,12,,,
"Back Biceps Abs","Jan 19, 2026, 5:26 PM","Jan 19, 2026, 7:27 PM","","Seated Cable Row - V Grip (Cable)",,"",2,"normal",70,12,,,
"Back Biceps Abs","Jan 19, 2026, 5:26 PM","Jan 19, 2026, 7:27 PM","","Single Arm Lat Pulldown",,"",0,"normal",40,24,,,
"Back Biceps Abs","Jan 19, 2026, 5:26 PM","Jan 19, 2026, 7:27 PM","","Single Arm Lat Pulldown",,"",1,"normal",40,22,,,
"Back Biceps Abs","Jan 19, 2026, 5:26 PM","Jan 19, 2026, 7:27 PM","","Single Arm Lat Pulldown",,"",2,"normal",40,22,,,
"Back Biceps Abs","Jan 19, 2026, 5:26 PM","Jan 19, 2026, 7:27 PM","","Hammer Curl (Cable)",,"",0,"normal",30,12,,,
"Back Biceps Abs","Jan 19, 2026, 5:26 PM","Jan 19, 2026, 7:27 PM","","Hammer Curl (Cable)",,"",1,"normal",30,12,,,
"Back Biceps Abs","Jan 19, 2026, 5:26 PM","Jan 19, 2026, 7:27 PM","","Hammer Curl (Cable)",,"",2,"normal",30,12,,,
"Back Biceps Abs","Jan 19, 2026, 5:26 PM","Jan 19, 2026, 7:27 PM","","Behind the Back Curl (Cable)",,"",0,"normal",30,12,,,
"Back Biceps Abs","Jan 19, 2026, 5:26 PM","Jan 19, 2026, 7:27 PM","","Behind the Back Curl (Cable)",,"",1,"normal",30,11,,,
"Back Biceps Abs","Jan 19, 2026, 5:26 PM","Jan 19, 2026, 7:27 PM","","Behind the Back Curl (Cable)",,"",2,"normal",30,11,,,
"Back Biceps Abs","Jan 19, 2026, 5:26 PM","Jan 19, 2026, 7:27 PM","","Preacher Curl (Barbell)",,"",0,"normal",15,12,,,
"Back Biceps Abs","Jan 19, 2026, 5:26 PM","Jan 19, 2026, 7:27 PM","","Preacher Curl (Barbell)",,"",1,"normal",15,12,,,
"Back Biceps Abs","Jan 19, 2026, 5:26 PM","Jan 19, 2026, 7:27 PM","","Preacher Curl (Barbell)",,"",2,"normal",20,8,,,
"Legs Forearms Cardio","Jan 17, 2026, 5:08 PM","Jan 17, 2026, 6:50 PM","","Stretching",,"",0,"normal",,,,623,
"Legs Forearms Cardio","Jan 17, 2026, 5:08 PM","Jan 17, 2026, 6:50 PM","","Lunge (Dumbbell)",,"",0,"normal",20,12,,,
"Legs Forearms Cardio","Jan 17, 2026, 5:08 PM","Jan 17, 2026, 6:50 PM","","Lunge (Dumbbell)",,"",1,"normal",20,12,,,
"Legs Forearms Cardio","Jan 17, 2026, 5:08 PM","Jan 17, 2026, 6:50 PM","","Lunge (Dumbbell)",,"",2,"normal",20,12,,,
"Legs Forearms Cardio","Jan 17, 2026, 5:08 PM","Jan 17, 2026, 6:50 PM","","Leg Extension (Machine)",,"",0,"normal",50,12,,,
"Legs Forearms Cardio","Jan 17, 2026, 5:08 PM","Jan 17, 2026, 6:50 PM","","Leg Extension (Machine)",,"",1,"normal",55,12,,,
"Legs Forearms Cardio","Jan 17, 2026, 5:08 PM","Jan 17, 2026, 6:50 PM","","Leg Extension (Machine)",,"",2,"normal",60,12,,,
"Legs Forearms Cardio","Jan 17, 2026, 5:08 PM","Jan 17, 2026, 6:50 PM","","Seated Leg Curl (Machine)",,"",0,"normal",50,12,,,
"Legs Forearms Cardio","Jan 17, 2026, 5:08 PM","Jan 17, 2026, 6:50 PM","","Seated Leg Curl (Machine)",,"",1,"normal",55,12,,,
"Legs Forearms Cardio","Jan 17, 2026, 5:08 PM","Jan 17, 2026, 6:50 PM","","Seated Leg Curl (Machine)",,"",2,"normal",60,12,,,
"Legs Forearms Cardio","Jan 17, 2026, 5:08 PM","Jan 17, 2026, 6:50 PM","","Hip Abduction (Machine)",,"",0,"normal",60,12,,,
"Legs Forearms Cardio","Jan 17, 2026, 5:08 PM","Jan 17, 2026, 6:50 PM","","Hip Abduction (Machine)",,"",1,"normal",70,15,,,
"Legs Forearms Cardio","Jan 17, 2026, 5:08 PM","Jan 17, 2026, 6:50 PM","","Hip Abduction (Machine)",,"",2,"normal",60,15,,,
"Legs Forearms Cardio","Jan 17, 2026, 5:08 PM","Jan 17, 2026, 6:50 PM","","Hip Adduction (Machine)",,"",0,"normal",60,12,,,
"Legs Forearms Cardio","Jan 17, 2026, 5:08 PM","Jan 17, 2026, 6:50 PM","","Hip Adduction (Machine)",,"",1,"normal",70,12,,,
"Legs Forearms Cardio","Jan 17, 2026, 5:08 PM","Jan 17, 2026, 6:50 PM","","Hip Adduction (Machine)",,"",2,"normal",60,12,,,
"Legs Forearms Cardio","Jan 17, 2026, 5:08 PM","Jan 17, 2026, 6:50 PM","","Standing Calf Raise (Smith)",,"",0,"normal",30,15,,,
"Legs Forearms Cardio","Jan 17, 2026, 5:08 PM","Jan 17, 2026, 6:50 PM","","Standing Calf Raise (Smith)",,"",1,"normal",35,15,,,
"Legs Forearms Cardio","Jan 17, 2026, 5:08 PM","Jan 17, 2026, 6:50 PM","","Standing Calf Raise (Smith)",,"",2,"normal",35,15,,,
"Legs Forearms Cardio","Jan 17, 2026, 5:08 PM","Jan 17, 2026, 6:50 PM","","Hip Thrust (Barbell)",,"",0,"normal",30,15,,,
"Legs Forearms Cardio","Jan 17, 2026, 5:08 PM","Jan 17, 2026, 6:50 PM","","Hip Thrust (Barbell)",,"",1,"normal",30,15,,,
"Legs Forearms Cardio","Jan 17, 2026, 5:08 PM","Jan 17, 2026, 6:50 PM","","Hip Thrust (Barbell)",,"",2,"normal",30,15,,,
"Legs Forearms Cardio","Jan 17, 2026, 5:08 PM","Jan 17, 2026, 6:50 PM","","Reverse Curl",,"",0,"normal",25,15,,,
"Legs Forearms Cardio","Jan 17, 2026, 5:08 PM","Jan 17, 2026, 6:50 PM","","Reverse Curl",,"",1,"normal",25,15,,,
"Legs Forearms Cardio","Jan 17, 2026, 5:08 PM","Jan 17, 2026, 6:50 PM","","Reverse Curl",,"",2,"normal",25,15,,,
"Legs Forearms Cardio","Jan 17, 2026, 5:08 PM","Jan 17, 2026, 6:50 PM","","Behind the Back Wrist Curl (Barbell)",,"",0,"normal",25,20,,,
"Legs Forearms Cardio","Jan 17, 2026, 5:08 PM","Jan 17, 2026, 6:50 PM","","Behind the Back Wrist Curl (Barbell)",,"",1,"normal",25,20,,,
"Legs Forearms Cardio","Jan 17, 2026, 5:08 PM","Jan 17, 2026, 6:50 PM","","Behind the Back Wrist Curl (Barbell)",,"",2,"normal",25,20,,,
"Legs Forearms Cardio","Jan 17, 2026, 5:08 PM","Jan 17, 2026, 6:50 PM","","Treadmill",,"",0,"normal",,,0.8,600,
"Arms + Cardio","Jan 16, 2026, 5:15 PM","Jan 16, 2026, 7:21 PM","","Chin Up",,"",0,"normal",,10,,,
"Arms + Cardio","Jan 16, 2026, 5:15 PM","Jan 16, 2026, 7:21 PM","","Chin Up",,"",1,"normal",,9,,,
"Arms + Cardio","Jan 16, 2026, 5:15 PM","Jan 16, 2026, 7:21 PM","","Chin Up",,"",2,"normal",,7,,,
"Arms + Cardio","Jan 16, 2026, 5:15 PM","Jan 16, 2026, 7:21 PM","","Diamond Push Up",,"",0,"normal",,15,,,
"Arms + Cardio","Jan 16, 2026, 5:15 PM","Jan 16, 2026, 7:21 PM","","Diamond Push Up",,"",1,"normal",,15,,,
"Arms + Cardio","Jan 16, 2026, 5:15 PM","Jan 16, 2026, 7:21 PM","","Diamond Push Up",,"",2,"normal",,15,,,
"Arms + Cardio","Jan 16, 2026, 5:15 PM","Jan 16, 2026, 7:21 PM","","Hammer Curl (Cable)",,"",0,"normal",30,15,,,
"Arms + Cardio","Jan 16, 2026, 5:15 PM","Jan 16, 2026, 7:21 PM","","Hammer Curl (Cable)",,"",1,"normal",35,12,,,
"Arms + Cardio","Jan 16, 2026, 5:15 PM","Jan 16, 2026, 7:21 PM","","Hammer Curl (Cable)",,"",2,"normal",35,10,,,
"Arms + Cardio","Jan 16, 2026, 5:15 PM","Jan 16, 2026, 7:21 PM","","Triceps Pushdown",,"",0,"normal",30,15,,,
"Arms + Cardio","Jan 16, 2026, 5:15 PM","Jan 16, 2026, 7:21 PM","","Triceps Pushdown",,"",1,"normal",35,12,,,
"Arms + Cardio","Jan 16, 2026, 5:15 PM","Jan 16, 2026, 7:21 PM","","Triceps Pushdown",,"",2,"normal",35,12,,,
"Arms + Cardio","Jan 16, 2026, 5:15 PM","Jan 16, 2026, 7:21 PM","","Preacher Curl (Barbell)",,"",0,"normal",15,15,,,
"Arms + Cardio","Jan 16, 2026, 5:15 PM","Jan 16, 2026, 7:21 PM","","Preacher Curl (Barbell)",,"",1,"normal",20,12,,,
"Arms + Cardio","Jan 16, 2026, 5:15 PM","Jan 16, 2026, 7:21 PM","","Preacher Curl (Barbell)",,"",2,"normal",20,12,,,
"Arms + Cardio","Jan 16, 2026, 5:15 PM","Jan 16, 2026, 7:21 PM","","Triceps Extension (Dumbbell)",,"",0,"normal",15,16,,,
"Arms + Cardio","Jan 16, 2026, 5:15 PM","Jan 16, 2026, 7:21 PM","","Triceps Extension (Dumbbell)",,"",1,"normal",17.5,16,,,
"Arms + Cardio","Jan 16, 2026, 5:15 PM","Jan 16, 2026, 7:21 PM","","Triceps Extension (Dumbbell)",,"",2,"normal",20,13,,,
"Arms + Cardio","Jan 16, 2026, 5:15 PM","Jan 16, 2026, 7:21 PM","","Behind the Back Curl (Cable)",,"",0,"normal",30,12,,,
"Arms + Cardio","Jan 16, 2026, 5:15 PM","Jan 16, 2026, 7:21 PM","","Behind the Back Curl (Cable)",,"",1,"normal",30,12,,,
"Arms + Cardio","Jan 16, 2026, 5:15 PM","Jan 16, 2026, 7:21 PM","","Behind the Back Curl (Cable)",,"",2,"normal",30,12,,,
"Arms + Cardio","Jan 16, 2026, 5:15 PM","Jan 16, 2026, 7:21 PM","","Bicep Curl (Cable)",,"",0,"normal",35,12,,,
"Arms + Cardio","Jan 16, 2026, 5:15 PM","Jan 16, 2026, 7:21 PM","","Bicep Curl (Cable)",,"",1,"normal",40,10,,,
"Arms + Cardio","Jan 16, 2026, 5:15 PM","Jan 16, 2026, 7:21 PM","","Bicep Curl (Cable)",,"",2,"normal",35,8,,,
"Arms + Cardio","Jan 16, 2026, 5:15 PM","Jan 16, 2026, 7:21 PM","","Bench Dip",,"",0,"normal",,25,,,
"Arms + Cardio","Jan 16, 2026, 5:15 PM","Jan 16, 2026, 7:21 PM","","Bench Dip",,"",1,"normal",,25,,,
"Arms + Cardio","Jan 16, 2026, 5:15 PM","Jan 16, 2026, 7:21 PM","","Bench Dip",,"",2,"normal",,25,,,
"Arms + Cardio","Jan 16, 2026, 5:15 PM","Jan 16, 2026, 7:21 PM","","Treadmill",,"4 mins incline",0,"normal",,,1,600,
"Arms + Cardio","Jan 16, 2026, 5:15 PM","Jan 16, 2026, 7:21 PM","","Reverse Curl",,"",0,"normal",25,15,,,
"Arms + Cardio","Jan 16, 2026, 5:15 PM","Jan 16, 2026, 7:21 PM","","Reverse Curl",,"",1,"normal",25,15,,,
"Arms + Cardio","Jan 16, 2026, 5:15 PM","Jan 16, 2026, 7:21 PM","","Reverse Curl",,"",2,"normal",25,15,,,
"Arms + Cardio","Jan 16, 2026, 5:15 PM","Jan 16, 2026, 7:21 PM","","Seated Palms Up Wrist Curl",,"",0,"normal",20,20,,,
"Arms + Cardio","Jan 16, 2026, 5:15 PM","Jan 16, 2026, 7:21 PM","","Seated Palms Up Wrist Curl",,"",1,"normal",20,15,,,
"Arms + Cardio","Jan 16, 2026, 5:15 PM","Jan 16, 2026, 7:21 PM","","Seated Palms Up Wrist Curl",,"",2,"normal",20,16,,,
"Shoulders + Abs","Jan 15, 2026, 5:09 PM","Jan 15, 2026, 7:08 PM","","Shoulder Press (Dumbbell)",,"",0,"normal",20,15,,,
"Shoulders + Abs","Jan 15, 2026, 5:09 PM","Jan 15, 2026, 7:08 PM","","Shoulder Press (Dumbbell)",,"",1,"normal",30,12,,,
"Shoulders + Abs","Jan 15, 2026, 5:09 PM","Jan 15, 2026, 7:08 PM","","Shoulder Press (Dumbbell)",,"",2,"normal",35,10,,,
"Shoulders + Abs","Jan 15, 2026, 5:09 PM","Jan 15, 2026, 7:08 PM","","Shoulder Press (Dumbbell)",,"",3,"normal",35,10,,,
"Shoulders + Abs","Jan 15, 2026, 5:09 PM","Jan 15, 2026, 7:08 PM","","Single Arm Lateral Raise (Cable)",,"",0,"normal",20,12,,,
"Shoulders + Abs","Jan 15, 2026, 5:09 PM","Jan 15, 2026, 7:08 PM","","Single Arm Lateral Raise (Cable)",,"",1,"normal",20,12,,,
"Shoulders + Abs","Jan 15, 2026, 5:09 PM","Jan 15, 2026, 7:08 PM","","Single Arm Lateral Raise (Cable)",,"",2,"normal",20,12,,,
"Shoulders + Abs","Jan 15, 2026, 5:09 PM","Jan 15, 2026, 7:08 PM","","Face Pull",,"",0,"normal",25,15,,,
"Shoulders + Abs","Jan 15, 2026, 5:09 PM","Jan 15, 2026, 7:08 PM","","Face Pull",,"",1,"normal",30,15,,,
"Shoulders + Abs","Jan 15, 2026, 5:09 PM","Jan 15, 2026, 7:08 PM","","Face Pull",,"",2,"normal",30,12,,,
"Shoulders + Abs","Jan 15, 2026, 5:09 PM","Jan 15, 2026, 7:08 PM","","Shrug (Barbell)",,"",0,"normal",40,18,,,
"Shoulders + Abs","Jan 15, 2026, 5:09 PM","Jan 15, 2026, 7:08 PM","","Shrug (Barbell)",,"",1,"normal",50,18,,,
"Shoulders + Abs","Jan 15, 2026, 5:09 PM","Jan 15, 2026, 7:08 PM","","Shrug (Barbell)",,"",2,"normal",60,18,,,
"Shoulders + Abs","Jan 15, 2026, 5:09 PM","Jan 15, 2026, 7:08 PM","","Crunch",,"",0,"normal",,20,,,
"Shoulders + Abs","Jan 15, 2026, 5:09 PM","Jan 15, 2026, 7:08 PM","","Crunch",,"",1,"normal",,15,,,
"Shoulders + Abs","Jan 15, 2026, 5:09 PM","Jan 15, 2026, 7:08 PM","","Crunch",,"",2,"normal",,15,,,
"Shoulders + Abs","Jan 15, 2026, 5:09 PM","Jan 15, 2026, 7:08 PM","","Plank",,"",0,"normal",,,,60,
"Shoulders + Abs","Jan 15, 2026, 5:09 PM","Jan 15, 2026, 7:08 PM","","Plank",,"",1,"normal",,,,62,
"Shoulders + Abs","Jan 15, 2026, 5:09 PM","Jan 15, 2026, 7:08 PM","","Toe Touch",,"",0,"normal",,24,,,
"Shoulders + Abs","Jan 15, 2026, 5:09 PM","Jan 15, 2026, 7:08 PM","","Toe Touch",,"",1,"normal",,24,,,
"Shoulders + Abs","Jan 15, 2026, 5:09 PM","Jan 15, 2026, 7:08 PM","","Lying Leg Raise",,"",0,"normal",,15,,,
"Shoulders + Abs","Jan 15, 2026, 5:09 PM","Jan 15, 2026, 7:08 PM","","Lying Leg Raise",,"",1,"normal",,15,,,
"Shoulders + Abs","Jan 15, 2026, 5:09 PM","Jan 15, 2026, 7:08 PM","","Lying Leg Raise",,"",2,"normal",,15,,,
"Shoulders + Abs","Jan 15, 2026, 5:09 PM","Jan 15, 2026, 7:08 PM","","Russian Twist (Weighted)",,"",0,"normal",10,24,,,
"Shoulders + Abs","Jan 15, 2026, 5:09 PM","Jan 15, 2026, 7:08 PM","","Russian Twist (Weighted)",,"",1,"normal",10,24,,,
"Shoulders + Abs","Jan 15, 2026, 5:09 PM","Jan 15, 2026, 7:08 PM","","Russian Twist (Weighted)",,"",2,"normal",10,24,,,
"Shoulders + Abs","Jan 15, 2026, 5:09 PM","Jan 15, 2026, 7:08 PM","","Crunch (Weighted)",,"",0,"normal",15,12,,,
"Shoulders + Abs","Jan 15, 2026, 5:09 PM","Jan 15, 2026, 7:08 PM","","Crunch (Weighted)",,"",1,"normal",15,12,,,
"Shoulders + Abs","Jan 15, 2026, 5:09 PM","Jan 15, 2026, 7:08 PM","","Crunch (Weighted)",,"",2,"normal",15,12,,,
"Shoulders + Abs","Jan 15, 2026, 5:09 PM","Jan 15, 2026, 7:08 PM","","Crunch (Weighted)",,"",3,"normal",15,15,,,
"Shoulders + Abs","Jan 15, 2026, 5:09 PM","Jan 15, 2026, 7:08 PM","","Crunch (Weighted)",,"",4,"normal",15,15,,,
"Shoulders + Abs","Jan 15, 2026, 5:09 PM","Jan 15, 2026, 7:08 PM","","Crunch (Weighted)",,"",5,"normal",15,15,,,
"Shoulders + Abs","Jan 15, 2026, 5:09 PM","Jan 15, 2026, 7:08 PM","","Crunch (Weighted)",,"",6,"normal",15,15,,,
"Shoulders + Abs","Jan 15, 2026, 5:09 PM","Jan 15, 2026, 7:08 PM","","Crunch (Weighted)",,"",7,"normal",15,15,,,
"Shoulders + Abs","Jan 15, 2026, 5:09 PM","Jan 15, 2026, 7:08 PM","","Crunch (Weighted)",,"",8,"normal",15,15,,,
"Shoulders + Abs","Jan 15, 2026, 5:09 PM","Jan 15, 2026, 7:08 PM","","Back Extension (Hyperextension)",,"",0,"normal",,14,,,
"Shoulders + Abs","Jan 15, 2026, 5:09 PM","Jan 15, 2026, 7:08 PM","","Back Extension (Hyperextension)",,"",1,"normal",,18,,,
"Shoulders + Abs","Jan 15, 2026, 5:09 PM","Jan 15, 2026, 7:08 PM","","Back Extension (Weighted Hyperextension)",,"",0,"normal",7.5,15,,,
"Shoulders + Abs","Jan 15, 2026, 5:09 PM","Jan 15, 2026, 7:08 PM","","Back Extension (Weighted Hyperextension)",,"",1,"normal",7.5,15,,,
"Legs + Forearms","Jan 14, 2026, 5:12 PM","Jan 14, 2026, 6:59 PM","","Stretching",,"",0,"normal",,,,486,
"Legs + Forearms","Jan 14, 2026, 5:12 PM","Jan 14, 2026, 6:59 PM","","Lunge",,"",0,"normal",,24,,,
"Legs + Forearms","Jan 14, 2026, 5:12 PM","Jan 14, 2026, 6:59 PM","","Bulgarian Split Squat (Dumbbell)",,"",0,"normal",15,12,,,
"Legs + Forearms","Jan 14, 2026, 5:12 PM","Jan 14, 2026, 6:59 PM","","Bulgarian Split Squat (Dumbbell)",,"",1,"normal",20,12,,,
"Legs + Forearms","Jan 14, 2026, 5:12 PM","Jan 14, 2026, 6:59 PM","","Bulgarian Split Squat (Dumbbell)",,"",2,"normal",20,12,,,
"Legs + Forearms","Jan 14, 2026, 5:12 PM","Jan 14, 2026, 6:59 PM","","Leg Extension (Machine)",,"",0,"normal",50,12,,,
"Legs + Forearms","Jan 14, 2026, 5:12 PM","Jan 14, 2026, 6:59 PM","","Leg Extension (Machine)",,"",1,"normal",55,12,,,
"Legs + Forearms","Jan 14, 2026, 5:12 PM","Jan 14, 2026, 6:59 PM","","Leg Extension (Machine)",,"",2,"normal",60,12,,,
"Legs + Forearms","Jan 14, 2026, 5:12 PM","Jan 14, 2026, 6:59 PM","","Seated Leg Curl (Machine)",,"",0,"normal",50,12,,,
"Legs + Forearms","Jan 14, 2026, 5:12 PM","Jan 14, 2026, 6:59 PM","","Seated Leg Curl (Machine)",,"",1,"normal",55,12,,,
"Legs + Forearms","Jan 14, 2026, 5:12 PM","Jan 14, 2026, 6:59 PM","","Seated Leg Curl (Machine)",,"",2,"normal",60,10,,,
"Legs + Forearms","Jan 14, 2026, 5:12 PM","Jan 14, 2026, 6:59 PM","","Hip Abduction (Machine)",,"",0,"normal",60,15,,,
"Legs + Forearms","Jan 14, 2026, 5:12 PM","Jan 14, 2026, 6:59 PM","","Hip Abduction (Machine)",,"",1,"normal",70,15,,,
"Legs + Forearms","Jan 14, 2026, 5:12 PM","Jan 14, 2026, 6:59 PM","","Hip Abduction (Machine)",,"",2,"normal",80,12,,,
"Legs + Forearms","Jan 14, 2026, 5:12 PM","Jan 14, 2026, 6:59 PM","","Hip Adduction (Machine)",,"",0,"normal",60,12,,,
"Legs + Forearms","Jan 14, 2026, 5:12 PM","Jan 14, 2026, 6:59 PM","","Hip Adduction (Machine)",,"",1,"normal",70,12,,,
"Legs + Forearms","Jan 14, 2026, 5:12 PM","Jan 14, 2026, 6:59 PM","","Hip Adduction (Machine)",,"",2,"normal",80,12,,,
"Legs + Forearms","Jan 14, 2026, 5:12 PM","Jan 14, 2026, 6:59 PM","","Leg Press (Machine)",,"",0,"normal",100,12,,,
"Legs + Forearms","Jan 14, 2026, 5:12 PM","Jan 14, 2026, 6:59 PM","","Leg Press (Machine)",,"",1,"normal",120,12,,,
"Legs + Forearms","Jan 14, 2026, 5:12 PM","Jan 14, 2026, 6:59 PM","","Leg Press (Machine)",,"",2,"normal",120,12,,,
"Legs + Forearms","Jan 14, 2026, 5:12 PM","Jan 14, 2026, 6:59 PM","","Standing Calf Raise",,"",0,"normal",,20,,,
"Legs + Forearms","Jan 14, 2026, 5:12 PM","Jan 14, 2026, 6:59 PM","","Standing Calf Raise (Smith)",,"",0,"normal",30,15,,,
"Legs + Forearms","Jan 14, 2026, 5:12 PM","Jan 14, 2026, 6:59 PM","","Standing Calf Raise (Smith)",,"",1,"normal",35,15,,,
"Legs + Forearms","Jan 14, 2026, 5:12 PM","Jan 14, 2026, 6:59 PM","","Reverse Curl",,"Cable",0,"normal",25,15,,,
"Legs + Forearms","Jan 14, 2026, 5:12 PM","Jan 14, 2026, 6:59 PM","","Reverse Curl",,"Cable",1,"normal",25,15,,,
"Legs + Forearms","Jan 14, 2026, 5:12 PM","Jan 14, 2026, 6:59 PM","","Reverse Curl",,"Cable",2,"normal",25,15,,,
"Legs + Forearms","Jan 14, 2026, 5:12 PM","Jan 14, 2026, 6:59 PM","","Behind the Back Wrist Curl (Barbell)",,"",0,"normal",20,25,,,
"Legs + Forearms","Jan 14, 2026, 5:12 PM","Jan 14, 2026, 6:59 PM","","Behind the Back Wrist Curl (Barbell)",,"",1,"normal",20,25,,,
"Legs + Forearms","Jan 14, 2026, 5:12 PM","Jan 14, 2026, 6:59 PM","","Behind the Back Wrist Curl (Barbell)",,"",2,"normal",20,25,,,
"Chest + Triceps","Jan 13, 2026, 5:16 PM","Jan 13, 2026, 6:39 PM","","Push Up",,"",0,"normal",,15,,,
"Chest + Triceps","Jan 13, 2026, 5:16 PM","Jan 13, 2026, 6:39 PM","","Push Up",,"",1,"normal",,15,,,
"Chest + Triceps","Jan 13, 2026, 5:16 PM","Jan 13, 2026, 6:39 PM","","Diamond Push Up",,"",0,"normal",,15,,,
"Chest + Triceps","Jan 13, 2026, 5:16 PM","Jan 13, 2026, 6:39 PM","","Chest Fly (Machine)",,"",0,"normal",45,12,,,
"Chest + Triceps","Jan 13, 2026, 5:16 PM","Jan 13, 2026, 6:39 PM","","Chest Fly (Machine)",,"",1,"normal",52.5,15,,,
"Chest + Triceps","Jan 13, 2026, 5:16 PM","Jan 13, 2026, 6:39 PM","","Chest Fly (Machine)",,"",2,"normal",52.5,12,,,
"Chest + Triceps","Jan 13, 2026, 5:16 PM","Jan 13, 2026, 6:39 PM","","Bench Press (Barbell)",,"",0,"normal",45,12,,,
"Chest + Triceps","Jan 13, 2026, 5:16 PM","Jan 13, 2026, 6:39 PM","","Bench Press (Barbell)",,"",1,"normal",50,12,,,
"Chest + Triceps","Jan 13, 2026, 5:16 PM","Jan 13, 2026, 6:39 PM","","Bench Press (Barbell)",,"",2,"normal",55,8,,,
"Chest + Triceps","Jan 13, 2026, 5:16 PM","Jan 13, 2026, 6:39 PM","","Incline Bench Press (Dumbbell)",,"",0,"normal",35,8,,,
"Chest + Triceps","Jan 13, 2026, 5:16 PM","Jan 13, 2026, 6:39 PM","","Incline Bench Press (Dumbbell)",,"",1,"normal",35,8,,,
"Chest + Triceps","Jan 13, 2026, 5:16 PM","Jan 13, 2026, 6:39 PM","","Incline Bench Press (Dumbbell)",,"",2,"normal",35,7,,,
"Chest + Triceps","Jan 13, 2026, 5:16 PM","Jan 13, 2026, 6:39 PM","","Cable Fly Crossovers",,"",0,"normal",40,14,,,
"Chest + Triceps","Jan 13, 2026, 5:16 PM","Jan 13, 2026, 6:39 PM","","Cable Fly Crossovers",,"",1,"normal",40,12,,,
"Chest + Triceps","Jan 13, 2026, 5:16 PM","Jan 13, 2026, 6:39 PM","","Cable Fly Crossovers",,"",2,"normal",40,12,,,
"Chest + Triceps","Jan 13, 2026, 5:16 PM","Jan 13, 2026, 6:39 PM","","Triceps Pushdown",,"V",0,"normal",25,15,,,
"Chest + Triceps","Jan 13, 2026, 5:16 PM","Jan 13, 2026, 6:39 PM","","Triceps Pushdown",,"V",1,"normal",30,12,,,
"Chest + Triceps","Jan 13, 2026, 5:16 PM","Jan 13, 2026, 6:39 PM","","Triceps Pushdown",,"V",2,"normal",30,12,,,
"Chest + Triceps","Jan 13, 2026, 5:16 PM","Jan 13, 2026, 6:39 PM","","Overhead Triceps Extension (Cable)",,"",0,"normal",20,13,,,
"Chest + Triceps","Jan 13, 2026, 5:16 PM","Jan 13, 2026, 6:39 PM","","Overhead Triceps Extension (Cable)",,"",1,"normal",20,14,,,
"Chest + Triceps","Jan 13, 2026, 5:16 PM","Jan 13, 2026, 6:39 PM","","Overhead Triceps Extension (Cable)",,"",2,"normal",20,14,,,
"Chest + Triceps","Jan 13, 2026, 5:16 PM","Jan 13, 2026, 6:39 PM","","Bench Dip",,"",0,"normal",,25,,,
"Chest + Triceps","Jan 13, 2026, 5:16 PM","Jan 13, 2026, 6:39 PM","","Bench Dip",,"",1,"normal",,25,,,
"Chest + Triceps","Jan 13, 2026, 5:16 PM","Jan 13, 2026, 6:39 PM","","Bench Dip",,"",2,"normal",,25,,,
"Back + Biceps","Jan 12, 2026, 6:29 PM","Jan 12, 2026, 7:55 PM","","Pull Up",,"",0,"normal",,10,,,
"Back + Biceps","Jan 12, 2026, 6:29 PM","Jan 12, 2026, 7:55 PM","","Pull Up",,"",1,"normal",,8,,,
"Back + Biceps","Jan 12, 2026, 6:29 PM","Jan 12, 2026, 7:55 PM","","Pull Up",,"",2,"normal",,6,,,
"Back + Biceps","Jan 12, 2026, 6:29 PM","Jan 12, 2026, 7:55 PM","","Seated Cable Row - Bar Grip",,"",0,"normal",60,12,,,
"Back + Biceps","Jan 12, 2026, 6:29 PM","Jan 12, 2026, 7:55 PM","","Seated Cable Row - Bar Grip",,"",1,"normal",65,11,,,
"Back + Biceps","Jan 12, 2026, 6:29 PM","Jan 12, 2026, 7:55 PM","","Seated Cable Row - Bar Grip",,"",2,"normal",70,12,,,
"Back + Biceps","Jan 12, 2026, 6:29 PM","Jan 12, 2026, 7:55 PM","","Lat Pulldown - Close Grip (Cable)",,"",0,"normal",45.5,12,,,
"Back + Biceps","Jan 12, 2026, 6:29 PM","Jan 12, 2026, 7:55 PM","","Lat Pulldown - Close Grip (Cable)",,"",1,"normal",52,8,,,
"Back + Biceps","Jan 12, 2026, 6:29 PM","Jan 12, 2026, 7:55 PM","","Lat Pulldown - Close Grip (Cable)",,"",2,"normal",52,8,,,
"Back + Biceps","Jan 12, 2026, 6:29 PM","Jan 12, 2026, 7:55 PM","","Chest Supported Incline Row (Dumbbell)",,"",0,"normal",35,10,,,
"Back + Biceps","Jan 12, 2026, 6:29 PM","Jan 12, 2026, 7:55 PM","","Chest Supported Incline Row (Dumbbell)",,"",1,"normal",35,10,,,
"Back + Biceps","Jan 12, 2026, 6:29 PM","Jan 12, 2026, 7:55 PM","","Chest Supported Incline Row (Dumbbell)",,"",2,"normal",35,10,,,
"Back + Biceps","Jan 12, 2026, 6:29 PM","Jan 12, 2026, 7:55 PM","","Lat Pulldown (Machine)",,"",0,"normal",80,10,,,
"Back + Biceps","Jan 12, 2026, 6:29 PM","Jan 12, 2026, 7:55 PM","","Lat Pulldown (Machine)",,"",1,"normal",80,10,,,
"Back + Biceps","Jan 12, 2026, 6:29 PM","Jan 12, 2026, 7:55 PM","","Lat Pulldown (Machine)",,"",2,"normal",80,10,,,
"Back + Biceps","Jan 12, 2026, 6:29 PM","Jan 12, 2026, 7:55 PM","","Bicep Curl (Dumbbell)",,".",0,"normal",15,12,,,
"Back + Biceps","Jan 12, 2026, 6:29 PM","Jan 12, 2026, 7:55 PM","","Hammer Curl (Dumbbell)",,"",0,"normal",20,10,,,
"Back + Biceps","Jan 12, 2026, 6:29 PM","Jan 12, 2026, 7:55 PM","","Hammer Curl (Dumbbell)",,"",1,"normal",20,10,,,
"Back + Biceps","Jan 12, 2026, 6:29 PM","Jan 12, 2026, 7:55 PM","","Seated Incline Curl (Dumbbell)",,"",0,"normal",15,8,,,
"Back + Biceps","Jan 12, 2026, 6:29 PM","Jan 12, 2026, 7:55 PM","","Seated Incline Curl (Dumbbell)",,"",1,"normal",15,10,,,
"Back + Biceps","Jan 12, 2026, 6:29 PM","Jan 12, 2026, 7:55 PM","","Seated Incline Curl (Dumbbell)",,"",2,"normal",15,10,,,
"Back + Biceps","Jan 12, 2026, 6:29 PM","Jan 12, 2026, 7:55 PM","","Concentration Curl",,"",0,"normal",10,16,,,
"Back + Biceps","Jan 12, 2026, 6:29 PM","Jan 12, 2026, 7:55 PM","","Concentration Curl",,"",1,"normal",10,18,,,
"Back + Biceps","Jan 12, 2026, 6:29 PM","Jan 12, 2026, 7:55 PM","","Preacher Curl (Barbell)",,"",0,"normal",15,12,,,
"Back + Biceps","Jan 12, 2026, 6:29 PM","Jan 12, 2026, 7:55 PM","","Preacher Curl (Barbell)",,"",1,"normal",20,8,,,
"Back + Biceps","Jan 12, 2026, 6:29 PM","Jan 12, 2026, 7:55 PM","","Preacher Curl (Barbell)",,"",2,"normal",20,8,,,
"Legs + Forearms","Jan 10, 2026, 5:23 PM","Jan 10, 2026, 7:37 PM","","Stretching",,"",0,"normal",,,,327,
"Legs + Forearms","Jan 10, 2026, 5:23 PM","Jan 10, 2026, 7:37 PM","","Cycling",,"",0,"normal",,,1,140,
"Legs + Forearms","Jan 10, 2026, 5:23 PM","Jan 10, 2026, 7:37 PM","","Lunge (Dumbbell)",,"",0,"normal",15,12,,,
"Legs + Forearms","Jan 10, 2026, 5:23 PM","Jan 10, 2026, 7:37 PM","","Lunge (Dumbbell)",,"",1,"normal",20,12,,,
"Legs + Forearms","Jan 10, 2026, 5:23 PM","Jan 10, 2026, 7:37 PM","","Lunge (Dumbbell)",,"",2,"normal",25,12,,,
"Legs + Forearms","Jan 10, 2026, 5:23 PM","Jan 10, 2026, 7:37 PM","","Romanian Deadlift (Barbell)",,"",0,"normal",30,12,,,
"Legs + Forearms","Jan 10, 2026, 5:23 PM","Jan 10, 2026, 7:37 PM","","Romanian Deadlift (Barbell)",,"",1,"normal",30,12,,,
"Legs + Forearms","Jan 10, 2026, 5:23 PM","Jan 10, 2026, 7:37 PM","","Hip Thrust (Barbell)",,"",0,"normal",20,15,,,
"Legs + Forearms","Jan 10, 2026, 5:23 PM","Jan 10, 2026, 7:37 PM","","Hip Thrust (Barbell)",,"",1,"normal",30,15,,,
"Legs + Forearms","Jan 10, 2026, 5:23 PM","Jan 10, 2026, 7:37 PM","","Hip Thrust (Barbell)",,"",2,"normal",30,15,,,
"Legs + Forearms","Jan 10, 2026, 5:23 PM","Jan 10, 2026, 7:37 PM","","Leg Extension (Machine)",,"",0,"normal",50,12,,,
"Legs + Forearms","Jan 10, 2026, 5:23 PM","Jan 10, 2026, 7:37 PM","","Leg Extension (Machine)",,"",1,"normal",55,12,,,
"Legs + Forearms","Jan 10, 2026, 5:23 PM","Jan 10, 2026, 7:37 PM","","Leg Extension (Machine)",,"",2,"normal",50,12,,,
"Legs + Forearms","Jan 10, 2026, 5:23 PM","Jan 10, 2026, 7:37 PM","","Seated Leg Curl (Machine)",,"",0,"normal",45,12,,,
"Legs + Forearms","Jan 10, 2026, 5:23 PM","Jan 10, 2026, 7:37 PM","","Seated Leg Curl (Machine)",,"",1,"normal",50,12,,,
"Legs + Forearms","Jan 10, 2026, 5:23 PM","Jan 10, 2026, 7:37 PM","","Seated Leg Curl (Machine)",,"",2,"normal",55,12,,,
"Legs + Forearms","Jan 10, 2026, 5:23 PM","Jan 10, 2026, 7:37 PM","","Hip Abduction (Machine)",,"",0,"normal",60,15,,,
"Legs + Forearms","Jan 10, 2026, 5:23 PM","Jan 10, 2026, 7:37 PM","","Hip Abduction (Machine)",,"",1,"normal",70,15,,,
"Legs + Forearms","Jan 10, 2026, 5:23 PM","Jan 10, 2026, 7:37 PM","","Hip Abduction (Machine)",,"",2,"normal",90,12,,,
"Legs + Forearms","Jan 10, 2026, 5:23 PM","Jan 10, 2026, 7:37 PM","","Hip Adduction (Machine)",,"",0,"normal",60,12,,,
"Legs + Forearms","Jan 10, 2026, 5:23 PM","Jan 10, 2026, 7:37 PM","","Hip Adduction (Machine)",,"",1,"normal",70,12,,,
"Legs + Forearms","Jan 10, 2026, 5:23 PM","Jan 10, 2026, 7:37 PM","","Hip Adduction (Machine)",,"",2,"normal",80,12,,,
"Legs + Forearms","Jan 10, 2026, 5:23 PM","Jan 10, 2026, 7:37 PM","","Leg Press (Machine)",,"",0,"normal",100,12,,,
"Legs + Forearms","Jan 10, 2026, 5:23 PM","Jan 10, 2026, 7:37 PM","","Leg Press (Machine)",,"",1,"normal",120,12,,,
"Legs + Forearms","Jan 10, 2026, 5:23 PM","Jan 10, 2026, 7:37 PM","","Leg Press (Machine)",,"",2,"normal",130,12,,,
"Legs + Forearms","Jan 10, 2026, 5:23 PM","Jan 10, 2026, 7:37 PM","","Standing Calf Raise (Smith)",,"",0,"normal",30,15,,,
"Legs + Forearms","Jan 10, 2026, 5:23 PM","Jan 10, 2026, 7:37 PM","","Standing Calf Raise (Smith)",,"",1,"normal",35,15,,,
"Legs + Forearms","Jan 10, 2026, 5:23 PM","Jan 10, 2026, 7:37 PM","","Standing Calf Raise (Smith)",,"",2,"normal",35,15,,,
"Legs + Forearms","Jan 10, 2026, 5:23 PM","Jan 10, 2026, 7:37 PM","","Seated Palms Up Wrist Curl",,"Machine",0,"normal",15,20,,,
"Legs + Forearms","Jan 10, 2026, 5:23 PM","Jan 10, 2026, 7:37 PM","","Seated Palms Up Wrist Curl",,"Machine",1,"normal",15,20,,,
"Legs + Forearms","Jan 10, 2026, 5:23 PM","Jan 10, 2026, 7:37 PM","","Seated Palms Up Wrist Curl",,"Machine",2,"normal",15,20,,,
"Legs + Forearms","Jan 10, 2026, 5:23 PM","Jan 10, 2026, 7:37 PM","","Reverse Curl",,"Machine",0,"normal",10,20,,,
"Legs + Forearms","Jan 10, 2026, 5:23 PM","Jan 10, 2026, 7:37 PM","","Reverse Curl",,"Machine",1,"normal",10,20,,,
"Legs + Forearms","Jan 10, 2026, 5:23 PM","Jan 10, 2026, 7:37 PM","","Reverse Curl",,"Machine",2,"normal",10,20,,,
"Arms","Jan 9, 2026, 5:12 PM","Jan 9, 2026, 7:24 PM","","Pull Up",,"",0,"normal",,8,,,
"Arms","Jan 9, 2026, 5:12 PM","Jan 9, 2026, 7:24 PM","","Pull Up",,"",1,"normal",,8,,,
"Arms","Jan 9, 2026, 5:12 PM","Jan 9, 2026, 7:24 PM","","Pull Up",,"",2,"normal",,6,,,
"Arms","Jan 9, 2026, 5:12 PM","Jan 9, 2026, 7:24 PM","","Diamond Push Up",,"",0,"normal",,15,,,
"Arms","Jan 9, 2026, 5:12 PM","Jan 9, 2026, 7:24 PM","","Diamond Push Up",,"",1,"normal",,15,,,
"Arms","Jan 9, 2026, 5:12 PM","Jan 9, 2026, 7:24 PM","","Hammer Curl (Cable)",,"",0,"normal",30,15,,,
"Arms","Jan 9, 2026, 5:12 PM","Jan 9, 2026, 7:24 PM","","Hammer Curl (Cable)",,"",1,"normal",35,14,,,
"Arms","Jan 9, 2026, 5:12 PM","Jan 9, 2026, 7:24 PM","","Hammer Curl (Cable)",,"",2,"normal",35,14,,,
"Arms","Jan 9, 2026, 5:12 PM","Jan 9, 2026, 7:24 PM","","Behind the Back Curl (Cable)",,".",0,"normal",30,10,,,
"Arms","Jan 9, 2026, 5:12 PM","Jan 9, 2026, 7:24 PM","","Behind the Back Curl (Cable)",,".",1,"normal",30,12,,,
"Arms","Jan 9, 2026, 5:12 PM","Jan 9, 2026, 7:24 PM","","Behind the Back Curl (Cable)",,".",2,"normal",30,12,,,
"Arms","Jan 9, 2026, 5:12 PM","Jan 9, 2026, 7:24 PM","","Preacher Curl (Barbell)",,"",0,"normal",15,15,,,
"Arms","Jan 9, 2026, 5:12 PM","Jan 9, 2026, 7:24 PM","","Preacher Curl (Barbell)",,"",1,"normal",15,15,,,
"Arms","Jan 9, 2026, 5:12 PM","Jan 9, 2026, 7:24 PM","","Preacher Curl (Barbell)",,"",2,"normal",15,15,,,
"Arms","Jan 9, 2026, 5:12 PM","Jan 9, 2026, 7:24 PM","","Preacher Curl (Barbell)",,"",3,"normal",15,15,,,
"Arms","Jan 9, 2026, 5:12 PM","Jan 9, 2026, 7:24 PM","","Triceps Rope Pushdown",,"",0,"normal",30,12,,,
"Arms","Jan 9, 2026, 5:12 PM","Jan 9, 2026, 7:24 PM","","Triceps Rope Pushdown",,"",1,"normal",25,18,,,
"Arms","Jan 9, 2026, 5:12 PM","Jan 9, 2026, 7:24 PM","","Triceps Rope Pushdown",,"",2,"normal",30,12,,,
"Arms","Jan 9, 2026, 5:12 PM","Jan 9, 2026, 7:24 PM","","Overhead Triceps Extension (Cable)",,"",0,"normal",20,14,,,
"Arms","Jan 9, 2026, 5:12 PM","Jan 9, 2026, 7:24 PM","","Overhead Triceps Extension (Cable)",,"",1,"normal",20,14,,,
"Arms","Jan 9, 2026, 5:12 PM","Jan 9, 2026, 7:24 PM","","Overhead Triceps Extension (Cable)",,"",2,"normal",20,13,,,
"Arms","Jan 9, 2026, 5:12 PM","Jan 9, 2026, 7:24 PM","","Bench Dip",,"",0,"normal",,20,,,
"Arms","Jan 9, 2026, 5:12 PM","Jan 9, 2026, 7:24 PM","","Bench Dip",,"",1,"normal",,25,,,
"Arms","Jan 9, 2026, 5:12 PM","Jan 9, 2026, 7:24 PM","","Bench Dip",,"",2,"normal",,25,,,
"Arms","Jan 9, 2026, 5:12 PM","Jan 9, 2026, 7:24 PM","","Bench Dip",,"",3,"normal",,20,,,
"Arms","Jan 9, 2026, 5:12 PM","Jan 9, 2026, 7:24 PM","","Triceps Extension (Dumbbell)",,"",0,"normal",12.5,17,,,
"Arms","Jan 9, 2026, 5:12 PM","Jan 9, 2026, 7:24 PM","","Triceps Extension (Dumbbell)",,"",1,"normal",15,15,,,
"Arms","Jan 9, 2026, 5:12 PM","Jan 9, 2026, 7:24 PM","","Triceps Extension (Dumbbell)",,"",2,"normal",17.5,16,,,
"Arms","Jan 9, 2026, 5:12 PM","Jan 9, 2026, 7:24 PM","","Concentration Curl",,"",0,"normal",7.5,24,,,
"Arms","Jan 9, 2026, 5:12 PM","Jan 9, 2026, 7:24 PM","","Concentration Curl",,"",1,"normal",10,24,,,
"Arms","Jan 9, 2026, 5:12 PM","Jan 9, 2026, 7:24 PM","","Concentration Curl",,"",2,"normal",10,24,,,
"Arms","Jan 9, 2026, 5:12 PM","Jan 9, 2026, 7:24 PM","","Reverse Curl",,"",0,"normal",25,14,,,
"Arms","Jan 9, 2026, 5:12 PM","Jan 9, 2026, 7:24 PM","","Reverse Curl",,"",1,"normal",30,12,,,
"Arms","Jan 9, 2026, 5:12 PM","Jan 9, 2026, 7:24 PM","","Reverse Curl",,"",2,"normal",30,12,,,
"Arms","Jan 9, 2026, 5:12 PM","Jan 9, 2026, 7:24 PM","","Seated Palms Up Wrist Curl",,"",0,"normal",15,20,,,
"Arms","Jan 9, 2026, 5:12 PM","Jan 9, 2026, 7:24 PM","","Seated Palms Up Wrist Curl",,"",1,"normal",15,18,,,
"Arms","Jan 9, 2026, 5:12 PM","Jan 9, 2026, 7:24 PM","","Seated Palms Up Wrist Curl",,"",2,"normal",15,16,,,
"Abs + Shoulders","Jan 8, 2026, 5:55 PM","Jan 8, 2026, 7:46 PM","","Crunch",,"",0,"normal",,15,,,
"Abs + Shoulders","Jan 8, 2026, 5:55 PM","Jan 8, 2026, 7:46 PM","","Crunch",,"",1,"normal",,15,,,
"Abs + Shoulders","Jan 8, 2026, 5:55 PM","Jan 8, 2026, 7:46 PM","","Crunch",,"",2,"normal",,20,,,
"Abs + Shoulders","Jan 8, 2026, 5:55 PM","Jan 8, 2026, 7:46 PM","","Plank",,"",0,"normal",,,,73,
"Abs + Shoulders","Jan 8, 2026, 5:55 PM","Jan 8, 2026, 7:46 PM","","Plank",,"",1,"normal",,,,72,
"Abs + Shoulders","Jan 8, 2026, 5:55 PM","Jan 8, 2026, 7:46 PM","","Toe Touch",,"",0,"normal",,24,,,
"Abs + Shoulders","Jan 8, 2026, 5:55 PM","Jan 8, 2026, 7:46 PM","","Toe Touch",,"",1,"normal",,24,,,
"Abs + Shoulders","Jan 8, 2026, 5:55 PM","Jan 8, 2026, 7:46 PM","","Toe Touch",,"",2,"normal",,24,,,
"Abs + Shoulders","Jan 8, 2026, 5:55 PM","Jan 8, 2026, 7:46 PM","","Lying Leg Raise",,"",0,"normal",,15,,,
"Abs + Shoulders","Jan 8, 2026, 5:55 PM","Jan 8, 2026, 7:46 PM","","Lying Leg Raise",,"",1,"normal",,15,,,
"Abs + Shoulders","Jan 8, 2026, 5:55 PM","Jan 8, 2026, 7:46 PM","","Lying Leg Raise",,"",2,"normal",,12,,,
"Abs + Shoulders","Jan 8, 2026, 5:55 PM","Jan 8, 2026, 7:46 PM","","Russian Twist (Weighted)",,"",0,"normal",10,24,,,
"Abs + Shoulders","Jan 8, 2026, 5:55 PM","Jan 8, 2026, 7:46 PM","","Russian Twist (Weighted)",,"",1,"normal",10,24,,,
"Abs + Shoulders","Jan 8, 2026, 5:55 PM","Jan 8, 2026, 7:46 PM","","Russian Twist (Weighted)",,"",2,"normal",10,24,,,
"Abs + Shoulders","Jan 8, 2026, 5:55 PM","Jan 8, 2026, 7:46 PM","","Crunch (Weighted)",,"",0,"normal",15,12,,,
"Abs + Shoulders","Jan 8, 2026, 5:55 PM","Jan 8, 2026, 7:46 PM","","Crunch (Weighted)",,"",1,"normal",15,12,,,
"Abs + Shoulders","Jan 8, 2026, 5:55 PM","Jan 8, 2026, 7:46 PM","","Crunch (Weighted)",,"",2,"normal",15,12,,,
"Abs + Shoulders","Jan 8, 2026, 5:55 PM","Jan 8, 2026, 7:46 PM","","Crunch (Weighted)",,"",3,"normal",15,12,,,
"Abs + Shoulders","Jan 8, 2026, 5:55 PM","Jan 8, 2026, 7:46 PM","","Crunch (Weighted)",,"",4,"normal",15,12,,,
"Abs + Shoulders","Jan 8, 2026, 5:55 PM","Jan 8, 2026, 7:46 PM","","Crunch (Weighted)",,"",5,"normal",15,12,,,
"Abs + Shoulders","Jan 8, 2026, 5:55 PM","Jan 8, 2026, 7:46 PM","","Crunch (Weighted)",,"",6,"normal",15,12,,,
"Abs + Shoulders","Jan 8, 2026, 5:55 PM","Jan 8, 2026, 7:46 PM","","Crunch (Weighted)",,"",7,"normal",15,12,,,
"Abs + Shoulders","Jan 8, 2026, 5:55 PM","Jan 8, 2026, 7:46 PM","","Crunch (Weighted)",,"",8,"normal",15,12,,,
"Abs + Shoulders","Jan 8, 2026, 5:55 PM","Jan 8, 2026, 7:46 PM","","Shoulder Press (Dumbbell)",,"",0,"normal",30,12,,,
"Abs + Shoulders","Jan 8, 2026, 5:55 PM","Jan 8, 2026, 7:46 PM","","Shoulder Press (Dumbbell)",,"",1,"normal",30,12,,,
"Abs + Shoulders","Jan 8, 2026, 5:55 PM","Jan 8, 2026, 7:46 PM","","Shoulder Press (Dumbbell)",,"",2,"normal",30,12,,,
"Abs + Shoulders","Jan 8, 2026, 5:55 PM","Jan 8, 2026, 7:46 PM","","Single Arm Lateral Raise (Cable)",,"",0,"normal",20,12,,,
"Abs + Shoulders","Jan 8, 2026, 5:55 PM","Jan 8, 2026, 7:46 PM","","Single Arm Lateral Raise (Cable)",,"",1,"normal",20,12,,,
"Abs + Shoulders","Jan 8, 2026, 5:55 PM","Jan 8, 2026, 7:46 PM","","Single Arm Lateral Raise (Cable)",,"",2,"normal",20,12,,,
"Abs + Shoulders","Jan 8, 2026, 5:55 PM","Jan 8, 2026, 7:46 PM","","Shrug (Barbell)",,"",0,"normal",40,18,,,
"Abs + Shoulders","Jan 8, 2026, 5:55 PM","Jan 8, 2026, 7:46 PM","","Shrug (Barbell)",,"",1,"normal",55,16,,,
"Abs + Shoulders","Jan 8, 2026, 5:55 PM","Jan 8, 2026, 7:46 PM","","Shrug (Barbell)",,"",2,"normal",55,16,,,
"Legs + Forearms","Jan 7, 2026, 5:39 PM","Jan 7, 2026, 7:36 PM","","Stretching",,"",0,"normal",,,,334,
"Legs + Forearms","Jan 7, 2026, 5:39 PM","Jan 7, 2026, 7:36 PM","","Bulgarian Split Squat (Dumbbell)",,"",0,"normal",15,15,,,
"Legs + Forearms","Jan 7, 2026, 5:39 PM","Jan 7, 2026, 7:36 PM","","Bulgarian Split Squat (Dumbbell)",,"",1,"normal",20,12,,,
"Legs + Forearms","Jan 7, 2026, 5:39 PM","Jan 7, 2026, 7:36 PM","","Bulgarian Split Squat (Dumbbell)",,"",2,"normal",20,12,,,
"Legs + Forearms","Jan 7, 2026, 5:39 PM","Jan 7, 2026, 7:36 PM","","Leg Extension (Machine)",,"",0,"normal",40,12,,,
"Legs + Forearms","Jan 7, 2026, 5:39 PM","Jan 7, 2026, 7:36 PM","","Leg Extension (Machine)",,"",1,"normal",45,12,,,
"Legs + Forearms","Jan 7, 2026, 5:39 PM","Jan 7, 2026, 7:36 PM","","Leg Extension (Machine)",,"",2,"normal",50,12,,,
"Legs + Forearms","Jan 7, 2026, 5:39 PM","Jan 7, 2026, 7:36 PM","","Seated Leg Curl (Machine)",,"",0,"normal",45,12,,,
"Legs + Forearms","Jan 7, 2026, 5:39 PM","Jan 7, 2026, 7:36 PM","","Seated Leg Curl (Machine)",,"",1,"normal",50,12,,,
"Legs + Forearms","Jan 7, 2026, 5:39 PM","Jan 7, 2026, 7:36 PM","","Seated Leg Curl (Machine)",,"",2,"normal",55,12,,,
"Legs + Forearms","Jan 7, 2026, 5:39 PM","Jan 7, 2026, 7:36 PM","","Hip Abduction (Machine)",,"",0,"normal",60,15,,,
"Legs + Forearms","Jan 7, 2026, 5:39 PM","Jan 7, 2026, 7:36 PM","","Hip Abduction (Machine)",,"",1,"normal",70,15,,,
"Legs + Forearms","Jan 7, 2026, 5:39 PM","Jan 7, 2026, 7:36 PM","","Hip Abduction (Machine)",,"",2,"normal",70,15,,,
"Legs + Forearms","Jan 7, 2026, 5:39 PM","Jan 7, 2026, 7:36 PM","","Hip Adduction (Machine)",,"",0,"normal",60,12,,,
"Legs + Forearms","Jan 7, 2026, 5:39 PM","Jan 7, 2026, 7:36 PM","","Hip Adduction (Machine)",,"",1,"normal",70,12,,,
"Legs + Forearms","Jan 7, 2026, 5:39 PM","Jan 7, 2026, 7:36 PM","","Hip Adduction (Machine)",,"",2,"normal",70,12,,,
"Legs + Forearms","Jan 7, 2026, 5:39 PM","Jan 7, 2026, 7:36 PM","","Leg Press (Machine)",,".",0,"normal",110,12,,,
"Legs + Forearms","Jan 7, 2026, 5:39 PM","Jan 7, 2026, 7:36 PM","","Leg Press (Machine)",,".",1,"normal",110,12,,,
"Legs + Forearms","Jan 7, 2026, 5:39 PM","Jan 7, 2026, 7:36 PM","","Leg Press (Machine)",,".",2,"normal",130,12,,,
"Legs + Forearms","Jan 7, 2026, 5:39 PM","Jan 7, 2026, 7:36 PM","","Standing Calf Raise (Smith)",,"",0,"normal",30,15,,,
"Legs + Forearms","Jan 7, 2026, 5:39 PM","Jan 7, 2026, 7:36 PM","","Standing Calf Raise (Smith)",,"",1,"normal",30,15,,,
"Legs + Forearms","Jan 7, 2026, 5:39 PM","Jan 7, 2026, 7:36 PM","","Standing Calf Raise (Smith)",,"",2,"normal",30,15,,,
"Legs + Forearms","Jan 7, 2026, 5:39 PM","Jan 7, 2026, 7:36 PM","","Reverse Curl",,"cable",0,"normal",20,20,,,
"Legs + Forearms","Jan 7, 2026, 5:39 PM","Jan 7, 2026, 7:36 PM","","Reverse Curl",,"cable",1,"normal",25,15,,,
"Legs + Forearms","Jan 7, 2026, 5:39 PM","Jan 7, 2026, 7:36 PM","","Reverse Curl",,"cable",2,"normal",25,12,,,
"Legs + Forearms","Jan 7, 2026, 5:39 PM","Jan 7, 2026, 7:36 PM","","Seated Palms Up Wrist Curl",,"",0,"normal",20,20,,,
"Legs + Forearms","Jan 7, 2026, 5:39 PM","Jan 7, 2026, 7:36 PM","","Seated Palms Up Wrist Curl",,"",1,"normal",20,18,,,
"Legs + Forearms","Jan 7, 2026, 5:39 PM","Jan 7, 2026, 7:36 PM","","Seated Palms Up Wrist Curl",,"",2,"normal",15,15,,,
"Push","Jan 6, 2026, 5:45 PM","Jan 6, 2026, 7:29 PM","","Push Up",,"",0,"normal",,20,,,
"Push","Jan 6, 2026, 5:45 PM","Jan 6, 2026, 7:29 PM","","Push Up",,"",1,"normal",,15,,,
"Push","Jan 6, 2026, 5:45 PM","Jan 6, 2026, 7:29 PM","","Diamond Push Up",,"",0,"normal",,15,,,
"Push","Jan 6, 2026, 5:45 PM","Jan 6, 2026, 7:29 PM","","Bench Press (Dumbbell)",,"",0,"normal",30,12,,,
"Push","Jan 6, 2026, 5:45 PM","Jan 6, 2026, 7:29 PM","","Bench Press (Dumbbell)",,"",1,"normal",35,10,,,
"Push","Jan 6, 2026, 5:45 PM","Jan 6, 2026, 7:29 PM","","Bench Press (Dumbbell)",,"",2,"normal",35,10,,,
"Push","Jan 6, 2026, 5:45 PM","Jan 6, 2026, 7:29 PM","","Cable Fly Crossovers",,"",0,"normal",30,18,,,
"Push","Jan 6, 2026, 5:45 PM","Jan 6, 2026, 7:29 PM","","Cable Fly Crossovers",,"",1,"normal",40,12,,,
"Push","Jan 6, 2026, 5:45 PM","Jan 6, 2026, 7:29 PM","","Cable Fly Crossovers",,"",2,"normal",40,12,,,
"Push","Jan 6, 2026, 5:45 PM","Jan 6, 2026, 7:29 PM","","Incline Bench Press (Barbell)",,"",0,"normal",35,12,,,
"Push","Jan 6, 2026, 5:45 PM","Jan 6, 2026, 7:29 PM","","Incline Bench Press (Barbell)",,"",1,"normal",40,10,,,
"Push","Jan 6, 2026, 5:45 PM","Jan 6, 2026, 7:29 PM","","Incline Bench Press (Barbell)",,"",2,"normal",40,8,,,
"Push","Jan 6, 2026, 5:45 PM","Jan 6, 2026, 7:29 PM","","Chest Fly (Machine)",,"",0,"normal",45,12,,,
"Push","Jan 6, 2026, 5:45 PM","Jan 6, 2026, 7:29 PM","","Chest Fly (Machine)",,"",1,"normal",52.5,11,,,
"Push","Jan 6, 2026, 5:45 PM","Jan 6, 2026, 7:29 PM","","Chest Fly (Machine)",,"",2,"normal",52.5,12,,,
"Push","Jan 6, 2026, 5:45 PM","Jan 6, 2026, 7:29 PM","","Shoulder Press (Dumbbell)",,"",0,"normal",30,8,,,
"Push","Jan 6, 2026, 5:45 PM","Jan 6, 2026, 7:29 PM","","Shoulder Press (Dumbbell)",,"",1,"normal",30,8,,,
"Push","Jan 6, 2026, 5:45 PM","Jan 6, 2026, 7:29 PM","","Shoulder Press (Dumbbell)",,"",2,"normal",30,7,,,
"Push","Jan 6, 2026, 5:45 PM","Jan 6, 2026, 7:29 PM","","Lateral Raise (Dumbbell)",,"",0,"normal",15,12,,,
"Push","Jan 6, 2026, 5:45 PM","Jan 6, 2026, 7:29 PM","","Lateral Raise (Dumbbell)",,"",1,"normal",15,12,,,
"Push","Jan 6, 2026, 5:45 PM","Jan 6, 2026, 7:29 PM","","Triceps Rope Pushdown",,"",0,"normal",25,15,,,
"Push","Jan 6, 2026, 5:45 PM","Jan 6, 2026, 7:29 PM","","Triceps Rope Pushdown",,"",1,"normal",25,14,,,
"Push","Jan 6, 2026, 5:45 PM","Jan 6, 2026, 7:29 PM","","Triceps Rope Pushdown",,"",2,"normal",25,14,,,
"Push","Jan 6, 2026, 5:45 PM","Jan 6, 2026, 7:29 PM","","Overhead Triceps Extension (Cable)",,"",0,"normal",15,14,,,
"Push","Jan 6, 2026, 5:45 PM","Jan 6, 2026, 7:29 PM","","Overhead Triceps Extension (Cable)",,"",1,"normal",15,14,,,
"Push","Jan 6, 2026, 5:45 PM","Jan 6, 2026, 7:29 PM","","Overhead Triceps Extension (Cable)",,"",2,"normal",15,14,,,
"Push","Jan 6, 2026, 5:45 PM","Jan 6, 2026, 7:29 PM","","Bench Dip",,"",0,"normal",,20,,,
"Push","Jan 6, 2026, 5:45 PM","Jan 6, 2026, 7:29 PM","","Bench Dip",,"",1,"normal",,20,,,
"Push","Jan 6, 2026, 5:45 PM","Jan 6, 2026, 7:29 PM","","Bench Dip",,"",2,"normal",,20,,,
"Back + Biceps + Forearms","Jan 5, 2026, 5:20 PM","Jan 5, 2026, 7:26 PM","","Stretching",,"",0,"normal",,,,606,
"Back + Biceps + Forearms","Jan 5, 2026, 5:20 PM","Jan 5, 2026, 7:26 PM","","Pull Up",,"",0,"normal",,10,,,
"Back + Biceps + Forearms","Jan 5, 2026, 5:20 PM","Jan 5, 2026, 7:26 PM","","Pull Up",,"",1,"normal",,8,,,
"Back + Biceps + Forearms","Jan 5, 2026, 5:20 PM","Jan 5, 2026, 7:26 PM","","Pull Up",,"",2,"normal",,7,,,
"Back + Biceps + Forearms","Jan 5, 2026, 5:20 PM","Jan 5, 2026, 7:26 PM","","Seated Cable Row - Bar Grip",,"",0,"normal",60,14,,,
"Back + Biceps + Forearms","Jan 5, 2026, 5:20 PM","Jan 5, 2026, 7:26 PM","","Seated Cable Row - Bar Grip",,"",1,"normal",65,12,,,
"Back + Biceps + Forearms","Jan 5, 2026, 5:20 PM","Jan 5, 2026, 7:26 PM","","Seated Cable Row - Bar Grip",,"",2,"normal",70,12,,,
"Back + Biceps + Forearms","Jan 5, 2026, 5:20 PM","Jan 5, 2026, 7:26 PM","","Lat Pulldown (Machine)",,"",0,"normal",80,12,,,
"Back + Biceps + Forearms","Jan 5, 2026, 5:20 PM","Jan 5, 2026, 7:26 PM","","Lat Pulldown (Machine)",,"",1,"normal",80,12,,,
"Back + Biceps + Forearms","Jan 5, 2026, 5:20 PM","Jan 5, 2026, 7:26 PM","","Lat Pulldown (Machine)",,"",2,"normal",80,12,,,
"Back + Biceps + Forearms","Jan 5, 2026, 5:20 PM","Jan 5, 2026, 7:26 PM","","Reverse Grip Lat Pulldown (Cable)",,"",0,"normal",45.5,12,,,
"Back + Biceps + Forearms","Jan 5, 2026, 5:20 PM","Jan 5, 2026, 7:26 PM","","Reverse Grip Lat Pulldown (Cable)",,"",1,"normal",45.5,10,,,
"Back + Biceps + Forearms","Jan 5, 2026, 5:20 PM","Jan 5, 2026, 7:26 PM","","Reverse Grip Lat Pulldown (Cable)",,"",2,"normal",45.5,12,,,
"Back + Biceps + Forearms","Jan 5, 2026, 5:20 PM","Jan 5, 2026, 7:26 PM","","Lat Pulldown - Close Grip (Cable)",,"",0,"normal",45.5,12,,,
"Back + Biceps + Forearms","Jan 5, 2026, 5:20 PM","Jan 5, 2026, 7:26 PM","","Lat Pulldown - Close Grip (Cable)",,"",1,"normal",45.5,10,,,
"Back + Biceps + Forearms","Jan 5, 2026, 5:20 PM","Jan 5, 2026, 7:26 PM","","Lat Pulldown - Close Grip (Cable)",,"",2,"normal",45.5,8,,,
"Back + Biceps + Forearms","Jan 5, 2026, 5:20 PM","Jan 5, 2026, 7:26 PM","","Seated Row (Machine)",,"",0,"normal",35,11,,,
"Back + Biceps + Forearms","Jan 5, 2026, 5:20 PM","Jan 5, 2026, 7:26 PM","","Seated Row (Machine)",,"",1,"normal",40,8,,,
"Back + Biceps + Forearms","Jan 5, 2026, 5:20 PM","Jan 5, 2026, 7:26 PM","","Seated Row (Machine)",,"",2,"normal",40,9,,,
"Back + Biceps + Forearms","Jan 5, 2026, 5:20 PM","Jan 5, 2026, 7:26 PM","","Hammer Curl (Cable)",,"",0,"normal",30,12,,,
"Back + Biceps + Forearms","Jan 5, 2026, 5:20 PM","Jan 5, 2026, 7:26 PM","","Hammer Curl (Cable)",,"",1,"normal",30,12,,,
"Back + Biceps + Forearms","Jan 5, 2026, 5:20 PM","Jan 5, 2026, 7:26 PM","","Hammer Curl (Cable)",,"",2,"normal",30,12,,,
"Back + Biceps + Forearms","Jan 5, 2026, 5:20 PM","Jan 5, 2026, 7:26 PM","","Bicep Curl (Cable)",,"",0,"normal",40,10,,,
"Back + Biceps + Forearms","Jan 5, 2026, 5:20 PM","Jan 5, 2026, 7:26 PM","","Bicep Curl (Cable)",,"",1,"normal",40,10,,,
"Back + Biceps + Forearms","Jan 5, 2026, 5:20 PM","Jan 5, 2026, 7:26 PM","","Bicep Curl (Cable)",,"",2,"normal",35,10,,,
"Back + Biceps + Forearms","Jan 5, 2026, 5:20 PM","Jan 5, 2026, 7:26 PM","","Preacher Curl (Barbell)",,"",0,"normal",15,12,,,
"Back + Biceps + Forearms","Jan 5, 2026, 5:20 PM","Jan 5, 2026, 7:26 PM","","Preacher Curl (Barbell)",,"",1,"normal",15,12,,,
"Back + Biceps + Forearms","Jan 5, 2026, 5:20 PM","Jan 5, 2026, 7:26 PM","","Preacher Curl (Barbell)",,"",2,"normal",15,12,,,
"Back + Biceps + Forearms","Jan 5, 2026, 5:20 PM","Jan 5, 2026, 7:26 PM","","Reverse Curl",,"Barb",0,"normal",15,12,,,
"Back + Biceps + Forearms","Jan 5, 2026, 5:20 PM","Jan 5, 2026, 7:26 PM","","Reverse Curl",,"Barb",1,"normal",15,12,,,
"Back + Biceps + Forearms","Jan 5, 2026, 5:20 PM","Jan 5, 2026, 7:26 PM","","Reverse Curl",,"Barb",2,"normal",15,12,,,
"Back + Biceps + Forearms","Jan 5, 2026, 5:20 PM","Jan 5, 2026, 7:26 PM","","Behind the Back Wrist Curl (Barbell)",,"",0,"normal",20,20,,,
"Back + Biceps + Forearms","Jan 5, 2026, 5:20 PM","Jan 5, 2026, 7:26 PM","","Behind the Back Wrist Curl (Barbell)",,"",1,"normal",20,12,,,
"Back + Biceps + Forearms","Jan 5, 2026, 5:20 PM","Jan 5, 2026, 7:26 PM","","Behind the Back Wrist Curl (Barbell)",,"",2,"normal",20,12,,,
"Legs","Jan 3, 2026, 5:41 PM","Jan 3, 2026, 7:22 PM","","Stretching",,"",0,"normal",,,,496,
"Legs","Jan 3, 2026, 5:41 PM","Jan 3, 2026, 7:22 PM","","Goblet Squat",,"",0,"normal",10,15,,,
"Legs","Jan 3, 2026, 5:41 PM","Jan 3, 2026, 7:22 PM","","Goblet Squat",,"",1,"normal",15,8,,,
"Legs","Jan 3, 2026, 5:41 PM","Jan 3, 2026, 7:22 PM","","Bulgarian Split Squat (Dumbbell)",,"",0,"normal",20,12,,,
"Legs","Jan 3, 2026, 5:41 PM","Jan 3, 2026, 7:22 PM","","Bulgarian Split Squat (Dumbbell)",,"",1,"normal",20,10,,,
"Legs","Jan 3, 2026, 5:41 PM","Jan 3, 2026, 7:22 PM","","Bulgarian Split Squat (Dumbbell)",,"",2,"normal",20,10,,,
"Legs","Jan 3, 2026, 5:41 PM","Jan 3, 2026, 7:22 PM","","Seated Leg Curl (Machine)",,"",0,"normal",50,12,,,
"Legs","Jan 3, 2026, 5:41 PM","Jan 3, 2026, 7:22 PM","","Seated Leg Curl (Machine)",,"",1,"normal",55,12,,,
"Legs","Jan 3, 2026, 5:41 PM","Jan 3, 2026, 7:22 PM","","Seated Leg Curl (Machine)",,"",2,"normal",60,12,,,
"Legs","Jan 3, 2026, 5:41 PM","Jan 3, 2026, 7:22 PM","","Leg Extension (Machine)",,"",0,"normal",45,12,,,
"Legs","Jan 3, 2026, 5:41 PM","Jan 3, 2026, 7:22 PM","","Leg Extension (Machine)",,"",1,"normal",50,12,,,
"Legs","Jan 3, 2026, 5:41 PM","Jan 3, 2026, 7:22 PM","","Leg Extension (Machine)",,"",2,"normal",55,12,,,
"Legs","Jan 3, 2026, 5:41 PM","Jan 3, 2026, 7:22 PM","","Hip Abduction (Machine)",,"",0,"normal",70,15,,,
"Legs","Jan 3, 2026, 5:41 PM","Jan 3, 2026, 7:22 PM","","Hip Abduction (Machine)",,"",1,"normal",70,15,,,
"Legs","Jan 3, 2026, 5:41 PM","Jan 3, 2026, 7:22 PM","","Hip Adduction (Machine)",,"",0,"normal",70,12,,,
"Legs","Jan 3, 2026, 5:41 PM","Jan 3, 2026, 7:22 PM","","Hip Adduction (Machine)",,"",1,"normal",70,12,,,
"Legs","Jan 3, 2026, 5:41 PM","Jan 3, 2026, 7:22 PM","","Leg Press (Machine)",,"outer thighs (close)",0,"normal",70,15,,,
"Legs","Jan 3, 2026, 5:41 PM","Jan 3, 2026, 7:22 PM","","Leg Press (Machine)",,"outer thighs (close)",1,"normal",80,14,,,
"Legs","Jan 3, 2026, 5:41 PM","Jan 3, 2026, 7:22 PM","","Leg Press (Machine)",,"outer thighs (close)",2,"normal",80,14,,,
"Legs","Jan 3, 2026, 5:41 PM","Jan 3, 2026, 7:22 PM","","Standing Calf Raise (Smith)",,"",0,"normal",30,15,,,
"Legs","Jan 3, 2026, 5:41 PM","Jan 3, 2026, 7:22 PM","","Standing Calf Raise (Smith)",,"",1,"normal",30,15,,,
"Legs","Jan 3, 2026, 5:41 PM","Jan 3, 2026, 7:22 PM","","Standing Calf Raise (Smith)",,"",2,"normal",30,15,,,
"Arms","Jan 2, 2026, 5:40 PM","Jan 2, 2026, 7:18 PM","","Hammer Curl (Cable)",,"",0,"normal",25,18,,,
"Arms","Jan 2, 2026, 5:40 PM","Jan 2, 2026, 7:18 PM","","Hammer Curl (Cable)",,"",1,"normal",30,12,,,
"Arms","Jan 2, 2026, 5:40 PM","Jan 2, 2026, 7:18 PM","","Hammer Curl (Cable)",,"",2,"normal",30,14,,,
"Arms","Jan 2, 2026, 5:40 PM","Jan 2, 2026, 7:18 PM","","Triceps Rope Pushdown",,"",0,"normal",25,15,,,
"Arms","Jan 2, 2026, 5:40 PM","Jan 2, 2026, 7:18 PM","","Triceps Rope Pushdown",,"",1,"normal",30,11,,,
"Arms","Jan 2, 2026, 5:40 PM","Jan 2, 2026, 7:18 PM","","Triceps Rope Pushdown",,"",2,"normal",30,11,,,
"Arms","Jan 2, 2026, 5:40 PM","Jan 2, 2026, 7:18 PM","","Bicep Curl (Cable)",,"normal grip",0,"normal",40,12,,,
"Arms","Jan 2, 2026, 5:40 PM","Jan 2, 2026, 7:18 PM","","Bicep Curl (Cable)",,"normal grip",1,"normal",45,10,,,
"Arms","Jan 2, 2026, 5:40 PM","Jan 2, 2026, 7:18 PM","","Bicep Curl (Cable)",,"normal grip",2,"normal",45,9,,,
"Arms","Jan 2, 2026, 5:40 PM","Jan 2, 2026, 7:18 PM","","Overhead Triceps Extension (Cable)",,"",0,"normal",20,15,,,
"Arms","Jan 2, 2026, 5:40 PM","Jan 2, 2026, 7:18 PM","","Overhead Triceps Extension (Cable)",,"",1,"normal",20,14,,,
"Arms","Jan 2, 2026, 5:40 PM","Jan 2, 2026, 7:18 PM","","Overhead Triceps Extension (Cable)",,"",2,"normal",20,15,,,
"Arms","Jan 2, 2026, 5:40 PM","Jan 2, 2026, 7:18 PM","","Reverse Curl",,"Cable",0,"normal",20,12,,,
"Arms","Jan 2, 2026, 5:40 PM","Jan 2, 2026, 7:18 PM","","Reverse Curl",,"Cable",1,"normal",20,17,,,
"Arms","Jan 2, 2026, 5:40 PM","Jan 2, 2026, 7:18 PM","","Reverse Curl",,"Cable",2,"normal",20,15,,,
"Arms","Jan 2, 2026, 5:40 PM","Jan 2, 2026, 7:18 PM","","Behind the Back Curl (Cable)",,"Both hands",0,"normal",30,12,,,
"Arms","Jan 2, 2026, 5:40 PM","Jan 2, 2026, 7:18 PM","","Behind the Back Curl (Cable)",,"Both hands",1,"normal",30,8,,,
"Arms","Jan 2, 2026, 5:40 PM","Jan 2, 2026, 7:18 PM","","Behind the Back Curl (Cable)",,"Both hands",2,"normal",30,12,,,
"Arms","Jan 2, 2026, 5:40 PM","Jan 2, 2026, 7:18 PM","","Preacher Curl (Barbell)",,"",0,"normal",15,15,,,
"Arms","Jan 2, 2026, 5:40 PM","Jan 2, 2026, 7:18 PM","","Preacher Curl (Barbell)",,"",1,"normal",15,15,,,
"Arms","Jan 2, 2026, 5:40 PM","Jan 2, 2026, 7:18 PM","","Preacher Curl (Barbell)",,"",2,"normal",15,15,,,
"Arms","Jan 2, 2026, 5:40 PM","Jan 2, 2026, 7:18 PM","","Bench Dip",,"",0,"normal",,20,,,
"Arms","Jan 2, 2026, 5:40 PM","Jan 2, 2026, 7:18 PM","","Bench Dip",,"",1,"normal",,20,,,
"Arms","Jan 2, 2026, 5:40 PM","Jan 2, 2026, 7:18 PM","","Bench Dip",,"",2,"normal",,20,,,
"Arms","Jan 2, 2026, 5:40 PM","Jan 2, 2026, 7:18 PM","","Behind the Back Wrist Curl (Barbell)",,"",0,"normal",20,25,,,
"Arms","Jan 2, 2026, 5:40 PM","Jan 2, 2026, 7:18 PM","","Behind the Back Wrist Curl (Barbell)",,"",1,"normal",20,25,,,
"Arms","Jan 2, 2026, 5:40 PM","Jan 2, 2026, 7:18 PM","","Behind the Back Wrist Curl (Barbell)",,"",2,"normal",20,20,,,
"Abs + Shoulders","Jan 1, 2026, 5:23 PM","Jan 1, 2026, 7:23 PM","","Plank",,"",0,"normal",,,,61,
"Abs + Shoulders","Jan 1, 2026, 5:23 PM","Jan 1, 2026, 7:23 PM","","Plank",,"",1,"normal",,,,60,
"Abs + Shoulders","Jan 1, 2026, 5:23 PM","Jan 1, 2026, 7:23 PM","","Crunch",,"",0,"normal",,20,,,
"Abs + Shoulders","Jan 1, 2026, 5:23 PM","Jan 1, 2026, 7:23 PM","","Crunch",,"",1,"normal",,20,,,
"Abs + Shoulders","Jan 1, 2026, 5:23 PM","Jan 1, 2026, 7:23 PM","","Crunch",,"",2,"normal",,20,,,
"Abs + Shoulders","Jan 1, 2026, 5:23 PM","Jan 1, 2026, 7:23 PM","","Heel Taps",,"",0,"normal",,12,,,
"Abs + Shoulders","Jan 1, 2026, 5:23 PM","Jan 1, 2026, 7:23 PM","","Heel Taps",,"",1,"normal",,12,,,
"Abs + Shoulders","Jan 1, 2026, 5:23 PM","Jan 1, 2026, 7:23 PM","","Heel Taps",,"",2,"normal",,12,,,
"Abs + Shoulders","Jan 1, 2026, 5:23 PM","Jan 1, 2026, 7:23 PM","","Russian Twist (Weighted)",,"",0,"normal",10,24,,,
"Abs + Shoulders","Jan 1, 2026, 5:23 PM","Jan 1, 2026, 7:23 PM","","Russian Twist (Weighted)",,"",1,"normal",10,30,,,
"Abs + Shoulders","Jan 1, 2026, 5:23 PM","Jan 1, 2026, 7:23 PM","","Russian Twist (Weighted)",,"",2,"normal",10,30,,,
"Abs + Shoulders","Jan 1, 2026, 5:23 PM","Jan 1, 2026, 7:23 PM","","Crunch (Weighted)",,"",0,"normal",15,12,,,
"Abs + Shoulders","Jan 1, 2026, 5:23 PM","Jan 1, 2026, 7:23 PM","","Crunch (Weighted)",,"",1,"normal",15,12,,,
"Abs + Shoulders","Jan 1, 2026, 5:23 PM","Jan 1, 2026, 7:23 PM","","Crunch (Weighted)",,"",2,"normal",15,12,,,
"Abs + Shoulders","Jan 1, 2026, 5:23 PM","Jan 1, 2026, 7:23 PM","","Crunch (Weighted)",,"",3,"normal",15,12,,,
"Abs + Shoulders","Jan 1, 2026, 5:23 PM","Jan 1, 2026, 7:23 PM","","Crunch (Weighted)",,"",4,"normal",15,12,,,
"Abs + Shoulders","Jan 1, 2026, 5:23 PM","Jan 1, 2026, 7:23 PM","","Crunch (Weighted)",,"",5,"normal",15,12,,,
"Abs + Shoulders","Jan 1, 2026, 5:23 PM","Jan 1, 2026, 7:23 PM","","Crunch (Weighted)",,"",6,"normal",15,12,,,
"Abs + Shoulders","Jan 1, 2026, 5:23 PM","Jan 1, 2026, 7:23 PM","","Crunch (Weighted)",,"",7,"normal",15,12,,,
"Abs + Shoulders","Jan 1, 2026, 5:23 PM","Jan 1, 2026, 7:23 PM","","Crunch (Weighted)",,"",8,"normal",15,12,,,
"Abs + Shoulders","Jan 1, 2026, 5:23 PM","Jan 1, 2026, 7:23 PM","","Shoulder Press (Dumbbell)",,"",0,"normal",30,12,,,
"Abs + Shoulders","Jan 1, 2026, 5:23 PM","Jan 1, 2026, 7:23 PM","","Shoulder Press (Dumbbell)",,"",1,"normal",30,12,,,
"Abs + Shoulders","Jan 1, 2026, 5:23 PM","Jan 1, 2026, 7:23 PM","","Shoulder Press (Dumbbell)",,"",2,"normal",30,12,,,
"Abs + Shoulders","Jan 1, 2026, 5:23 PM","Jan 1, 2026, 7:23 PM","","Lateral Raise (Dumbbell)",,"",0,"normal",15,12,,,
"Abs + Shoulders","Jan 1, 2026, 5:23 PM","Jan 1, 2026, 7:23 PM","","Lateral Raise (Dumbbell)",,"",1,"normal",15,12,,,
"Abs + Shoulders","Jan 1, 2026, 5:23 PM","Jan 1, 2026, 7:23 PM","","Lateral Raise (Dumbbell)",,"",2,"normal",15,12,,,
"Abs + Shoulders","Jan 1, 2026, 5:23 PM","Jan 1, 2026, 7:23 PM","","Face Pull",,"",0,"normal",25,15,,,
"Abs + Shoulders","Jan 1, 2026, 5:23 PM","Jan 1, 2026, 7:23 PM","","Face Pull",,"",1,"normal",25,15,,,
"Abs + Shoulders","Jan 1, 2026, 5:23 PM","Jan 1, 2026, 7:23 PM","","Face Pull",,"",2,"normal",25,15,,,
"Abs + Shoulders","Jan 1, 2026, 5:23 PM","Jan 1, 2026, 7:23 PM","","Shrug (Barbell)",,"",0,"normal",40,18,,,
"Abs + Shoulders","Jan 1, 2026, 5:23 PM","Jan 1, 2026, 7:23 PM","","Shrug (Barbell)",,"",1,"normal",50,15,,,
"Abs + Shoulders","Jan 1, 2026, 5:23 PM","Jan 1, 2026, 7:23 PM","","Shrug (Barbell)",,"",2,"normal",50,18,,,
"Legs","Dec 31, 2025, 1:31 PM","Dec 31, 2025, 3:17 PM","","Jump Rope",,"250",0,"normal",,,,321,
"Legs","Dec 31, 2025, 1:31 PM","Dec 31, 2025, 3:17 PM","","Hip Thrust (Barbell)",,"",0,"normal",,15,,,
"Legs","Dec 31, 2025, 1:31 PM","Dec 31, 2025, 3:17 PM","","Hip Thrust (Barbell)",,"",1,"normal",10,15,,,
"Legs","Dec 31, 2025, 1:31 PM","Dec 31, 2025, 3:17 PM","","Hip Thrust (Barbell)",,"",2,"normal",20,15,,,
"Legs","Dec 31, 2025, 1:31 PM","Dec 31, 2025, 3:17 PM","","Hip Thrust (Barbell)",,"",3,"normal",30,12,,,
"Legs","Dec 31, 2025, 1:31 PM","Dec 31, 2025, 3:17 PM","","Leg Press (Machine)",,"",0,"normal",110,10,,,
"Legs","Dec 31, 2025, 1:31 PM","Dec 31, 2025, 3:17 PM","","Leg Press (Machine)",,"",1,"normal",110,12,,,
"Legs","Dec 31, 2025, 1:31 PM","Dec 31, 2025, 3:17 PM","","Leg Press (Machine)",,"",2,"normal",110,12,,,
"Legs","Dec 31, 2025, 1:31 PM","Dec 31, 2025, 3:17 PM","","Seated Leg Curl (Machine)",,"",0,"normal",45,12,,,
"Legs","Dec 31, 2025, 1:31 PM","Dec 31, 2025, 3:17 PM","","Seated Leg Curl (Machine)",,"",1,"normal",50,12,,,
"Legs","Dec 31, 2025, 1:31 PM","Dec 31, 2025, 3:17 PM","","Seated Leg Curl (Machine)",,"",2,"normal",55,12,,,
"Legs","Dec 31, 2025, 1:31 PM","Dec 31, 2025, 3:17 PM","","Leg Extension (Machine)",,"",0,"normal",45,12,,,
"Legs","Dec 31, 2025, 1:31 PM","Dec 31, 2025, 3:17 PM","","Leg Extension (Machine)",,"",1,"normal",50,12,,,
"Legs","Dec 31, 2025, 1:31 PM","Dec 31, 2025, 3:17 PM","","Leg Extension (Machine)",,"",2,"normal",55,12,,,
"Legs","Dec 31, 2025, 1:31 PM","Dec 31, 2025, 3:17 PM","","Hip Abduction (Machine)",,"",0,"normal",60,15,,,
"Legs","Dec 31, 2025, 1:31 PM","Dec 31, 2025, 3:17 PM","","Hip Abduction (Machine)",,"",1,"normal",70,15,,,
"Legs","Dec 31, 2025, 1:31 PM","Dec 31, 2025, 3:17 PM","","Hip Adduction (Machine)",,"",0,"normal",60,12,,,
"Legs","Dec 31, 2025, 1:31 PM","Dec 31, 2025, 3:17 PM","","Hip Adduction (Machine)",,"",1,"normal",70,15,,,
"Legs","Dec 31, 2025, 1:31 PM","Dec 31, 2025, 3:17 PM","","Standing Calf Raise",,"",0,"normal",,20,,,
"Legs","Dec 31, 2025, 1:31 PM","Dec 31, 2025, 3:17 PM","","Standing Calf Raise (Smith)",,"",0,"normal",30,12,,,
"Legs","Dec 31, 2025, 1:31 PM","Dec 31, 2025, 3:17 PM","","Standing Calf Raise (Smith)",,"",1,"normal",30,15,,,
"Chest + Triceps","Dec 30, 2025, 5:52 PM","Dec 30, 2025, 7:24 PM","","Push Up",,"",0,"normal",,20,,,
"Chest + Triceps","Dec 30, 2025, 5:52 PM","Dec 30, 2025, 7:24 PM","","Push Up",,"",1,"normal",,15,,,
"Chest + Triceps","Dec 30, 2025, 5:52 PM","Dec 30, 2025, 7:24 PM","","Push Up",,"",2,"normal",,15,,,
"Chest + Triceps","Dec 30, 2025, 5:52 PM","Dec 30, 2025, 7:24 PM","","Bench Press (Barbell)",,"",0,"normal",45,8,,,
"Chest + Triceps","Dec 30, 2025, 5:52 PM","Dec 30, 2025, 7:24 PM","","Bench Press (Barbell)",,"",1,"normal",50,10,,,
"Chest + Triceps","Dec 30, 2025, 5:52 PM","Dec 30, 2025, 7:24 PM","","Bench Press (Barbell)",,"",2,"normal",50,8,,,
"Chest + Triceps","Dec 30, 2025, 5:52 PM","Dec 30, 2025, 7:24 PM","","Incline Bench Press (Dumbbell)",,"",0,"normal",25,10,,,
"Chest + Triceps","Dec 30, 2025, 5:52 PM","Dec 30, 2025, 7:24 PM","","Incline Bench Press (Dumbbell)",,"",1,"normal",30,9,,,
"Chest + Triceps","Dec 30, 2025, 5:52 PM","Dec 30, 2025, 7:24 PM","","Incline Bench Press (Dumbbell)",,"",2,"normal",30,10,,,
"Chest + Triceps","Dec 30, 2025, 5:52 PM","Dec 30, 2025, 7:24 PM","","Cable Fly Crossovers",,"",0,"normal",30,15,,,
"Chest + Triceps","Dec 30, 2025, 5:52 PM","Dec 30, 2025, 7:24 PM","","Cable Fly Crossovers",,"",1,"normal",30,16,,,
"Chest + Triceps","Dec 30, 2025, 5:52 PM","Dec 30, 2025, 7:24 PM","","Cable Fly Crossovers",,"",2,"normal",40,11,,,
"Chest + Triceps","Dec 30, 2025, 5:52 PM","Dec 30, 2025, 7:24 PM","","Chest Fly (Machine)",,"",0,"normal",45,14,,,
"Chest + Triceps","Dec 30, 2025, 5:52 PM","Dec 30, 2025, 7:24 PM","","Chest Fly (Machine)",,"",1,"normal",45,12,,,
"Chest + Triceps","Dec 30, 2025, 5:52 PM","Dec 30, 2025, 7:24 PM","","Chest Fly (Machine)",,"",2,"normal",45,12,,,
"Chest + Triceps","Dec 30, 2025, 5:52 PM","Dec 30, 2025, 7:24 PM","","Dumbbell Squeeze Press",,"",0,"normal",15,15,,,
"Chest + Triceps","Dec 30, 2025, 5:52 PM","Dec 30, 2025, 7:24 PM","","Dumbbell Squeeze Press",,"",1,"normal",20,12,,,
"Chest + Triceps","Dec 30, 2025, 5:52 PM","Dec 30, 2025, 7:24 PM","","Dumbbell Squeeze Press",,"",2,"normal",20,10,,,
"Chest + Triceps","Dec 30, 2025, 5:52 PM","Dec 30, 2025, 7:24 PM","","Triceps Rope Pushdown",,"",0,"normal",25,12,,,
"Chest + Triceps","Dec 30, 2025, 5:52 PM","Dec 30, 2025, 7:24 PM","","Triceps Rope Pushdown",,"",1,"normal",25,12,,,
"Chest + Triceps","Dec 30, 2025, 5:52 PM","Dec 30, 2025, 7:24 PM","","Triceps Rope Pushdown",,"",2,"normal",25,12,,,
"Chest + Triceps","Dec 30, 2025, 5:52 PM","Dec 30, 2025, 7:24 PM","","Overhead Triceps Extension (Cable)",,"",0,"normal",15,14,,,
"Chest + Triceps","Dec 30, 2025, 5:52 PM","Dec 30, 2025, 7:24 PM","","Overhead Triceps Extension (Cable)",,"",1,"normal",15,15,,,
"Chest + Triceps","Dec 30, 2025, 5:52 PM","Dec 30, 2025, 7:24 PM","","Overhead Triceps Extension (Cable)",,"",2,"normal",15,13,,,
"Chest + Triceps","Dec 30, 2025, 5:52 PM","Dec 30, 2025, 7:24 PM","","Bench Dip",,"",0,"normal",,12,,,
"Chest + Triceps","Dec 30, 2025, 5:52 PM","Dec 30, 2025, 7:24 PM","","Bench Dip",,"",1,"normal",,20,,,
"Back + Biceps + Forearms","Dec 29, 2025, 5:45 PM","Dec 29, 2025, 7:38 PM","","Pull Up",,"",0,"normal",,9,,,
"Back + Biceps + Forearms","Dec 29, 2025, 5:45 PM","Dec 29, 2025, 7:38 PM","","Pull Up",,"",1,"normal",,7,,,
"Back + Biceps + Forearms","Dec 29, 2025, 5:45 PM","Dec 29, 2025, 7:38 PM","","Pull Up",,"",2,"normal",,7,,,
"Back + Biceps + Forearms","Dec 29, 2025, 5:45 PM","Dec 29, 2025, 7:38 PM","","Lat Pulldown - Close Grip (Cable)",,"",0,"normal",39,15,,,
"Back + Biceps + Forearms","Dec 29, 2025, 5:45 PM","Dec 29, 2025, 7:38 PM","","Lat Pulldown - Close Grip (Cable)",,"",1,"normal",45.5,12,,,
"Back + Biceps + Forearms","Dec 29, 2025, 5:45 PM","Dec 29, 2025, 7:38 PM","","Lat Pulldown - Close Grip (Cable)",,"",2,"normal",45.5,12,,,
"Back + Biceps + Forearms","Dec 29, 2025, 5:45 PM","Dec 29, 2025, 7:38 PM","","Seated Cable Row - Bar Grip",,"",0,"normal",60,12,,,
"Back + Biceps + Forearms","Dec 29, 2025, 5:45 PM","Dec 29, 2025, 7:38 PM","","Seated Cable Row - Bar Grip",,"",1,"normal",65,12,,,
"Back + Biceps + Forearms","Dec 29, 2025, 5:45 PM","Dec 29, 2025, 7:38 PM","","Seated Cable Row - Bar Grip",,"",2,"normal",70,12,,,
"Back + Biceps + Forearms","Dec 29, 2025, 5:45 PM","Dec 29, 2025, 7:38 PM","","Lat Pulldown (Machine)",,"",0,"normal",80,12,,,
"Back + Biceps + Forearms","Dec 29, 2025, 5:45 PM","Dec 29, 2025, 7:38 PM","","Lat Pulldown (Machine)",,"",1,"normal",80,12,,,
"Back + Biceps + Forearms","Dec 29, 2025, 5:45 PM","Dec 29, 2025, 7:38 PM","","Lat Pulldown (Machine)",,"",2,"normal",80,11,,,
"Back + Biceps + Forearms","Dec 29, 2025, 5:45 PM","Dec 29, 2025, 7:38 PM","","Back Extension (Hyperextension)",,"",0,"normal",,12,,,
"Back + Biceps + Forearms","Dec 29, 2025, 5:45 PM","Dec 29, 2025, 7:38 PM","","Back Extension (Hyperextension)",,"",1,"normal",,12,,,
"Back + Biceps + Forearms","Dec 29, 2025, 5:45 PM","Dec 29, 2025, 7:38 PM","","Back Extension (Hyperextension)",,"",2,"normal",,15,,,
"Back + Biceps + Forearms","Dec 29, 2025, 5:45 PM","Dec 29, 2025, 7:38 PM","","Reverse Grip Lat Pulldown (Cable)",,"",0,"normal",45.5,9,,,
"Back + Biceps + Forearms","Dec 29, 2025, 5:45 PM","Dec 29, 2025, 7:38 PM","","Reverse Grip Lat Pulldown (Cable)",,"",1,"normal",45.5,8,,,
"Back + Biceps + Forearms","Dec 29, 2025, 5:45 PM","Dec 29, 2025, 7:38 PM","","Hammer Curl (Dumbbell)",,"",0,"normal",15,12,,,
"Back + Biceps + Forearms","Dec 29, 2025, 5:45 PM","Dec 29, 2025, 7:38 PM","","Hammer Curl (Dumbbell)",,"",1,"normal",20,10,,,
"Back + Biceps + Forearms","Dec 29, 2025, 5:45 PM","Dec 29, 2025, 7:38 PM","","Hammer Curl (Dumbbell)",,"",2,"normal",20,10,,,
"Back + Biceps + Forearms","Dec 29, 2025, 5:45 PM","Dec 29, 2025, 7:38 PM","","Seated Incline Curl (Dumbbell)",,"",0,"normal",15,12,,,
"Back + Biceps + Forearms","Dec 29, 2025, 5:45 PM","Dec 29, 2025, 7:38 PM","","Seated Incline Curl (Dumbbell)",,"",1,"normal",15,10,,,
"Back + Biceps + Forearms","Dec 29, 2025, 5:45 PM","Dec 29, 2025, 7:38 PM","","Seated Incline Curl (Dumbbell)",,"",2,"normal",15,10,,,
"Back + Biceps + Forearms","Dec 29, 2025, 5:45 PM","Dec 29, 2025, 7:38 PM","","Preacher Curl (Barbell)",,"",0,"normal",15,14,,,
"Back + Biceps + Forearms","Dec 29, 2025, 5:45 PM","Dec 29, 2025, 7:38 PM","","Preacher Curl (Barbell)",,"",1,"normal",15,14,,,
"Back + Biceps + Forearms","Dec 29, 2025, 5:45 PM","Dec 29, 2025, 7:38 PM","","Preacher Curl (Barbell)",,"",2,"normal",15,14,,,
"Back + Biceps + Forearms","Dec 29, 2025, 5:45 PM","Dec 29, 2025, 7:38 PM","","Reverse Curl",0,"",0,"normal",15,10,,,
"Back + Biceps + Forearms","Dec 29, 2025, 5:45 PM","Dec 29, 2025, 7:38 PM","","Reverse Curl",0,"",1,"normal",15,10,,,
"Back + Biceps + Forearms","Dec 29, 2025, 5:45 PM","Dec 29, 2025, 7:38 PM","","Reverse Curl",0,"",2,"normal",15,10,,,
"Back + Biceps + Forearms","Dec 29, 2025, 5:45 PM","Dec 29, 2025, 7:38 PM","","Behind the Back Wrist Curl (Barbell)",0,"",0,"normal",20,15,,,
"Back + Biceps + Forearms","Dec 29, 2025, 5:45 PM","Dec 29, 2025, 7:38 PM","","Behind the Back Wrist Curl (Barbell)",0,"",1,"normal",20,11,,,
"Back + Biceps + Forearms","Dec 29, 2025, 5:45 PM","Dec 29, 2025, 7:38 PM","","Behind the Back Wrist Curl (Barbell)",0,"",2,"normal",20,10,,,
"Shoulders + Stretching","Dec 27, 2025, 5:42 PM","Dec 27, 2025, 7:03 PM","","Push Up",,"",0,"normal",,40,,,
"Shoulders + Stretching","Dec 27, 2025, 5:42 PM","Dec 27, 2025, 7:03 PM","","Shoulder Press (Dumbbell)",,"",0,"normal",30,12,,,
"Shoulders + Stretching","Dec 27, 2025, 5:42 PM","Dec 27, 2025, 7:03 PM","","Shoulder Press (Dumbbell)",,"",1,"normal",30,10,,,
"Shoulders + Stretching","Dec 27, 2025, 5:42 PM","Dec 27, 2025, 7:03 PM","","Shoulder Press (Dumbbell)",,"",2,"normal",30,13,,,
"Shoulders + Stretching","Dec 27, 2025, 5:42 PM","Dec 27, 2025, 7:03 PM","","Single Arm Lateral Raise (Cable)",,"",0,"normal",20,10,,,
"Shoulders + Stretching","Dec 27, 2025, 5:42 PM","Dec 27, 2025, 7:03 PM","","Single Arm Lateral Raise (Cable)",,"",1,"normal",20,10,,,
"Shoulders + Stretching","Dec 27, 2025, 5:42 PM","Dec 27, 2025, 7:03 PM","","Single Arm Lateral Raise (Cable)",,"",2,"normal",20,11,,,
"Shoulders + Stretching","Dec 27, 2025, 5:42 PM","Dec 27, 2025, 7:03 PM","","Face Pull",,"",0,"normal",25,15,,,
"Shoulders + Stretching","Dec 27, 2025, 5:42 PM","Dec 27, 2025, 7:03 PM","","Face Pull",,"",1,"normal",25,15,,,
"Shoulders + Stretching","Dec 27, 2025, 5:42 PM","Dec 27, 2025, 7:03 PM","","Face Pull",,"",2,"normal",25,15,,,
"Shoulders + Stretching","Dec 27, 2025, 5:42 PM","Dec 27, 2025, 7:03 PM","","Plate Front Raise",,"",0,"normal",10,12,,,
"Shoulders + Stretching","Dec 27, 2025, 5:42 PM","Dec 27, 2025, 7:03 PM","","Plate Front Raise",,"",1,"normal",10,15,,,
"Shoulders + Stretching","Dec 27, 2025, 5:42 PM","Dec 27, 2025, 7:03 PM","","Plate Front Raise",,"",2,"normal",10,15,,,
"Shoulders + Stretching","Dec 27, 2025, 5:42 PM","Dec 27, 2025, 7:03 PM","","Shrug (Dumbbell)",,"",0,"normal",40,15,,,
"Shoulders + Stretching","Dec 27, 2025, 5:42 PM","Dec 27, 2025, 7:03 PM","","Shrug (Dumbbell)",,"",1,"normal",45,12,,,
"Shoulders + Stretching","Dec 27, 2025, 5:42 PM","Dec 27, 2025, 7:03 PM","","Shrug (Dumbbell)",,"",2,"normal",45,12,,,
"Shoulders + Stretching","Dec 27, 2025, 5:42 PM","Dec 27, 2025, 7:03 PM","","Stretching",,"",0,"normal",,,,750,
"Arms","Dec 26, 2025, 6:21 PM","Dec 26, 2025, 7:42 PM","","Hammer Curl (Dumbbell)",,"",0,"normal",15,17,,,
"Arms","Dec 26, 2025, 6:21 PM","Dec 26, 2025, 7:42 PM","","Hammer Curl (Dumbbell)",,"",1,"normal",15,17,,,
"Arms","Dec 26, 2025, 6:21 PM","Dec 26, 2025, 7:42 PM","","Hammer Curl (Dumbbell)",,"",2,"normal",20,10,,,
"Arms","Dec 26, 2025, 6:21 PM","Dec 26, 2025, 7:42 PM","","Preacher Curl (Barbell)",,"",0,"normal",15,17,,,
"Arms","Dec 26, 2025, 6:21 PM","Dec 26, 2025, 7:42 PM","","Preacher Curl (Barbell)",,"",1,"normal",15,15,,,
"Arms","Dec 26, 2025, 6:21 PM","Dec 26, 2025, 7:42 PM","","Preacher Curl (Barbell)",,"",2,"normal",15,15,,,
"Arms","Dec 26, 2025, 6:21 PM","Dec 26, 2025, 7:42 PM","","Behind the Back Curl (Cable)",,"",0,"normal",30,15,,,
"Arms","Dec 26, 2025, 6:21 PM","Dec 26, 2025, 7:42 PM","","Behind the Back Curl (Cable)",,"",1,"normal",30,13,,,
"Arms","Dec 26, 2025, 6:21 PM","Dec 26, 2025, 7:42 PM","","Behind the Back Curl (Cable)",,"",2,"normal",40,13,,,
"Arms","Dec 26, 2025, 6:21 PM","Dec 26, 2025, 7:42 PM","","Bicep Curl (Cable)",,"close grip",0,"normal",25,12,,,
"Arms","Dec 26, 2025, 6:21 PM","Dec 26, 2025, 7:42 PM","","Bicep Curl (Cable)",,"close grip",1,"normal",30,12,,,
"Arms","Dec 26, 2025, 6:21 PM","Dec 26, 2025, 7:42 PM","","Bicep Curl (Cable)",,"close grip",2,"normal",30,10,,,
"Arms","Dec 26, 2025, 6:21 PM","Dec 26, 2025, 7:42 PM","","Triceps Rope Pushdown",,"",0,"normal",25,15,,,
"Arms","Dec 26, 2025, 6:21 PM","Dec 26, 2025, 7:42 PM","","Triceps Rope Pushdown",,"",1,"normal",30,10,,,
"Arms","Dec 26, 2025, 6:21 PM","Dec 26, 2025, 7:42 PM","","Triceps Rope Pushdown",,"",2,"normal",25,12,,,
"Arms","Dec 26, 2025, 6:21 PM","Dec 26, 2025, 7:42 PM","","Overhead Triceps Extension (Cable)",,"",0,"normal",15,15,,,
"Arms","Dec 26, 2025, 6:21 PM","Dec 26, 2025, 7:42 PM","","Overhead Triceps Extension (Cable)",,"",1,"normal",15,15,,,
"Arms","Dec 26, 2025, 6:21 PM","Dec 26, 2025, 7:42 PM","","Overhead Triceps Extension (Cable)",,"",2,"normal",15,13,,,
"Arms","Dec 26, 2025, 6:21 PM","Dec 26, 2025, 7:42 PM","","Skullcrusher (Dumbbell)",,"",0,"normal",10,9,,,
"Arms","Dec 26, 2025, 6:21 PM","Dec 26, 2025, 7:42 PM","","Skullcrusher (Dumbbell)",,"",1,"normal",10,15,,,
"Arms","Dec 26, 2025, 6:21 PM","Dec 26, 2025, 7:42 PM","","Skullcrusher (Dumbbell)",,"",2,"normal",10,12,,,
".","Dec 25, 2025, 7:03 PM","Dec 25, 2025, 7:51 PM","","Crunch",,"",0,"normal",,25,,,
".","Dec 25, 2025, 7:03 PM","Dec 25, 2025, 7:51 PM","","Crunch",,"",1,"normal",,25,,,
".","Dec 25, 2025, 7:03 PM","Dec 25, 2025, 7:51 PM","","Crunch",,"",2,"normal",,25,,,
".","Dec 25, 2025, 7:03 PM","Dec 25, 2025, 7:51 PM","","Crunch",,"",3,"normal",,25,,,
".","Dec 25, 2025, 7:03 PM","Dec 25, 2025, 7:51 PM","","Lying Leg Raise",,"",0,"normal",,15,,,
".","Dec 25, 2025, 7:03 PM","Dec 25, 2025, 7:51 PM","","Lying Leg Raise",,"",1,"normal",,15,,,
".","Dec 25, 2025, 7:03 PM","Dec 25, 2025, 7:51 PM","","Lying Leg Raise",,"",2,"normal",,15,,,
".","Dec 25, 2025, 7:03 PM","Dec 25, 2025, 7:51 PM","","Push Up",,"",0,"normal",,20,,,
".","Dec 25, 2025, 7:03 PM","Dec 25, 2025, 7:51 PM","","Push Up",,"",1,"normal",,18,,,
"Legs","Dec 24, 2025, 6:11 PM","Dec 24, 2025, 7:25 PM","","Bulgarian Split Squat (Dumbbell)",,"",0,"normal",15,12,,,
"Legs","Dec 24, 2025, 6:11 PM","Dec 24, 2025, 7:25 PM","","Bulgarian Split Squat (Dumbbell)",,"",1,"normal",20,12,,,
"Legs","Dec 24, 2025, 6:11 PM","Dec 24, 2025, 7:25 PM","","Bulgarian Split Squat (Dumbbell)",,"",2,"normal",20,12,,,
"Legs","Dec 24, 2025, 6:11 PM","Dec 24, 2025, 7:25 PM","","Leg Extension (Machine)",,"",0,"normal",45,12,,,
"Legs","Dec 24, 2025, 6:11 PM","Dec 24, 2025, 7:25 PM","","Leg Extension (Machine)",,"",1,"normal",50,12,,,
"Legs","Dec 24, 2025, 6:11 PM","Dec 24, 2025, 7:25 PM","","Leg Extension (Machine)",,"",2,"normal",55,12,,,
"Legs","Dec 24, 2025, 6:11 PM","Dec 24, 2025, 7:25 PM","","Seated Leg Curl (Machine)",,"",0,"normal",45,12,,,
"Legs","Dec 24, 2025, 6:11 PM","Dec 24, 2025, 7:25 PM","","Seated Leg Curl (Machine)",,"",1,"normal",50,12,,,
"Legs","Dec 24, 2025, 6:11 PM","Dec 24, 2025, 7:25 PM","","Seated Leg Curl (Machine)",,"",2,"normal",55,12,,,
"Legs","Dec 24, 2025, 6:11 PM","Dec 24, 2025, 7:25 PM","","Hip Abduction (Machine)",,"",0,"normal",60,12,,,
"Legs","Dec 24, 2025, 6:11 PM","Dec 24, 2025, 7:25 PM","","Hip Abduction (Machine)",,"",1,"normal",80,12,,,
"Legs","Dec 24, 2025, 6:11 PM","Dec 24, 2025, 7:25 PM","","Hip Adduction (Machine)",,"",0,"normal",60,12,,,
"Legs","Dec 24, 2025, 6:11 PM","Dec 24, 2025, 7:25 PM","","Standing Calf Raise",,"",0,"normal",,15,,,
"Legs","Dec 24, 2025, 6:11 PM","Dec 24, 2025, 7:25 PM","","Standing Calf Raise",,"",1,"normal",,15,,,
"Legs","Dec 24, 2025, 6:11 PM","Dec 24, 2025, 7:25 PM","","Standing Calf Raise",,"",2,"normal",,15,,,
"Legs","Dec 24, 2025, 6:11 PM","Dec 24, 2025, 7:25 PM","","Leg Press (Machine)",,"",0,"normal",100,12,,,
"Legs","Dec 24, 2025, 6:11 PM","Dec 24, 2025, 7:25 PM","","Leg Press (Machine)",,"",1,"normal",115,12,,,
"Legs","Dec 24, 2025, 6:11 PM","Dec 24, 2025, 7:25 PM","","Leg Press (Machine)",,"",2,"normal",115,12,,,
"Chest Abs","Dec 23, 2025, 6:05 PM","Dec 23, 2025, 7:36 PM","","Push Up",,"",0,"normal",,25,,,
"Chest Abs","Dec 23, 2025, 6:05 PM","Dec 23, 2025, 7:36 PM","","Push Up",,"",1,"normal",,35,,,
"Chest Abs","Dec 23, 2025, 6:05 PM","Dec 23, 2025, 7:36 PM","","Incline Bench Press (Barbell)",,"",0,"normal",35,8,,,
"Chest Abs","Dec 23, 2025, 6:05 PM","Dec 23, 2025, 7:36 PM","","Incline Bench Press (Barbell)",,"",1,"normal",35,12,,,
"Chest Abs","Dec 23, 2025, 6:05 PM","Dec 23, 2025, 7:36 PM","","Incline Bench Press (Barbell)",,"",2,"normal",35,12,,,
"Chest Abs","Dec 23, 2025, 6:05 PM","Dec 23, 2025, 7:36 PM","","Bench Press (Dumbbell)",,"",0,"normal",30,9,,,
"Chest Abs","Dec 23, 2025, 6:05 PM","Dec 23, 2025, 7:36 PM","","Bench Press (Dumbbell)",,"",1,"normal",30,9,,,
"Chest Abs","Dec 23, 2025, 6:05 PM","Dec 23, 2025, 7:36 PM","","Bench Press (Dumbbell)",,"",2,"normal",30,11,,,
"Chest Abs","Dec 23, 2025, 6:05 PM","Dec 23, 2025, 7:36 PM","","Cable Fly Crossovers",,"",0,"normal",30,20,,,
"Chest Abs","Dec 23, 2025, 6:05 PM","Dec 23, 2025, 7:36 PM","","Cable Fly Crossovers",,"",1,"normal",40,14,,,
"Chest Abs","Dec 23, 2025, 6:05 PM","Dec 23, 2025, 7:36 PM","","Cable Fly Crossovers",,"",2,"normal",40,10,,,
"Chest Abs","Dec 23, 2025, 6:05 PM","Dec 23, 2025, 7:36 PM","","Chest Fly (Machine)",,"",0,"normal",60,10,,,
"Chest Abs","Dec 23, 2025, 6:05 PM","Dec 23, 2025, 7:36 PM","","Chest Fly (Machine)",,"",1,"normal",60,10,,,
"Chest Abs","Dec 23, 2025, 6:05 PM","Dec 23, 2025, 7:36 PM","","Chest Fly (Machine)",,"",2,"normal",37.5,15,,,
"Chest Abs","Dec 23, 2025, 6:05 PM","Dec 23, 2025, 7:36 PM","","Crunch (Weighted)",,"",0,"normal",15,15,,,
"Chest Abs","Dec 23, 2025, 6:05 PM","Dec 23, 2025, 7:36 PM","","Crunch (Weighted)",,"",1,"normal",15,15,,,
"Chest Abs","Dec 23, 2025, 6:05 PM","Dec 23, 2025, 7:36 PM","","Crunch (Weighted)",,"",2,"normal",15,15,,,
"Chest Abs","Dec 23, 2025, 6:05 PM","Dec 23, 2025, 7:36 PM","","Crunch (Weighted)",,"",3,"normal",17.5,15,,,
"Chest Abs","Dec 23, 2025, 6:05 PM","Dec 23, 2025, 7:36 PM","","Crunch (Weighted)",,"",4,"normal",17.5,15,,,
"Chest Abs","Dec 23, 2025, 6:05 PM","Dec 23, 2025, 7:36 PM","","Crunch (Weighted)",,"",5,"normal",17.5,15,,,
"Chest Abs","Dec 23, 2025, 6:05 PM","Dec 23, 2025, 7:36 PM","","Crunch (Weighted)",,"",6,"normal",20,15,,,
"Chest Abs","Dec 23, 2025, 6:05 PM","Dec 23, 2025, 7:36 PM","","Crunch (Weighted)",,"",7,"normal",20,12,,,
"Chest Abs","Dec 23, 2025, 6:05 PM","Dec 23, 2025, 7:36 PM","","Crunch (Weighted)",,"",8,"normal",20,12,,,
"Back + Biceps","Dec 22, 2025, 6:23 PM","Dec 22, 2025, 7:47 PM","","Pull Up",,"",0,"normal",,9,,,
"Back + Biceps","Dec 22, 2025, 6:23 PM","Dec 22, 2025, 7:47 PM","","Pull Up",,"",1,"normal",,6,,,
"Back + Biceps","Dec 22, 2025, 6:23 PM","Dec 22, 2025, 7:47 PM","","Pull Up",,"",2,"normal",,6,,,
"Back + Biceps","Dec 22, 2025, 6:23 PM","Dec 22, 2025, 7:47 PM","","Lat Pulldown - Close Grip (Cable)",,"",0,"normal",39,13,,,
"Back + Biceps","Dec 22, 2025, 6:23 PM","Dec 22, 2025, 7:47 PM","","Lat Pulldown - Close Grip (Cable)",,"",1,"normal",45.5,12,,,
"Back + Biceps","Dec 22, 2025, 6:23 PM","Dec 22, 2025, 7:47 PM","","Lat Pulldown - Close Grip (Cable)",,"",2,"normal",45.5,11,,,
"Back + Biceps","Dec 22, 2025, 6:23 PM","Dec 22, 2025, 7:47 PM","","Iso-Lateral Row (Machine)",,"",0,"normal",30,12,,,
"Back + Biceps","Dec 22, 2025, 6:23 PM","Dec 22, 2025, 7:47 PM","","Iso-Lateral Row (Machine)",,"",1,"normal",35,12,,,
"Back + Biceps","Dec 22, 2025, 6:23 PM","Dec 22, 2025, 7:47 PM","","Iso-Lateral Row (Machine)",,"",2,"normal",35,11,,,
"Back + Biceps","Dec 22, 2025, 6:23 PM","Dec 22, 2025, 7:47 PM","","Chest Supported Incline Row (Dumbbell)",,"",0,"normal",30,12,,,
"Back + Biceps","Dec 22, 2025, 6:23 PM","Dec 22, 2025, 7:47 PM","","Chest Supported Incline Row (Dumbbell)",,"",1,"normal",30,12,,,
"Back + Biceps","Dec 22, 2025, 6:23 PM","Dec 22, 2025, 7:47 PM","","Chest Supported Incline Row (Dumbbell)",,"",2,"normal",30,12,,,
"Back + Biceps","Dec 22, 2025, 6:23 PM","Dec 22, 2025, 7:47 PM","","Seated Cable Row - Bar Grip",,"",0,"normal",60,13,,,
"Back + Biceps","Dec 22, 2025, 6:23 PM","Dec 22, 2025, 7:47 PM","","Seated Cable Row - Bar Grip",,"",1,"normal",65,12,,,
"Back + Biceps","Dec 22, 2025, 6:23 PM","Dec 22, 2025, 7:47 PM","","Seated Cable Row - Bar Grip",,"",2,"normal",70,10,,,
"Back + Biceps","Dec 22, 2025, 6:23 PM","Dec 22, 2025, 7:47 PM","","Hammer Curl (Dumbbell)",,"",0,"normal",20,12,,,
"Back + Biceps","Dec 22, 2025, 6:23 PM","Dec 22, 2025, 7:47 PM","","Hammer Curl (Dumbbell)",,"",1,"normal",20,10,,,
"Back + Biceps","Dec 22, 2025, 6:23 PM","Dec 22, 2025, 7:47 PM","","Preacher Curl (Barbell)",,"",0,"normal",10,17,,,
"Back + Biceps","Dec 22, 2025, 6:23 PM","Dec 22, 2025, 7:47 PM","","Preacher Curl (Barbell)",,"",1,"normal",15,10,,,
"Back + Biceps","Dec 22, 2025, 6:23 PM","Dec 22, 2025, 7:47 PM","","Preacher Curl (Barbell)",,"",2,"normal",15,12,,,
"Back + Biceps","Dec 22, 2025, 6:23 PM","Dec 22, 2025, 7:47 PM","","Bicep Curl (Barbell)",,"",0,"normal",15,11,,,
"Back + Biceps","Dec 22, 2025, 6:23 PM","Dec 22, 2025, 7:47 PM","","Bicep Curl (Barbell)",,"",1,"normal",15,11,,,
"Back + Biceps","Dec 22, 2025, 6:23 PM","Dec 22, 2025, 7:47 PM","","Bicep Curl (Barbell)",,"",2,"normal",15,11,,,
"Back + Biceps","Dec 22, 2025, 6:23 PM","Dec 22, 2025, 7:47 PM","","Behind the Back Wrist Curl (Barbell)",,"",0,"normal",20,20,,,
"Back + Biceps","Dec 22, 2025, 6:23 PM","Dec 22, 2025, 7:47 PM","","Behind the Back Wrist Curl (Barbell)",,"",1,"normal",20,20,,,
"Back + Biceps","Dec 22, 2025, 6:23 PM","Dec 22, 2025, 7:47 PM","","Behind the Back Wrist Curl (Barbell)",,"",2,"normal",20,15,,,
"Back + Biceps","Dec 22, 2025, 6:23 PM","Dec 22, 2025, 7:47 PM","","Reverse Curl",,"",0,"normal",15,12,,,
"Legs","Dec 20, 2025, 5:47 PM","Dec 20, 2025, 6:59 PM","","Lunge (Dumbbell)",,"",0,"normal",20,12,,,
"Legs","Dec 20, 2025, 5:47 PM","Dec 20, 2025, 6:59 PM","","Lunge (Dumbbell)",,"",1,"normal",20,12,,,
"Legs","Dec 20, 2025, 5:47 PM","Dec 20, 2025, 6:59 PM","","Lunge (Dumbbell)",,"",2,"normal",20,12,,,
"Legs","Dec 20, 2025, 5:47 PM","Dec 20, 2025, 6:59 PM","","Leg Press (Machine)",,"",0,"normal",100,15,,,
"Legs","Dec 20, 2025, 5:47 PM","Dec 20, 2025, 6:59 PM","","Leg Press (Machine)",,"",1,"normal",110,15,,,
"Legs","Dec 20, 2025, 5:47 PM","Dec 20, 2025, 6:59 PM","","Leg Press (Machine)",,"",2,"normal",110,12,,,
"Legs","Dec 20, 2025, 5:47 PM","Dec 20, 2025, 6:59 PM","","Seated Leg Curl (Machine)",,"",0,"normal",45,12,,,
"Legs","Dec 20, 2025, 5:47 PM","Dec 20, 2025, 6:59 PM","","Seated Leg Curl (Machine)",,"",1,"normal",50,12,,,
"Legs","Dec 20, 2025, 5:47 PM","Dec 20, 2025, 6:59 PM","","Seated Leg Curl (Machine)",,"",2,"normal",55,11,,,
"Legs","Dec 20, 2025, 5:47 PM","Dec 20, 2025, 6:59 PM","","Hip Abduction (Machine)",,"",0,"normal",60,12,,,
"Legs","Dec 20, 2025, 5:47 PM","Dec 20, 2025, 6:59 PM","","Hip Abduction (Machine)",,"",1,"normal",70,15,,,
"Legs","Dec 20, 2025, 5:47 PM","Dec 20, 2025, 6:59 PM","","Hip Abduction (Machine)",,"",2,"normal",70,12,,,
"Legs","Dec 20, 2025, 5:47 PM","Dec 20, 2025, 6:59 PM","","Hip Adduction (Machine)",,"",0,"normal",60,12,,,
"Legs","Dec 20, 2025, 5:47 PM","Dec 20, 2025, 6:59 PM","","Hip Adduction (Machine)",,"",1,"normal",70,12,,,
"Legs","Dec 20, 2025, 5:47 PM","Dec 20, 2025, 6:59 PM","","Hip Adduction (Machine)",,"",2,"normal",80,12,,,
"Legs","Dec 20, 2025, 5:47 PM","Dec 20, 2025, 6:59 PM","","Standing Calf Raise",,"",0,"normal",,20,,,
"Legs","Dec 20, 2025, 5:47 PM","Dec 20, 2025, 6:59 PM","","Standing Calf Raise",,"",1,"normal",,20,,,
"Legs","Dec 20, 2025, 5:47 PM","Dec 20, 2025, 6:59 PM","","Standing Calf Raise",,"",2,"normal",,20,,,
"Legs","Dec 20, 2025, 5:47 PM","Dec 20, 2025, 6:59 PM","","Behind the Back Wrist Curl (Barbell)",,"",0,"normal",20,20,,,
"Legs","Dec 20, 2025, 5:47 PM","Dec 20, 2025, 6:59 PM","","Behind the Back Wrist Curl (Barbell)",,"",1,"normal",20,20,,,
"Legs","Dec 20, 2025, 5:47 PM","Dec 20, 2025, 6:59 PM","","Behind the Back Wrist Curl (Barbell)",,"",2,"normal",20,20,,,
"Arms","Dec 19, 2025, 5:52 PM","Dec 19, 2025, 7:43 PM","","Hammer Curl (Cable)",,"",0,"normal",25,15,,,
"Arms","Dec 19, 2025, 5:52 PM","Dec 19, 2025, 7:43 PM","","Hammer Curl (Cable)",,"",1,"normal",30,12,,,
"Arms","Dec 19, 2025, 5:52 PM","Dec 19, 2025, 7:43 PM","","Hammer Curl (Cable)",,"",2,"normal",30,12,,,
"Arms","Dec 19, 2025, 5:52 PM","Dec 19, 2025, 7:43 PM","","Behind the Back Curl (Cable)",,"",0,"normal",30,12,,,
"Arms","Dec 19, 2025, 5:52 PM","Dec 19, 2025, 7:43 PM","","Behind the Back Curl (Cable)",,"",1,"normal",30,12,,,
"Arms","Dec 19, 2025, 5:52 PM","Dec 19, 2025, 7:43 PM","","Behind the Back Curl (Cable)",,"",2,"normal",30,12,,,
"Arms","Dec 19, 2025, 5:52 PM","Dec 19, 2025, 7:43 PM","","Preacher Curl (Barbell)",,"",0,"normal",15,15,,,
"Arms","Dec 19, 2025, 5:52 PM","Dec 19, 2025, 7:43 PM","","Preacher Curl (Barbell)",,"",1,"normal",15,15,,,
"Arms","Dec 19, 2025, 5:52 PM","Dec 19, 2025, 7:43 PM","","Preacher Curl (Barbell)",,"",2,"normal",15,12,,,
"Arms","Dec 19, 2025, 5:52 PM","Dec 19, 2025, 7:43 PM","","Bicep Curl (Cable)",,"",0,"normal",35,12,,,
"Arms","Dec 19, 2025, 5:52 PM","Dec 19, 2025, 7:43 PM","","Bicep Curl (Cable)",,"",1,"normal",35,10,,,
"Arms","Dec 19, 2025, 5:52 PM","Dec 19, 2025, 7:43 PM","","Bicep Curl (Cable)",,"",2,"normal",35,10,,,
"Arms","Dec 19, 2025, 5:52 PM","Dec 19, 2025, 7:43 PM","","Triceps Rope Pushdown",,"",0,"normal",25,15,,,
"Arms","Dec 19, 2025, 5:52 PM","Dec 19, 2025, 7:43 PM","","Triceps Rope Pushdown",,"",1,"normal",25,15,,,
"Arms","Dec 19, 2025, 5:52 PM","Dec 19, 2025, 7:43 PM","","Triceps Rope Pushdown",,"",2,"normal",25,12,,,
"Arms","Dec 19, 2025, 5:52 PM","Dec 19, 2025, 7:43 PM","","Overhead Triceps Extension (Cable)",,"",0,"normal",15,15,,,
"Arms","Dec 19, 2025, 5:52 PM","Dec 19, 2025, 7:43 PM","","Overhead Triceps Extension (Cable)",,"",1,"normal",15,12,,,
"Arms","Dec 19, 2025, 5:52 PM","Dec 19, 2025, 7:43 PM","","Overhead Triceps Extension (Cable)",,"",2,"normal",15,12,,,
"Arms","Dec 19, 2025, 5:52 PM","Dec 19, 2025, 7:43 PM","","Skullcrusher (Dumbbell)",,"",0,"normal",10,15,,,
"Arms","Dec 19, 2025, 5:52 PM","Dec 19, 2025, 7:43 PM","","Skullcrusher (Dumbbell)",,"",1,"normal",10,17,,,
"Arms","Dec 19, 2025, 5:52 PM","Dec 19, 2025, 7:43 PM","","Skullcrusher (Dumbbell)",,"",2,"normal",15,9,,,
"Arms","Dec 19, 2025, 5:52 PM","Dec 19, 2025, 7:43 PM","","Reverse Curl",,"",0,"normal",15,12,,,
"Arms","Dec 19, 2025, 5:52 PM","Dec 19, 2025, 7:43 PM","","Reverse Curl",,"",1,"normal",15,12,,,
"Arms","Dec 19, 2025, 5:52 PM","Dec 19, 2025, 7:43 PM","","Reverse Curl",,"",2,"normal",15,15,,,
"Arms","Dec 19, 2025, 5:52 PM","Dec 19, 2025, 7:43 PM","","Behind the Back Wrist Curl (Barbell)",,"",0,"normal",15,20,,,
"Arms","Dec 19, 2025, 5:52 PM","Dec 19, 2025, 7:43 PM","","Behind the Back Wrist Curl (Barbell)",,"",1,"normal",20,20,,,
"Arms","Dec 19, 2025, 5:52 PM","Dec 19, 2025, 7:43 PM","","Behind the Back Wrist Curl (Barbell)",,"",2,"normal",20,20,,,
"Shoulder & Core","Dec 18, 2025, 5:57 PM","Dec 18, 2025, 7:21 PM","","Pull Up",,"",0,"normal",,8,,,
"Shoulder & Core","Dec 18, 2025, 5:57 PM","Dec 18, 2025, 7:21 PM","","Pull Up",,"",1,"normal",,6,,,
"Shoulder & Core","Dec 18, 2025, 5:57 PM","Dec 18, 2025, 7:21 PM","","Shoulder Press (Dumbbell)",,"",0,"normal",30,12,,,
"Shoulder & Core","Dec 18, 2025, 5:57 PM","Dec 18, 2025, 7:21 PM","","Shoulder Press (Dumbbell)",,"",1,"normal",30,12,,,
"Shoulder & Core","Dec 18, 2025, 5:57 PM","Dec 18, 2025, 7:21 PM","","Shoulder Press (Dumbbell)",,"",2,"normal",30,11,,,
"Shoulder & Core","Dec 18, 2025, 5:57 PM","Dec 18, 2025, 7:21 PM","","Lateral Raise (Dumbbell)",,"",0,"normal",15,12,,,
"Shoulder & Core","Dec 18, 2025, 5:57 PM","Dec 18, 2025, 7:21 PM","","Lateral Raise (Dumbbell)",,"",1,"normal",15,11,,,
"Shoulder & Core","Dec 18, 2025, 5:57 PM","Dec 18, 2025, 7:21 PM","","Lateral Raise (Dumbbell)",,"",2,"normal",15,11,,,
"Shoulder & Core","Dec 18, 2025, 5:57 PM","Dec 18, 2025, 7:21 PM","","Face Pull",,"",0,"normal",25,15,,,
"Shoulder & Core","Dec 18, 2025, 5:57 PM","Dec 18, 2025, 7:21 PM","","Face Pull",,"",1,"normal",25,15,,,
"Shoulder & Core","Dec 18, 2025, 5:57 PM","Dec 18, 2025, 7:21 PM","","Face Pull",,"",2,"normal",25,15,,,
"Shoulder & Core","Dec 18, 2025, 5:57 PM","Dec 18, 2025, 7:21 PM","","Seated Overhead Press (Barbell)",,"",0,"normal",20,14,,,
"Shoulder & Core","Dec 18, 2025, 5:57 PM","Dec 18, 2025, 7:21 PM","","Seated Overhead Press (Barbell)",,"",1,"normal",25,10,,,
"Shoulder & Core","Dec 18, 2025, 5:57 PM","Dec 18, 2025, 7:21 PM","","Seated Overhead Press (Barbell)",,"",2,"normal",25,9,,,
"Shoulder & Core","Dec 18, 2025, 5:57 PM","Dec 18, 2025, 7:21 PM","","Shrug (Barbell)",,"",0,"normal",45,18,,,
"Shoulder & Core","Dec 18, 2025, 5:57 PM","Dec 18, 2025, 7:21 PM","","Shrug (Barbell)",,"",1,"normal",50,15,,,
"Shoulder & Core","Dec 18, 2025, 5:57 PM","Dec 18, 2025, 7:21 PM","","Shrug (Barbell)",,"",2,"normal",50,15,,,
"Shoulder & Core","Dec 18, 2025, 5:57 PM","Dec 18, 2025, 7:21 PM","","Crunch (Weighted)",,"",0,"normal",12.5,15,,,
"Shoulder & Core","Dec 18, 2025, 5:57 PM","Dec 18, 2025, 7:21 PM","","Crunch (Weighted)",,"",1,"normal",12.5,15,,,
"Shoulder & Core","Dec 18, 2025, 5:57 PM","Dec 18, 2025, 7:21 PM","","Crunch (Weighted)",,"",2,"normal",12.5,15,,,
"Shoulder & Core","Dec 18, 2025, 5:57 PM","Dec 18, 2025, 7:21 PM","","Crunch (Weighted)",,"",3,"normal",17.5,12,,,
"Shoulder & Core","Dec 18, 2025, 5:57 PM","Dec 18, 2025, 7:21 PM","","Crunch (Weighted)",,"",4,"normal",17.5,12,,,
"Shoulder & Core","Dec 18, 2025, 5:57 PM","Dec 18, 2025, 7:21 PM","","Crunch (Weighted)",,"",5,"normal",17.5,12,,,
"Shoulder & Core","Dec 18, 2025, 5:57 PM","Dec 18, 2025, 7:21 PM","","Crunch (Weighted)",,"",6,"normal",17.5,12,,,
"Shoulder & Core","Dec 18, 2025, 5:57 PM","Dec 18, 2025, 7:21 PM","","Crunch (Weighted)",,"",7,"normal",17.5,12,,,
"Shoulder & Core","Dec 18, 2025, 5:57 PM","Dec 18, 2025, 7:21 PM","","Crunch (Weighted)",,"",8,"normal",17.5,12,,,
"Legs 1","Dec 17, 2025, 6:24 PM","Dec 17, 2025, 7:38 PM","","Bulgarian Split Squat (Dumbbell)",,"",0,"normal",15,12,,,
"Legs 1","Dec 17, 2025, 6:24 PM","Dec 17, 2025, 7:38 PM","","Bulgarian Split Squat (Dumbbell)",,"",1,"normal",20,12,,,
"Legs 1","Dec 17, 2025, 6:24 PM","Dec 17, 2025, 7:38 PM","","Bulgarian Split Squat (Dumbbell)",,"",2,"normal",20,12,,,
"Legs 1","Dec 17, 2025, 6:24 PM","Dec 17, 2025, 7:38 PM","","Leg Extension (Machine)",,"",0,"normal",40,12,,,
"Legs 1","Dec 17, 2025, 6:24 PM","Dec 17, 2025, 7:38 PM","","Leg Extension (Machine)",,"",1,"normal",45,12,,,
"Legs 1","Dec 17, 2025, 6:24 PM","Dec 17, 2025, 7:38 PM","","Leg Extension (Machine)",,"",2,"normal",50,12,,,
"Legs 1","Dec 17, 2025, 6:24 PM","Dec 17, 2025, 7:38 PM","","Seated Leg Curl (Machine)",,"",0,"normal",45,12,,,
"Legs 1","Dec 17, 2025, 6:24 PM","Dec 17, 2025, 7:38 PM","","Seated Leg Curl (Machine)",,"",1,"normal",50,12,,,
"Legs 1","Dec 17, 2025, 6:24 PM","Dec 17, 2025, 7:38 PM","","Seated Leg Curl (Machine)",,"",2,"normal",55,12,,,
"Legs 1","Dec 17, 2025, 6:24 PM","Dec 17, 2025, 7:38 PM","","Seated Leg Curl (Machine)",,"",3,"normal",60,12,,,
"Legs 1","Dec 17, 2025, 6:24 PM","Dec 17, 2025, 7:38 PM","","Hip Abduction (Machine)",,"",0,"normal",60,15,,,
"Legs 1","Dec 17, 2025, 6:24 PM","Dec 17, 2025, 7:38 PM","","Hip Abduction (Machine)",,"",1,"normal",70,15,,,
"Legs 1","Dec 17, 2025, 6:24 PM","Dec 17, 2025, 7:38 PM","","Hip Abduction (Machine)",,"",2,"normal",70,15,,,
"Legs 1","Dec 17, 2025, 6:24 PM","Dec 17, 2025, 7:38 PM","","Hip Adduction (Machine)",,"",0,"normal",60,12,,,
"Legs 1","Dec 17, 2025, 6:24 PM","Dec 17, 2025, 7:38 PM","","Hip Adduction (Machine)",,"",1,"normal",60,12,,,
"Legs 1","Dec 17, 2025, 6:24 PM","Dec 17, 2025, 7:38 PM","","Hip Adduction (Machine)",,"",2,"normal",70,12,,,
"Legs 1","Dec 17, 2025, 6:24 PM","Dec 17, 2025, 7:38 PM","","Standing Calf Raise",,"",0,"normal",,20,,,
"Legs 1","Dec 17, 2025, 6:24 PM","Dec 17, 2025, 7:38 PM","","Standing Calf Raise",,"",1,"normal",,20,,,
"Legs 1","Dec 17, 2025, 6:24 PM","Dec 17, 2025, 7:38 PM","","Standing Calf Raise",,"",2,"normal",,20,,,
"Push 2","Dec 16, 2025, 6:08 PM","Dec 16, 2025, 7:42 PM","","Push Up",,"",0,"normal",,20,,,
"Push 2","Dec 16, 2025, 6:08 PM","Dec 16, 2025, 7:42 PM","","Push Up",,"",1,"normal",,15,,,
"Push 2","Dec 16, 2025, 6:08 PM","Dec 16, 2025, 7:42 PM","","Push Up",,"",2,"normal",,15,,,
"Push 2","Dec 16, 2025, 6:08 PM","Dec 16, 2025, 7:42 PM","","Bench Press (Barbell)",,"",0,"normal",45,11,,,
"Push 2","Dec 16, 2025, 6:08 PM","Dec 16, 2025, 7:42 PM","","Bench Press (Barbell)",,"",1,"normal",45,12,,,
"Push 2","Dec 16, 2025, 6:08 PM","Dec 16, 2025, 7:42 PM","","Bench Press (Barbell)",,"",2,"normal",45,10,,,
"Push 2","Dec 16, 2025, 6:08 PM","Dec 16, 2025, 7:42 PM","","Incline Bench Press (Dumbbell)",,"",0,"normal",25,13,,,
"Push 2","Dec 16, 2025, 6:08 PM","Dec 16, 2025, 7:42 PM","","Incline Bench Press (Dumbbell)",,"",1,"normal",25,10,,,
"Push 2","Dec 16, 2025, 6:08 PM","Dec 16, 2025, 7:42 PM","","Incline Bench Press (Dumbbell)",,"",2,"normal",25,12,,,
"Push 2","Dec 16, 2025, 6:08 PM","Dec 16, 2025, 7:42 PM","","Chest Fly (Machine)",,"",0,"normal",60,11,,,
"Push 2","Dec 16, 2025, 6:08 PM","Dec 16, 2025, 7:42 PM","","Chest Fly (Machine)",,"",1,"normal",60,10,,,
"Push 2","Dec 16, 2025, 6:08 PM","Dec 16, 2025, 7:42 PM","","Chest Fly (Machine)",,"",2,"normal",60,10,,,
"Push 2","Dec 16, 2025, 6:08 PM","Dec 16, 2025, 7:42 PM","","Triceps Rope Pushdown",,"",0,"normal",25,12,,,
"Push 2","Dec 16, 2025, 6:08 PM","Dec 16, 2025, 7:42 PM","","Triceps Rope Pushdown",,"",1,"normal",25,12,,,
"Push 2","Dec 16, 2025, 6:08 PM","Dec 16, 2025, 7:42 PM","","Triceps Rope Pushdown",,"",2,"normal",25,12,,,
"Push 2","Dec 16, 2025, 6:08 PM","Dec 16, 2025, 7:42 PM","","Overhead Triceps Extension (Cable)",,"",0,"normal",15,15,,,
"Push 2","Dec 16, 2025, 6:08 PM","Dec 16, 2025, 7:42 PM","","Overhead Triceps Extension (Cable)",,"",1,"normal",15,12,,,
"Push 2","Dec 16, 2025, 6:08 PM","Dec 16, 2025, 7:42 PM","","Overhead Triceps Extension (Cable)",,"",2,"normal",15,12,,,
"Push 2","Dec 16, 2025, 6:08 PM","Dec 16, 2025, 7:42 PM","","Cable Fly Crossovers",,"",0,"normal",30,15,,,
"Push 2","Dec 16, 2025, 6:08 PM","Dec 16, 2025, 7:42 PM","","Cable Fly Crossovers",,"",1,"normal",30,15,,,
"Push 2","Dec 16, 2025, 6:08 PM","Dec 16, 2025, 7:42 PM","","Cable Fly Crossovers",,"",2,"normal",30,15,,,
"Push 2","Dec 16, 2025, 6:08 PM","Dec 16, 2025, 7:42 PM","","Bench Dip",,"",0,"normal",,20,,,
"Push 2","Dec 16, 2025, 6:08 PM","Dec 16, 2025, 7:42 PM","","Bench Dip",,"",1,"normal",,20,,,
"Push 2","Dec 16, 2025, 6:08 PM","Dec 16, 2025, 7:42 PM","","Bench Dip",,"",2,"normal",,20,,,
"Back + Biceps","Dec 15, 2025, 6:17 PM","Dec 15, 2025, 7:55 PM","","Pull Up (Band)",,"",0,"normal",,15,,,
"Back + Biceps","Dec 15, 2025, 6:17 PM","Dec 15, 2025, 7:55 PM","","Pull Up (Band)",,"",1,"normal",,15,,,
"Back + Biceps","Dec 15, 2025, 6:17 PM","Dec 15, 2025, 7:55 PM","","Pull Up (Band)",,"",2,"normal",,12,,,
"Back + Biceps","Dec 15, 2025, 6:17 PM","Dec 15, 2025, 7:55 PM","","Reverse Grip Lat Pulldown (Cable)",,"",0,"normal",39,15,,,
"Back + Biceps","Dec 15, 2025, 6:17 PM","Dec 15, 2025, 7:55 PM","","Reverse Grip Lat Pulldown (Cable)",,"",1,"normal",45.5,10,,,
"Back + Biceps","Dec 15, 2025, 6:17 PM","Dec 15, 2025, 7:55 PM","","Reverse Grip Lat Pulldown (Cable)",,"",2,"normal",45.5,10,,,
"Back + Biceps","Dec 15, 2025, 6:17 PM","Dec 15, 2025, 7:55 PM","","Iso-Lateral Row (Machine)",,"",0,"normal",30,12,,,
"Back + Biceps","Dec 15, 2025, 6:17 PM","Dec 15, 2025, 7:55 PM","","Iso-Lateral Row (Machine)",,"",1,"normal",35,12,,,
"Back + Biceps","Dec 15, 2025, 6:17 PM","Dec 15, 2025, 7:55 PM","","Iso-Lateral Row (Machine)",,"",2,"normal",35,12,,,
"Back + Biceps","Dec 15, 2025, 6:17 PM","Dec 15, 2025, 7:55 PM","","Chest Supported Incline Row (Dumbbell)",,"",0,"normal",30,12,,,
"Back + Biceps","Dec 15, 2025, 6:17 PM","Dec 15, 2025, 7:55 PM","","Chest Supported Incline Row (Dumbbell)",,"",1,"normal",30,12,,,
"Back + Biceps","Dec 15, 2025, 6:17 PM","Dec 15, 2025, 7:55 PM","","Chest Supported Incline Row (Dumbbell)",,"",2,"normal",30,12,,,
"Back + Biceps","Dec 15, 2025, 6:17 PM","Dec 15, 2025, 7:55 PM","","Lat Pulldown (Machine)",,"",0,"normal",75,10,,,
"Back + Biceps","Dec 15, 2025, 6:17 PM","Dec 15, 2025, 7:55 PM","","Lat Pulldown (Machine)",,"",1,"normal",75,10,,,
"Back + Biceps","Dec 15, 2025, 6:17 PM","Dec 15, 2025, 7:55 PM","","Lat Pulldown (Machine)",,"",2,"normal",75,10,,,
"Back + Biceps","Dec 15, 2025, 6:17 PM","Dec 15, 2025, 7:55 PM","","Hammer Curl (Dumbbell)",,"",0,"normal",20,10,,,
"Back + Biceps","Dec 15, 2025, 6:17 PM","Dec 15, 2025, 7:55 PM","","Hammer Curl (Dumbbell)",,"",1,"normal",20,12,,,
"Back + Biceps","Dec 15, 2025, 6:17 PM","Dec 15, 2025, 7:55 PM","","Hammer Curl (Dumbbell)",,"",2,"normal",20,10,,,
"Back + Biceps","Dec 15, 2025, 6:17 PM","Dec 15, 2025, 7:55 PM","","Preacher Curl (Barbell)",,"",0,"normal",15,10,,,
"Back + Biceps","Dec 15, 2025, 6:17 PM","Dec 15, 2025, 7:55 PM","","Preacher Curl (Barbell)",,"",1,"normal",15,10,,,
"Back + Biceps","Dec 15, 2025, 6:17 PM","Dec 15, 2025, 7:55 PM","","Preacher Curl (Barbell)",,"",2,"normal",15,10,,,
"Back + Biceps","Dec 15, 2025, 6:17 PM","Dec 15, 2025, 7:55 PM","","Behind the Back Curl (Cable)",,"",0,"normal",30,10,,,
"Back + Biceps","Dec 15, 2025, 6:17 PM","Dec 15, 2025, 7:55 PM","","Behind the Back Curl (Cable)",,"",1,"normal",30,10,,,
"Back + Biceps","Dec 15, 2025, 6:17 PM","Dec 15, 2025, 7:55 PM","","Behind the Back Curl (Cable)",,"",2,"normal",30,10,,,
"Legs + Stretching","Dec 13, 2025, 6:07 PM","Dec 13, 2025, 7:27 PM","","Bulgarian Split Squat (Dumbbell)",,"",0,"normal",15,12,,,
"Legs + Stretching","Dec 13, 2025, 6:07 PM","Dec 13, 2025, 7:27 PM","","Bulgarian Split Squat (Dumbbell)",,"",1,"normal",20,12,,,
"Legs + Stretching","Dec 13, 2025, 6:07 PM","Dec 13, 2025, 7:27 PM","","Bulgarian Split Squat (Dumbbell)",,"",2,"normal",20,12,,,
"Legs + Stretching","Dec 13, 2025, 6:07 PM","Dec 13, 2025, 7:27 PM","","Leg Press (Machine)",,"",0,"normal",110,18,,,
"Legs + Stretching","Dec 13, 2025, 6:07 PM","Dec 13, 2025, 7:27 PM","","Leg Press (Machine)",,"",1,"normal",110,12,,,
"Legs + Stretching","Dec 13, 2025, 6:07 PM","Dec 13, 2025, 7:27 PM","","Leg Press (Machine)",,"",2,"normal",110,12,,,
"Legs + Stretching","Dec 13, 2025, 6:07 PM","Dec 13, 2025, 7:27 PM","","Seated Leg Curl (Machine)",,"",0,"normal",45,12,,,
"Legs + Stretching","Dec 13, 2025, 6:07 PM","Dec 13, 2025, 7:27 PM","","Seated Leg Curl (Machine)",,"",1,"normal",50,12,,,
"Legs + Stretching","Dec 13, 2025, 6:07 PM","Dec 13, 2025, 7:27 PM","","Seated Leg Curl (Machine)",,"",2,"normal",55,12,,,
"Legs + Stretching","Dec 13, 2025, 6:07 PM","Dec 13, 2025, 7:27 PM","","Seated Leg Curl (Machine)",,"",3,"normal",55,12,,,
"Legs + Stretching","Dec 13, 2025, 6:07 PM","Dec 13, 2025, 7:27 PM","","Hip Abduction (Machine)",,"",0,"normal",60,15,,,
"Legs + Stretching","Dec 13, 2025, 6:07 PM","Dec 13, 2025, 7:27 PM","","Hip Abduction (Machine)",,"",1,"normal",60,15,,,
"Legs + Stretching","Dec 13, 2025, 6:07 PM","Dec 13, 2025, 7:27 PM","","Hip Abduction (Machine)",,"",2,"normal",60,15,,,
"Legs + Stretching","Dec 13, 2025, 6:07 PM","Dec 13, 2025, 7:27 PM","","Hip Adduction (Machine)",,"",0,"normal",60,12,,,
"Legs + Stretching","Dec 13, 2025, 6:07 PM","Dec 13, 2025, 7:27 PM","","Hip Adduction (Machine)",,"",1,"normal",60,12,,,
"Legs + Stretching","Dec 13, 2025, 6:07 PM","Dec 13, 2025, 7:27 PM","","Hip Adduction (Machine)",,"",2,"normal",70,12,,,
"Legs + Stretching","Dec 13, 2025, 6:07 PM","Dec 13, 2025, 7:27 PM","","Standing Calf Raise",,"",0,"normal",,20,,,
"Legs + Stretching","Dec 13, 2025, 6:07 PM","Dec 13, 2025, 7:27 PM","","Standing Calf Raise",,"",1,"normal",,20,,,
"Legs + Stretching","Dec 13, 2025, 6:07 PM","Dec 13, 2025, 7:27 PM","","Standing Calf Raise",,"",2,"normal",,20,,,
"Legs + Stretching","Dec 13, 2025, 6:07 PM","Dec 13, 2025, 7:27 PM","","Stretching",,"",0,"normal",,,,203,
"Arms","Dec 12, 2025, 6:39 PM","Dec 12, 2025, 7:57 PM","","Hammer Curl (Cable)",,"",0,"normal",30,12,,,
"Arms","Dec 12, 2025, 6:39 PM","Dec 12, 2025, 7:57 PM","","Hammer Curl (Cable)",,"",1,"normal",30,12,,,
"Arms","Dec 12, 2025, 6:39 PM","Dec 12, 2025, 7:57 PM","","Hammer Curl (Cable)",,"",2,"normal",30,12,,,
"Arms","Dec 12, 2025, 6:39 PM","Dec 12, 2025, 7:57 PM","","Triceps Rope Pushdown",,"",0,"normal",20,17,,,
"Arms","Dec 12, 2025, 6:39 PM","Dec 12, 2025, 7:57 PM","","Triceps Rope Pushdown",,"",1,"normal",25,12,,,
"Arms","Dec 12, 2025, 6:39 PM","Dec 12, 2025, 7:57 PM","","Triceps Rope Pushdown",,"",2,"normal",25,12,,,
"Arms","Dec 12, 2025, 6:39 PM","Dec 12, 2025, 7:57 PM","","Bicep Curl (Cable)",,"",0,"normal",35,12,,,
"Arms","Dec 12, 2025, 6:39 PM","Dec 12, 2025, 7:57 PM","","Bicep Curl (Cable)",,"",1,"normal",40,10,,,
"Arms","Dec 12, 2025, 6:39 PM","Dec 12, 2025, 7:57 PM","","Bicep Curl (Cable)",,"",2,"normal",40,10,,,
"Arms","Dec 12, 2025, 6:39 PM","Dec 12, 2025, 7:57 PM","","Overhead Triceps Extension (Cable)",,"",0,"normal",15,15,,,
"Arms","Dec 12, 2025, 6:39 PM","Dec 12, 2025, 7:57 PM","","Overhead Triceps Extension (Cable)",,"",1,"normal",20,14,,,
"Arms","Dec 12, 2025, 6:39 PM","Dec 12, 2025, 7:57 PM","","Overhead Triceps Extension (Cable)",,"",2,"normal",20,12,,,
"Arms","Dec 12, 2025, 6:39 PM","Dec 12, 2025, 7:57 PM","","Behind the Back Curl (Cable)",,"",0,"normal",30,12,,,
"Arms","Dec 12, 2025, 6:39 PM","Dec 12, 2025, 7:57 PM","","Behind the Back Curl (Cable)",,"",1,"normal",30,12,,,
"Arms","Dec 12, 2025, 6:39 PM","Dec 12, 2025, 7:57 PM","","Behind the Back Curl (Cable)",,"",2,"normal",30,12,,,
"Arms","Dec 12, 2025, 6:39 PM","Dec 12, 2025, 7:57 PM","","Skullcrusher (Dumbbell)",,"Decline",0,"normal",10,13,,,
"Arms","Dec 12, 2025, 6:39 PM","Dec 12, 2025, 7:57 PM","","Skullcrusher (Dumbbell)",,"Decline",1,"normal",10,15,,,
"Arms","Dec 12, 2025, 6:39 PM","Dec 12, 2025, 7:57 PM","","Skullcrusher (Dumbbell)",,"Decline",2,"normal",10,15,,,
"Abs","Dec 11, 2025, 6:20 PM","Dec 11, 2025, 7:30 PM","","Crunch",,"",0,"normal",,30,,,
"Abs","Dec 11, 2025, 6:20 PM","Dec 11, 2025, 7:30 PM","","Plank",,"",0,"normal",,,,61,
"Abs","Dec 11, 2025, 6:20 PM","Dec 11, 2025, 7:30 PM","","Plank",,"",1,"normal",,,,62,
"Abs","Dec 11, 2025, 6:20 PM","Dec 11, 2025, 7:30 PM","","Russian Twist (Weighted)",,"",0,"normal",5,30,,,
"Abs","Dec 11, 2025, 6:20 PM","Dec 11, 2025, 7:30 PM","","Russian Twist (Weighted)",,"",1,"normal",5,30,,,
"Abs","Dec 11, 2025, 6:20 PM","Dec 11, 2025, 7:30 PM","","Russian Twist (Weighted)",,"",2,"normal",6,36,,,
"Abs","Dec 11, 2025, 6:20 PM","Dec 11, 2025, 7:30 PM","","Russian Twist (Weighted)",,"",3,"normal",6,30,,,
"Abs","Dec 11, 2025, 6:20 PM","Dec 11, 2025, 7:30 PM","","Toe Touch",,"Side",0,"normal",,24,,,
"Abs","Dec 11, 2025, 6:20 PM","Dec 11, 2025, 7:30 PM","","Toe Touch",,"Side",1,"normal",,24,,,
"Abs","Dec 11, 2025, 6:20 PM","Dec 11, 2025, 7:30 PM","","Toe Touch",,"Side",2,"normal",,24,,,
"Abs","Dec 11, 2025, 6:20 PM","Dec 11, 2025, 7:30 PM","","Lying Leg Raise",,"",0,"normal",,15,,,
"Abs","Dec 11, 2025, 6:20 PM","Dec 11, 2025, 7:30 PM","","Lying Leg Raise",,"",1,"normal",,15,,,
"Abs","Dec 11, 2025, 6:20 PM","Dec 11, 2025, 7:30 PM","","Lying Leg Raise",,"",2,"normal",,15,,,
"Abs","Dec 11, 2025, 6:20 PM","Dec 11, 2025, 7:30 PM","","Crunch (Weighted)",,"",0,"normal",5,12,,,
"Abs","Dec 11, 2025, 6:20 PM","Dec 11, 2025, 7:30 PM","","Crunch (Weighted)",,"",1,"normal",5,12,,,
"Abs","Dec 11, 2025, 6:20 PM","Dec 11, 2025, 7:30 PM","","Crunch (Weighted)",,"",2,"normal",5,12,,,
"Abs","Dec 11, 2025, 6:20 PM","Dec 11, 2025, 7:30 PM","","Crunch (Weighted)",,"",3,"normal",7.5,12,,,
"Abs","Dec 11, 2025, 6:20 PM","Dec 11, 2025, 7:30 PM","","Crunch (Weighted)",,"",4,"normal",7.5,12,,,
"Abs","Dec 11, 2025, 6:20 PM","Dec 11, 2025, 7:30 PM","","Crunch (Weighted)",,"",5,"normal",7.5,12,,,
"Abs","Dec 11, 2025, 6:20 PM","Dec 11, 2025, 7:30 PM","","Crunch (Weighted)",,"",6,"normal",10,12,,,
"Abs","Dec 11, 2025, 6:20 PM","Dec 11, 2025, 7:30 PM","","Crunch (Weighted)",,"",7,"normal",10,12,,,
"Abs","Dec 11, 2025, 6:20 PM","Dec 11, 2025, 7:30 PM","","Crunch (Weighted)",,"",8,"normal",10,12,,,
"Abs","Dec 11, 2025, 6:20 PM","Dec 11, 2025, 7:30 PM","","Crunch (Weighted)",,"",9,"normal",12.5,12,,,
"Abs","Dec 11, 2025, 6:20 PM","Dec 11, 2025, 7:30 PM","","Crunch (Weighted)",,"",10,"normal",12.5,12,,,
"Abs","Dec 11, 2025, 6:20 PM","Dec 11, 2025, 7:30 PM","","Crunch (Weighted)",,"",11,"normal",12.5,12,,,
"Abs","Dec 11, 2025, 6:20 PM","Dec 11, 2025, 7:30 PM","","Crunch (Weighted)",,"",12,"normal",20,12,,,
"Abs","Dec 11, 2025, 6:20 PM","Dec 11, 2025, 7:30 PM","","Crunch (Weighted)",,"",13,"normal",20,12,,,
"Abs","Dec 11, 2025, 6:20 PM","Dec 11, 2025, 7:30 PM","","Crunch (Weighted)",,"",14,"normal",20,12,,,
"Legs Shoulders","Dec 10, 2025, 6:18 PM","Dec 10, 2025, 7:53 PM","","Bulgarian Split Squat (Dumbbell)",,"",0,"normal",15,12,,,
"Legs Shoulders","Dec 10, 2025, 6:18 PM","Dec 10, 2025, 7:53 PM","","Bulgarian Split Squat (Dumbbell)",,"",1,"normal",20,12,,,
"Legs Shoulders","Dec 10, 2025, 6:18 PM","Dec 10, 2025, 7:53 PM","","Bulgarian Split Squat (Dumbbell)",,"",2,"normal",25,12,,,
"Legs Shoulders","Dec 10, 2025, 6:18 PM","Dec 10, 2025, 7:53 PM","","Leg Extension (Machine)",,"",0,"normal",40,12,,,
"Legs Shoulders","Dec 10, 2025, 6:18 PM","Dec 10, 2025, 7:53 PM","","Leg Extension (Machine)",,"",1,"normal",45,12,,,
"Legs Shoulders","Dec 10, 2025, 6:18 PM","Dec 10, 2025, 7:53 PM","","Leg Extension (Machine)",,"",2,"normal",50,12,,,
"Legs Shoulders","Dec 10, 2025, 6:18 PM","Dec 10, 2025, 7:53 PM","","Seated Leg Curl (Machine)",,"",0,"normal",45,12,,,
"Legs Shoulders","Dec 10, 2025, 6:18 PM","Dec 10, 2025, 7:53 PM","","Seated Leg Curl (Machine)",,"",1,"normal",50,12,,,
"Legs Shoulders","Dec 10, 2025, 6:18 PM","Dec 10, 2025, 7:53 PM","","Seated Leg Curl (Machine)",,"",2,"normal",55,12,,,
"Legs Shoulders","Dec 10, 2025, 6:18 PM","Dec 10, 2025, 7:53 PM","","Hip Adduction (Machine)",,"",0,"normal",60,12,,,
"Legs Shoulders","Dec 10, 2025, 6:18 PM","Dec 10, 2025, 7:53 PM","","Hip Adduction (Machine)",,"",1,"normal",70,12,,,
"Legs Shoulders","Dec 10, 2025, 6:18 PM","Dec 10, 2025, 7:53 PM","","Hip Adduction (Machine)",,"",2,"normal",70,12,,,
"Legs Shoulders","Dec 10, 2025, 6:18 PM","Dec 10, 2025, 7:53 PM","","Hip Abduction (Machine)",,"",0,"normal",60,12,,,
"Legs Shoulders","Dec 10, 2025, 6:18 PM","Dec 10, 2025, 7:53 PM","","Hip Abduction (Machine)",,"",1,"normal",70,12,,,
"Legs Shoulders","Dec 10, 2025, 6:18 PM","Dec 10, 2025, 7:53 PM","","Hip Abduction (Machine)",,"",2,"normal",70,12,,,
"Legs Shoulders","Dec 10, 2025, 6:18 PM","Dec 10, 2025, 7:53 PM","","Standing Calf Raise",,"",0,"normal",,20,,,
"Legs Shoulders","Dec 10, 2025, 6:18 PM","Dec 10, 2025, 7:53 PM","","Standing Calf Raise",,"",1,"normal",,20,,,
"Legs Shoulders","Dec 10, 2025, 6:18 PM","Dec 10, 2025, 7:53 PM","","Standing Calf Raise",,"",2,"normal",,20,,,
"Legs Shoulders","Dec 10, 2025, 6:18 PM","Dec 10, 2025, 7:53 PM","","Shoulder Press (Dumbbell)",,"",0,"normal",20,15,,,
"Legs Shoulders","Dec 10, 2025, 6:18 PM","Dec 10, 2025, 7:53 PM","","Shoulder Press (Dumbbell)",,"",1,"normal",25,12,,,
"Legs Shoulders","Dec 10, 2025, 6:18 PM","Dec 10, 2025, 7:53 PM","","Shoulder Press (Dumbbell)",,"",2,"normal",25,15,,,
"Legs Shoulders","Dec 10, 2025, 6:18 PM","Dec 10, 2025, 7:53 PM","","Lateral Raise (Dumbbell)",,"",0,"normal",10,15,,,
"Legs Shoulders","Dec 10, 2025, 6:18 PM","Dec 10, 2025, 7:53 PM","","Lateral Raise (Dumbbell)",,"",1,"normal",15,10,,,
"Legs Shoulders","Dec 10, 2025, 6:18 PM","Dec 10, 2025, 7:53 PM","","Lateral Raise (Dumbbell)",,"",2,"normal",15,10,,,
"Legs Shoulders","Dec 10, 2025, 6:18 PM","Dec 10, 2025, 7:53 PM","","Face Pull",,"",0,"normal",25,15,,,
"Legs Shoulders","Dec 10, 2025, 6:18 PM","Dec 10, 2025, 7:53 PM","","Face Pull",,"",1,"normal",25,15,,,
"Legs Shoulders","Dec 10, 2025, 6:18 PM","Dec 10, 2025, 7:53 PM","","Face Pull",,"",2,"normal",25,15,,,
"Legs Shoulders","Dec 10, 2025, 6:18 PM","Dec 10, 2025, 7:53 PM","","Shrug (Dumbbell)",,"",0,"normal",40,18,,,
"Legs Shoulders","Dec 10, 2025, 6:18 PM","Dec 10, 2025, 7:53 PM","","Shrug (Dumbbell)",,"",1,"normal",40,15,,,
"Legs Shoulders","Dec 10, 2025, 6:18 PM","Dec 10, 2025, 7:53 PM","","Shrug (Dumbbell)",,"",2,"normal",40,15,,,
"Chest + Triceps","Dec 9, 2025, 6:35 PM","Dec 9, 2025, 7:47 PM","","Push Up",,"",0,"normal",,20,,,
"Chest + Triceps","Dec 9, 2025, 6:35 PM","Dec 9, 2025, 7:47 PM","","Push Up",,"",1,"normal",,20,,,
"Chest + Triceps","Dec 9, 2025, 6:35 PM","Dec 9, 2025, 7:47 PM","","Push Up",,"",2,"normal",,15,,,
"Chest + Triceps","Dec 9, 2025, 6:35 PM","Dec 9, 2025, 7:47 PM","","Bench Press (Dumbbell)",,"",0,"normal",30,12,,,
"Chest + Triceps","Dec 9, 2025, 6:35 PM","Dec 9, 2025, 7:47 PM","","Bench Press (Dumbbell)",,"",1,"normal",30,12,,,
"Chest + Triceps","Dec 9, 2025, 6:35 PM","Dec 9, 2025, 7:47 PM","","Bench Press (Dumbbell)",,"",2,"normal",30,11,,,
"Chest + Triceps","Dec 9, 2025, 6:35 PM","Dec 9, 2025, 7:47 PM","","Chest Fly (Machine)",,"",0,"normal",52.5,12,,,
"Chest + Triceps","Dec 9, 2025, 6:35 PM","Dec 9, 2025, 7:47 PM","","Chest Fly (Machine)",,"",1,"normal",60,12,,,
"Chest + Triceps","Dec 9, 2025, 6:35 PM","Dec 9, 2025, 7:47 PM","","Chest Fly (Machine)",,"",2,"normal",60,10,,,
"Chest + Triceps","Dec 9, 2025, 6:35 PM","Dec 9, 2025, 7:47 PM","","Chest Fly (Machine)",,"",3,"normal",60,10,,,
"Chest + Triceps","Dec 9, 2025, 6:35 PM","Dec 9, 2025, 7:47 PM","","Incline Bench Press (Barbell)",,"",0,"normal",30,12,,,
"Chest + Triceps","Dec 9, 2025, 6:35 PM","Dec 9, 2025, 7:47 PM","","Incline Bench Press (Barbell)",,"",1,"normal",35,9,,,
"Chest + Triceps","Dec 9, 2025, 6:35 PM","Dec 9, 2025, 7:47 PM","","Incline Bench Press (Barbell)",,"",2,"normal",30,9,,,
"Chest + Triceps","Dec 9, 2025, 6:35 PM","Dec 9, 2025, 7:47 PM","","Cable Fly Crossovers",,"",0,"normal",30,17,,,
"Chest + Triceps","Dec 9, 2025, 6:35 PM","Dec 9, 2025, 7:47 PM","","Cable Fly Crossovers",,"",1,"normal",30,15,,,
"Chest + Triceps","Dec 9, 2025, 6:35 PM","Dec 9, 2025, 7:47 PM","","Cable Fly Crossovers",,"",2,"normal",30,12,,,
"Chest + Triceps","Dec 9, 2025, 6:35 PM","Dec 9, 2025, 7:47 PM","","Triceps Rope Pushdown",,"",0,"normal",25,15,,,
"Chest + Triceps","Dec 9, 2025, 6:35 PM","Dec 9, 2025, 7:47 PM","","Triceps Rope Pushdown",,"",1,"normal",25,15,,,
"Chest + Triceps","Dec 9, 2025, 6:35 PM","Dec 9, 2025, 7:47 PM","","Triceps Rope Pushdown",,"",2,"normal",25,12,,,
"Chest + Triceps","Dec 9, 2025, 6:35 PM","Dec 9, 2025, 7:47 PM","","Overhead Triceps Extension (Cable)",,"",0,"normal",15,14,,,
"Chest + Triceps","Dec 9, 2025, 6:35 PM","Dec 9, 2025, 7:47 PM","","Overhead Triceps Extension (Cable)",,"",1,"normal",15,15,,,
"Chest + Triceps","Dec 9, 2025, 6:35 PM","Dec 9, 2025, 7:47 PM","","Overhead Triceps Extension (Cable)",,"",2,"normal",15,12,,,
"Back + Biceps","Dec 8, 2025, 6:24 PM","Dec 8, 2025, 7:49 PM","","Pull Up (Band)",,"",0,"normal",,15,,,
"Back + Biceps","Dec 8, 2025, 6:24 PM","Dec 8, 2025, 7:49 PM","","Pull Up (Band)",,"",1,"normal",,13,,,
"Back + Biceps","Dec 8, 2025, 6:24 PM","Dec 8, 2025, 7:49 PM","","Pull Up (Band)",,"",2,"normal",,10,,,
"Back + Biceps","Dec 8, 2025, 6:24 PM","Dec 8, 2025, 7:49 PM","","Lat Pulldown (Cable)",,"",0,"normal",39,15,,,
"Back + Biceps","Dec 8, 2025, 6:24 PM","Dec 8, 2025, 7:49 PM","","Lat Pulldown (Cable)",,"",1,"normal",45.5,10,,,
"Back + Biceps","Dec 8, 2025, 6:24 PM","Dec 8, 2025, 7:49 PM","","Lat Pulldown - Close Grip (Cable)",,"",0,"normal",39,13,,,
"Back + Biceps","Dec 8, 2025, 6:24 PM","Dec 8, 2025, 7:49 PM","","Lat Pulldown - Close Grip (Cable)",,"",1,"normal",45.5,11,,,
"Back + Biceps","Dec 8, 2025, 6:24 PM","Dec 8, 2025, 7:49 PM","","Lat Pulldown - Close Grip (Cable)",,"",2,"normal",45.5,11,,,
"Back + Biceps","Dec 8, 2025, 6:24 PM","Dec 8, 2025, 7:49 PM","","Seated Cable Row - Bar Grip",,"",0,"normal",30,13,,,
"Back + Biceps","Dec 8, 2025, 6:24 PM","Dec 8, 2025, 7:49 PM","","Seated Cable Row - Bar Grip",,"",1,"normal",35,12,,,
"Back + Biceps","Dec 8, 2025, 6:24 PM","Dec 8, 2025, 7:49 PM","","Seated Cable Row - Bar Grip",,"",2,"normal",35,11,,,
"Back + Biceps","Dec 8, 2025, 6:24 PM","Dec 8, 2025, 7:49 PM","","Chest Supported Incline Row (Dumbbell)",,"",0,"normal",30,12,,,
"Back + Biceps","Dec 8, 2025, 6:24 PM","Dec 8, 2025, 7:49 PM","","Chest Supported Incline Row (Dumbbell)",,"",1,"normal",30,12,,,
"Back + Biceps","Dec 8, 2025, 6:24 PM","Dec 8, 2025, 7:49 PM","","Chest Supported Incline Row (Dumbbell)",,"",2,"normal",30,12,,,
"Back + Biceps","Dec 8, 2025, 6:24 PM","Dec 8, 2025, 7:49 PM","","Hammer Curl (Dumbbell)",,"",0,"normal",20,9,,,
"Back + Biceps","Dec 8, 2025, 6:24 PM","Dec 8, 2025, 7:49 PM","","Hammer Curl (Dumbbell)",,"",1,"normal",20,12,,,
"Back + Biceps","Dec 8, 2025, 6:24 PM","Dec 8, 2025, 7:49 PM","","Hammer Curl (Dumbbell)",,"",2,"normal",20,12,,,
"Back + Biceps","Dec 8, 2025, 6:24 PM","Dec 8, 2025, 7:49 PM","","Bicep Curl (Cable)",,"",0,"normal",40,10,,,
"Back + Biceps","Dec 8, 2025, 6:24 PM","Dec 8, 2025, 7:49 PM","","Bicep Curl (Cable)",,"",1,"normal",40,10,,,
"Back + Biceps","Dec 8, 2025, 6:24 PM","Dec 8, 2025, 7:49 PM","","Bicep Curl (Cable)",,"",2,"normal",40,10,,,
"Back + Biceps","Dec 8, 2025, 6:24 PM","Dec 8, 2025, 7:49 PM","","Preacher Curl (Barbell)",,"",0,"normal",15,12,,,
"Back + Biceps","Dec 8, 2025, 6:24 PM","Dec 8, 2025, 7:49 PM","","Preacher Curl (Barbell)",,"",1,"normal",15,10,,,
"Back + Biceps","Dec 8, 2025, 6:24 PM","Dec 8, 2025, 7:49 PM","","Preacher Curl (Barbell)",,"",2,"normal",15,10,,,
"Legs Shoulders","Dec 6, 2025, 5:48 PM","Dec 6, 2025, 7:59 PM","","Bulgarian Split Squat (Dumbbell)",,"",0,"normal",15,12,,,
"Legs Shoulders","Dec 6, 2025, 5:48 PM","Dec 6, 2025, 7:59 PM","","Bulgarian Split Squat (Dumbbell)",,"",1,"normal",20,12,,,
"Legs Shoulders","Dec 6, 2025, 5:48 PM","Dec 6, 2025, 7:59 PM","","Bulgarian Split Squat (Dumbbell)",,"",2,"normal",25,12,,,
"Legs Shoulders","Dec 6, 2025, 5:48 PM","Dec 6, 2025, 7:59 PM","","Leg Extension (Machine)",,"",0,"normal",40,12,,,
"Legs Shoulders","Dec 6, 2025, 5:48 PM","Dec 6, 2025, 7:59 PM","","Leg Extension (Machine)",,"",1,"normal",45,12,,,
"Legs Shoulders","Dec 6, 2025, 5:48 PM","Dec 6, 2025, 7:59 PM","","Leg Extension (Machine)",,"",2,"normal",50,12,,,
"Legs Shoulders","Dec 6, 2025, 5:48 PM","Dec 6, 2025, 7:59 PM","","Seated Leg Curl (Machine)",,"",0,"normal",45,15,,,
"Legs Shoulders","Dec 6, 2025, 5:48 PM","Dec 6, 2025, 7:59 PM","","Seated Leg Curl (Machine)",,"",1,"normal",50,12,,,
"Legs Shoulders","Dec 6, 2025, 5:48 PM","Dec 6, 2025, 7:59 PM","","Seated Leg Curl (Machine)",,"",2,"normal",55,12,,,
"Legs Shoulders","Dec 6, 2025, 5:48 PM","Dec 6, 2025, 7:59 PM","","Hip Abduction (Machine)",,"",0,"normal",60,15,,,
"Legs Shoulders","Dec 6, 2025, 5:48 PM","Dec 6, 2025, 7:59 PM","","Hip Abduction (Machine)",,"",1,"normal",70,15,,,
"Legs Shoulders","Dec 6, 2025, 5:48 PM","Dec 6, 2025, 7:59 PM","","Hip Abduction (Machine)",,"",2,"normal",70,12,,,
"Legs Shoulders","Dec 6, 2025, 5:48 PM","Dec 6, 2025, 7:59 PM","","Hip Adduction (Machine)",,"",0,"normal",60,12,,,
"Legs Shoulders","Dec 6, 2025, 5:48 PM","Dec 6, 2025, 7:59 PM","","Hip Adduction (Machine)",,"",1,"normal",70,15,,,
"Legs Shoulders","Dec 6, 2025, 5:48 PM","Dec 6, 2025, 7:59 PM","","Hip Adduction (Machine)",,"",2,"normal",70,12,,,
"Legs Shoulders","Dec 6, 2025, 5:48 PM","Dec 6, 2025, 7:59 PM","","Shoulder Press (Dumbbell)",,"",0,"normal",20,15,,,
"Legs Shoulders","Dec 6, 2025, 5:48 PM","Dec 6, 2025, 7:59 PM","","Shoulder Press (Dumbbell)",,"",1,"normal",25,12,,,
"Legs Shoulders","Dec 6, 2025, 5:48 PM","Dec 6, 2025, 7:59 PM","","Shoulder Press (Dumbbell)",,"",2,"normal",25,12,,,
"Legs Shoulders","Dec 6, 2025, 5:48 PM","Dec 6, 2025, 7:59 PM","","Single Arm Lateral Raise (Cable)",,"",0,"normal",20,10,,,
"Legs Shoulders","Dec 6, 2025, 5:48 PM","Dec 6, 2025, 7:59 PM","","Single Arm Lateral Raise (Cable)",,"",1,"normal",20,10,,,
"Legs Shoulders","Dec 6, 2025, 5:48 PM","Dec 6, 2025, 7:59 PM","","Single Arm Lateral Raise (Cable)",,"",2,"normal",20,10,,,
"Legs Shoulders","Dec 6, 2025, 5:48 PM","Dec 6, 2025, 7:59 PM","","Face Pull",,"",0,"normal",35,12,,,
"Legs Shoulders","Dec 6, 2025, 5:48 PM","Dec 6, 2025, 7:59 PM","","Face Pull",,"",1,"normal",40,12,,,
"Legs Shoulders","Dec 6, 2025, 5:48 PM","Dec 6, 2025, 7:59 PM","","Face Pull",,"",2,"normal",40,12,,,
"Legs Shoulders","Dec 6, 2025, 5:48 PM","Dec 6, 2025, 7:59 PM","","Rear Delt Reverse Fly (Machine)",,"",0,"normal",37.5,15,,,
"Legs Shoulders","Dec 6, 2025, 5:48 PM","Dec 6, 2025, 7:59 PM","","Rear Delt Reverse Fly (Machine)",,"",1,"normal",52.5,10,,,
"Legs Shoulders","Dec 6, 2025, 5:48 PM","Dec 6, 2025, 7:59 PM","","Rear Delt Reverse Fly (Machine)",,"",2,"normal",45,11,,,
"Legs Shoulders","Dec 6, 2025, 5:48 PM","Dec 6, 2025, 7:59 PM","","Shrug (Dumbbell)",,"",0,"normal",35,15,,,
"Legs Shoulders","Dec 6, 2025, 5:48 PM","Dec 6, 2025, 7:59 PM","","Shrug (Dumbbell)",,"",1,"normal",35,20,,,
"Legs Shoulders","Dec 6, 2025, 5:48 PM","Dec 6, 2025, 7:59 PM","","Shrug (Dumbbell)",,"",2,"normal",40,15,,,
"Legs Shoulders","Dec 6, 2025, 5:48 PM","Dec 6, 2025, 7:59 PM","","Leg Press (Machine)",,"",0,"normal",90,15,,,
"Legs Shoulders","Dec 6, 2025, 5:48 PM","Dec 6, 2025, 7:59 PM","","Leg Press (Machine)",,"",1,"normal",100,15,,,
"Legs Shoulders","Dec 6, 2025, 5:48 PM","Dec 6, 2025, 7:59 PM","","Leg Press (Machine)",,"",2,"normal",120,15,,,
"Legs Shoulders","Dec 6, 2025, 5:48 PM","Dec 6, 2025, 7:59 PM","","Standing Calf Raise",,"",0,"normal",,20,,,
"Legs Shoulders","Dec 6, 2025, 5:48 PM","Dec 6, 2025, 7:59 PM","","Standing Calf Raise",,"",1,"normal",,20,,,
"Arms","Dec 5, 2025, 6:05 PM","Dec 5, 2025, 7:46 PM","","Push Up",,"",0,"normal",,35,,,
"Arms","Dec 5, 2025, 6:05 PM","Dec 5, 2025, 7:46 PM","","Hammer Curl (Dumbbell)",,"",0,"normal",20,12,,,
"Arms","Dec 5, 2025, 6:05 PM","Dec 5, 2025, 7:46 PM","","Hammer Curl (Dumbbell)",,"",1,"normal",20,12,,,
"Arms","Dec 5, 2025, 6:05 PM","Dec 5, 2025, 7:46 PM","","Hammer Curl (Dumbbell)",,"",2,"normal",20,12,,,
"Arms","Dec 5, 2025, 6:05 PM","Dec 5, 2025, 7:46 PM","","Preacher Curl (Barbell)",,"",0,"normal",15,12,,,
"Arms","Dec 5, 2025, 6:05 PM","Dec 5, 2025, 7:46 PM","","Preacher Curl (Barbell)",,"",1,"normal",15,12,,,
"Arms","Dec 5, 2025, 6:05 PM","Dec 5, 2025, 7:46 PM","","Preacher Curl (Barbell)",,"",2,"normal",15,12,,,
"Arms","Dec 5, 2025, 6:05 PM","Dec 5, 2025, 7:46 PM","","Single Arm Triceps Pushdown (Cable)",,"",0,"normal",10,24,,,
"Arms","Dec 5, 2025, 6:05 PM","Dec 5, 2025, 7:46 PM","","Single Arm Triceps Pushdown (Cable)",,"",1,"normal",10,24,,,
"Arms","Dec 5, 2025, 6:05 PM","Dec 5, 2025, 7:46 PM","","Single Arm Triceps Pushdown (Cable)",,"",2,"normal",10,30,,,
"Arms","Dec 5, 2025, 6:05 PM","Dec 5, 2025, 7:46 PM","","Skullcrusher (Dumbbell)",,"",0,"normal",10,15,,,
"Arms","Dec 5, 2025, 6:05 PM","Dec 5, 2025, 7:46 PM","","Skullcrusher (Dumbbell)",,"",1,"normal",10,15,,,
"Arms","Dec 5, 2025, 6:05 PM","Dec 5, 2025, 7:46 PM","","Skullcrusher (Dumbbell)",,"",2,"normal",10,17,,,
"Arms","Dec 5, 2025, 6:05 PM","Dec 5, 2025, 7:46 PM","","Bicep Curl (Cable)",,"",0,"normal",30,15,,,
"Arms","Dec 5, 2025, 6:05 PM","Dec 5, 2025, 7:46 PM","","Bicep Curl (Cable)",,"",1,"normal",35,13,,,
"Arms","Dec 5, 2025, 6:05 PM","Dec 5, 2025, 7:46 PM","","Bicep Curl (Cable)",,"",2,"normal",30,15,,,
"Arms","Dec 5, 2025, 6:05 PM","Dec 5, 2025, 7:46 PM","","Bicep Curl (Cable)",,"",3,"normal",40,12,,,
"Arms","Dec 5, 2025, 6:05 PM","Dec 5, 2025, 7:46 PM","","Bicep Curl (Cable)",,"",4,"normal",40,12,,,
"Arms","Dec 5, 2025, 6:05 PM","Dec 5, 2025, 7:46 PM","","Seated Palms Up Wrist Curl",,"",0,"normal",10,20,,,
"Arms","Dec 5, 2025, 6:05 PM","Dec 5, 2025, 7:46 PM","","Seated Palms Up Wrist Curl",,"",1,"normal",20,20,,,
"Arms","Dec 5, 2025, 6:05 PM","Dec 5, 2025, 7:46 PM","","Seated Palms Up Wrist Curl",,"",2,"normal",10,20,,,
"Arms","Dec 5, 2025, 6:05 PM","Dec 5, 2025, 7:46 PM","","Seated Palms Up Wrist Curl",,"",3,"normal",20,20,,,
"Arms","Dec 5, 2025, 6:05 PM","Dec 5, 2025, 7:46 PM","","Seated Palms Up Wrist Curl",,"",4,"normal",10,17,,,
"Arms","Dec 5, 2025, 6:05 PM","Dec 5, 2025, 7:46 PM","","Seated Palms Up Wrist Curl",,"",5,"normal",25,17,,,
"Arms","Dec 5, 2025, 6:05 PM","Dec 5, 2025, 7:46 PM","","Triceps Extension (Dumbbell)",,"",0,"normal",12.5,17,,,
"Arms","Dec 5, 2025, 6:05 PM","Dec 5, 2025, 7:46 PM","","Triceps Extension (Dumbbell)",,"",1,"normal",17.5,13,,,
"Arms","Dec 5, 2025, 6:05 PM","Dec 5, 2025, 7:46 PM","","Triceps Extension (Dumbbell)",,"",2,"normal",17.5,15,,,
"Abs","Dec 4, 2025, 6:24 PM","Dec 4, 2025, 7:22 PM","","Crunch",,"",0,"normal",,12,,,
"Abs","Dec 4, 2025, 6:24 PM","Dec 4, 2025, 7:22 PM","","Crunch",,"",1,"normal",,15,,,
"Abs","Dec 4, 2025, 6:24 PM","Dec 4, 2025, 7:22 PM","","Crunch",,"",2,"normal",,15,,,
"Abs","Dec 4, 2025, 6:24 PM","Dec 4, 2025, 7:22 PM","","Plank",,"",0,"normal",,,,60,
"Abs","Dec 4, 2025, 6:24 PM","Dec 4, 2025, 7:22 PM","","Plank",,"",1,"normal",,,,46,
"Abs","Dec 4, 2025, 6:24 PM","Dec 4, 2025, 7:22 PM","","Russian Twist (Weighted)",,"",0,"normal",5,30,,,
"Abs","Dec 4, 2025, 6:24 PM","Dec 4, 2025, 7:22 PM","","Russian Twist (Weighted)",,"",1,"normal",5,30,,,
"Abs","Dec 4, 2025, 6:24 PM","Dec 4, 2025, 7:22 PM","","Russian Twist (Weighted)",,"",2,"normal",5,30,,,
"Abs","Dec 4, 2025, 6:24 PM","Dec 4, 2025, 7:22 PM","","Lying Leg Raise",,"",0,"normal",,12,,,
"Abs","Dec 4, 2025, 6:24 PM","Dec 4, 2025, 7:22 PM","","Lying Leg Raise",,"",1,"normal",,12,,,
"Abs","Dec 4, 2025, 6:24 PM","Dec 4, 2025, 7:22 PM","","Lying Leg Raise",,"",2,"normal",,15,,,
"Abs","Dec 4, 2025, 6:24 PM","Dec 4, 2025, 7:22 PM","","Crunch (Weighted)",,"",0,"normal",7.5,12,,,
"Abs","Dec 4, 2025, 6:24 PM","Dec 4, 2025, 7:22 PM","","Crunch (Weighted)",,"",1,"normal",7.5,12,,,
"Abs","Dec 4, 2025, 6:24 PM","Dec 4, 2025, 7:22 PM","","Crunch (Weighted)",,"",2,"normal",7.5,12,,,
"Abs","Dec 4, 2025, 6:24 PM","Dec 4, 2025, 7:22 PM","","Crunch (Weighted)",,"",3,"normal",10,12,,,
"Abs","Dec 4, 2025, 6:24 PM","Dec 4, 2025, 7:22 PM","","Crunch (Weighted)",,"",4,"normal",10,12,,,
"Abs","Dec 4, 2025, 6:24 PM","Dec 4, 2025, 7:22 PM","","Crunch (Weighted)",,"",5,"normal",10,12,,,
"Abs","Dec 4, 2025, 6:24 PM","Dec 4, 2025, 7:22 PM","","Crunch (Weighted)",,"",6,"normal",12.5,12,,,
"Abs","Dec 4, 2025, 6:24 PM","Dec 4, 2025, 7:22 PM","","Crunch (Weighted)",,"",7,"normal",12.5,12,,,
"Abs","Dec 4, 2025, 6:24 PM","Dec 4, 2025, 7:22 PM","","Crunch (Weighted)",,"",8,"normal",12.5,12,,,
"Abs","Dec 4, 2025, 6:24 PM","Dec 4, 2025, 7:22 PM","","Crunch (Weighted)",,"",9,"normal",15,12,,,
"Abs","Dec 4, 2025, 6:24 PM","Dec 4, 2025, 7:22 PM","","Crunch (Weighted)",,"",10,"normal",15,12,,,
"Abs","Dec 4, 2025, 6:24 PM","Dec 4, 2025, 7:22 PM","","Crunch (Weighted)",,"",11,"normal",15,12,,,
"Legs Shoulders Forearms","Dec 3, 2025, 5:52 PM","Dec 3, 2025, 7:56 PM","","Leg Extension (Machine)",,"",0,"normal",35,12,,,
"Legs Shoulders Forearms","Dec 3, 2025, 5:52 PM","Dec 3, 2025, 7:56 PM","","Leg Extension (Machine)",,"",1,"normal",40,12,,,
"Legs Shoulders Forearms","Dec 3, 2025, 5:52 PM","Dec 3, 2025, 7:56 PM","","Leg Extension (Machine)",,"",2,"normal",45,12,,,
"Legs Shoulders Forearms","Dec 3, 2025, 5:52 PM","Dec 3, 2025, 7:56 PM","","Seated Leg Curl (Machine)",,"",0,"normal",40,12,,,
"Legs Shoulders Forearms","Dec 3, 2025, 5:52 PM","Dec 3, 2025, 7:56 PM","","Seated Leg Curl (Machine)",,"",1,"normal",45,12,,,
"Legs Shoulders Forearms","Dec 3, 2025, 5:52 PM","Dec 3, 2025, 7:56 PM","","Seated Leg Curl (Machine)",,"",2,"normal",50,12,,,
"Legs Shoulders Forearms","Dec 3, 2025, 5:52 PM","Dec 3, 2025, 7:56 PM","","Hip Adduction (Machine)",,"",0,"normal",60,12,,,
"Legs Shoulders Forearms","Dec 3, 2025, 5:52 PM","Dec 3, 2025, 7:56 PM","","Hip Adduction (Machine)",,"",1,"normal",60,15,,,
"Legs Shoulders Forearms","Dec 3, 2025, 5:52 PM","Dec 3, 2025, 7:56 PM","","Hip Adduction (Machine)",,"",2,"normal",70,15,,,
"Legs Shoulders Forearms","Dec 3, 2025, 5:52 PM","Dec 3, 2025, 7:56 PM","","Hip Abduction (Machine)",,"",0,"normal",60,15,,,
"Legs Shoulders Forearms","Dec 3, 2025, 5:52 PM","Dec 3, 2025, 7:56 PM","","Hip Abduction (Machine)",,"",1,"normal",60,15,,,
"Legs Shoulders Forearms","Dec 3, 2025, 5:52 PM","Dec 3, 2025, 7:56 PM","","Hip Abduction (Machine)",,"",2,"normal",70,15,,,
"Legs Shoulders Forearms","Dec 3, 2025, 5:52 PM","Dec 3, 2025, 7:56 PM","","Bulgarian Split Squat (Dumbbell)",,"",0,"normal",15,12,,,
"Legs Shoulders Forearms","Dec 3, 2025, 5:52 PM","Dec 3, 2025, 7:56 PM","","Bulgarian Split Squat (Dumbbell)",,"",1,"normal",15,12,,,
"Legs Shoulders Forearms","Dec 3, 2025, 5:52 PM","Dec 3, 2025, 7:56 PM","","Bulgarian Split Squat (Dumbbell)",,"",2,"normal",20,12,,,
"Legs Shoulders Forearms","Dec 3, 2025, 5:52 PM","Dec 3, 2025, 7:56 PM","","Standing Calf Raise",,"",0,"normal",,20,,,
"Legs Shoulders Forearms","Dec 3, 2025, 5:52 PM","Dec 3, 2025, 7:56 PM","","Standing Calf Raise",,"",1,"normal",,20,,,
"Legs Shoulders Forearms","Dec 3, 2025, 5:52 PM","Dec 3, 2025, 7:56 PM","","Standing Calf Raise",,"",2,"normal",,20,,,
"Legs Shoulders Forearms","Dec 3, 2025, 5:52 PM","Dec 3, 2025, 7:56 PM","","Standing Calf Raise",,"",3,"normal",,20,,,
"Legs Shoulders Forearms","Dec 3, 2025, 5:52 PM","Dec 3, 2025, 7:56 PM","","Shoulder Press (Dumbbell)",,".",0,"normal",20,15,,,
"Legs Shoulders Forearms","Dec 3, 2025, 5:52 PM","Dec 3, 2025, 7:56 PM","","Shoulder Press (Dumbbell)",,".",1,"normal",25,12,,,
"Legs Shoulders Forearms","Dec 3, 2025, 5:52 PM","Dec 3, 2025, 7:56 PM","","Shoulder Press (Dumbbell)",,".",2,"normal",25,12,,,
"Legs Shoulders Forearms","Dec 3, 2025, 5:52 PM","Dec 3, 2025, 7:56 PM","","Single Arm Lateral Raise (Cable)",,"",0,"normal",20,8,,,
"Legs Shoulders Forearms","Dec 3, 2025, 5:52 PM","Dec 3, 2025, 7:56 PM","","Single Arm Lateral Raise (Cable)",,"",1,"normal",10,18,,,
"Legs Shoulders Forearms","Dec 3, 2025, 5:52 PM","Dec 3, 2025, 7:56 PM","","Single Arm Lateral Raise (Cable)",,"",2,"normal",10,18,,,
"Legs Shoulders Forearms","Dec 3, 2025, 5:52 PM","Dec 3, 2025, 7:56 PM","","Face Pull",,"",0,"normal",35,12,,,
"Legs Shoulders Forearms","Dec 3, 2025, 5:52 PM","Dec 3, 2025, 7:56 PM","","Face Pull",,"",1,"normal",40,12,,,
"Legs Shoulders Forearms","Dec 3, 2025, 5:52 PM","Dec 3, 2025, 7:56 PM","","Face Pull",,"",2,"normal",40,12,,,
"Legs Shoulders Forearms","Dec 3, 2025, 5:52 PM","Dec 3, 2025, 7:56 PM","","Seated Palms Up Wrist Curl",,"",0,"normal",10,20,,,
"Legs Shoulders Forearms","Dec 3, 2025, 5:52 PM","Dec 3, 2025, 7:56 PM","","Seated Palms Up Wrist Curl",,"",1,"normal",15,20,,,
"Legs Shoulders Forearms","Dec 3, 2025, 5:52 PM","Dec 3, 2025, 7:56 PM","","Seated Palms Up Wrist Curl",,"",2,"normal",10,20,,,
"Legs Shoulders Forearms","Dec 3, 2025, 5:52 PM","Dec 3, 2025, 7:56 PM","","Seated Palms Up Wrist Curl",,"",3,"normal",20,20,,,
"Legs Shoulders Forearms","Dec 3, 2025, 5:52 PM","Dec 3, 2025, 7:56 PM","","Seated Palms Up Wrist Curl",,"",4,"normal",10,15,,,
"Legs Shoulders Forearms","Dec 3, 2025, 5:52 PM","Dec 3, 2025, 7:56 PM","","Seated Palms Up Wrist Curl",,"",5,"normal",20,15,,,
"Legs Shoulders Forearms","Dec 3, 2025, 5:52 PM","Dec 3, 2025, 7:56 PM","","Shrug (Barbell)",,"",0,"normal",35,15,,,
"Legs Shoulders Forearms","Dec 3, 2025, 5:52 PM","Dec 3, 2025, 7:56 PM","","Shrug (Barbell)",,"",1,"normal",35,15,,,
"Legs Shoulders Forearms","Dec 3, 2025, 5:52 PM","Dec 3, 2025, 7:56 PM","","Shrug (Barbell)",,"",2,"normal",40,18,,,
"Legs Shoulders Forearms","Dec 3, 2025, 5:52 PM","Dec 3, 2025, 7:56 PM","","Cycling",,"",0,"normal",,,1,140,
"Chest + Triceps","Dec 2, 2025, 6:19 PM","Dec 2, 2025, 8:00 PM","","Push Up",,"",0,"normal",,20,,,
"Chest + Triceps","Dec 2, 2025, 6:19 PM","Dec 2, 2025, 8:00 PM","","Push Up",,"",1,"normal",,20,,,
"Chest + Triceps","Dec 2, 2025, 6:19 PM","Dec 2, 2025, 8:00 PM","","Push Up",,"",2,"normal",,20,,,
"Chest + Triceps","Dec 2, 2025, 6:19 PM","Dec 2, 2025, 8:00 PM","","Bench Press (Dumbbell)",,"",0,"normal",30,12,,,
"Chest + Triceps","Dec 2, 2025, 6:19 PM","Dec 2, 2025, 8:00 PM","","Bench Press (Dumbbell)",,"",1,"normal",30,11,,,
"Chest + Triceps","Dec 2, 2025, 6:19 PM","Dec 2, 2025, 8:00 PM","","Bench Press (Dumbbell)",,"",2,"normal",30,10,,,
"Chest + Triceps","Dec 2, 2025, 6:19 PM","Dec 2, 2025, 8:00 PM","","Cable Fly Crossovers",,"",0,"normal",30,14,,,
"Chest + Triceps","Dec 2, 2025, 6:19 PM","Dec 2, 2025, 8:00 PM","","Cable Fly Crossovers",,"",1,"normal",30,17,,,
"Chest + Triceps","Dec 2, 2025, 6:19 PM","Dec 2, 2025, 8:00 PM","","Cable Fly Crossovers",,"",2,"normal",30,17,,,
"Chest + Triceps","Dec 2, 2025, 6:19 PM","Dec 2, 2025, 8:00 PM","","Chest Fly (Machine)",,"",0,"normal",60,12,,,
"Chest + Triceps","Dec 2, 2025, 6:19 PM","Dec 2, 2025, 8:00 PM","","Chest Fly (Machine)",,"",1,"normal",60,11,,,
"Chest + Triceps","Dec 2, 2025, 6:19 PM","Dec 2, 2025, 8:00 PM","","Chest Fly (Machine)",,"",2,"normal",60,9,,,
"Chest + Triceps","Dec 2, 2025, 6:19 PM","Dec 2, 2025, 8:00 PM","","Triceps Rope Pushdown",,"",0,"normal",25,12,,,
"Chest + Triceps","Dec 2, 2025, 6:19 PM","Dec 2, 2025, 8:00 PM","","Triceps Rope Pushdown",,"",1,"normal",25,12,,,
"Chest + Triceps","Dec 2, 2025, 6:19 PM","Dec 2, 2025, 8:00 PM","","Triceps Rope Pushdown",,"",2,"normal",25,12,,,
"Chest + Triceps","Dec 2, 2025, 6:19 PM","Dec 2, 2025, 8:00 PM","","Overhead Triceps Extension (Cable)",,"",0,"normal",15,14,,,
"Chest + Triceps","Dec 2, 2025, 6:19 PM","Dec 2, 2025, 8:00 PM","","Overhead Triceps Extension (Cable)",,"",1,"normal",20,12,,,
"Chest + Triceps","Dec 2, 2025, 6:19 PM","Dec 2, 2025, 8:00 PM","","Overhead Triceps Extension (Cable)",,"",2,"normal",20,12,,,
"Chest + Triceps","Dec 2, 2025, 6:19 PM","Dec 2, 2025, 8:00 PM","","Triceps Pushdown",,"",0,"normal",25,15,,,
"Chest + Triceps","Dec 2, 2025, 6:19 PM","Dec 2, 2025, 8:00 PM","","Triceps Pushdown",,"",1,"normal",25,12,,,
"Chest + Triceps","Dec 2, 2025, 6:19 PM","Dec 2, 2025, 8:00 PM","","Triceps Pushdown",,"",2,"normal",25,12,,,
"Chest + Triceps","Dec 2, 2025, 6:19 PM","Dec 2, 2025, 8:00 PM","","Incline Bench Press (Barbell)",,"",0,"normal",30,12,,,
"Chest + Triceps","Dec 2, 2025, 6:19 PM","Dec 2, 2025, 8:00 PM","","Incline Bench Press (Barbell)",,"",1,"normal",30,12,,,
"Chest + Triceps","Dec 2, 2025, 6:19 PM","Dec 2, 2025, 8:00 PM","","Incline Bench Press (Barbell)",,"",2,"normal",30,11,,,
"Back + Biceps","Dec 1, 2025, 5:18 PM","Dec 1, 2025, 6:53 PM","","Pull Up (Band)",,"",0,"normal",,15,,,
"Back + Biceps","Dec 1, 2025, 5:18 PM","Dec 1, 2025, 6:53 PM","","Pull Up (Band)",,"",1,"normal",,13,,,
"Back + Biceps","Dec 1, 2025, 5:18 PM","Dec 1, 2025, 6:53 PM","","Pull Up (Band)",,"",2,"normal",,10,,,
"Back + Biceps","Dec 1, 2025, 5:18 PM","Dec 1, 2025, 6:53 PM","","Lat Pulldown - Close Grip (Cable)",,"",0,"normal",39,15,,,
"Back + Biceps","Dec 1, 2025, 5:18 PM","Dec 1, 2025, 6:53 PM","","Lat Pulldown - Close Grip (Cable)",,"",1,"normal",45.5,11,,,
"Back + Biceps","Dec 1, 2025, 5:18 PM","Dec 1, 2025, 6:53 PM","","Lat Pulldown - Close Grip (Cable)",,"",2,"normal",45.5,10,,,
"Back + Biceps","Dec 1, 2025, 5:18 PM","Dec 1, 2025, 6:53 PM","","Seated Cable Row - Bar Wide Grip",,"",0,"normal",60,12,,,
"Back + Biceps","Dec 1, 2025, 5:18 PM","Dec 1, 2025, 6:53 PM","","Seated Cable Row - Bar Wide Grip",,"",1,"normal",60,15,,,
"Back + Biceps","Dec 1, 2025, 5:18 PM","Dec 1, 2025, 6:53 PM","","Seated Cable Row - Bar Wide Grip",,"",2,"normal",60,14,,,
"Back + Biceps","Dec 1, 2025, 5:18 PM","Dec 1, 2025, 6:53 PM","","Chest Supported Incline Row (Dumbbell)",,"",0,"normal",20,15,,,
"Back + Biceps","Dec 1, 2025, 5:18 PM","Dec 1, 2025, 6:53 PM","","Chest Supported Incline Row (Dumbbell)",,"",1,"normal",25,13,,,
"Back + Biceps","Dec 1, 2025, 5:18 PM","Dec 1, 2025, 6:53 PM","","Chest Supported Incline Row (Dumbbell)",,"",2,"normal",25,12,,,
"Back + Biceps","Dec 1, 2025, 5:18 PM","Dec 1, 2025, 6:53 PM","","Lat Pulldown (Machine)",,"",0,"normal",60,13,,,
"Back + Biceps","Dec 1, 2025, 5:18 PM","Dec 1, 2025, 6:53 PM","","Lat Pulldown (Machine)",,"",1,"normal",60,13,,,
"Back + Biceps","Dec 1, 2025, 5:18 PM","Dec 1, 2025, 6:53 PM","","Lat Pulldown (Machine)",,"",2,"normal",60,13,,,
"Back + Biceps","Dec 1, 2025, 5:18 PM","Dec 1, 2025, 6:53 PM","","Seated Incline Curl (Dumbbell)",,"",0,"normal",15,13,,,
"Back + Biceps","Dec 1, 2025, 5:18 PM","Dec 1, 2025, 6:53 PM","","Seated Incline Curl (Dumbbell)",,"",1,"normal",15,12,,,
"Back + Biceps","Dec 1, 2025, 5:18 PM","Dec 1, 2025, 6:53 PM","","Seated Incline Curl (Dumbbell)",,"",2,"normal",15,11,,,
"Back + Biceps","Dec 1, 2025, 5:18 PM","Dec 1, 2025, 6:53 PM","","Hammer Curl (Dumbbell)",,"",0,"normal",20,9,,,
"Back + Biceps","Dec 1, 2025, 5:18 PM","Dec 1, 2025, 6:53 PM","","Hammer Curl (Dumbbell)",,"",1,"normal",20,11,,,
"Back + Biceps","Dec 1, 2025, 5:18 PM","Dec 1, 2025, 6:53 PM","","Hammer Curl (Dumbbell)",,"",2,"normal",20,10,,,
"Back + Biceps","Dec 1, 2025, 5:18 PM","Dec 1, 2025, 6:53 PM","","Bicep Curl (Cable)",,"",0,"normal",30,11,,,
"Back + Biceps","Dec 1, 2025, 5:18 PM","Dec 1, 2025, 6:53 PM","","Bicep Curl (Cable)",,"",1,"normal",30,12,,,
"Back + Biceps","Dec 1, 2025, 5:18 PM","Dec 1, 2025, 6:53 PM","","Bicep Curl (Cable)",,"",2,"normal",30,12,,,
"Back + Biceps","Dec 1, 2025, 5:18 PM","Dec 1, 2025, 6:53 PM","","Preacher Curl (Barbell)",,"",0,"normal",15,7,,,
"Back + Biceps","Dec 1, 2025, 5:18 PM","Dec 1, 2025, 6:53 PM","","Preacher Curl (Barbell)",,"",1,"normal",15,8,,,
"Cardio + Core + Stretching","Nov 29, 2025, 6:01 PM","Nov 29, 2025, 7:39 PM","","Treadmill",,"",0,"normal",,,1,480,
"Cardio + Core + Stretching","Nov 29, 2025, 6:01 PM","Nov 29, 2025, 7:39 PM","","Sprints",,"",0,"normal",,,0.25,50,
"Cardio + Core + Stretching","Nov 29, 2025, 6:01 PM","Nov 29, 2025, 7:39 PM","","Stretching",,"",0,"normal",,,,1254,
"Cardio + Core + Stretching","Nov 29, 2025, 6:01 PM","Nov 29, 2025, 7:39 PM","","Russian Twist (Weighted)",,"",0,"normal",4,20,,,
"Cardio + Core + Stretching","Nov 29, 2025, 6:01 PM","Nov 29, 2025, 7:39 PM","","Russian Twist (Weighted)",,"",1,"normal",4,30,,,
"Cardio + Core + Stretching","Nov 29, 2025, 6:01 PM","Nov 29, 2025, 7:39 PM","","Russian Twist (Weighted)",,"",2,"normal",4,50,,,
"Cardio + Core + Stretching","Nov 29, 2025, 6:01 PM","Nov 29, 2025, 7:39 PM","","Lying Leg Raise",,"",0,"normal",,12,,,
"Cardio + Core + Stretching","Nov 29, 2025, 6:01 PM","Nov 29, 2025, 7:39 PM","","Lying Leg Raise",,"",1,"normal",,13,,,
"Cardio + Core + Stretching","Nov 29, 2025, 6:01 PM","Nov 29, 2025, 7:39 PM","","Lying Leg Raise",,"",2,"normal",,14,,,
"Cardio + Core + Stretching","Nov 29, 2025, 6:01 PM","Nov 29, 2025, 7:39 PM","","Crunch (Weighted)",,"Straight + Right + Left",0,"normal",7.5,15,,,
"Cardio + Core + Stretching","Nov 29, 2025, 6:01 PM","Nov 29, 2025, 7:39 PM","","Crunch (Weighted)",,"Straight + Right + Left",1,"normal",7.5,15,,,
"Cardio + Core + Stretching","Nov 29, 2025, 6:01 PM","Nov 29, 2025, 7:39 PM","","Crunch (Weighted)",,"Straight + Right + Left",2,"normal",7.5,15,,,
"Cardio + Core + Stretching","Nov 29, 2025, 6:01 PM","Nov 29, 2025, 7:39 PM","","Crunch (Weighted)",,"Straight + Right + Left",3,"normal",12.5,15,,,
"Cardio + Core + Stretching","Nov 29, 2025, 6:01 PM","Nov 29, 2025, 7:39 PM","","Crunch (Weighted)",,"Straight + Right + Left",4,"normal",12.5,15,,,
"Cardio + Core + Stretching","Nov 29, 2025, 6:01 PM","Nov 29, 2025, 7:39 PM","","Crunch (Weighted)",,"Straight + Right + Left",5,"normal",12.5,15,,,
"Cardio + Core + Stretching","Nov 29, 2025, 6:01 PM","Nov 29, 2025, 7:39 PM","","Crunch (Weighted)",,"Straight + Right + Left",6,"normal",15,15,,,
"Cardio + Core + Stretching","Nov 29, 2025, 6:01 PM","Nov 29, 2025, 7:39 PM","","Crunch (Weighted)",,"Straight + Right + Left",7,"normal",15,15,,,
"Cardio + Core + Stretching","Nov 29, 2025, 6:01 PM","Nov 29, 2025, 7:39 PM","","Crunch (Weighted)",,"Straight + Right + Left",8,"normal",15,15,,,
"Cardio + Core + Stretching","Nov 29, 2025, 6:01 PM","Nov 29, 2025, 7:39 PM","","Plank",,"",0,"normal",,,,45,
"Cardio + Core + Stretching","Nov 29, 2025, 6:01 PM","Nov 29, 2025, 7:39 PM","","Plank",,"",1,"normal",,,,47,
"Cardio + Core + Stretching","Nov 29, 2025, 6:01 PM","Nov 29, 2025, 7:39 PM","","Dead Hang",,"",0,"normal",,,,41,
"Cardio + Core + Stretching","Nov 29, 2025, 6:01 PM","Nov 29, 2025, 7:39 PM","","Dead Hang",,"",1,"normal",,,,31,
"Legs","Nov 28, 2025, 5:40 PM","Nov 28, 2025, 6:29 PM","","Lunge (Dumbbell)",,"",0,"normal",20,12,,,
"Legs","Nov 28, 2025, 5:40 PM","Nov 28, 2025, 6:29 PM","","Lunge (Dumbbell)",,"",1,"normal",20,12,,,
"Legs","Nov 28, 2025, 5:40 PM","Nov 28, 2025, 6:29 PM","","Leg Press (Machine)",,"",0,"normal",100,15,,,
"Legs","Nov 28, 2025, 5:40 PM","Nov 28, 2025, 6:29 PM","","Leg Press (Machine)",,"",1,"normal",110,15,,,
"Legs","Nov 28, 2025, 5:40 PM","Nov 28, 2025, 6:29 PM","","Leg Press (Machine)",,"",2,"normal",120,15,,,
"Legs","Nov 28, 2025, 5:40 PM","Nov 28, 2025, 6:29 PM","","Leg Extension (Machine)",,"",0,"normal",35,12,,,
"Legs","Nov 28, 2025, 5:40 PM","Nov 28, 2025, 6:29 PM","","Leg Extension (Machine)",,"",1,"normal",40,12,,,
"Legs","Nov 28, 2025, 5:40 PM","Nov 28, 2025, 6:29 PM","","Leg Extension (Machine)",,"",2,"normal",45,12,,,
"Legs","Nov 28, 2025, 5:40 PM","Nov 28, 2025, 6:29 PM","","Seated Leg Curl (Machine)",,"",0,"normal",40,12,,,
"Legs","Nov 28, 2025, 5:40 PM","Nov 28, 2025, 6:29 PM","","Seated Leg Curl (Machine)",,"",1,"normal",45,12,,,
"Legs","Nov 28, 2025, 5:40 PM","Nov 28, 2025, 6:29 PM","","Seated Leg Curl (Machine)",,"",2,"normal",50,12,,,
"Legs","Nov 28, 2025, 5:40 PM","Nov 28, 2025, 6:29 PM","","Standing Calf Raise",,"",0,"normal",,20,,,
"Legs","Nov 28, 2025, 5:40 PM","Nov 28, 2025, 6:29 PM","","Standing Calf Raise",,"",1,"normal",,20,,,
"Legs","Nov 28, 2025, 5:40 PM","Nov 28, 2025, 6:29 PM","","Standing Calf Raise",,"",2,"normal",,20,,,
"Biceps + Triceps + Forearms","Nov 27, 2025, 5:37 PM","Nov 27, 2025, 6:57 PM","","Hammer Curl (Dumbbell)",,"",0,"normal",15,12,,,
"Biceps + Triceps + Forearms","Nov 27, 2025, 5:37 PM","Nov 27, 2025, 6:57 PM","","Hammer Curl (Dumbbell)",,"",1,"normal",20,12,,,
"Biceps + Triceps + Forearms","Nov 27, 2025, 5:37 PM","Nov 27, 2025, 6:57 PM","","Hammer Curl (Dumbbell)",,"",2,"normal",20,12,,,
"Biceps + Triceps + Forearms","Nov 27, 2025, 5:37 PM","Nov 27, 2025, 6:57 PM","","Preacher Curl (Barbell)",,"",0,"normal",15,12,,,
"Biceps + Triceps + Forearms","Nov 27, 2025, 5:37 PM","Nov 27, 2025, 6:57 PM","","Preacher Curl (Barbell)",,"",1,"normal",15,12,,,
"Biceps + Triceps + Forearms","Nov 27, 2025, 5:37 PM","Nov 27, 2025, 6:57 PM","","Preacher Curl (Barbell)",,"",2,"normal",15,12,,,
"Biceps + Triceps + Forearms","Nov 27, 2025, 5:37 PM","Nov 27, 2025, 6:57 PM","","Bicep Curl (Cable)",,"",0,"normal",30,12,,,
"Biceps + Triceps + Forearms","Nov 27, 2025, 5:37 PM","Nov 27, 2025, 6:57 PM","","Bicep Curl (Cable)",,"",1,"normal",30,12,,,
"Biceps + Triceps + Forearms","Nov 27, 2025, 5:37 PM","Nov 27, 2025, 6:57 PM","","Bicep Curl (Cable)",,"",2,"normal",30,12,,,
"Biceps + Triceps + Forearms","Nov 27, 2025, 5:37 PM","Nov 27, 2025, 6:57 PM","","Bicep Curl (Cable)",,"",3,"normal",30,12,,,
"Biceps + Triceps + Forearms","Nov 27, 2025, 5:37 PM","Nov 27, 2025, 6:57 PM","","Bicep Curl (Cable)",,"",4,"normal",35,12,,,
"Biceps + Triceps + Forearms","Nov 27, 2025, 5:37 PM","Nov 27, 2025, 6:57 PM","","Bicep Curl (Cable)",,"",5,"normal",35,11,,,
"Biceps + Triceps + Forearms","Nov 27, 2025, 5:37 PM","Nov 27, 2025, 6:57 PM","","Triceps Rope Pushdown",,"",0,"normal",25,15,,,
"Biceps + Triceps + Forearms","Nov 27, 2025, 5:37 PM","Nov 27, 2025, 6:57 PM","","Triceps Rope Pushdown",,"",1,"normal",25,15,,,
"Biceps + Triceps + Forearms","Nov 27, 2025, 5:37 PM","Nov 27, 2025, 6:57 PM","","Triceps Rope Pushdown",,"",2,"normal",30,6,,,
"Biceps + Triceps + Forearms","Nov 27, 2025, 5:37 PM","Nov 27, 2025, 6:57 PM","","Triceps Rope Pushdown",,"",3,"normal",25,9,,,
"Biceps + Triceps + Forearms","Nov 27, 2025, 5:37 PM","Nov 27, 2025, 6:57 PM","","Overhead Triceps Extension (Cable)",,"",0,"normal",15,12,,,
"Biceps + Triceps + Forearms","Nov 27, 2025, 5:37 PM","Nov 27, 2025, 6:57 PM","","Overhead Triceps Extension (Cable)",,"",1,"normal",20,12,,,
"Biceps + Triceps + Forearms","Nov 27, 2025, 5:37 PM","Nov 27, 2025, 6:57 PM","","Overhead Triceps Extension (Cable)",,"",2,"normal",20,12,,,
"Biceps + Triceps + Forearms","Nov 27, 2025, 5:37 PM","Nov 27, 2025, 6:57 PM","","Single Arm Triceps Pushdown (Cable)",,"",0,"normal",10,24,,,
"Biceps + Triceps + Forearms","Nov 27, 2025, 5:37 PM","Nov 27, 2025, 6:57 PM","","Single Arm Triceps Pushdown (Cable)",,"",1,"normal",10,24,,,
"Biceps + Triceps + Forearms","Nov 27, 2025, 5:37 PM","Nov 27, 2025, 6:57 PM","","Single Arm Triceps Pushdown (Cable)",,"",2,"normal",15,12,,,
"Biceps + Triceps + Forearms","Nov 27, 2025, 5:37 PM","Nov 27, 2025, 6:57 PM","","Single Arm Triceps Pushdown (Cable)",,"",3,"normal",10,12,,,
"Biceps + Triceps + Forearms","Nov 27, 2025, 5:37 PM","Nov 27, 2025, 6:57 PM","","Seated Palms Up Wrist Curl",,"Cable palm up + down",0,"normal",10,12,,,
"Biceps + Triceps + Forearms","Nov 27, 2025, 5:37 PM","Nov 27, 2025, 6:57 PM","","Seated Palms Up Wrist Curl",,"Cable palm up + down",1,"normal",20,12,,,
"Biceps + Triceps + Forearms","Nov 27, 2025, 5:37 PM","Nov 27, 2025, 6:57 PM","","Seated Palms Up Wrist Curl",,"Cable palm up + down",2,"normal",10,12,,,
"Biceps + Triceps + Forearms","Nov 27, 2025, 5:37 PM","Nov 27, 2025, 6:57 PM","","Seated Palms Up Wrist Curl",,"Cable palm up + down",3,"normal",15,12,,,
"Biceps + Triceps + Forearms","Nov 27, 2025, 5:37 PM","Nov 27, 2025, 6:57 PM","","Seated Palms Up Wrist Curl",,"Cable palm up + down",4,"normal",10,12,,,
"Biceps + Triceps + Forearms","Nov 27, 2025, 5:37 PM","Nov 27, 2025, 6:57 PM","","Seated Palms Up Wrist Curl",,"Cable palm up + down",5,"normal",15,12,,,
"Biceps + Triceps + Forearms","Nov 27, 2025, 5:37 PM","Nov 27, 2025, 6:57 PM","","Seated Palms Up Wrist Curl",,"Cable palm up + down",6,"normal",10,12,,,
"Biceps + Triceps + Forearms","Nov 27, 2025, 5:37 PM","Nov 27, 2025, 6:57 PM","","Seated Palms Up Wrist Curl",,"Cable palm up + down",7,"normal",20,12,,,
"Legs + Shoulders","Nov 26, 2025, 6:21 PM","Nov 26, 2025, 7:59 PM","","Lunge",,"",0,"normal",,20,,,
"Legs + Shoulders","Nov 26, 2025, 6:21 PM","Nov 26, 2025, 7:59 PM","","Lunge (Dumbbell)",,"",0,"normal",20,12,,,
"Legs + Shoulders","Nov 26, 2025, 6:21 PM","Nov 26, 2025, 7:59 PM","","Lunge (Dumbbell)",,"",1,"normal",20,12,,,
"Legs + Shoulders","Nov 26, 2025, 6:21 PM","Nov 26, 2025, 7:59 PM","","Lunge (Dumbbell)",,"",2,"normal",20,12,,,
"Legs + Shoulders","Nov 26, 2025, 6:21 PM","Nov 26, 2025, 7:59 PM","","Seated Leg Curl (Machine)",,"",0,"normal",45,15,,,
"Legs + Shoulders","Nov 26, 2025, 6:21 PM","Nov 26, 2025, 7:59 PM","","Seated Leg Curl (Machine)",,"",1,"normal",50,12,,,
"Legs + Shoulders","Nov 26, 2025, 6:21 PM","Nov 26, 2025, 7:59 PM","","Seated Leg Curl (Machine)",,"",2,"normal",55,12,,,
"Legs + Shoulders","Nov 26, 2025, 6:21 PM","Nov 26, 2025, 7:59 PM","","Leg Extension (Machine)",,"",0,"normal",35,15,,,
"Legs + Shoulders","Nov 26, 2025, 6:21 PM","Nov 26, 2025, 7:59 PM","","Leg Extension (Machine)",,"",1,"normal",40,12,,,
"Legs + Shoulders","Nov 26, 2025, 6:21 PM","Nov 26, 2025, 7:59 PM","","Leg Extension (Machine)",,"",2,"normal",45,12,,,
"Legs + Shoulders","Nov 26, 2025, 6:21 PM","Nov 26, 2025, 7:59 PM","","Leg Press (Machine)",,"",0,"normal",100,15,,,
"Legs + Shoulders","Nov 26, 2025, 6:21 PM","Nov 26, 2025, 7:59 PM","","Leg Press (Machine)",,"",1,"normal",110,12,,,
"Legs + Shoulders","Nov 26, 2025, 6:21 PM","Nov 26, 2025, 7:59 PM","","Leg Press (Machine)",,"",2,"normal",110,15,,,
"Legs + Shoulders","Nov 26, 2025, 6:21 PM","Nov 26, 2025, 7:59 PM","","Hip Abduction (Machine)",,"",0,"normal",60,15,,,
"Legs + Shoulders","Nov 26, 2025, 6:21 PM","Nov 26, 2025, 7:59 PM","","Hip Abduction (Machine)",,"",1,"normal",70,15,,,
"Legs + Shoulders","Nov 26, 2025, 6:21 PM","Nov 26, 2025, 7:59 PM","","Hip Abduction (Machine)",,"",2,"normal",70,15,,,
"Legs + Shoulders","Nov 26, 2025, 6:21 PM","Nov 26, 2025, 7:59 PM","","Hip Adduction (Machine)",,"",0,"normal",60,12,,,
"Legs + Shoulders","Nov 26, 2025, 6:21 PM","Nov 26, 2025, 7:59 PM","","Hip Adduction (Machine)",,"",1,"normal",60,15,,,
"Legs + Shoulders","Nov 26, 2025, 6:21 PM","Nov 26, 2025, 7:59 PM","","Hip Adduction (Machine)",,"",2,"normal",70,15,,,
"Legs + Shoulders","Nov 26, 2025, 6:21 PM","Nov 26, 2025, 7:59 PM","","Shoulder Press (Dumbbell)",,"Body tired cuz of legs. Last set was supported.",0,"normal",25,15,,,
"Legs + Shoulders","Nov 26, 2025, 6:21 PM","Nov 26, 2025, 7:59 PM","","Shoulder Press (Dumbbell)",,"Body tired cuz of legs. Last set was supported.",1,"normal",25,12,,,
"Legs + Shoulders","Nov 26, 2025, 6:21 PM","Nov 26, 2025, 7:59 PM","","Shoulder Press (Dumbbell)",,"Body tired cuz of legs. Last set was supported.",2,"normal",30,15,,,
"Legs + Shoulders","Nov 26, 2025, 6:21 PM","Nov 26, 2025, 7:59 PM","","Lateral Raise (Dumbbell)",,"",0,"normal",10,15,,,
"Legs + Shoulders","Nov 26, 2025, 6:21 PM","Nov 26, 2025, 7:59 PM","","Lateral Raise (Dumbbell)",,"",1,"normal",10,15,,,
"Legs + Shoulders","Nov 26, 2025, 6:21 PM","Nov 26, 2025, 7:59 PM","","Lateral Raise (Dumbbell)",,"",2,"normal",15,13,,,
"Legs + Shoulders","Nov 26, 2025, 6:21 PM","Nov 26, 2025, 7:59 PM","","Face Pull",,"",0,"normal",35,12,,,
"Legs + Shoulders","Nov 26, 2025, 6:21 PM","Nov 26, 2025, 7:59 PM","","Face Pull",,"",1,"normal",40,12,,,
"Legs + Shoulders","Nov 26, 2025, 6:21 PM","Nov 26, 2025, 7:59 PM","","Face Pull",,"",2,"normal",40,12,,,
"Chest + Biceps","Nov 25, 2025, 5:42 PM","Nov 25, 2025, 7:03 PM","","Push Up",,"",0,"normal",,18,,,
"Chest + Biceps","Nov 25, 2025, 5:42 PM","Nov 25, 2025, 7:03 PM","","Push Up",,"",1,"normal",,17,,,
"Chest + Biceps","Nov 25, 2025, 5:42 PM","Nov 25, 2025, 7:03 PM","","Push Up",,"",2,"normal",,15,,,
"Chest + Biceps","Nov 25, 2025, 5:42 PM","Nov 25, 2025, 7:03 PM","","Bench Press (Barbell)",,"",0,"normal",40,14,,,
"Chest + Biceps","Nov 25, 2025, 5:42 PM","Nov 25, 2025, 7:03 PM","","Bench Press (Barbell)",,"",1,"normal",45,8,,,
"Chest + Biceps","Nov 25, 2025, 5:42 PM","Nov 25, 2025, 7:03 PM","","Bench Press (Barbell)",,"",2,"normal",45,8,,,
"Chest + Biceps","Nov 25, 2025, 5:42 PM","Nov 25, 2025, 7:03 PM","","Cable Fly Crossovers",,"",0,"normal",30,15,,,
"Chest + Biceps","Nov 25, 2025, 5:42 PM","Nov 25, 2025, 7:03 PM","","Cable Fly Crossovers",,"",1,"normal",30,17,,,
"Chest + Biceps","Nov 25, 2025, 5:42 PM","Nov 25, 2025, 7:03 PM","","Cable Fly Crossovers",,"",2,"normal",30,17,,,
"Chest + Biceps","Nov 25, 2025, 5:42 PM","Nov 25, 2025, 7:03 PM","","Incline Bench Press (Dumbbell)",,"",0,"normal",20,15,,,
"Chest + Biceps","Nov 25, 2025, 5:42 PM","Nov 25, 2025, 7:03 PM","","Incline Bench Press (Dumbbell)",,"",1,"normal",25,9,,,
"Chest + Biceps","Nov 25, 2025, 5:42 PM","Nov 25, 2025, 7:03 PM","","Incline Bench Press (Dumbbell)",,"",2,"normal",25,10,,,
"Chest + Biceps","Nov 25, 2025, 5:42 PM","Nov 25, 2025, 7:03 PM","","Chest Fly (Machine)",,"",0,"normal",67.5,10,,,
"Chest + Biceps","Nov 25, 2025, 5:42 PM","Nov 25, 2025, 7:03 PM","","Chest Fly (Machine)",,"",1,"normal",60,12,,,
"Chest + Biceps","Nov 25, 2025, 5:42 PM","Nov 25, 2025, 7:03 PM","","Chest Fly (Machine)",,"",2,"normal",60,10,,,
"Chest + Biceps","Nov 25, 2025, 5:42 PM","Nov 25, 2025, 7:03 PM","","Hammer Curl (Dumbbell)",,"",0,"normal",15,15,,,
"Chest + Biceps","Nov 25, 2025, 5:42 PM","Nov 25, 2025, 7:03 PM","","Hammer Curl (Dumbbell)",,"",1,"normal",20,12,,,
"Chest + Biceps","Nov 25, 2025, 5:42 PM","Nov 25, 2025, 7:03 PM","","Hammer Curl (Dumbbell)",,"",2,"normal",20,12,,,
"Chest + Biceps","Nov 25, 2025, 5:42 PM","Nov 25, 2025, 7:03 PM","","Preacher Curl (Barbell)",,"",0,"normal",15,17,,,
"Chest + Biceps","Nov 25, 2025, 5:42 PM","Nov 25, 2025, 7:03 PM","","Preacher Curl (Barbell)",,"",1,"normal",15,12,,,
"Chest + Biceps","Nov 25, 2025, 5:42 PM","Nov 25, 2025, 7:03 PM","","Preacher Curl (Barbell)",,"",2,"normal",15,12,,,
"Chest + Biceps","Nov 25, 2025, 5:42 PM","Nov 25, 2025, 7:03 PM","","Bicep Curl (Cable)",,"",0,"normal",25,12,,,
"Chest + Biceps","Nov 25, 2025, 5:42 PM","Nov 25, 2025, 7:03 PM","","Bicep Curl (Cable)",,"",1,"normal",20,15,,,
"Chest + Biceps","Nov 25, 2025, 5:42 PM","Nov 25, 2025, 7:03 PM","","Bicep Curl (Cable)",,"",2,"normal",30,12,,,
"Chest + Biceps","Nov 25, 2025, 5:42 PM","Nov 25, 2025, 7:03 PM","","Bicep Curl (Cable)",,"",3,"normal",30,12,,,
"Chest + Biceps","Nov 25, 2025, 5:42 PM","Nov 25, 2025, 7:03 PM","","Bicep Curl (Barbell)",,"",0,"normal",15,15,,,
"Chest + Biceps","Nov 25, 2025, 5:42 PM","Nov 25, 2025, 7:03 PM","","Bicep Curl (Barbell)",,"",1,"normal",15,11,,,
"Back + Triceps","Nov 24, 2025, 6:34 PM","Nov 24, 2025, 7:57 PM","","Pull Up (Band)",,"",0,"normal",,14,,,
"Back + Triceps","Nov 24, 2025, 6:34 PM","Nov 24, 2025, 7:57 PM","","Pull Up (Band)",,"",1,"normal",,12,,,
"Back + Triceps","Nov 24, 2025, 6:34 PM","Nov 24, 2025, 7:57 PM","","Pull Up",,"",0,"normal",,5,,,
"Back + Triceps","Nov 24, 2025, 6:34 PM","Nov 24, 2025, 7:57 PM","","Triceps Pushdown",,"",0,"normal",20,18,,,
"Back + Triceps","Nov 24, 2025, 6:34 PM","Nov 24, 2025, 7:57 PM","","Triceps Pushdown",,"",1,"normal",25,15,,,
"Back + Triceps","Nov 24, 2025, 6:34 PM","Nov 24, 2025, 7:57 PM","","Triceps Pushdown",,"",2,"normal",30,12,,,
"Back + Triceps","Nov 24, 2025, 6:34 PM","Nov 24, 2025, 7:57 PM","","Chest Supported Incline Row (Dumbbell)",,"",0,"normal",20,15,,,
"Back + Triceps","Nov 24, 2025, 6:34 PM","Nov 24, 2025, 7:57 PM","","Chest Supported Incline Row (Dumbbell)",,"",1,"normal",30,12,,,
"Back + Triceps","Nov 24, 2025, 6:34 PM","Nov 24, 2025, 7:57 PM","","Chest Supported Incline Row (Dumbbell)",,"",2,"normal",30,12,,,
"Back + Triceps","Nov 24, 2025, 6:34 PM","Nov 24, 2025, 7:57 PM","","Lat Pulldown - Close Grip (Cable)",,"",0,"normal",39,13,,,
"Back + Triceps","Nov 24, 2025, 6:34 PM","Nov 24, 2025, 7:57 PM","","Lat Pulldown - Close Grip (Cable)",,"",1,"normal",45.5,9,,,
"Back + Triceps","Nov 24, 2025, 6:34 PM","Nov 24, 2025, 7:57 PM","","Lat Pulldown - Close Grip (Cable)",,"",2,"normal",45.5,9,,,
"Back + Triceps","Nov 24, 2025, 6:34 PM","Nov 24, 2025, 7:57 PM","","Lat Pulldown (Cable)",,"",0,"normal",45.5,14,,,
"Back + Triceps","Nov 24, 2025, 6:34 PM","Nov 24, 2025, 7:57 PM","","Lat Pulldown (Cable)",,"",1,"normal",45.5,11,,,
"Back + Triceps","Nov 24, 2025, 6:34 PM","Nov 24, 2025, 7:57 PM","","Lat Pulldown (Cable)",,"",2,"normal",45.5,12,,,
"Back + Triceps","Nov 24, 2025, 6:34 PM","Nov 24, 2025, 7:57 PM","","Triceps Extension (Dumbbell)",,"",0,"normal",12.5,18,,,
"Back + Triceps","Nov 24, 2025, 6:34 PM","Nov 24, 2025, 7:57 PM","","Triceps Extension (Dumbbell)",,"",1,"normal",15,15,,,
"Back + Triceps","Nov 24, 2025, 6:34 PM","Nov 24, 2025, 7:57 PM","","Triceps Extension (Dumbbell)",,"",2,"normal",15,15,,,
"Back + Triceps","Nov 24, 2025, 6:34 PM","Nov 24, 2025, 7:57 PM","","Seated Cable Row - Bar Grip",,"",0,"normal",30,13,,,
"Back + Triceps","Nov 24, 2025, 6:34 PM","Nov 24, 2025, 7:57 PM","","Seated Cable Row - Bar Grip",,"",1,"normal",35,11,,,
"Back + Triceps","Nov 24, 2025, 6:34 PM","Nov 24, 2025, 7:57 PM","","Seated Cable Row - Bar Grip",,"",2,"normal",35,9,,,
"Back + Triceps","Nov 24, 2025, 6:34 PM","Nov 24, 2025, 7:57 PM","","Overhead Triceps Extension (Cable)",,"",0,"normal",15,16,,,
"Back + Triceps","Nov 24, 2025, 6:34 PM","Nov 24, 2025, 7:57 PM","","Overhead Triceps Extension (Cable)",,"",1,"normal",20,14,,,
"Back + Triceps","Nov 24, 2025, 6:34 PM","Nov 24, 2025, 7:57 PM","","Overhead Triceps Extension (Cable)",,"",2,"normal",20,12,,,
"Back + Triceps","Nov 24, 2025, 6:34 PM","Nov 24, 2025, 7:57 PM","","Single Arm Triceps Pushdown (Cable)",,"",0,"normal",10,24,,,
"Back + Triceps","Nov 24, 2025, 6:34 PM","Nov 24, 2025, 7:57 PM","","Single Arm Triceps Pushdown (Cable)",,"",1,"normal",10,22,,,
"Back + Triceps","Nov 24, 2025, 6:34 PM","Nov 24, 2025, 7:57 PM","","Single Arm Triceps Pushdown (Cable)",,"",2,"normal",10,24,,,
"Legs","Nov 22, 2025, 6:03 PM","Nov 22, 2025, 7:31 PM","","Squat (Bodyweight)",,"",0,"normal",,34,,,
"Legs","Nov 22, 2025, 6:03 PM","Nov 22, 2025, 7:31 PM","","Squat (Bodyweight)",,"",1,"normal",,33,,,
"Legs","Nov 22, 2025, 6:03 PM","Nov 22, 2025, 7:31 PM","","Squat (Bodyweight)",,"",2,"normal",,20,,,
"Legs","Nov 22, 2025, 6:03 PM","Nov 22, 2025, 7:31 PM","","Leg Press (Machine)",,"",0,"normal",100,15,,,
"Legs","Nov 22, 2025, 6:03 PM","Nov 22, 2025, 7:31 PM","","Leg Press (Machine)",,"",1,"normal",100,15,,,
"Legs","Nov 22, 2025, 6:03 PM","Nov 22, 2025, 7:31 PM","","Leg Press (Machine)",,"",2,"normal",120,12,,,
"Legs","Nov 22, 2025, 6:03 PM","Nov 22, 2025, 7:31 PM","","Leg Press (Machine)",,"",3,"normal",130,12,,,
"Legs","Nov 22, 2025, 6:03 PM","Nov 22, 2025, 7:31 PM","","Leg Extension (Machine)",,"",0,"normal",35,12,,,
"Legs","Nov 22, 2025, 6:03 PM","Nov 22, 2025, 7:31 PM","","Leg Extension (Machine)",,"",1,"normal",40,12,,,
"Legs","Nov 22, 2025, 6:03 PM","Nov 22, 2025, 7:31 PM","","Leg Extension (Machine)",,"",2,"normal",40,12,,,
"Legs","Nov 22, 2025, 6:03 PM","Nov 22, 2025, 7:31 PM","","Seated Leg Curl (Machine)",,"",0,"normal",45,12,,,
"Legs","Nov 22, 2025, 6:03 PM","Nov 22, 2025, 7:31 PM","","Seated Leg Curl (Machine)",,"",1,"normal",50,12,,,
"Legs","Nov 22, 2025, 6:03 PM","Nov 22, 2025, 7:31 PM","","Seated Leg Curl (Machine)",,"",2,"normal",5,12,,,
"Legs","Nov 22, 2025, 6:03 PM","Nov 22, 2025, 7:31 PM","","Hip Abduction (Machine)",,"",0,"normal",60,12,,,
"Legs","Nov 22, 2025, 6:03 PM","Nov 22, 2025, 7:31 PM","","Hip Abduction (Machine)",,"",1,"normal",70,12,,,
"Legs","Nov 22, 2025, 6:03 PM","Nov 22, 2025, 7:31 PM","","Hip Adduction (Machine)",,"",0,"normal",60,12,,,
"Legs","Nov 22, 2025, 6:03 PM","Nov 22, 2025, 7:31 PM","","Hip Adduction (Machine)",,"",1,"normal",70,12,,,
"Legs","Nov 22, 2025, 6:03 PM","Nov 22, 2025, 7:31 PM","","Hip Adduction (Machine)",,"",2,"normal",70,12,,,
"Legs","Nov 22, 2025, 6:03 PM","Nov 22, 2025, 7:31 PM","","Standing Calf Raise",,"",0,"normal",,20,,,
"Legs","Nov 22, 2025, 6:03 PM","Nov 22, 2025, 7:31 PM","","Standing Calf Raise",,"",1,"normal",,20,,,
"Legs","Nov 22, 2025, 6:03 PM","Nov 22, 2025, 7:31 PM","","Standing Calf Raise",,"",2,"normal",,20,,,
"Legs","Nov 22, 2025, 6:03 PM","Nov 22, 2025, 7:31 PM","","Standing Calf Raise",,"",3,"normal",,20,,,
"Legs","Nov 22, 2025, 6:03 PM","Nov 22, 2025, 7:31 PM","","Bulgarian Split Squat (Dumbbell)",,"",0,"normal",5,10,,,
"Legs","Nov 22, 2025, 6:03 PM","Nov 22, 2025, 7:31 PM","","Bulgarian Split Squat (Dumbbell)",,"",1,"normal",10,10,,,
"Legs","Nov 22, 2025, 6:03 PM","Nov 22, 2025, 7:31 PM","","Bulgarian Split Squat (Dumbbell)",,"",2,"normal",15,10,,,
"Bicep Tricep Forearms","Nov 21, 2025, 6:14 PM","Nov 21, 2025, 8:00 PM","","Hammer Curl (Dumbbell)",,"",0,"normal",15,16,,,
"Bicep Tricep Forearms","Nov 21, 2025, 6:14 PM","Nov 21, 2025, 8:00 PM","","Hammer Curl (Dumbbell)",,"",1,"normal",20,13,,,
"Bicep Tricep Forearms","Nov 21, 2025, 6:14 PM","Nov 21, 2025, 8:00 PM","","Hammer Curl (Dumbbell)",,"",2,"normal",20,10,,,
"Bicep Tricep Forearms","Nov 21, 2025, 6:14 PM","Nov 21, 2025, 8:00 PM","","Preacher Curl (Barbell)",,"Straight barbell 15",0,"normal",15,13,,,
"Bicep Tricep Forearms","Nov 21, 2025, 6:14 PM","Nov 21, 2025, 8:00 PM","","Preacher Curl (Barbell)",,"Straight barbell 15",1,"normal",15,9,,,
"Bicep Tricep Forearms","Nov 21, 2025, 6:14 PM","Nov 21, 2025, 8:00 PM","","Preacher Curl (Barbell)",,"Straight barbell 15",2,"normal",15,12,,,
"Bicep Tricep Forearms","Nov 21, 2025, 6:14 PM","Nov 21, 2025, 8:00 PM","","Bicep Curl (Cable)",,"4 - single arm + 2 - both arms",0,"normal",30,8,,,
"Bicep Tricep Forearms","Nov 21, 2025, 6:14 PM","Nov 21, 2025, 8:00 PM","","Bicep Curl (Cable)",,"4 - single arm + 2 - both arms",1,"normal",30,10,,,
"Bicep Tricep Forearms","Nov 21, 2025, 6:14 PM","Nov 21, 2025, 8:00 PM","","Bicep Curl (Cable)",,"4 - single arm + 2 - both arms",2,"normal",30,12,,,
"Bicep Tricep Forearms","Nov 21, 2025, 6:14 PM","Nov 21, 2025, 8:00 PM","","Bicep Curl (Cable)",,"4 - single arm + 2 - both arms",3,"normal",30,12,,,
"Bicep Tricep Forearms","Nov 21, 2025, 6:14 PM","Nov 21, 2025, 8:00 PM","","Bicep Curl (Cable)",,"4 - single arm + 2 - both arms",4,"normal",30,9,,,
"Bicep Tricep Forearms","Nov 21, 2025, 6:14 PM","Nov 21, 2025, 8:00 PM","","Bicep Curl (Cable)",,"4 - single arm + 2 - both arms",5,"normal",35,10,,,
"Bicep Tricep Forearms","Nov 21, 2025, 6:14 PM","Nov 21, 2025, 8:00 PM","","Triceps Pushdown",,"",0,"normal",25,17,,,
"Bicep Tricep Forearms","Nov 21, 2025, 6:14 PM","Nov 21, 2025, 8:00 PM","","Triceps Pushdown",,"",1,"normal",30,11,,,
"Bicep Tricep Forearms","Nov 21, 2025, 6:14 PM","Nov 21, 2025, 8:00 PM","","Triceps Pushdown",,"",2,"normal",30,12,,,
"Bicep Tricep Forearms","Nov 21, 2025, 6:14 PM","Nov 21, 2025, 8:00 PM","","Overhead Triceps Extension (Cable)",,"",0,"normal",20,10,,,
"Bicep Tricep Forearms","Nov 21, 2025, 6:14 PM","Nov 21, 2025, 8:00 PM","","Overhead Triceps Extension (Cable)",,"",1,"normal",20,9,,,
"Bicep Tricep Forearms","Nov 21, 2025, 6:14 PM","Nov 21, 2025, 8:00 PM","","Overhead Triceps Extension (Cable)",,"",2,"normal",15,11,,,
"Bicep Tricep Forearms","Nov 21, 2025, 6:14 PM","Nov 21, 2025, 8:00 PM","","Overhead Triceps Extension (Cable)",,"",3,"normal",15,15,,,
"Bicep Tricep Forearms","Nov 21, 2025, 6:14 PM","Nov 21, 2025, 8:00 PM","","Seated Wrist Extension (Barbell)",,"Cable",0,"normal",20,12,,,
"Bicep Tricep Forearms","Nov 21, 2025, 6:14 PM","Nov 21, 2025, 8:00 PM","","Seated Wrist Extension (Barbell)",,"Cable",1,"normal",20,12,,,
"Bicep Tricep Forearms","Nov 21, 2025, 6:14 PM","Nov 21, 2025, 8:00 PM","","Seated Wrist Extension (Barbell)",,"Cable",2,"normal",12,15,,,
"Bicep Tricep Forearms","Nov 21, 2025, 6:14 PM","Nov 21, 2025, 8:00 PM","","Triceps Rope Pushdown",,"",0,"normal",20,17,,,
"Bicep Tricep Forearms","Nov 21, 2025, 6:14 PM","Nov 21, 2025, 8:00 PM","","Triceps Rope Pushdown",,"",1,"normal",25,10,,,
"Bicep Tricep Forearms","Nov 21, 2025, 6:14 PM","Nov 21, 2025, 8:00 PM","","Triceps Rope Pushdown",,"",2,"normal",25,12,,,
"Bicep Tricep Forearms","Nov 21, 2025, 6:14 PM","Nov 21, 2025, 8:00 PM","","Hammer Curl (Cable)",,"",0,"normal",20,12,,,
"Bicep Tricep Forearms","Nov 21, 2025, 6:14 PM","Nov 21, 2025, 8:00 PM","","Seated Palms Up Wrist Curl",,"Dumbell Palm up + Palm down",0,"normal",10,20,,,
"Bicep Tricep Forearms","Nov 21, 2025, 6:14 PM","Nov 21, 2025, 8:00 PM","","Seated Palms Up Wrist Curl",,"Dumbell Palm up + Palm down",1,"normal",15,20,,,
"Bicep Tricep Forearms","Nov 21, 2025, 6:14 PM","Nov 21, 2025, 8:00 PM","","Seated Palms Up Wrist Curl",,"Dumbell Palm up + Palm down",2,"normal",10,20,,,
"Bicep Tricep Forearms","Nov 21, 2025, 6:14 PM","Nov 21, 2025, 8:00 PM","","Seated Palms Up Wrist Curl",,"Dumbell Palm up + Palm down",3,"normal",20,20,,,
"Bicep Tricep Forearms","Nov 21, 2025, 6:14 PM","Nov 21, 2025, 8:00 PM","","Seated Palms Up Wrist Curl",,"Dumbell Palm up + Palm down",4,"normal",10,20,,,
"Bicep Tricep Forearms","Nov 21, 2025, 6:14 PM","Nov 21, 2025, 8:00 PM","","Seated Palms Up Wrist Curl",,"Dumbell Palm up + Palm down",5,"normal",20,20,,,
"Bicep Tricep Forearms","Nov 21, 2025, 6:14 PM","Nov 21, 2025, 8:00 PM","","Seated Palms Up Wrist Curl",,"Dumbell Palm up + Palm down",6,"normal",15,9,,,
"Bicep Tricep Forearms","Nov 21, 2025, 6:14 PM","Nov 21, 2025, 8:00 PM","","Seated Palms Up Wrist Curl",,"Dumbell Palm up + Palm down",7,"normal",20,20,,,
"Abs + Shoulders","Nov 20, 2025, 6:19 PM","Nov 20, 2025, 7:56 PM","","Shoulder Press (Dumbbell)",,"Started with 12.5, back supported does make a diff.",0,"normal",25,15,,,
"Abs + Shoulders","Nov 20, 2025, 6:19 PM","Nov 20, 2025, 7:56 PM","","Shoulder Press (Dumbbell)",,"Started with 12.5, back supported does make a diff.",1,"normal",30,11,,,
"Abs + Shoulders","Nov 20, 2025, 6:19 PM","Nov 20, 2025, 7:56 PM","","Shoulder Press (Dumbbell)",,"Started with 12.5, back supported does make a diff.",2,"normal",30,11,,,
"Abs + Shoulders","Nov 20, 2025, 6:19 PM","Nov 20, 2025, 7:56 PM","","Single Arm Lateral Raise (Cable)",,"",0,"normal",10,10,,,
"Abs + Shoulders","Nov 20, 2025, 6:19 PM","Nov 20, 2025, 7:56 PM","","Lateral Raise (Dumbbell)",,"",0,"normal",10,15,,,
"Abs + Shoulders","Nov 20, 2025, 6:19 PM","Nov 20, 2025, 7:56 PM","","Lateral Raise (Dumbbell)",,"",1,"normal",15,10,,,
"Abs + Shoulders","Nov 20, 2025, 6:19 PM","Nov 20, 2025, 7:56 PM","","Crunch",,"",0,"normal",,15,,,
"Abs + Shoulders","Nov 20, 2025, 6:19 PM","Nov 20, 2025, 7:56 PM","","Crunch",,"",1,"normal",,15,,,
"Abs + Shoulders","Nov 20, 2025, 6:19 PM","Nov 20, 2025, 7:56 PM","","Crunch",,"",2,"normal",,15,,,
"Abs + Shoulders","Nov 20, 2025, 6:19 PM","Nov 20, 2025, 7:56 PM","","Plank",,"",0,"normal",,,,41,
"Abs + Shoulders","Nov 20, 2025, 6:19 PM","Nov 20, 2025, 7:56 PM","","Plank",,"",1,"normal",,,,35,
"Abs + Shoulders","Nov 20, 2025, 6:19 PM","Nov 20, 2025, 7:56 PM","","Plank",,"",2,"normal",,,,39,
"Abs + Shoulders","Nov 20, 2025, 6:19 PM","Nov 20, 2025, 7:56 PM","","Lying Leg Raise",,"",0,"normal",,15,,,
"Abs + Shoulders","Nov 20, 2025, 6:19 PM","Nov 20, 2025, 7:56 PM","","Lying Leg Raise",,"",1,"normal",,15,,,
"Abs + Shoulders","Nov 20, 2025, 6:19 PM","Nov 20, 2025, 7:56 PM","","Lying Leg Raise",,"",2,"normal",,15,,,
"Abs + Shoulders","Nov 20, 2025, 6:19 PM","Nov 20, 2025, 7:56 PM","","Lying Leg Raise",,"",3,"normal",,15,,,
"Abs + Shoulders","Nov 20, 2025, 6:19 PM","Nov 20, 2025, 7:56 PM","","Sit Up (Weighted)",,"",0,"normal",7.5,24,,,
"Abs + Shoulders","Nov 20, 2025, 6:19 PM","Nov 20, 2025, 7:56 PM","","Sit Up (Weighted)",,"",1,"normal",10,24,,,
"Abs + Shoulders","Nov 20, 2025, 6:19 PM","Nov 20, 2025, 7:56 PM","","Sit Up (Weighted)",,"",2,"normal",12.5,24,,,
"Abs + Shoulders","Nov 20, 2025, 6:19 PM","Nov 20, 2025, 7:56 PM","","Sit Up (Weighted)",,"",3,"normal",15,30,,,
"Abs + Shoulders","Nov 20, 2025, 6:19 PM","Nov 20, 2025, 7:56 PM","","Face Pull",,"",0,"normal",30,15,,,
"Abs + Shoulders","Nov 20, 2025, 6:19 PM","Nov 20, 2025, 7:56 PM","","Face Pull",,"",1,"normal",35,15,,,
"Abs + Shoulders","Nov 20, 2025, 6:19 PM","Nov 20, 2025, 7:56 PM","","Rear Delt Reverse Fly (Machine)",,"",0,"normal",45,11,,,
"Abs + Shoulders","Nov 20, 2025, 6:19 PM","Nov 20, 2025, 7:56 PM","","Rear Delt Reverse Fly (Machine)",,"",1,"normal",45,11,,,
"Abs + Shoulders","Nov 20, 2025, 6:19 PM","Nov 20, 2025, 7:56 PM","","Rear Delt Reverse Fly (Machine)",,"",2,"normal",52.5,9,,,
"Evening workout 🏋️","Nov 19, 2025, 6:37 PM","Nov 19, 2025, 8:06 PM","","Lunge (Dumbbell)",,"",0,"normal",20,8,,,
"Evening workout 🏋️","Nov 19, 2025, 6:37 PM","Nov 19, 2025, 8:06 PM","","Lunge (Dumbbell)",,"",1,"normal",20,12,,,
"Evening workout 🏋️","Nov 19, 2025, 6:37 PM","Nov 19, 2025, 8:06 PM","","Lunge (Dumbbell)",,"",2,"normal",20,12,,,
"Evening workout 🏋️","Nov 19, 2025, 6:37 PM","Nov 19, 2025, 8:06 PM","","Leg Extension (Machine)",,"",0,"normal",35,15,,,
"Evening workout 🏋️","Nov 19, 2025, 6:37 PM","Nov 19, 2025, 8:06 PM","","Leg Extension (Machine)",,"",1,"normal",40,12,,,
"Evening workout 🏋️","Nov 19, 2025, 6:37 PM","Nov 19, 2025, 8:06 PM","","Leg Extension (Machine)",,"",2,"normal",40,11,,,
"Evening workout 🏋️","Nov 19, 2025, 6:37 PM","Nov 19, 2025, 8:06 PM","","Leg Extension (Machine)",,"",3,"normal",40,10,,,
"Evening workout 🏋️","Nov 19, 2025, 6:37 PM","Nov 19, 2025, 8:06 PM","","Seated Leg Curl (Machine)",,"",0,"normal",45,12,,,
"Evening workout 🏋️","Nov 19, 2025, 6:37 PM","Nov 19, 2025, 8:06 PM","","Seated Leg Curl (Machine)",,"",1,"normal",45,12,,,
"Evening workout 🏋️","Nov 19, 2025, 6:37 PM","Nov 19, 2025, 8:06 PM","","Seated Leg Curl (Machine)",,"",2,"normal",50,12,,,
"Evening workout 🏋️","Nov 19, 2025, 6:37 PM","Nov 19, 2025, 8:06 PM","","Hip Abduction (Machine)",,"",0,"normal",60,12,,,
"Evening workout 🏋️","Nov 19, 2025, 6:37 PM","Nov 19, 2025, 8:06 PM","","Hip Abduction (Machine)",,"",1,"normal",60,15,,,
"Evening workout 🏋️","Nov 19, 2025, 6:37 PM","Nov 19, 2025, 8:06 PM","","Hip Abduction (Machine)",,"",2,"normal",67.5,12,,,
"Evening workout 🏋️","Nov 19, 2025, 6:37 PM","Nov 19, 2025, 8:06 PM","","Hip Adduction (Machine)",,"",0,"normal",60,15,,,
"Evening workout 🏋️","Nov 19, 2025, 6:37 PM","Nov 19, 2025, 8:06 PM","","Hip Adduction (Machine)",,"",1,"normal",60,17,,,
"Evening workout 🏋️","Nov 19, 2025, 6:37 PM","Nov 19, 2025, 8:06 PM","","Hip Adduction (Machine)",,"",2,"normal",67.5,20,,,
"Evening workout 🏋️","Nov 19, 2025, 6:37 PM","Nov 19, 2025, 8:06 PM","","Standing Calf Raise",,"",0,"normal",,20,,,
"Evening workout 🏋️","Nov 19, 2025, 6:37 PM","Nov 19, 2025, 8:06 PM","","Standing Calf Raise",,"",1,"normal",,20,,,
"Evening workout 🏋️","Nov 19, 2025, 6:37 PM","Nov 19, 2025, 8:06 PM","","Standing Calf Raise",,"",2,"normal",,20,,,
"Evening workout 🏋️","Nov 19, 2025, 6:37 PM","Nov 19, 2025, 8:06 PM","","Single Leg Standing Calf Raise",,"",0,"normal",,18,,,
"Evening workout 🏋️","Nov 19, 2025, 6:37 PM","Nov 19, 2025, 8:06 PM","","Seated Wrist Extension (Barbell)",,"",0,"normal",10,15,,,
"Evening workout 🏋️","Nov 19, 2025, 6:37 PM","Nov 19, 2025, 8:06 PM","","Seated Wrist Extension (Barbell)",,"",1,"normal",15,15,,,
"Evening workout 🏋️","Nov 19, 2025, 6:37 PM","Nov 19, 2025, 8:06 PM","","Seated Wrist Extension (Barbell)",,"",2,"normal",12,15,,,
"Evening workout 🏋️","Nov 19, 2025, 6:37 PM","Nov 19, 2025, 8:06 PM","","Seated Palms Up Wrist Curl",,"Cable/Machine",0,"normal",10,15,,,
"Evening workout 🏋️","Nov 19, 2025, 6:37 PM","Nov 19, 2025, 8:06 PM","","Seated Palms Up Wrist Curl",,"Cable/Machine",1,"normal",10,15,,,
"Evening workout 🏋️","Nov 19, 2025, 6:37 PM","Nov 19, 2025, 8:06 PM","","Seated Palms Up Wrist Curl",,"Cable/Machine",2,"normal",10,15,,,
"Evening workout 🏋️","Nov 19, 2025, 6:37 PM","Nov 19, 2025, 8:06 PM","","Behind the Back Wrist Curl (Barbell)",,"Cable/Machine palm down",0,"normal",20,15,,,
"Evening workout 🏋️","Nov 19, 2025, 6:37 PM","Nov 19, 2025, 8:06 PM","","Behind the Back Wrist Curl (Barbell)",,"Cable/Machine palm down",1,"normal",20,15,,,
"Evening workout 🏋️","Nov 19, 2025, 6:37 PM","Nov 19, 2025, 8:06 PM","","Behind the Back Wrist Curl (Barbell)",,"Cable/Machine palm down",2,"normal",20,15,,,
"Evening workout 🏋️","Nov 18, 2025, 7:08 PM","Nov 18, 2025, 8:22 PM","","Push Up",,"",0,"normal",,15,,,
"Evening workout 🏋️","Nov 18, 2025, 7:08 PM","Nov 18, 2025, 8:22 PM","","Push Up",,"",1,"normal",,15,,,
"Evening workout 🏋️","Nov 18, 2025, 7:08 PM","Nov 18, 2025, 8:22 PM","","Push Up",,"",2,"normal",,15,,,
"Evening workout 🏋️","Nov 18, 2025, 7:08 PM","Nov 18, 2025, 8:22 PM","","Bench Press (Dumbbell)",,"",0,"normal",25,15,,,
"Evening workout 🏋️","Nov 18, 2025, 7:08 PM","Nov 18, 2025, 8:22 PM","","Bench Press (Dumbbell)",,"",1,"normal",30,12,,,
"Evening workout 🏋️","Nov 18, 2025, 7:08 PM","Nov 18, 2025, 8:22 PM","","Bench Press (Dumbbell)",,"",2,"normal",30,11,,,
"Evening workout 🏋️","Nov 18, 2025, 7:08 PM","Nov 18, 2025, 8:22 PM","","Chest Fly (Machine)",,"",0,"normal",52.5,15,,,
"Evening workout 🏋️","Nov 18, 2025, 7:08 PM","Nov 18, 2025, 8:22 PM","","Chest Fly (Machine)",,"",1,"normal",60,10,,,
"Evening workout 🏋️","Nov 18, 2025, 7:08 PM","Nov 18, 2025, 8:22 PM","","Chest Fly (Machine)",,"",2,"normal",60,10,,,
"Evening workout 🏋️","Nov 18, 2025, 7:08 PM","Nov 18, 2025, 8:22 PM","","Incline Bench Press (Barbell)",,"",0,"normal",35,7,,,
"Evening workout 🏋️","Nov 18, 2025, 7:08 PM","Nov 18, 2025, 8:22 PM","","Incline Bench Press (Barbell)",,"",1,"normal",35,8,,,
"Evening workout 🏋️","Nov 18, 2025, 7:08 PM","Nov 18, 2025, 8:22 PM","","Incline Bench Press (Barbell)",,"",2,"normal",30,11,,,
"Evening workout 🏋️","Nov 18, 2025, 7:08 PM","Nov 18, 2025, 8:22 PM","","Decline Bench Press (Barbell)",,"",0,"normal",30,15,,,
"Evening workout 🏋️","Nov 18, 2025, 7:08 PM","Nov 18, 2025, 8:22 PM","","Decline Bench Press (Barbell)",,"",1,"normal",35,10,,,
"Evening workout 🏋️","Nov 18, 2025, 7:08 PM","Nov 18, 2025, 8:22 PM","","Decline Bench Press (Barbell)",,"",2,"normal",35,10,,,
"Evening workout 🏋️","Nov 18, 2025, 7:08 PM","Nov 18, 2025, 8:22 PM","","Hammer Curl (Dumbbell)",,"",0,"normal",15,15,,,
"Evening workout 🏋️","Nov 18, 2025, 7:08 PM","Nov 18, 2025, 8:22 PM","","Hammer Curl (Dumbbell)",,"",1,"normal",20,12,,,
"Evening workout 🏋️","Nov 18, 2025, 7:08 PM","Nov 18, 2025, 8:22 PM","","Hammer Curl (Dumbbell)",,"",2,"normal",20,9,,,
"Evening workout 🏋️","Nov 18, 2025, 7:08 PM","Nov 18, 2025, 8:22 PM","","Bicep Curl (Cable)",,"",0,"normal",20,11,,,
"Evening workout 🏋️","Nov 18, 2025, 7:08 PM","Nov 18, 2025, 8:22 PM","","Bicep Curl (Cable)",,"",1,"normal",20,12,,,
"Evening workout 🏋️","Nov 18, 2025, 7:08 PM","Nov 18, 2025, 8:22 PM","","Bicep Curl (Cable)",,"",2,"normal",10,20,,,
"Evening workout 🏋️","Nov 17, 2025, 6:16 PM","Nov 17, 2025, 7:59 PM","","Pull Up",,"",0,"normal",,5,,,
"Evening workout 🏋️","Nov 17, 2025, 6:16 PM","Nov 17, 2025, 7:59 PM","","Pull Up",,"",1,"normal",,5,,,
"Evening workout 🏋️","Nov 17, 2025, 6:16 PM","Nov 17, 2025, 7:59 PM","","Chin Up",,"",0,"normal",,10,,,
"Evening workout 🏋️","Nov 17, 2025, 6:16 PM","Nov 17, 2025, 7:59 PM","","Chin Up",,"",1,"normal",,8,,,
"Evening workout 🏋️","Nov 17, 2025, 6:16 PM","Nov 17, 2025, 7:59 PM","","Chest Supported Incline Row (Dumbbell)",,"",0,"normal",25,13,,,
"Evening workout 🏋️","Nov 17, 2025, 6:16 PM","Nov 17, 2025, 7:59 PM","","Chest Supported Incline Row (Dumbbell)",,"",1,"normal",25,15,,,
"Evening workout 🏋️","Nov 17, 2025, 6:16 PM","Nov 17, 2025, 7:59 PM","","Chest Supported Incline Row (Dumbbell)",,"",2,"normal",25,15,,,
"Evening workout 🏋️","Nov 17, 2025, 6:16 PM","Nov 17, 2025, 7:59 PM","","Lat Pulldown (Cable)",,"",0,"normal",39,16,,,
"Evening workout 🏋️","Nov 17, 2025, 6:16 PM","Nov 17, 2025, 7:59 PM","","Lat Pulldown (Cable)",,"",1,"normal",45.5,12,,,
"Evening workout 🏋️","Nov 17, 2025, 6:16 PM","Nov 17, 2025, 7:59 PM","","Lat Pulldown (Cable)",,"",2,"normal",45.5,10,,,
"Evening workout 🏋️","Nov 17, 2025, 6:16 PM","Nov 17, 2025, 7:59 PM","","Seated Cable Row - Bar Grip",,"Machine",0,"normal",30,12,,,
"Evening workout 🏋️","Nov 17, 2025, 6:16 PM","Nov 17, 2025, 7:59 PM","","Seated Cable Row - Bar Grip",,"Machine",1,"normal",35,11,,,
"Evening workout 🏋️","Nov 17, 2025, 6:16 PM","Nov 17, 2025, 7:59 PM","","Seated Cable Row - Bar Grip",,"Machine",2,"normal",35,11,,,
"Evening workout 🏋️","Nov 17, 2025, 6:16 PM","Nov 17, 2025, 7:59 PM","","Lat Pulldown - Close Grip (Cable)",,"",0,"normal",39,12,,,
"Evening workout 🏋️","Nov 17, 2025, 6:16 PM","Nov 17, 2025, 7:59 PM","","Lat Pulldown - Close Grip (Cable)",,"",1,"normal",45.5,10,,,
"Evening workout 🏋️","Nov 17, 2025, 6:16 PM","Nov 17, 2025, 7:59 PM","","Lat Pulldown - Close Grip (Cable)",,"",2,"normal",39,11,,,
"Evening workout 🏋️","Nov 17, 2025, 6:16 PM","Nov 17, 2025, 7:59 PM","","Triceps Pushdown",,"",0,"normal",25,15,,,
"Evening workout 🏋️","Nov 17, 2025, 6:16 PM","Nov 17, 2025, 7:59 PM","","Triceps Pushdown",,"",1,"normal",25,15,,,
"Evening workout 🏋️","Nov 17, 2025, 6:16 PM","Nov 17, 2025, 7:59 PM","","Triceps Pushdown",,"",2,"normal",30,12,,,
"Evening workout 🏋️","Nov 17, 2025, 6:16 PM","Nov 17, 2025, 7:59 PM","","Overhead Triceps Extension (Cable)",,"",0,"normal",15,13,,,
"Evening workout 🏋️","Nov 17, 2025, 6:16 PM","Nov 17, 2025, 7:59 PM","","Overhead Triceps Extension (Cable)",,"",1,"normal",20,12,,,
"Evening workout 🏋️","Nov 17, 2025, 6:16 PM","Nov 17, 2025, 7:59 PM","","Overhead Triceps Extension (Cable)",,"",2,"normal",20,11,,,
"Evening workout 🏋️","Nov 17, 2025, 6:16 PM","Nov 17, 2025, 7:59 PM","","Seated Cable Row - Bar Wide Grip",,"Cable",0,"normal",55,15,,,
"Evening workout 🏋️","Nov 17, 2025, 6:16 PM","Nov 17, 2025, 7:59 PM","","Seated Cable Row - Bar Wide Grip",,"Cable",1,"normal",60,12,,,
"Evening workout 🏋️","Nov 17, 2025, 6:16 PM","Nov 17, 2025, 7:59 PM","","Seated Cable Row - Bar Wide Grip",,"Cable",2,"normal",60,12,,,
"Evening workout 🏋️","Nov 17, 2025, 6:16 PM","Nov 17, 2025, 7:59 PM","","Single Arm Triceps Pushdown (Cable)",,"",0,"normal",10,24,,,
"Evening workout 🏋️","Nov 17, 2025, 6:16 PM","Nov 17, 2025, 7:59 PM","","Single Arm Triceps Pushdown (Cable)",,"",1,"normal",10,24,,,
"Evening workout 🏋️","Nov 17, 2025, 6:16 PM","Nov 17, 2025, 7:59 PM","","Single Arm Triceps Pushdown (Cable)",,"",2,"normal",10,24,,,
"Evening workout 🏋️","Nov 15, 2025, 6:36 PM","Nov 15, 2025, 7:28 PM","","Squat (Barbell)",,"",0,"normal",25,15,,,
"Evening workout 🏋️","Nov 15, 2025, 6:36 PM","Nov 15, 2025, 7:28 PM","","Squat (Barbell)",,"",1,"normal",30,12,,,
"Evening workout 🏋️","Nov 15, 2025, 6:36 PM","Nov 15, 2025, 7:28 PM","","Squat (Barbell)",,"",2,"normal",35,9,,,
"Evening workout 🏋️","Nov 15, 2025, 6:36 PM","Nov 15, 2025, 7:28 PM","","Leg Press (Machine)",,"",0,"normal",120,12,,,
"Evening workout 🏋️","Nov 15, 2025, 6:36 PM","Nov 15, 2025, 7:28 PM","","Leg Press (Machine)",,"",1,"normal",140,12,,,
"Evening workout 🏋️","Nov 15, 2025, 6:36 PM","Nov 15, 2025, 7:28 PM","","Leg Press (Machine)",,"",2,"normal",140,12,,,
"Evening workout 🏋️","Nov 15, 2025, 6:36 PM","Nov 15, 2025, 7:28 PM","","Seated Leg Curl (Machine)",,"",0,"normal",45,12,,,
"Evening workout 🏋️","Nov 15, 2025, 6:36 PM","Nov 15, 2025, 7:28 PM","","Seated Leg Curl (Machine)",,"",1,"normal",45,12,,,
"Evening workout 🏋️","Nov 15, 2025, 6:36 PM","Nov 15, 2025, 7:28 PM","","Seated Leg Curl (Machine)",,"",2,"normal",50,12,,,
"Evening workout 🏋️","Nov 15, 2025, 6:36 PM","Nov 15, 2025, 7:28 PM","","Hip Abduction (Machine)",,"",0,"normal",60,12,,,
"Evening workout 🏋️","Nov 15, 2025, 6:36 PM","Nov 15, 2025, 7:28 PM","","Hip Abduction (Machine)",,"",1,"normal",60,15,,,
"Evening workout 🏋️","Nov 15, 2025, 6:36 PM","Nov 15, 2025, 7:28 PM","","Hip Abduction (Machine)",,"",2,"normal",70,12,,,
"Evening workout 🏋️","Nov 15, 2025, 6:36 PM","Nov 15, 2025, 7:28 PM","","Hip Adduction (Machine)",,"Set at 6. Prev soreness/cramps.",0,"normal",60,12,,,
"Evening workout 🏋️","Nov 15, 2025, 6:36 PM","Nov 15, 2025, 7:28 PM","","Hip Adduction (Machine)",,"Set at 6. Prev soreness/cramps.",1,"normal",60,15,,,
"Evening workout 🏋️","Nov 15, 2025, 6:36 PM","Nov 15, 2025, 7:28 PM","","Hip Adduction (Machine)",,"Set at 6. Prev soreness/cramps.",2,"normal",70,12,,,
"Evening workout 🏋️","Nov 15, 2025, 6:36 PM","Nov 15, 2025, 7:28 PM","","Leg Extension (Machine)",,"",0,"normal",30,15,,,
"Evening workout 🏋️","Nov 15, 2025, 6:36 PM","Nov 15, 2025, 7:28 PM","","Leg Extension (Machine)",,"",1,"normal",35,12,,,
"Evening workout 🏋️","Nov 15, 2025, 6:36 PM","Nov 15, 2025, 7:28 PM","","Leg Extension (Machine)",,"",2,"normal",40,12,,,
"Evening workout 🏋️","Nov 15, 2025, 6:36 PM","Nov 15, 2025, 7:28 PM","","Single Leg Standing Calf Raise",,"Reps per leg (obv)",0,"normal",,18,,,
"Evening workout 🏋️","Nov 15, 2025, 6:36 PM","Nov 15, 2025, 7:28 PM","","Single Leg Standing Calf Raise",,"Reps per leg (obv)",1,"normal",,17,,,
"Evening workout 🏋️","Nov 15, 2025, 6:36 PM","Nov 15, 2025, 7:28 PM","","Single Leg Standing Calf Raise",,"Reps per leg (obv)",2,"normal",,15,,,
"Evening workout 🏋️","Nov 15, 2025, 6:36 PM","Nov 15, 2025, 7:28 PM","","Seated Palms Up Wrist Curl",,"",0,"normal",15,18,,,
"Evening workout 🏋️","Nov 15, 2025, 6:36 PM","Nov 15, 2025, 7:28 PM","","Seated Palms Up Wrist Curl",,"",1,"normal",10,18,,,
"Evening workout 🏋️","Nov 14, 2025, 6:35 PM","Nov 14, 2025, 8:28 PM","","Bicep Curl (Dumbbell)",,"10kgs dumbell today. Did not feel as heavy as last week.",0,"normal",15,12,,,
"Evening workout 🏋️","Nov 14, 2025, 6:35 PM","Nov 14, 2025, 8:28 PM","","Bicep Curl (Dumbbell)",,"10kgs dumbell today. Did not feel as heavy as last week.",1,"normal",20,12,,,
"Evening workout 🏋️","Nov 14, 2025, 6:35 PM","Nov 14, 2025, 8:28 PM","","Bicep Curl (Dumbbell)",,"10kgs dumbell today. Did not feel as heavy as last week.",2,"normal",20,11,,,
"Evening workout 🏋️","Nov 14, 2025, 6:35 PM","Nov 14, 2025, 8:28 PM","","Bicep Curl (Cable)",,"15kg x 2.",0,"normal",20,14,,,
"Evening workout 🏋️","Nov 14, 2025, 6:35 PM","Nov 14, 2025, 8:28 PM","","Bicep Curl (Cable)",,"15kg x 2.",1,"normal",30,12,,,
"Evening workout 🏋️","Nov 14, 2025, 6:35 PM","Nov 14, 2025, 8:28 PM","","Bicep Curl (Cable)",,"15kg x 2.",2,"normal",30,12,,,
"Evening workout 🏋️","Nov 14, 2025, 6:35 PM","Nov 14, 2025, 8:28 PM","","Front Raise (Dumbbell)",,"7.5 kg x 2. 12 reps with nice / same form.",0,"normal",10,17,,,
"Evening workout 🏋️","Nov 14, 2025, 6:35 PM","Nov 14, 2025, 8:28 PM","","Front Raise (Dumbbell)",,"7.5 kg x 2. 12 reps with nice / same form.",1,"normal",15,12,,,
"Evening workout 🏋️","Nov 14, 2025, 6:35 PM","Nov 14, 2025, 8:28 PM","","Front Raise (Dumbbell)",,"7.5 kg x 2. 12 reps with nice / same form.",2,"normal",15,12,,,
"Evening workout 🏋️","Nov 14, 2025, 6:35 PM","Nov 14, 2025, 8:28 PM","","Preacher Curl (Barbell)",,"Easier than last week. Started with 10kg x 18.",0,"normal",10,18,,,
"Evening workout 🏋️","Nov 14, 2025, 6:35 PM","Nov 14, 2025, 8:28 PM","","Preacher Curl (Barbell)",,"Easier than last week. Started with 10kg x 18.",1,"normal",15,13,,,
"Evening workout 🏋️","Nov 14, 2025, 6:35 PM","Nov 14, 2025, 8:28 PM","","Preacher Curl (Barbell)",,"Easier than last week. Started with 10kg x 18.",2,"normal",15,11,,,
"Evening workout 🏋️","Nov 14, 2025, 6:35 PM","Nov 14, 2025, 8:28 PM","","Triceps Rope Pushdown",,"",0,"normal",20,17,,,
"Evening workout 🏋️","Nov 14, 2025, 6:35 PM","Nov 14, 2025, 8:28 PM","","Triceps Rope Pushdown",,"",1,"normal",25,13,,,
"Evening workout 🏋️","Nov 14, 2025, 6:35 PM","Nov 14, 2025, 8:28 PM","","Triceps Rope Pushdown",,"",2,"normal",25,14,,,
"Evening workout 🏋️","Nov 14, 2025, 6:35 PM","Nov 14, 2025, 8:28 PM","","Face Pull",,"",0,"normal",25,17,,,
"Evening workout 🏋️","Nov 14, 2025, 6:35 PM","Nov 14, 2025, 8:28 PM","","Face Pull",,"",1,"normal",30,15,,,
"Evening workout 🏋️","Nov 14, 2025, 6:35 PM","Nov 14, 2025, 8:28 PM","","Face Pull",,"",2,"normal",35,12,,,
"Evening workout 🏋️","Nov 14, 2025, 6:35 PM","Nov 14, 2025, 8:28 PM","","Hammer Curl (Dumbbell)",,"",0,"normal",15,12,,,
"Evening workout 🏋️","Nov 14, 2025, 6:35 PM","Nov 14, 2025, 8:28 PM","","Hammer Curl (Dumbbell)",,"",1,"normal",20,10,,,
"Evening workout 🏋️","Nov 14, 2025, 6:35 PM","Nov 14, 2025, 8:28 PM","","Hammer Curl (Dumbbell)",,"",2,"normal",15,12,,,
"Evening workout 🏋️","Nov 14, 2025, 6:35 PM","Nov 14, 2025, 8:28 PM","","Triceps Extension (Dumbbell)",,"15 kg - Felt OK",0,"normal",10,18,,,
"Evening workout 🏋️","Nov 14, 2025, 6:35 PM","Nov 14, 2025, 8:28 PM","","Triceps Extension (Dumbbell)",,"15 kg - Felt OK",1,"normal",12.5,15,,,
"Evening workout 🏋️","Nov 14, 2025, 6:35 PM","Nov 14, 2025, 8:28 PM","","Triceps Extension (Dumbbell)",,"15 kg - Felt OK",2,"normal",15,12,,,
"Evening workout 🏋️","Nov 14, 2025, 6:35 PM","Nov 14, 2025, 8:28 PM","","Single Arm Triceps Pushdown (Cable)",,"",0,"normal",5,24,,,
"Evening workout 🏋️","Nov 14, 2025, 6:35 PM","Nov 14, 2025, 8:28 PM","","Single Arm Triceps Pushdown (Cable)",,"",1,"normal",5,24,,,
"Evening workout 🏋️","Nov 14, 2025, 6:35 PM","Nov 14, 2025, 8:28 PM","","Single Arm Triceps Pushdown (Cable)",,"",2,"normal",5,24,,,
"Evening workout 🏋️","Nov 14, 2025, 6:35 PM","Nov 14, 2025, 8:28 PM","","Seated Wrist Extension (Barbell)",,"",0,"normal",10,15,,,
"Evening workout 🏋️","Nov 14, 2025, 6:35 PM","Nov 14, 2025, 8:28 PM","","Seated Wrist Extension (Barbell)",,"",1,"normal",15,9,,,
"Evening workout 🏋️","Nov 14, 2025, 6:35 PM","Nov 14, 2025, 8:28 PM","","Seated Wrist Extension (Barbell)",,"",2,"normal",10,12,,,
"Evening workout 🏋️","Nov 14, 2025, 6:35 PM","Nov 14, 2025, 8:28 PM","","Overhead Triceps Extension (Cable)",,"",0,"normal",15,12,,,
"Evening workout 🏋️","Nov 14, 2025, 6:35 PM","Nov 14, 2025, 8:28 PM","","Overhead Triceps Extension (Cable)",,"",1,"normal",15,12,,,
"Evening workout 🏋️","Nov 13, 2025, 6:10 PM","Nov 13, 2025, 7:56 PM","","Shoulder Press (Dumbbell)",,"Not as diff today compared to prev week.",0,"normal",20,13,,,
"Evening workout 🏋️","Nov 13, 2025, 6:10 PM","Nov 13, 2025, 7:56 PM","","Shoulder Press (Dumbbell)",,"Not as diff today compared to prev week.",1,"normal",20,12,,,
"Evening workout 🏋️","Nov 13, 2025, 6:10 PM","Nov 13, 2025, 7:56 PM","","Shoulder Press (Dumbbell)",,"Not as diff today compared to prev week.",2,"normal",20,14,,,
"Evening workout 🏋️","Nov 13, 2025, 6:10 PM","Nov 13, 2025, 7:56 PM","","Lateral Raise (Dumbbell)",,"",0,"normal",10,16,,,
"Evening workout 🏋️","Nov 13, 2025, 6:10 PM","Nov 13, 2025, 7:56 PM","","Lateral Raise (Dumbbell)",,"",1,"normal",15,8,,,
"Evening workout 🏋️","Nov 13, 2025, 6:10 PM","Nov 13, 2025, 7:56 PM","","Lateral Raise (Dumbbell)",,"",2,"normal",10,13,,,
"Evening workout 🏋️","Nov 13, 2025, 6:10 PM","Nov 13, 2025, 7:56 PM","","Rear Delt Reverse Fly (Machine)",,"",0,"normal",20,15,,,
"Evening workout 🏋️","Nov 13, 2025, 6:10 PM","Nov 13, 2025, 7:56 PM","","Rear Delt Reverse Fly (Machine)",,"",1,"normal",25,10,,,
"Evening workout 🏋️","Nov 13, 2025, 6:10 PM","Nov 13, 2025, 7:56 PM","","Rear Delt Reverse Fly (Machine)",,"",2,"normal",25,9,,,
"Evening workout 🏋️","Nov 13, 2025, 6:10 PM","Nov 13, 2025, 7:56 PM","","Crunch",,"",0,"normal",,12,,,
"Evening workout 🏋️","Nov 13, 2025, 6:10 PM","Nov 13, 2025, 7:56 PM","","Crunch",,"",1,"normal",,12,,,
"Evening workout 🏋️","Nov 13, 2025, 6:10 PM","Nov 13, 2025, 7:56 PM","","Crunch",,"",2,"normal",,12,,,
"Evening workout 🏋️","Nov 13, 2025, 6:10 PM","Nov 13, 2025, 7:56 PM","","Crunch",,"",3,"normal",,12,,,
"Evening workout 🏋️","Nov 13, 2025, 6:10 PM","Nov 13, 2025, 7:56 PM","","Crunch",,"",4,"normal",,12,,,
"Evening workout 🏋️","Nov 13, 2025, 6:10 PM","Nov 13, 2025, 7:56 PM","","Heel Taps",,"",0,"normal",,12,,,
"Evening workout 🏋️","Nov 13, 2025, 6:10 PM","Nov 13, 2025, 7:56 PM","","Heel Taps",,"",1,"normal",,12,,,
"Evening workout 🏋️","Nov 13, 2025, 6:10 PM","Nov 13, 2025, 7:56 PM","","Heel Taps",,"",2,"normal",,12,,,
"Evening workout 🏋️","Nov 13, 2025, 6:10 PM","Nov 13, 2025, 7:56 PM","","Heel Taps",,"",3,"normal",,12,,,
"Evening workout 🏋️","Nov 13, 2025, 6:10 PM","Nov 13, 2025, 7:56 PM","","Plank",,"",0,"normal",,,,82,
"Evening workout 🏋️","Nov 13, 2025, 6:10 PM","Nov 13, 2025, 7:56 PM","","Plank",,"",1,"normal",,,,48,
"Evening workout 🏋️","Nov 13, 2025, 6:10 PM","Nov 13, 2025, 7:56 PM","","Plank",,"",2,"normal",,,,47,
"Evening workout 🏋️","Nov 13, 2025, 6:10 PM","Nov 13, 2025, 7:56 PM","","Oblique Crunch",,"",0,"normal",,15,,,
"Evening workout 🏋️","Nov 13, 2025, 6:10 PM","Nov 13, 2025, 7:56 PM","","Oblique Crunch",,"",1,"normal",,12,,,
"Evening workout 🏋️","Nov 13, 2025, 6:10 PM","Nov 13, 2025, 7:56 PM","","Oblique Crunch",,"",2,"normal",,12,,,
"Evening workout 🏋️","Nov 13, 2025, 6:10 PM","Nov 13, 2025, 7:56 PM","","Oblique Crunch",,"",3,"normal",,15,,,
"Evening workout 🏋️","Nov 13, 2025, 6:10 PM","Nov 13, 2025, 7:56 PM","","Seated Palms Up Wrist Curl",,"",0,"normal",20,12,,,
"Evening workout 🏋️","Nov 13, 2025, 6:10 PM","Nov 13, 2025, 7:56 PM","","Seated Palms Up Wrist Curl",,"",1,"normal",15,15,,,
"Evening workout 🏋️","Nov 13, 2025, 6:10 PM","Nov 13, 2025, 7:56 PM","","Seated Palms Up Wrist Curl",,"",2,"normal",15,15,,,
"Evening workout 🏋️","Nov 13, 2025, 6:10 PM","Nov 13, 2025, 7:56 PM","","Seated Palms Up Wrist Curl",,"",3,"normal",10,15,,,
"Evening workout 🏋️","Nov 13, 2025, 6:10 PM","Nov 13, 2025, 7:56 PM","","Seated Palms Up Wrist Curl",,"",4,"normal",10,15,,,
"Evening workout 🏋️","Nov 13, 2025, 6:10 PM","Nov 13, 2025, 7:56 PM","","Seated Palms Up Wrist Curl",,"",5,"normal",10,15,,,
"Evening workout 🏋️","Nov 13, 2025, 6:10 PM","Nov 13, 2025, 7:56 PM","","Push Up",,"",0,"normal",,27,,,